{
"type": "FeatureCollection",
"name": "guwahati_historical_risk_clusters",
"crs": { "type": "name", "properties": { "name": "urn:ogc:def:crs:OGC:1.3:CRS84" } },
"features": [
{ "type": "Feature", "properties": { "cluster_id": "west_zone", "zone_name": "West Zone", "risk_range": "Low to High", "breakdown_text": "Old Ward 1: High, Old Ward 8: High, Old Ward 2: Moderate, Old Ward 3: Moderate, Old Ward 5: Moderate, Old Ward 4: Low, Old Ward 7: Low", "breakdown_json": { "1": "High", "8": "High", "2": "Moderate", "3": "Moderate", "5": "Moderate", "4": "Low", "7": "Low" }, "constituent_wards": [ 1, 2, 3, 4, 5, 6, 7, 8, 9, 11, 12, 13, 14, 15 ], "spatial_disclaimer": "GMC correspondence is zone-level. Internal sub-boundaries redrawn post-2022; historical study classifications cannot be assigned 1:1 to modern wards." }, "geometry": { "type": "Polygon", "coordinates": [ [ [ 91.643421311054297, 26.131070570361601 ], [ 91.643409017609599, 26.131155187238601 ], [ 91.643413114825606, 26.131232445581801 ], [ 91.643413114825606, 26.131298667784598 ], [ 91.643388527936295, 26.1313428153613 ], [ 91.643327060713005, 26.131379605264598 ], [ 91.643224615041404, 26.131386962921301 ], [ 91.643150854373403, 26.131386962921301 ], [ 91.643077092807104, 26.1313832836898 ], [ 91.643011527469397, 26.1314311104646 ], [ 91.642958256474799, 26.131497332554801 ], [ 91.642921375242494, 26.131552516929201 ], [ 91.642855809904802, 26.131615058919898 ], [ 91.642810734240499, 26.131644491097401 ], [ 91.642655016675903, 26.1316959961806 ], [ 91.642544375673907, 26.131729107558598 ], [ 91.642417342214699, 26.1317364651932 ], [ 91.642290309653703, 26.131718070702501 ], [ 91.642167375207094, 26.131651848737398 ], [ 91.642060831421105, 26.131530443182601 ], [ 91.641909211970798, 26.1313575314853 ], [ 91.641814961629507, 26.131291309315898 ], [ 91.641741200961505, 26.131228767151899 ], [ 91.641708417843603, 26.1311257557442 ], [ 91.641712515957906, 26.1310301019248 ], [ 91.641675635623898, 26.130905016477101 ], [ 91.641634657175601, 26.1307946462838 ], [ 91.641560896507599, 26.1307321030474 ], [ 91.641413374273299, 26.130669560584 ], [ 91.641052765365501, 26.1305040053245 ], [ 91.640925732804504, 26.13045617817 ], [ 91.640749525566605, 26.130389956296 ], [ 91.640593808001995, 26.130378919313301 ], [ 91.640364329769398, 26.1304341042161 ], [ 91.640212710319105, 26.130492968352598 ], [ 91.640016014306198, 26.1305518324594 ], [ 91.639835709852306, 26.130647486670401 ], [ 91.639675894173294, 26.1307026714464 ], [ 91.639577546615996, 26.130724745349401 ], [ 91.639413633721105, 26.1307137083984 ], [ 91.639159567700801, 26.130724745349401 ], [ 91.638991556691494, 26.1307504984999 ], [ 91.638897306350302, 26.130820399418901 ], [ 91.638835839126997, 26.130930768781301 ], [ 91.638807154123299, 26.1310190650027 ], [ 91.638819447567897, 26.1311294341773 ], [ 91.6388686222449, 26.1311993348695 ], [ 91.638999752920199, 26.1313538522529 ], [ 91.639069415473898, 26.131475257991301 ], [ 91.639069415473898, 26.131604022053001 ], [ 91.639053023914897, 26.1317364651932 ], [ 91.638991556691494, 26.131909376329499 ], [ 91.638901404464605, 26.132119076880102 ], [ 91.638815350351905, 26.1322993458556 ], [ 91.638667828117704, 26.132394997829 ], [ 91.638553089001405, 26.132468576961099 ], [ 91.638508013337002, 26.132564229602401 ], [ 91.638512110553094, 26.132670918932401 ], [ 91.638594067449702, 26.132704029227501 ], [ 91.638696513121303, 26.132755533843401 ], [ 91.638782567234003, 26.132796002488799 ], [ 91.638844035355604, 26.132880617309201 ], [ 91.638909600693196, 26.132987306350199 ], [ 91.638930089468204, 26.133086637744501 ], [ 91.639028437025502, 26.133244830997398 ], [ 91.639110393922195, 26.133325767128699 ], [ 91.639167763929507, 26.1333809506392 ], [ 91.639229231152797, 26.1334103823717 ], [ 91.639307089935102, 26.133406703203899 ], [ 91.639368557158406, 26.133421419067901 ], [ 91.639417730937097, 26.133439813290401 ], [ 91.639475100944395, 26.133483960057699 ], [ 91.639516079392706, 26.133531785972298 ], [ 91.639516079392706, 26.133616401066 ], [ 91.639524274723001, 26.1336973369398 ], [ 91.639475100944395, 26.133767236095 ], [ 91.6394218290514, 26.133807704389898 ], [ 91.639380850603104, 26.133910713432002 ], [ 91.639294796490404, 26.134028438170802 ], [ 91.639200546149098, 26.1341903092911 ], [ 91.639114492036498, 26.134293317995699 ], [ 91.638913697909203, 26.134429436415399 ], [ 91.6388686222449, 26.134550839763001 ], [ 91.638876817575294, 26.134639132440899 ], [ 91.638925991353901, 26.134716388479401 ], [ 91.639040730470199, 26.134775250457501 ], [ 91.639175959259802, 26.134819396720001 ], [ 91.639307089935102, 26.1348709012094 ], [ 91.639380850603104, 26.1348929743247 ], [ 91.639454611271105, 26.134948157094499 ], [ 91.639483296274705, 26.135051165937099 ], [ 91.639520176608698, 26.135124742589301 ], [ 91.639589840060694, 26.1352608600398 ], [ 91.639712774507302, 26.1353601895003 ], [ 91.639860296741602, 26.1354264085561 ], [ 91.640034864554096, 26.135487625059799 ], [ 91.640210579515198, 26.135586512383899 ], [ 91.640239428012293, 26.135716007409101 ], [ 91.640184353200496, 26.135836084397901 ], [ 91.640103052074096, 26.135930262484301 ], [ 91.639992902450601, 26.135977351902199 ], [ 91.639832923278206, 26.136033858372201 ], [ 91.639722773654697, 26.136088010749901 ], [ 91.6396047556876, 26.136186897565601 ], [ 91.639528700722394, 26.136297557021098 ], [ 91.639489360801207, 26.136382316886699 ], [ 91.639473625910696, 26.136460013712099 ], [ 91.639426418544204, 26.136558900212702 ], [ 91.639329381628897, 26.136657786629598 ], [ 91.639135308696595, 26.136857913261601 ], [ 91.638935990501295, 26.137039204766499 ], [ 91.638760275540207, 26.1372110782081 ], [ 91.638678974413693, 26.137366469897799 ], [ 91.638592428024296, 26.137561887244701 ], [ 91.638526862686604, 26.137794974404599 ], [ 91.638516372160794, 26.137891505746101 ], [ 91.6384639204297, 26.138018644189 ], [ 91.638408845617903, 26.138072795646199 ], [ 91.638357417966205, 26.138091014136499 ], [ 91.637640297366502, 26.138154242945401 ], [ 91.637166486359703, 26.138769284953302 ], [ 91.636795626776106, 26.139487989124198 ], [ 91.636701834575703, 26.139624812767 ], [ 91.6366471226833, 26.1397090121622 ], [ 91.636545515139801, 26.1397616362493 ], [ 91.636377470892896, 26.139754619436999 ], [ 91.6360140278003, 26.139645862419901 ], [ 91.635591964245506, 26.139530088475599 ], [ 91.6354825404607, 26.139452905782299 ], [ 91.635408288414297, 26.139368707008799 ], [ 91.635384840588699, 26.139291524208801 ], [ 91.635384840588699, 26.139200307666702 ], [ 91.635380932018904, 26.139123125561898 ], [ 91.635341852609102, 26.1390740092105 ], [ 91.635259784321406, 26.138993317383299 ], [ 91.635115188798295, 26.138926659226001 ], [ 91.635013581254896, 26.1389021014148 ], [ 91.634833813095199, 26.138916134335201 ], [ 91.634704849156293, 26.139035417719501 ], [ 91.634689217572102, 26.139238899103301 ], [ 91.634724389310406, 26.1396388464069 ], [ 91.634779101202795, 26.139905476375102 ], [ 91.634814272941099, 26.140115973033701 ], [ 91.634845537007905, 26.1402527967469 ], [ 91.6348299054237, 26.140322962133101 ], [ 91.634798641356795, 26.140466800760901 ], [ 91.634740020894597, 26.1406527397708 ], [ 91.634724389310406, 26.140842185648602 ], [ 91.634794732787, 26.141108812868602 ], [ 91.634888524987502, 26.1413263248823 ], [ 91.634904157470103, 26.141536818978899 ], [ 91.634845537007905, 26.141740296809498 ], [ 91.634775193531297, 26.141947282222599 ], [ 91.634822089182407, 26.142098136327402 ], [ 91.635001857342104, 26.142270039417099 ], [ 91.635291048388297, 26.142522630084301 ], [ 91.635490356701993, 26.142722598282699 ], [ 91.635638859896602, 26.142855910224601 ], [ 91.635771731506907, 26.1430418446229 ], [ 91.635861616035896, 26.1431225328454 ], [ 91.6360140278003, 26.143185680707099 ], [ 91.636170347236103, 26.143234795328599 ], [ 91.636264139436605, 26.143273385431499 ], [ 91.636361839308606, 26.143350564792499 ], [ 91.636439999026507, 26.143462827056499 ], [ 91.636572870636797, 26.143715415949199 ], [ 91.636674479078593, 26.1438803000928 ], [ 91.636779994293605, 26.143978528730699 ], [ 91.636897234319605, 26.144038167448599 ], [ 91.637162978438596, 26.144213575550499 ], [ 91.637276309894801, 26.144374951126199 ], [ 91.637331021787205, 26.144511769041301 ], [ 91.637354469612703, 26.144620521525201 ], [ 91.637350561941204, 26.144894156619401 ], [ 91.637444354141707, 26.145062546941599 ], [ 91.637647569228704, 26.1452905759053 ], [ 91.637878141609306, 26.1454554578239 ], [ 91.638370548640694, 26.1458659072884 ], [ 91.638718360148999, 26.1461605879411 ], [ 91.638827783933806, 26.146237766199501 ], [ 91.638945023959806, 26.146399138170299 ], [ 91.639073987898698, 26.146564018522898 ], [ 91.639187319354903, 26.146655229311101 ], [ 91.639308467052402, 26.146767487590299 ], [ 91.639429615648297, 26.1468446654474 ], [ 91.639621106822403, 26.146999021008501 ], [ 91.639761794674001, 26.1471639005137 ], [ 91.639879034700101, 26.147279666886998 ], [ 91.639984550813296, 26.147398940919 ], [ 91.640070526772604, 26.147532247520001 ], [ 91.640394889557001, 26.147893577040701 ], [ 91.641055340835393, 26.148781109946398 ], [ 91.641637632395799, 26.149528316523199 ], [ 91.641778320247397, 26.149801940111001 ], [ 91.641872112447899, 26.149970323352498 ], [ 91.641958087508797, 26.150114150898499 ], [ 91.642110500171498, 26.150264993641802 ], [ 91.642325439171202, 26.150485996273801 ], [ 91.642528655156497, 26.150745586119498 ], [ 91.642794399275402, 26.150980619311301 ], [ 91.642931178557205, 26.151106905691201 ], [ 91.643052326254704, 26.151285810826 ], [ 91.6432164619318, 26.1515313666841 ], [ 91.643368873696204, 26.151738334734102 ], [ 91.643540825614593, 26.151973366732701 ], [ 91.643677605794693, 26.1521873500641 ], [ 91.643779213338206, 26.152411856678 ], [ 91.643876913210207, 26.152681965083701 ], [ 91.643943349015402, 26.152920502789101 ], [ 91.644013693390306, 26.153137991984501 ], [ 91.644158288913403, 26.1533063704121 ], [ 91.644373228811403, 26.153460717426501 ], [ 91.644498285078697, 26.153558938000899 ], [ 91.6446350643605, 26.153657158492699 ], [ 91.644713224078501, 26.153741347765401 ], [ 91.644791384694699, 26.153934280782298 ], [ 91.645057127915294, 26.154369255794801 ], [ 91.645193908095393, 26.154632344557498 ], [ 91.645272067813295, 26.154839307107 ], [ 91.6452681592435, 26.154962080958398 ], [ 91.6453033318802, 26.155140980988602 ], [ 91.6453658591155, 26.155256739448401 ], [ 91.645447927403296, 26.155400559672 ], [ 91.645545627275197, 26.1555513963878 ], [ 91.645643327147198, 26.1556531227276 ], [ 91.645748843260506, 26.155737310560099 ], [ 91.645842634562698, 26.155793435747999 ], [ 91.645893438783602, 26.155867099310601 ], [ 91.645948150675906, 26.1559512869886 ], [ 91.645955966917299, 26.1560915988441 ], [ 91.645924702850394, 26.156354683722899 ], [ 91.645952058347405, 26.156530073312599 ], [ 91.645998954896896, 26.1566493386958 ], [ 91.646061483030493, 26.156765094852599 ], [ 91.6461709068153, 26.1568878674837 ], [ 91.646295962184297, 26.157017654954199 ], [ 91.646452282518496, 26.157122888302901 ], [ 91.646565613974701, 26.157210582553201 ], [ 91.646632049779896, 26.157280737744699 ], [ 91.646678945430907, 26.1573929866085 ], [ 91.646721933410504, 26.157554343153102 ], [ 91.646780553872702, 26.157768316249001 ], [ 91.646835265765105, 26.158034905606598 ], [ 91.646897793898802, 26.158206784415501 ], [ 91.647018941596301, 26.1584032182969 ], [ 91.647159629447899, 26.158634727821401 ], [ 91.647194801186203, 26.158722420935199 ], [ 91.647271397835596, 26.158831441576499 ], [ 91.647348932326096, 26.1589257285051 ], [ 91.647468985875506, 26.159076139772498 ], [ 91.647579034887798, 26.159199610648798 ], [ 91.647694086617705, 26.159388185447298 ], [ 91.647745828679803, 26.1595327028657 ], [ 91.647808356813499, 26.1597501797349 ], [ 91.647835712310496, 26.159953625809401 ], [ 91.647859160136093, 26.160090425459199 ], [ 91.647894331874397, 26.160290362748199 ], [ 91.647937319853995, 26.160381562806801 ], [ 91.647999847987606, 26.160518361954701 ], [ 91.6480858239469, 26.160641129829401 ], [ 91.648195247731607, 26.160841066980701 ], [ 91.648304671516399, 26.161037495619802 ], [ 91.648339844153, 26.161191832405901 ], [ 91.648367199650096, 26.161367214722901 ], [ 91.648378923562802, 26.161528565770102 ], [ 91.648394556045403, 26.161756562556398 ], [ 91.6484219115424, 26.161889852754001 ], [ 91.648492255917404, 26.162068741353799 ], [ 91.648545967086505, 26.162155702200099 ], [ 91.648595589124497, 26.162204550827099 ], [ 91.648629204082496, 26.1622275379348 ], [ 91.648670823029605, 26.162256273022599 ], [ 91.648742855338995, 26.162280696914401 ], [ 91.648795678074293, 26.162285007297001 ], [ 91.648872512777103, 26.162287880885401 ], [ 91.6490053718111, 26.162287880885401 ], [ 91.649083807311797, 26.162285007297001 ], [ 91.649184652185596, 26.162285007297001 ], [ 91.649248680505707, 26.1622835705029 ], [ 91.649338320693005, 26.162300811225599 ], [ 91.649403949811003, 26.1623237983144 ], [ 91.649451971949503, 26.162355406158799 ], [ 91.649509597078307, 26.1624100018728 ], [ 91.649557618318497, 26.1624990781443 ], [ 91.649589633376905, 26.1625737872488 ], [ 91.649597636467803, 26.162639876373198 ], [ 91.649581629387697, 26.162720332542801 ], [ 91.649488787604795, 26.1628625672917 ], [ 91.649373536448806, 26.1630306623872 ], [ 91.649309508128596, 26.163178643084201 ], [ 91.649272691575007, 26.1632921432549 ], [ 91.649253482899297, 26.163363978289599 ], [ 91.649250281303594, 26.163411389630198 ], [ 91.649253482899297, 26.163477478280001 ], [ 91.649283896261494, 26.163575174406201 ], [ 91.649288698654999, 26.1640665257416 ], [ 91.649282295463706, 26.164180025048299 ], [ 91.649251882101396, 26.164260480155502 ], [ 91.649194256074296, 26.164315074171402 ], [ 91.649151037227597, 26.164348118244899 ], [ 91.649048591555996, 26.164394092417201 ], [ 91.648944545086493, 26.164421389397098 ], [ 91.648830893830095, 26.1644371930362 ], [ 91.648517154522096, 26.164455870207998 ], [ 91.648369888307698, 26.1644371930362 ], [ 91.648249834758204, 26.164385471807801 ], [ 91.648174600853096, 26.164335188131702 ], [ 91.648107370937296, 26.164256169845899 ], [ 91.648062551292796, 26.1642231257463 ], [ 91.648008126861299, 26.164185771325201 ], [ 91.647947300136806, 26.1641656581454 ], [ 91.647515106280593, 26.1641469809271 ], [ 91.647449477162496, 26.1641584742902 ], [ 91.647393452831494, 26.164184334554399 ], [ 91.647324621219497, 26.164234619101801 ], [ 91.647266996090707, 26.164264789658699 ], [ 91.647167752014695, 26.164286340397101 ], [ 91.647062104747405, 26.1642705367377 ], [ 91.646970863762306, 26.164228872827401 ], [ 91.646878021979404, 26.1641828985899 ], [ 91.646841205425801, 26.164167094916401 ], [ 91.6468300007392, 26.164224562516601 ], [ 91.646821997648402, 26.164480293639201 ], [ 91.646862014899298, 26.164566495603601 ], [ 91.646951655086596, 26.164688614205101 ], [ 91.647062104747405, 26.164816479730899 ], [ 91.647356435953597, 26.1650609855742 ], [ 91.647889173747998, 26.165449339052099 ], [ 91.649192519630802, 26.166309379794399 ], [ 91.649424556265302, 26.166468313308201 ], [ 91.6497359752249, 26.166709452814398 ], [ 91.650114562116499, 26.166961552784102 ], [ 91.651934221895402, 26.167821977432801 ], [ 91.652154046831896, 26.167920624511002 ], [ 91.652422721255306, 26.167975428048901 ], [ 91.652764671256406, 26.168041193227999 ], [ 91.653314232699501, 26.168183682709401 ], [ 91.653894326082394, 26.168353573693601 ], [ 91.654480525314298, 26.168468661956201 ], [ 91.655170530267199, 26.168539906054299 ], [ 91.656623815750706, 26.1686440333301 ], [ 91.660113533474302, 26.1689896371483 ], [ 91.660724157898798, 26.1689896371483 ], [ 91.661210748338704, 26.169126645494998 ], [ 91.662050356922407, 26.169169460570298 ], [ 91.662288882088205, 26.169178023583498 ], [ 91.662641899333593, 26.1693321577131 ], [ 91.663452884897396, 26.169434913686398 ], [ 91.664788624927695, 26.1694092247015 ], [ 91.665485118411794, 26.169469165657301 ], [ 91.666210234915894, 26.169597610458801 ], [ 91.667269285753804, 26.169785995911599 ], [ 91.667994402257904, 26.169897314445301 ], [ 91.668442829569599, 26.170008632872602 ], [ 91.668881715874704, 26.170188454723 ], [ 91.669339683294794, 26.1703168987321 ], [ 91.669654536513605, 26.170334024589302 ], [ 91.669893061679502, 26.1703168987321 ], [ 91.670570473150406, 26.170608037155901 ], [ 91.671247884621295, 26.1707450436008 ], [ 91.671715393048004, 26.170787858081798 ], [ 91.672450050558695, 26.1708049838699 ], [ 91.672627205519206, 26.1708044840117 ], [ 91.672662453614393, 26.1708135225762 ], [ 91.672684273692596, 26.170833105727301 ], [ 91.672724556844898, 26.170866246312901 ], [ 91.672801766145199, 26.170926501752501 ], [ 91.672860513269896, 26.170965668819601 ], [ 91.6729276515576, 26.1709988093676 ], [ 91.673023324830297, 26.1710455073231 ], [ 91.673115640200507, 26.171080154675401 ], [ 91.673207956469, 26.1711087763234 ], [ 91.673312021803099, 26.171138903984399 ], [ 91.673432871259905, 26.171161499926601 ], [ 91.673667857063506, 26.171161499926601 ], [ 91.673844096640806, 26.171149448543002 ], [ 91.673973339057298, 26.171125346578201 ], [ 91.674055584313194, 26.1710937120869 ], [ 91.674107616531003, 26.1710681032834 ], [ 91.674137829569005, 26.171034962755101 ], [ 91.674439954558594, 26.171034962755101 ], [ 91.674527234871604, 26.171092206066199 ], [ 91.674611158180397, 26.171144929676899 ], [ 91.674688367480798, 26.1711675256179 ], [ 91.674740400597003, 26.1711825898449 ], [ 91.674829359861306, 26.171184095864401 ], [ 91.674911604218806, 26.171184095864401 ], [ 91.674956923326505, 26.171178070173902 ], [ 91.674995528425896, 26.171159993906802 ], [ 91.675024062512506, 26.171149448543002 ], [ 91.675072737726197, 26.171128359424898 ], [ 91.675091200800296, 26.171128359424898 ], [ 91.675107985821299, 26.171147942523 ], [ 91.675123091891194, 26.1711690316376 ], [ 91.675154982982093, 26.171191627573901 ], [ 91.6752523343077, 26.171226274882802 ], [ 91.675475571045695, 26.171253389670099 ], [ 91.676412157255896, 26.1712789984329 ], [ 91.676949753139397, 26.171330128063602 ], [ 91.677355438609894, 26.171366905361999 ], [ 91.677560329953096, 26.1714110377822 ], [ 91.677757025966102, 26.171462525315999 ], [ 91.678027482646996, 26.171510335666699 ], [ 91.678203689884896, 26.171543434942802 ], [ 91.678404483113795, 26.171572857051 ], [ 91.678662646350105, 26.171591245260299 ], [ 91.678658548235703, 26.171690543797499 ], [ 91.678674939794703, 26.171734676095198 ], [ 91.678777385466304, 26.1718155855331 ], [ 91.678994570254304, 26.171892816960401 ], [ 91.679146190602907, 26.1719406271346 ], [ 91.679912484083005, 26.171959016092099 ], [ 91.679986245649204, 26.1719148830731 ], [ 91.680076397876206, 26.1718450067665 ], [ 91.680154256658497, 26.1717861634861 ], [ 91.680256702330198, 26.1717273209822 ], [ 91.680391930221504, 26.171716287102399 ], [ 91.680576332789698, 26.171734676095198 ], [ 91.680838594140297, 26.1717898414439 ], [ 91.681473757843406, 26.1718302965539 ], [ 91.681977790871201, 26.171892816960401 ], [ 91.682690813356601, 26.171999470337099 ], [ 91.682985856926805, 26.172050958417199 ], [ 91.683264508938095, 26.172058313509901 ], [ 91.683412031172395, 26.172109801564002 ], [ 91.685391282949695, 26.172591577854501 ], [ 91.686333783667706, 26.172771784314001 ], [ 91.686780777268197, 26.172843632051801 ], [ 91.687608528988406, 26.1728312922193 ], [ 91.687663529239998, 26.172838696441399 ], [ 91.687685528981305, 26.172855972689199 ], [ 91.687707529620994, 26.172902865003302 ], [ 91.687748779360504, 26.172969502138599 ], [ 91.687779029229404, 26.1730188630147 ], [ 91.687814779482693, 26.173073159470601 ], [ 91.687861529606707, 26.173120052503599 ], [ 91.687900029603199, 26.173174348912301 ], [ 91.687944029984095, 26.173213837706701 ], [ 91.688001779978805, 26.173250858691301 ], [ 91.6881062800975, 26.173278006868301 ], [ 91.688243780726395, 26.173310091435901 ], [ 91.688345531102001, 26.173319963422699 ], [ 91.688507781215407, 26.173339707393801 ], [ 91.688631531332305, 26.173337239599199 ], [ 91.688771781704304, 26.173324899012702 ], [ 91.688892782078199, 26.1733076228344 ], [ 91.689002782581397, 26.173275539072399 ], [ 91.689063282319097, 26.173258262080601 ], [ 91.6891320330827, 26.173260730683101 ], [ 91.689211782818703, 26.173265666275601 ], [ 91.689288783709898, 26.173282942460101 ], [ 91.689371283189004, 26.173310091435901 ], [ 91.689453783566407, 26.173339707393801 ], [ 91.689547283814406, 26.1733520479787 ], [ 91.689690283929593, 26.1733693241504 ], [ 91.689849784299795, 26.173374259738299 ], [ 91.690009285568394, 26.173359452167801 ], [ 91.690248535674598, 26.173337239599199 ], [ 91.690361285920901, 26.173319963422699 ], [ 91.690468536680996, 26.173302687243702 ], [ 91.690548286416998, 26.173278006868301 ], [ 91.690619786923705, 26.173248390088499 ], [ 91.690732537169893, 26.173208902111998 ], [ 91.690795787549106, 26.173189157312599 ], [ 91.690897537026402, 26.173139796508501 ], [ 91.690966287790005, 26.1731003084953 ], [ 91.691048788167393, 26.172959630122101 ], [ 91.691167037899802, 26.1727547829712 ], [ 91.691392538392293, 26.172379639422498 ], [ 91.691461289155995, 26.1723055976945 ], [ 91.691582289529805, 26.172290789182 ], [ 91.691750039129303, 26.172280917108001 ], [ 91.691884790015195, 26.1723154697663 ], [ 91.69204979077, 26.172345086783199 ], [ 91.692690541994196, 26.172350022414399 ], [ 91.693061793243203, 26.172389511488099 ], [ 91.693199292973901, 26.1723747029862 ], [ 91.6933395433459, 26.172362363104099 ], [ 91.693435794235299, 26.172320406205099 ], [ 91.693534793969505, 26.172268577215899 ], [ 91.693633794601993, 26.1722241516587 ], [ 91.693721794465603, 26.1721624505428 ], [ 91.693818044456705, 26.172115557124702 ], [ 91.693911544704704, 26.172110621483501 ], [ 91.694062795845795, 26.172118025751399 ], [ 91.694384546329402, 26.172140237746099 ], [ 91.694442296324098, 26.1721575140974 ], [ 91.694491796191102, 26.172192067598498 ], [ 91.694582546696097, 26.1722488322572 ], [ 91.694670546559607, 26.1723006612551 ], [ 91.694783297704205, 26.1723722351711 ], [ 91.694887797822901, 26.1724117242373 ], [ 91.695036298322506, 26.1724462768568 ], [ 91.696045550154295, 26.172732570287302 ], [ 91.696295801029507, 26.172784399070199 ], [ 91.696485551268694, 26.172809079549999 ], [ 91.696653301766503, 26.172791803295301 ], [ 91.696790802395498, 26.172759718585102 ], [ 91.6969338025106, 26.172705421983199 ], [ 91.697324303757895, 26.1725153820652 ], [ 91.697475554000604, 26.1724610853495 ], [ 91.697637804113995, 26.1724166598657 ], [ 91.697758804487805, 26.172394447923701 ], [ 91.698306056362298, 26.172431468362198 ], [ 91.698506806471997, 26.1724660209759 ], [ 91.698627806845906, 26.1724808294661 ], [ 91.698762557731797, 26.1724610853495 ], [ 91.698867057850407, 26.1724166598657 ], [ 91.699076058087797, 26.1723524910362 ], [ 91.699480308948793, 26.1722192160221 ], [ 91.699590309452006, 26.1722192160221 ], [ 91.699705809441298, 26.172184663335301 ], [ 91.6998048100739, 26.172118025751399 ], [ 91.699975310314798, 26.172039047406798 ], [ 91.700079810433493, 26.171999559020701 ], [ 91.700181560809099, 26.171984750469299 ], [ 91.700313561053505, 26.171940325610201 ], [ 91.700374061689601, 26.1719131763154 ], [ 91.700511561420299, 26.171836666464799 ], [ 91.701100063034204, 26.171397350606501 ], [ 91.7011605636703, 26.171350456880599 ], [ 91.701226563792602, 26.171340584727002 ], [ 91.701339314038805, 26.171367733348902 ], [ 91.701463064155703, 26.1714146270679 ], [ 91.701523564791799, 26.171436840002801 ], [ 91.701573064658902, 26.171478797219802 ], [ 91.701617064141502, 26.171525690087901 ], [ 91.701677564777597, 26.171570115911202 ], [ 91.701787565280796, 26.171604668780201 ], [ 91.701881065528795, 26.1716589658947 ], [ 91.701977315519898, 26.171710795154802 ], [ 91.7020598158973, 26.171762624391899 ], [ 91.702117565891896, 26.171819390065899 ], [ 91.702211066139995, 26.1718786235379 ], [ 91.702315566258704, 26.1719452612586 ], [ 91.7024063167636, 26.171967474092501 ], [ 91.702546567135698, 26.1719798140164 ], [ 91.702744567502407, 26.171955133360999 ], [ 91.702871067362395, 26.171960069815 ], [ 91.703038817860204, 26.1719699419161 ], [ 91.703201068871905, 26.171999559020701 ], [ 91.703740069720496, 26.172113089304101 ], [ 91.703883070733895, 26.172140237746099 ], [ 91.703979320724997, 26.1721624505428 ], [ 91.704053570974807, 26.172221683840501 ], [ 91.704119571097095, 26.172263640775 ], [ 91.704199320833098, 26.1723154697663 ], [ 91.704336821461993, 26.172362363104099 ], [ 91.704504571959902, 26.1723747029862 ], [ 91.7046750722008, 26.172377171607501 ], [ 91.704798822317699, 26.172354958851699 ], [ 91.7049913231982, 26.172310534133601 ], [ 91.705148073825399, 26.1722858535482 ], [ 91.7059538258044, 26.172263640775 ], [ 91.706256326289804, 26.172251300881101 ], [ 91.706454326656498, 26.172214279579201 ], [ 91.706572577287204, 26.172164918362402 ], [ 91.706693577661099, 26.172098280767202 ], [ 91.706861328158894, 26.171994622568398 ], [ 91.707018077887795, 26.1719279848759 ], [ 91.707194078513197, 26.171873687886698 ], [ 91.707370079138599, 26.171851475034899 ], [ 91.707590080144897, 26.171789773721802 ], [ 91.707755080001405, 26.1717453479821 ], [ 91.707823830764994, 26.171698455202399 ], [ 91.707870580888994, 26.1716342851714 ], [ 91.707898080116493, 26.171594795841902 ], [ 91.707961330495607, 26.1715824558772 ], [ 91.708021831131703, 26.171607136611499 ], [ 91.708134581378005, 26.171654030234201 ], [ 91.708181331502004, 26.171671306657501 ], [ 91.708219831498397, 26.171705859496502 ], [ 91.708233581112196, 26.171755220907698 ], [ 91.708233581112196, 26.171824326525702 ], [ 91.708230831369093, 26.171935389155401 ], [ 91.708241831239803, 26.172029175311501 ], [ 91.708266581622496, 26.172150110638199 ], [ 91.708274831750003, 26.1721945354174 ], [ 91.708321581874003, 26.1722661085924 ], [ 91.708343581615395, 26.172310534133601 ], [ 91.708365581356603, 26.172357426667102 ], [ 91.708404081353095, 26.172414192051502 ], [ 91.708448081734005, 26.1724635531627 ], [ 91.708497581601094, 26.172500573579399 ], [ 91.708574582492304, 26.172552402465399 ], [ 91.708648832742199, 26.172599295707801 ], [ 91.708736832605695, 26.172621508416999 ], [ 91.7089320832293, 26.172658528783501 ], [ 91.709053083603195, 26.172663465207702 ], [ 91.709171333335604, 26.172646188931399 ], [ 91.709344584217902, 26.172611636371101 ], [ 91.709509584972693, 26.172582019421998 ], [ 91.709630585346503, 26.172552402465399 ], [ 91.709828585713197, 26.172500573579399 ], [ 91.710257586058603, 26.172337682529701 ], [ 91.710576587697503, 26.172206875317301 ], [ 91.710683837559301, 26.1721575140974 ], [ 91.710774588064197, 26.172135302106 ], [ 91.710931337793099, 26.172122961392301 ], [ 91.711676590034202, 26.1720415160352 ], [ 91.712608842771502, 26.1719452612586 ], [ 91.712952592996402, 26.171932921330999 ], [ 91.713057094013394, 26.171905772034499 ], [ 91.7130928433685, 26.171890964277399 ], [ 91.7131093436236, 26.1718638149712 ], [ 91.713147843620007, 26.171824326525702 ], [ 91.713252343738702, 26.171809517952099 ], [ 91.713370594369493, 26.171787305088099 ], [ 91.713568594736202, 26.171742880153701 ], [ 91.713722595620297, 26.1717009230318 ], [ 91.713997595979905, 26.171567647272902 ], [ 91.714203846474206, 26.171483732887701 ], [ 91.714302847106694, 26.171444244313498 ], [ 91.714393596713407, 26.171439307837701 ], [ 91.714863848594902, 26.171446712148299 ], [ 91.715009598453094, 26.171436840002801 ], [ 91.715127849083899, 26.1714121592324 ], [ 91.715218598690498, 26.171385010620899 ], [ 91.715325849450593, 26.1713529255235 ], [ 91.715427599826199, 26.1713060317798 ], [ 91.715545849558595, 26.171261606662 ], [ 91.715738350439196, 26.1712122450419 ], [ 91.715952851061004, 26.171170287728899 ], [ 91.716233351805101, 26.1711110538971 ], [ 91.7167338526572, 26.170960500937799 ], [ 91.716918103410194, 26.170901266999401 ], [ 91.717168354285405, 26.1708099477841 ], [ 91.717572605146501, 26.170632245649202 ], [ 91.717663355651396, 26.170575479397201 ], [ 91.717754105257995, 26.170513777408701 ], [ 91.717798105638906, 26.170469351989102 ], [ 91.717831106149205, 26.170437266639698 ], [ 91.717858605376705, 26.170400244761701 ], [ 91.717902605757601, 26.170343479203002 ], [ 91.717935606267901, 26.1703015215774 ], [ 91.717968605879904, 26.170242286497999 ], [ 91.7179823563919, 26.170187988723701 ], [ 91.717990606519507, 26.1701484989044 ], [ 91.718081356126106, 26.1700744565657 ], [ 91.718191356629305, 26.169995476836799 ], [ 91.718246356880897, 26.169943646814101 ], [ 91.718342606872, 26.169881944491301 ], [ 91.718485606987201, 26.169817773460501 ], [ 91.7185956074903, 26.169778283515701 ], [ 91.718774357858806, 26.1697313899449 ], [ 91.719038358347802, 26.169704240135701 ], [ 91.719198063533895, 26.169700287993699 ], [ 91.719521672631899, 26.1697181234242 ], [ 91.719822454640095, 26.169787539035699 ], [ 91.720067376709096, 26.1698530984104 ], [ 91.720497065163997, 26.170045918511601 ], [ 91.722959181169401, 26.1711449901434 ], [ 91.725313874836601, 26.1722170561772 ], [ 91.727213098400199, 26.173123291842799 ], [ 91.727565442807403, 26.173308394373201 ], [ 91.727857631531705, 26.173474215425902 ], [ 91.728227163405293, 26.173751867872401 ], [ 91.728798649131207, 26.174183771528 ], [ 91.729026383733796, 26.1744112912939 ], [ 91.729150993538397, 26.174546260040501 ], [ 91.729322869100002, 26.1746927975441 ], [ 91.730006073806194, 26.175302084229401 ], [ 91.731660375300805, 26.176863848668301 ], [ 91.731843491481598, 26.177032280716901 ], [ 91.7320595659519, 26.177237278362199 ], [ 91.732866177618504, 26.1781201459881 ], [ 91.7341024184513, 26.1794284579425 ], [ 91.734243758479707, 26.179620130354301 ], [ 91.734304002197604, 26.179582153671898 ], [ 91.734816675221893, 26.1792589748935 ], [ 91.735809734920693, 26.178632966380199 ], [ 91.737024320965205, 26.1778925883157 ], [ 91.738743075683104, 26.176720312891 ], [ 91.739873634214305, 26.175979922677001 ], [ 91.739934439379297, 26.175863105300401 ], [ 91.739988217023694, 26.1757007671577 ], [ 91.740022440141104, 26.175007536041299 ], [ 91.740066439623703, 26.174595105895499 ], [ 91.740066439623703, 26.174454704239601 ], [ 91.740056662360203, 26.174309914275401 ], [ 91.7400419955665, 26.174156348647799 ], [ 91.739983328392, 26.173954519598102 ], [ 91.739924662115698, 26.1737351399752 ], [ 91.739895328528405, 26.173458721787998 ], [ 91.739865994941098, 26.1731515888941 ], [ 91.739851328147495, 26.172883943290898 ], [ 91.739848426589106, 26.172831860596499 ], [ 91.739858679959795, 26.1726968624539 ], [ 91.739868619818395, 26.172625218596899 ], [ 91.739893409727003, 26.172535218080601 ], [ 91.739928863536306, 26.172429752743799 ], [ 91.739984138672298, 26.172319041287501 ], [ 91.740128728805502, 26.172104378163201 ], [ 91.740324228262494, 26.171853485736801 ], [ 91.740489785972699, 26.171653203861698 ], [ 91.740615218634105, 26.1714912049178 ], [ 91.740838733849898, 26.1712519360558 ], [ 91.741124062140301, 26.170996011778701 ], [ 91.741336914353596, 26.170821141381801 ], [ 91.741743070541403, 26.1705405303668 ], [ 91.741839013308606, 26.170470371057799 ], [ 91.741978756132596, 26.170357980790701 ], [ 91.742092291506395, 26.1702520797344 ], [ 91.742272759453698, 26.170042196962399 ], [ 91.742511818218802, 26.169762965951101 ], [ 91.7426488481306, 26.1695989367092 ], [ 91.742357122038698, 26.169317820469399 ], [ 91.7422133691353, 26.169214707231301 ], [ 91.7421438116845, 26.169157850797198 ], [ 91.742095762596605, 26.169096344779799 ], [ 91.742069132040001, 26.169041515969202 ], [ 91.742053434878798, 26.168937237476001 ], [ 91.742046684039394, 26.168788052312401 ], [ 91.742034447188601, 26.168534200303899 ], [ 91.742032041500295, 26.168299871657499 ], [ 91.742016691088693, 26.1679804211084 ], [ 91.742010899650097, 26.167865051791299 ], [ 91.741986469067598, 26.167792264936502 ], [ 91.741965428726999, 26.167753442682098 ], [ 91.741371939666607, 26.167750368473701 ], [ 91.740702859171606, 26.167767065786101 ], [ 91.740466622014793, 26.1677889101563 ], [ 91.740083624395098, 26.167805433314602 ], [ 91.739149735825706, 26.167857113520199 ], [ 91.7378082322046, 26.167901618946999 ], [ 91.737630736782606, 26.167900481338101 ], [ 91.737436578510298, 26.167923507635301 ], [ 91.737275510579906, 26.167978681237201 ], [ 91.736702224630207, 26.1681884774246 ], [ 91.736696933553205, 26.167818146163501 ], [ 91.736683938524294, 26.166410682338 ], [ 91.736721803411797, 26.1660425723095 ], [ 91.736763830193993, 26.165769288352301 ], [ 91.736810937847594, 26.1653988018627 ], [ 91.736757460240398, 26.164852979310101 ], [ 91.736643667050103, 26.163901859595601 ], [ 91.736600714104796, 26.163750170966601 ], [ 91.736550996845395, 26.163689971482899 ], [ 91.736494439813399, 26.163650828578898 ], [ 91.736423542076196, 26.163617297319099 ], [ 91.736289983254693, 26.163553138160001 ], [ 91.736204596590397, 26.163503830522 ], [ 91.736131566252695, 26.1634588791601 ], [ 91.735683965391004, 26.163134648646398 ], [ 91.7353074832521, 26.162816290161398 ], [ 91.735063089392497, 26.1625871739116 ], [ 91.734939898926001, 26.162417859886499 ], [ 91.734859878797096, 26.162253100302902 ], [ 91.734810893664701, 26.162060880091399 ], [ 91.734787723418606, 26.1618585592344 ], [ 91.734767567918496, 26.161676502414601 ], [ 91.734746018233196, 26.161589963705101 ], [ 91.734698873748798, 26.1614858656074 ], [ 91.7345985561861, 26.161356618483602 ], [ 91.734490664028797, 26.1612609708917 ], [ 91.734152866041001, 26.1609519804258 ], [ 91.734058432443305, 26.1608418756914 ], [ 91.7339956967989, 26.160740814229801 ], [ 91.733917589183207, 26.160615130903398 ], [ 91.733882873789099, 26.160466342272201 ], [ 91.7338717661206, 26.160345080372998 ], [ 91.733882280901, 26.1602613119144 ], [ 91.7338847063522, 26.160196026932201 ], [ 91.733887277330595, 26.1600326486227 ], [ 91.733886907224701, 26.1599194395789 ], [ 91.733892053673003, 26.1598316441587 ], [ 91.733874178995407, 26.159682392518398 ], [ 91.733773929704697, 26.159265134854301 ], [ 91.733692211759902, 26.158794669194101 ], [ 91.733615942097401, 26.158637627301399 ], [ 91.733381548283504, 26.158309617115101 ], [ 91.732681087839097, 26.157303068675098 ], [ 91.7320398344566, 26.156481677881199 ], [ 91.731804907941907, 26.156309996498798 ], [ 91.731604816297093, 26.156158876937699 ], [ 91.731512182923396, 26.156071592316099 ], [ 91.731403640385906, 26.155965042902299 ], [ 91.731327340180599, 26.155843916624701 ], [ 91.731303613877301, 26.155682611738399 ], [ 91.731260400420595, 26.155440695516699 ], [ 91.731227823915106, 26.155216185054801 ], [ 91.731177880280299, 26.1550278816968 ], [ 91.731113627381205, 26.1548236086036 ], [ 91.730994160431607, 26.154505642698702 ], [ 91.730697090262098, 26.153484606135599 ], [ 91.730637354990705, 26.153249149818599 ], [ 91.730608404983997, 26.153131062255198 ], [ 91.7305669818696, 26.152996285630199 ], [ 91.730495905367704, 26.1528319352655 ], [ 91.730110816470003, 26.151859050001502 ], [ 91.729610789030104, 26.150631271411001 ], [ 91.729549666759794, 26.150489066098999 ], [ 91.729479385266899, 26.150376011486401 ], [ 91.729410127853498, 26.150265065408298 ], [ 91.729202416698499, 26.149940987720399 ], [ 91.728996826466002, 26.149639582623902 ], [ 91.728944716992999, 26.149534842475202 ], [ 91.728800578712395, 26.149245119853099 ], [ 91.728612912564699, 26.148704237373501 ], [ 91.728294951174902, 26.147759907980401 ], [ 91.728265455890906, 26.147573688380501 ], [ 91.728228988782007, 26.147276588107101 ], [ 91.728208683263205, 26.147032070793301 ], [ 91.728193226850493, 26.146836148371602 ], [ 91.728172113746396, 26.146638231418802 ], [ 91.728107367672294, 26.1463311553076 ], [ 91.728035853690798, 26.145942572874599 ], [ 91.728013878203996, 26.1458088556153 ], [ 91.727991537102895, 26.1457193585642 ], [ 91.727965265872399, 26.145629675166902 ], [ 91.727926542195405, 26.145510395294899 ], [ 91.727899237004095, 26.1454383516995 ], [ 91.727826756435405, 26.145316769362701 ], [ 91.727689412113307, 26.145122975378001 ], [ 91.727605479821307, 26.144979092490502 ], [ 91.727544675554697, 26.144834574786898 ], [ 91.7274994247189, 26.1446545154757 ], [ 91.727428517998504, 26.144354053123902 ], [ 91.727198931968104, 26.143543419025001 ], [ 91.7271602469187, 26.143415490669799 ], [ 91.727134289200293, 26.143333075313699 ], [ 91.727087424091906, 26.143246218981002 ], [ 91.727021874025596, 26.143149842059898 ], [ 91.726599185243401, 26.142646199118602 ], [ 91.726514243245106, 26.142519539082699 ], [ 91.726430513074106, 26.142405029227699 ], [ 91.7263402171167, 26.142238385810401 ], [ 91.726249719038293, 26.142042365829699 ], [ 91.726067004404499, 26.1416467887097 ], [ 91.726003271630006, 26.1414865810987 ], [ 91.725903178646107, 26.141290106643702 ], [ 91.725725515239105, 26.140972502241102 ], [ 91.725635219281699, 26.140805855972399 ], [ 91.725564316154603, 26.140669493379601 ], [ 91.725498865801299, 26.140505748221901 ], [ 91.725440180660499, 26.140259403860899 ], [ 91.725414319061798, 26.139945511099299 ], [ 91.725354620621204, 26.139552282482299 ], [ 91.725309772230702, 26.139266858411201 ], [ 91.725244517710095, 26.138804265275901 ], [ 91.725171186436896, 26.138479488835699 ], [ 91.725081089905402, 26.138178104948899 ], [ 91.724995134607497, 26.137904554918599 ], [ 91.724727869640802, 26.136784598993799 ], [ 91.724556357896802, 26.135968017892299 ], [ 91.724494744248105, 26.135705978205099 ], [ 91.724463026532106, 26.135524816084299 ], [ 91.724428280595205, 26.135395337782999 ], [ 91.724394351226906, 26.135292639734299 ], [ 91.724367654195007, 26.1352438362944 ], [ 91.724326930868202, 26.135203216074601 ], [ 91.724254145770601, 26.135121278802899 ], [ 91.724178516606898, 26.135045840815799 ], [ 91.724067788468304, 26.1349599001136 ], [ 91.723946653347198, 26.134883417642101 ], [ 91.723835085283895, 26.1348328172127 ], [ 91.723730110854703, 26.1347957961333 ], [ 91.723633928237206, 26.134776879530701 ], [ 91.723542140178097, 26.134767015572798 ], [ 91.723440915316999, 26.1347500724026 ], [ 91.723323659121306, 26.134712470637002 ], [ 91.723263415403295, 26.1346687170862 ], [ 91.723190759663197, 26.134605580747301 ], [ 91.723141567918205, 26.134541341925001 ], [ 91.723068200712305, 26.134427313775099 ], [ 91.722965938296994, 26.134259954918001 ], [ 91.722620103082306, 26.133436504298398 ], [ 91.722548867578595, 26.133265081769999 ], [ 91.722467225092302, 26.133103118234601 ], [ 91.722407367650007, 26.133010733101699 ], [ 91.722292630330301, 26.132867107878699 ], [ 91.722093732546597, 26.132667541367301 ], [ 91.721445068063105, 26.132073019020801 ], [ 91.721360195235107, 26.1319661839761 ], [ 91.721295295549098, 26.131875771429598 ], [ 91.721250369903402, 26.1318017822258 ], [ 91.721197815764299, 26.131668831875299 ], [ 91.721172862362394, 26.131506226576001 ], [ 91.721055466029398, 26.130924631328099 ], [ 91.720804572858796, 26.129468771535699 ], [ 91.720783174988696, 26.129350559101699 ], [ 91.720747167817194, 26.129208436745401 ], [ 91.720711097763598, 26.129109432722199 ], [ 91.720654664699097, 26.128937597360601 ], [ 91.720566426782, 26.1286570073989 ], [ 91.720392345856396, 26.1282861183827 ], [ 91.720232487956594, 26.1279877705405 ], [ 91.720058344148896, 26.127659998440301 ], [ 91.719964743289594, 26.1274919338573 ], [ 91.719808828095594, 26.1271893473148 ], [ 91.719707211569002, 26.1270109520765 ], [ 91.719645543122994, 26.126865403168701 ], [ 91.719570558051302, 26.1266738908744 ], [ 91.719543083078307, 26.126512265812998 ], [ 91.719562342958, 26.1263727507407 ], [ 91.719658389929904, 26.126057737479702 ], [ 91.719697493594197, 26.125915841785599 ], [ 91.719759026394499, 26.125727460514199 ], [ 91.719787207443304, 26.125624853974699 ], [ 91.719796706229204, 26.125483770743099 ], [ 91.719782284675603, 26.125281805072198 ], [ 91.719771609096796, 26.125141183572801 ], [ 91.719729283175496, 26.1248681498402 ], [ 91.719610583387094, 26.124244044070601 ], [ 91.719596639737304, 26.124132281132098 ], [ 91.7195616377806, 26.1239494653828 ], [ 91.719542812685404, 26.123867194371101 ], [ 91.719499250682404, 26.123817015026301 ], [ 91.719141982609003, 26.123551745269801 ], [ 91.719014440703305, 26.123455139164999 ], [ 91.718940678238695, 26.123382302833999 ], [ 91.718825670526101, 26.123260103909701 ], [ 91.718664906226294, 26.123071344922 ], [ 91.718529336975195, 26.1228830687552 ], [ 91.718443783224103, 26.1227424459818 ], [ 91.718378252022504, 26.122623291136399 ], [ 91.718332247500101, 26.122520627831399 ], [ 91.718310527134904, 26.122420527674802 ], [ 91.718313337963394, 26.122291862375299 ], [ 91.718323635351496, 26.1221430289255 ], [ 91.718318213120497, 26.121993452444102 ], [ 91.718324043186698, 26.121867053110801 ], [ 91.718323256262494, 26.121786340522799 ], [ 91.718296694876102, 26.1216881327389 ], [ 91.718235756760507, 26.121598209079799 ], [ 91.718083927104502, 26.121297348645999 ], [ 91.717662111484699, 26.120452259108099 ], [ 91.717325811886695, 26.119842619064201 ], [ 91.717120654642102, 26.1194160949828 ], [ 91.717060833132393, 26.119320561434499 ], [ 91.717009740552399, 26.119250916579201 ], [ 91.716944459082299, 26.119167862296699 ], [ 91.716387992289697, 26.118535784452899 ], [ 91.715828431699194, 26.117922045008299 ], [ 91.715699344691203, 26.1177920987314 ], [ 91.715591137225303, 26.117705158069398 ], [ 91.7154517734905, 26.1176034760968 ], [ 91.715293211859702, 26.117493147378401 ], [ 91.715155982521907, 26.117439115434699 ], [ 91.714943189597406, 26.117371560951302 ], [ 91.714704994113305, 26.117338193040599 ], [ 91.714343208412402, 26.1172912453282 ], [ 91.713680142138301, 26.117278718944601 ], [ 91.713536514100795, 26.117291838173799 ], [ 91.713395214496501, 26.117328288893699 ], [ 91.713248549254999, 26.117372227196402 ], [ 91.713110223074295, 26.117420982448198 ], [ 91.712976421707594, 26.1174975957288 ], [ 91.712685744848002, 26.117708339259298 ], [ 91.712526347784006, 26.1178434558635 ], [ 91.712422021040197, 26.1179004518326 ], [ 91.712320539260801, 26.117950947481098 ], [ 91.712219379976702, 26.117995929274201 ], [ 91.712126107002405, 26.118032437042199 ], [ 91.711995213482396, 26.118059427069198 ], [ 91.711867164028504, 26.118079916804401 ], [ 91.7110756611266, 26.118136516623998 ], [ 91.710322291708493, 26.1180677534695 ], [ 91.709929803387894, 26.118019355805799 ], [ 91.709834189403907, 26.118011742425502 ], [ 91.709746197625194, 26.118020324517499 ], [ 91.709693782725097, 26.118027048231198 ], [ 91.709627634380794, 26.118052939687502 ], [ 91.709560658688204, 26.118092945605799 ], [ 91.709506176764506, 26.1181349566852 ], [ 91.709460465092903, 26.118175259399401 ], [ 91.709433203919005, 26.118210064407801 ], [ 91.709377894646906, 26.118266190698499 ], [ 91.709317869219703, 26.118308648564099 ], [ 91.709272488128207, 26.118329858536299 ], [ 91.709226402757395, 26.1183496206841 ], [ 91.709168942020298, 26.118361767857898 ], [ 91.709109371140599, 26.118369569149699 ], [ 91.709044379826395, 26.118362252615601 ], [ 91.708973349138503, 26.118350404685 ], [ 91.708884529113107, 26.118305869876799 ], [ 91.708637926296305, 26.118169664108699 ], [ 91.7085496434634, 26.118102507694999 ], [ 91.708516341119207, 26.1180655490666 ], [ 91.708461195340504, 26.118011281864 ], [ 91.708420983155193, 26.117944273771499 ], [ 91.70838383153, 26.117851932304699 ], [ 91.708349865330803, 26.117718694257501 ], [ 91.708300588245805, 26.1173759592976 ], [ 91.708321343820501, 26.116833418443299 ], [ 91.708369328229693, 26.116619833306299 ], [ 91.708428440968703, 26.116444990321298 ], [ 91.708608018685496, 26.115692236362801 ], [ 91.707833517298695, 26.115858011036 ], [ 91.7068587023833, 26.116142594564501 ], [ 91.705241574971794, 26.116648957108701 ], [ 91.701361217660406, 26.1178130361703 ], [ 91.696529036016699, 26.119211244174501 ], [ 91.696786848909895, 26.119809246212998 ], [ 91.697117709208896, 26.120584715698602 ], [ 91.697259506479796, 26.120958944963 ], [ 91.697538804379704, 26.1209512293402 ], [ 91.697581773494704, 26.121155704464702 ], [ 91.697629039251694, 26.1212675872024 ], [ 91.6976977891171, 26.121371753431401 ], [ 91.697848179671993, 26.121502925737101 ], [ 91.698260680660596, 26.1220546203357 ], [ 91.698428259580197, 26.122289958091699 ], [ 91.698522791094206, 26.1224404189865 ], [ 91.698544275202593, 26.1225600168178 ], [ 91.698557166026902, 26.122683472281 ], [ 91.698548572742894, 26.122745199560399 ], [ 91.698505603627893, 26.122833932669 ], [ 91.698436853762601, 26.122891802121501 ], [ 91.698309355874301, 26.122954331811599 ], [ 91.698219596211104, 26.123014380511002 ], [ 91.698152715739894, 26.123077589252802 ], [ 91.698124555352393, 26.123136057852999 ], [ 91.698099915462393, 26.123207167510198 ], [ 91.698084075468998, 26.123276697090301 ], [ 91.698069995275304, 26.123374670445902 ], [ 91.698054155281895, 26.123483705550999 ], [ 91.698031275191596, 26.123540593110999 ], [ 91.698022475295005, 26.123565876820599 ], [ 91.698008395101297, 26.123578518673298 ], [ 91.697983755211297, 26.123605381597599 ], [ 91.697952075224507, 26.1236211843113 ], [ 91.697913355140798, 26.123633826157999 ], [ 91.697823594579305, 26.123665429962401 ], [ 91.697138953467004, 26.123968830565801 ], [ 91.696837992694, 26.124130011513401 ], [ 91.696744712533203, 26.124190059608502 ], [ 91.696640871778001, 26.1242769704427 ], [ 91.696572231507105, 26.124343339347 ], [ 91.696297671322, 26.124605652942499 ], [ 91.696258332299095, 26.124793764218701 ], [ 91.696262628941099, 26.124940364209301 ], [ 91.696288410589702, 26.125102396328 ], [ 91.696305598056, 26.125272143559901 ], [ 91.696348567171, 26.125438032075301 ], [ 91.696404426211998, 26.125580773598902 ], [ 91.696494661084003, 26.126159454034902 ], [ 91.696490364441999, 26.1262906209653 ], [ 91.696477473617705, 26.126348488705698 ], [ 91.696438801144694, 26.126468082536199 ], [ 91.6963872387457, 26.126537523877001 ], [ 91.696133722494395, 26.126749705271799 ], [ 91.695940362824402, 26.126880871539399 ], [ 91.695832940486099, 26.1269811751514 ], [ 91.695300126334999, 26.127656294089199 ], [ 91.695138047799801, 26.1278968661635 ], [ 91.695110547674005, 26.127988218964902 ], [ 91.695085798189595, 26.1280771029428 ], [ 91.695072047677598, 26.1281783314096 ], [ 91.695061047806902, 26.128232648733299 ], [ 91.695025297553499, 26.1282869668382 ], [ 91.694995047684699, 26.128331408318701 ], [ 91.6949345479469, 26.128365973992601 ], [ 91.694874047310805, 26.1283956021657 ], [ 91.694769547192195, 26.128449919388402 ], [ 91.694728297452599, 26.1284696709528 ], [ 91.6946347972046, 26.1284918920637 ], [ 91.694560546954804, 26.128506706135202 ], [ 91.694368046074203, 26.128538803015001 ], [ 91.694117795199006, 26.128590651429899 ], [ 91.693930794702993, 26.128640031081702 ], [ 91.693804294843005, 26.1286523755881 ], [ 91.693760294461995, 26.128659782614001 ], [ 91.693749294591399, 26.128978280248099 ], [ 91.693779544460298, 26.129602927699899 ], [ 91.693823544841194, 26.1299140158165 ], [ 91.693864794580705, 26.130084373838798 ], [ 91.693897795091004, 26.130242385662498 ], [ 91.693933545344393, 26.130526313956899 ], [ 91.6939555450857, 26.130741111649801 ], [ 91.693983045211496, 26.130832462226699 ], [ 91.694021545207903, 26.1309089989672 ], [ 91.694087545330106, 26.1310373829862 ], [ 91.694194796090201, 26.131239834701098 ], [ 91.694348796076, 26.131543511615298 ], [ 91.694494546832601, 26.131842250395199 ], [ 91.694656796945907, 26.132232337086499 ], [ 91.694775047576698, 26.132444662175601 ], [ 91.694879547695393, 26.132568107192601 ], [ 91.694959297431296, 26.1326964893879 ], [ 91.695011547939799, 26.1328001833099 ], [ 91.695061047806902, 26.132943378758899 ], [ 91.695091297675802, 26.133138420428399 ], [ 91.695124298186101, 26.133343337141898 ], [ 91.695193048051394, 26.1336272578977 ], [ 91.695250798046104, 26.133866738605899 ], [ 91.695292048683896, 26.134007463313999 ], [ 91.695319548809707, 26.134081529348698 ], [ 91.695341548550999, 26.134123500000101 ], [ 91.695374549061299, 26.134158063959902 ], [ 91.695413049057706, 26.134177815365501 ], [ 91.695473548795505, 26.134197565961198 ], [ 91.695558798915997, 26.1342518804856 ], [ 91.695646799677803, 26.134296320502902 ], [ 91.695707299415602, 26.134360510265001 ], [ 91.695765049410198, 26.134429638840398 ], [ 91.695814550175697, 26.134530861801402 ], [ 91.695899800296104, 26.134730838042501 ], [ 91.696015300285396, 26.134987598343301 ], [ 91.696312301284706, 26.135930692329499 ], [ 91.696441551786094, 26.136394829931501 ], [ 91.696502051523794, 26.136646648625401 ], [ 91.696515802035904, 26.136745401095901 ], [ 91.6965268019066, 26.1368490914227 ], [ 91.6965268019066, 26.137056470187002 ], [ 91.696521301522097, 26.137150284384099 ], [ 91.696521301522097, 26.137239161389299 ], [ 91.696513051394504, 26.137310756010798 ], [ 91.696513051394504, 26.137379882839699 ], [ 91.696518551778993, 26.137436664438098 ], [ 91.696546051904804, 26.137493446815199 ], [ 91.696592802028803, 26.137547760613099 ], [ 91.696658802151006, 26.137639105865599 ], [ 91.696755052142095, 26.137723043789599 ], [ 91.696848552390193, 26.1378242647022 ], [ 91.696878802259107, 26.1378835154357 ], [ 91.696889803028, 26.137935359701999 ], [ 91.696876052516004, 26.137974859619099 ], [ 91.696845802647104, 26.138016828871201 ], [ 91.696821052264397, 26.138066204537399 ], [ 91.696782552267905, 26.138125455148099 ], [ 91.696730301759402, 26.138157549384399 ], [ 91.696664301637199, 26.138224206367902 ], [ 91.696647802280395, 26.1382464256228 ], [ 91.696650552023499, 26.138429114963198 ], [ 91.696669802021702, 26.138621678134601 ], [ 91.696647802280395, 26.138814241794901 ], [ 91.696700051890502, 26.138863617123899 ], [ 91.696774302140398, 26.138952492824899 ], [ 91.696823802007501, 26.139093212210401 ], [ 91.696859552260804, 26.139228993587398 ], [ 91.6968870523866, 26.139643743100098 ], [ 91.6969173022555, 26.139912835913901 ], [ 91.696963021113604, 26.1402320746157 ], [ 91.697010286870594, 26.140529093628299 ], [ 91.697087630918205, 26.1407721084753 ], [ 91.697126303391201, 26.141076840407901 ], [ 91.697164974965901, 26.141358427915701 ], [ 91.697195053256493, 26.141589868840899 ], [ 91.697266553763299, 26.1418409045834 ], [ 91.697302304016603, 26.141969277389901 ], [ 91.697316053630402, 26.142080368445502 ], [ 91.697291303247596, 26.142134679302998 ], [ 91.697269303506303, 26.142191459395399 ], [ 91.6972500535081, 26.142270457949099 ], [ 91.697247303764996, 26.142332174876799 ], [ 91.697269303506303, 26.142388954873098 ], [ 91.697329804142399, 26.142539544708399 ], [ 91.697357303369898, 26.142618542220202 ], [ 91.697379304009502, 26.142695071235501 ], [ 91.697376554266398, 26.142776537889802 ], [ 91.697321554014806, 26.143136964433499 ], [ 91.697269303506303, 26.1433492696938 ], [ 91.697104302751598, 26.143855344957501 ], [ 91.697008052760495, 26.144208362131099 ], [ 91.696988802762206, 26.1443120458297 ], [ 91.696966803020899, 26.1444231346557 ], [ 91.696966803020899, 26.144571252657201 ], [ 91.696977802891595, 26.1447267772838 ], [ 91.696994632828407, 26.1449568535506 ], [ 91.697073832795496, 26.1457894714746 ], [ 91.697077353293096, 26.146490950655 ], [ 91.697119592975994, 26.146941222367801 ], [ 91.6971319133702, 26.1470202169006 ], [ 91.697133673169802, 26.1470486549516 ], [ 91.697153033660797, 26.147080253225901 ], [ 91.697177673550698, 26.147102371609598 ], [ 91.697197033143397, 26.147119750855101 ], [ 91.697228713130201, 26.147141869231401 ], [ 91.697272713511197, 26.147163987603399 ], [ 91.697564874387595, 26.1472856397843 ], [ 91.697696874632101, 26.147337775818499 ], [ 91.6977954350901, 26.147393072051099 ], [ 91.697846474669603, 26.147457847305098 ], [ 91.697895755347801, 26.147538422000299 ], [ 91.697927435334606, 26.147600037763901 ], [ 91.697950315424904, 26.1476948313069 ], [ 91.697952075224507, 26.1477864645619 ], [ 91.697934475431495, 26.1478480801945 ], [ 91.697920395237702, 26.147890736965898 ], [ 91.697883434953695, 26.147966571456301 ], [ 91.697851754966905, 26.1480297666929 ], [ 91.6977954350901, 26.148135618577101 ], [ 91.697675754341503, 26.1483425829731 ], [ 91.697615914865395, 26.1484594940395 ], [ 91.697582474180706, 26.148544807119599 ], [ 91.697499753716102, 26.148726492533299 ], [ 91.697457514033104, 26.1488086460412 ], [ 91.697411753852506, 26.148879740872601 ], [ 91.697343113581695, 26.148958734093299 ], [ 91.697279753608001, 26.149021928792699 ], [ 91.697181193150001, 26.1491167211808 ], [ 91.697014584410894, 26.1493158829999 ], [ 91.696718099044602, 26.1495935937666 ], [ 91.696314191340093, 26.149944587343199 ], [ 91.696133722494395, 26.150160583051601 ], [ 91.696060675088802, 26.1502338679534 ], [ 91.695923175358104, 26.150280152494201 ], [ 91.695755596438502, 26.150303295160899 ], [ 91.695105048187799, 26.150266266892 ], [ 91.693375293599203, 26.150056442500698 ], [ 91.692143290119702, 26.149933015974799 ], [ 91.691975540520104, 26.149900925782401 ], [ 91.691868289760095, 26.1498688347749 ], [ 91.691766539384503, 26.149836743758499 ], [ 91.691681289263997, 26.149797247048699 ], [ 91.691590538759101, 26.149760219425598 ], [ 91.691365038266596, 26.149626918594901 ], [ 91.691068038165596, 26.149461526492299 ], [ 91.6907242870424, 26.149261575483798 ], [ 91.690496036806806, 26.1491208683561 ], [ 91.690309036310694, 26.1489949725309 ], [ 91.6900615351786, 26.148817237159498 ], [ 91.689390533187193, 26.148298840175201 ], [ 91.689104532957003, 26.148022360895801 ], [ 91.688690931532193, 26.147672712229099 ], [ 91.688500851611295, 26.1475479010405 ], [ 91.688107120920606, 26.147352894731799 ], [ 91.688227964089293, 26.1469956672431 ], [ 91.688178134540394, 26.146958000072001 ], [ 91.688078475442794, 26.146875601732098 ], [ 91.687973571082296, 26.146795557989499 ], [ 91.687900138299298, 26.146708451027099 ], [ 91.687839818224603, 26.146593093733301 ], [ 91.687787365595199, 26.146496569587001 ], [ 91.687535594770495, 26.146068097019299 ], [ 91.687467407250594, 26.145957447631101 ], [ 91.687333654393001, 26.145893882749899 ], [ 91.687173675220706, 26.1458585690912 ], [ 91.687026316479802, 26.145859157759801 ], [ 91.6869525558118, 26.145844443463499 ], [ 91.686886990474093, 26.145815015671602 ], [ 91.686837816695501, 26.145767194788501 ], [ 91.686764056027499, 26.145693624036699 ], [ 91.686714881350497, 26.145623732021502 ], [ 91.6866329253522, 26.1455317688647 ], [ 91.686522283451893, 26.145403020162199 ], [ 91.686432131225004, 26.1452963424661 ], [ 91.686341978998001, 26.145163915513098 ], [ 91.68626821833, 26.145031487603301 ], [ 91.686231337996006, 26.144961595191599 ], [ 91.686132989540397, 26.144902738349 ], [ 91.685977272874098, 26.144854917092101 ], [ 91.685727304968196, 26.144792382193099 ], [ 91.685444554842604, 26.144726167643 ], [ 91.685219173826098, 26.144685703938901 ], [ 91.685094058269897, 26.1446513850168 ], [ 91.685047608183197, 26.144628636367202 ], [ 91.684965108704105, 26.144571668761699 ], [ 91.684797097694897, 26.144431883345899 ], [ 91.684772323955997, 26.1444096443017 ], [ 91.684676842922698, 26.144346001968898 ], [ 91.684631709766194, 26.144320365520201 ], [ 91.684566384278796, 26.144300025541099 ], [ 91.684489760679995, 26.1442847401126 ], [ 91.684243890888396, 26.144218526081001 ], [ 91.6840267052022, 26.144126561817099 ], [ 91.683757908607902, 26.144041039067101 ], [ 91.683707510425506, 26.144030517056599 ], [ 91.6836413450132, 26.144024399645701 ], [ 91.683432519947402, 26.144027239814601 ], [ 91.683059617594793, 26.1439904547026 ], [ 91.682625248018994, 26.143927918534001 ], [ 91.682145924051397, 26.1438855417511 ], [ 91.682007119068601, 26.143865418620301 ], [ 91.681736018295695, 26.143813882616602 ], [ 91.681600790404303, 26.143758704036902 ], [ 91.681531126952393, 26.143696167744199 ], [ 91.681522931621998, 26.143622595687098 ], [ 91.681498344732702, 26.1431517355201 ], [ 91.6814655616148, 26.142747088357599 ], [ 91.681428681280707, 26.1425852290999 ], [ 91.681309844050105, 26.142416011850099 ], [ 91.681215594607195, 26.142301974455702 ], [ 91.681035290153204, 26.142118042835602 ], [ 91.680867279143897, 26.141772250540701 ], [ 91.680736148468696, 26.1414080634508 ], [ 91.680655332432394, 26.141201481908301 ], [ 91.680512661999003, 26.141043269596999 ], [ 91.6803414583772, 26.140876016187701 ], [ 91.679911769922299, 26.140559590468602 ], [ 91.679473688507699, 26.1402522048243 ], [ 91.679072534139493, 26.1400276925614 ], [ 91.678756982031302, 26.139911669000501 ], [ 91.678547172411896, 26.139830301958099 ], [ 91.678426322955005, 26.139770029649998 ], [ 91.678317222563706, 26.139700717142599 ], [ 91.678194694155593, 26.1396027752231 ], [ 91.677786825778995, 26.139221553361399 ], [ 91.677560232036797, 26.1389970391166 ], [ 91.677239643973095, 26.1386941694816 ], [ 91.677110401556504, 26.1385691035333 ], [ 91.677033192256204, 26.1384500656388 ], [ 91.676892200774006, 26.138210481427599 ], [ 91.676833453649394, 26.1381004834601 ], [ 91.676726031311105, 26.137868432392601 ], [ 91.676658893023401, 26.137790077633898 ], [ 91.676551470685098, 26.1377087091129 ], [ 91.676459154416605, 26.137651449420801 ], [ 91.676328233947103, 26.137603230838302 ], [ 91.676187242464906, 26.137577614683 ], [ 91.676009324834695, 26.137571587256598 ], [ 91.675792802105093, 26.137548984808301 ], [ 91.675650131671702, 26.1375098073283 ], [ 91.675522568206404, 26.137464602403401 ], [ 91.675400039798305, 26.137401315962801 ], [ 91.675200301191495, 26.137295837410502 ], [ 91.674794111766104, 26.137039675736901 ], [ 91.674512128801794, 26.1368829650546 ], [ 91.674364423311204, 26.1368015950951 ], [ 91.674273870435599, 26.1367544656866 ], [ 91.674196011653294, 26.1365116642536 ], [ 91.6740894687657, 26.1363571536946 ], [ 91.673921457756407, 26.136198964657801 ], [ 91.673782130852501, 26.1360407746003 ], [ 91.673638706732504, 26.1359193736081 ], [ 91.673478891951902, 26.135908337147999 ], [ 91.673487087282197, 26.1359635194381 ], [ 91.673783235780306, 26.136640336471 ], [ 91.672932856396301, 26.137188204720999 ], [ 91.671712310928299, 26.1377809776398 ], [ 91.670171622960893, 26.138715037852201 ], [ 91.668861037555203, 26.139451502577401 ], [ 91.668500876906606, 26.139559277532999 ], [ 91.668184495653506, 26.139480429561701 ], [ 91.667213309931796, 26.138825615073799 ], [ 91.666733863793297, 26.138446704369699 ], [ 91.666340472665794, 26.137986859591201 ], [ 91.665889711530994, 26.137037732983799 ], [ 91.665621535672599, 26.136243461192901 ], [ 91.665355128597, 26.135660973391801 ], [ 91.664109032347199, 26.134083226982099 ], [ 91.663060591511098, 26.132802497923301 ], [ 91.661436369205504, 26.130943100948201 ], [ 91.660353543555203, 26.129790276845501 ], [ 91.659763455516497, 26.1292604953622 ], [ 91.658681628792905, 26.128421670370901 ], [ 91.658105574235506, 26.1279666897514 ], [ 91.657952453700304, 26.127859238802401 ], [ 91.657859173539507, 26.127816574712199 ], [ 91.657771173675997, 26.127767589907201 ], [ 91.657665573121093, 26.1277249257835 ], [ 91.657600453347797, 26.1277154443274 ], [ 91.657517732883207, 26.127707543650999 ], [ 91.657442052515506, 26.127710704405501 ], [ 91.657392772735605, 26.127723345809699 ], [ 91.657318852167506, 26.1277549485078 ], [ 91.657257251993499, 26.127800773372599 ], [ 91.6572062115157, 26.1278766209123 ], [ 91.656965091117002, 26.128342765681801 ], [ 91.656896450846205, 26.128482016283801 ], [ 91.656863451234202, 26.128556085822499 ], [ 91.656824951237795, 26.128615341258399 ], [ 91.656747951244895, 26.128664720899799 ], [ 91.656690200351903, 26.128682003688599 ], [ 91.656588449976297, 26.1287116309752 ], [ 91.656467450500799, 26.128723976280501 ], [ 91.656296949361504, 26.1287387903227 ], [ 91.656162199373995, 26.1287412590607 ], [ 91.655972449134794, 26.128691879451701 ], [ 91.655834948505799, 26.128635092794902 ], [ 91.655744198000903, 26.128536333466201 ], [ 91.655650697752904, 26.128385725571199 ], [ 91.655592947758194, 26.128193145520999 ], [ 91.655581947887597, 26.128005501853899 ], [ 91.655557087910395, 26.1279572083149 ], [ 91.655516608027, 26.127890842270102 ], [ 91.655442687458901, 26.1278418574963 ], [ 91.655344127000902, 26.127780231305199 ], [ 91.655280767027307, 26.1277897119496 ], [ 91.655169887073498, 26.127843437468499 ], [ 91.655101246802602, 26.127906643597601 ], [ 91.655050206324802, 26.1279556283442 ], [ 91.655013246040795, 26.128009353786801 ], [ 91.655000926545, 26.1280409564074 ], [ 91.654978046454602, 26.1280773005398 ], [ 91.654958685963607, 26.1281152238228 ], [ 91.654953406564701, 26.1281484071894 ], [ 91.654939326370993, 26.128198971802 ], [ 91.654930526474402, 26.128241635752602 ], [ 91.6549252461772, 26.128360146913302 ], [ 91.654844286410594, 26.129245027306599 ], [ 91.654798526229996, 26.130439605365201 ], [ 91.654782686236501, 26.130515450385001 ], [ 91.654759806146302, 26.1305865563568 ], [ 91.6547298859591, 26.130619739021299 ], [ 91.6546788454813, 26.130648181067301 ], [ 91.654597885714594, 26.1307066450718 ], [ 91.654523965146495, 26.130742987568201 ], [ 91.654464124772204, 26.130760369249099 ], [ 91.654386684604802, 26.1307888112607 ], [ 91.654323324631207, 26.130803032264001 ], [ 91.654238844366901, 26.1308251537316 ], [ 91.654196604683904, 26.1308251537316 ], [ 91.654119164516501, 26.1308251537316 ], [ 91.654036444051897, 26.1308283144017 ], [ 91.653953723587307, 26.130817253265501 ], [ 91.653837563336197, 26.130768269718999 ], [ 91.653753083072004, 26.130698744597801 ], [ 91.653392598131603, 26.1303220092753 ], [ 91.652911347277694, 26.129731776895898 ], [ 91.652447283890098, 26.129068243391298 ], [ 91.652129314415504, 26.1286670355952 ], [ 91.652013297894896, 26.1285397288942 ], [ 91.651905876454904, 26.128412422054399 ], [ 91.651819938224904, 26.128346839395601 ], [ 91.651622281913006, 26.128261968044299 ], [ 91.651287124073804, 26.128165523105501 ], [ 91.650492200387205, 26.127995780077899 ], [ 91.649662901768096, 26.1279417715409 ], [ 91.648790634034, 26.127988064919801 ], [ 91.6468830435618, 26.128140806566901 ], [ 91.646526175238805, 26.1281693814853 ], [ 91.646487502765794, 26.128547444015801 ], [ 91.646328518028497, 26.128809773173099 ], [ 91.646092189243504, 26.129079816827701 ], [ 91.645825782168004, 26.129361433266599 ], [ 91.645490625226998, 26.129739491938899 ], [ 91.645284374732697, 26.129870654849299 ], [ 91.645052342589807, 26.130059684320798 ], [ 91.6448589829198, 26.130198561884299 ], [ 91.644704294824507, 26.1302525701843 ], [ 91.644502341870606, 26.130279574324899 ], [ 91.644175778213693, 26.1302988626474 ], [ 91.643746089758693, 26.1303374400891 ], [ 91.643604292487794, 26.130383732518599 ], [ 91.643505464331795, 26.1305148955121 ], [ 91.643463015341396, 26.1306285693958 ], [ 91.643447967661999, 26.130668864574201 ], [ 91.643433604498995, 26.130724745349401 ], [ 91.643429506384606, 26.130798325533899 ], [ 91.643433604498995, 26.130886621048901 ], [ 91.643421311054297, 26.131070570361601 ] ], [ [ 91.672934573076901, 26.163111444022899 ], [ 91.6729273407405, 26.163235243619301 ], [ 91.672792333834707, 26.165546180504201 ], [ 91.673001043916301, 26.161973633749799 ], [ 91.672934573076901, 26.163111444022899 ] ], [ [ 91.673465489087903, 26.160265207129399 ], [ 91.673254476624294, 26.160689096199999 ], [ 91.673567540399105, 26.160060202219501 ], [ 91.673465489087903, 26.160265207129399 ] ], [ [ 91.7111705887976, 26.1611297166634 ], [ 91.710895588438007, 26.1610803507544 ], [ 91.710499577943651, 26.160975808946937 ], [ 91.710946886732302, 26.161089559393499 ], [ 91.7111705887976, 26.1611297166634 ] ], [ [ 91.707928636310896, 26.156113309938601 ], [ 91.707989380390401, 26.1561500823599 ], [ 91.707913700920997, 26.156104268621998 ], [ 91.707928636310896, 26.156113309938601 ] ], [ [ 91.719758891901762, 26.166839573249817 ], [ 91.719758891901762, 26.166839573249813 ], [ 91.719837098975901, 26.166476394380499 ], [ 91.719758891901762, 26.166839573249817 ] ] ] } },
{ "type": "Feature", "properties": { "cluster_id": "east_zone", "zone_name": "East Zone", "risk_range": "Low to Very High", "breakdown_text": "Old Ward 19: Very High, Old Ward 20: High, Old Ward 22: Moderate, Old Ward 23: Moderate, Old Ward 24: Moderate, Old Ward 21: Low", "breakdown_json": { "19": "Very High", "20": "High", "22": "Moderate", "23": "Moderate", "24": "Moderate", "21": "Low" }, "constituent_wards": [ 37, 38, 39, 40, 50, 52, 53, 54, 55, 56, 57, 58 ], "spatial_disclaimer": "GMC correspondence is zone-level. Internal sub-boundaries redrawn post-2022; historical study classifications cannot be assigned 1:1 to modern wards." }, "geometry": { "type": "Polygon", "coordinates": [ [ [ 91.786281877399603, 26.146593713847501 ], [ 91.786475541598506, 26.145728572447801 ], [ 91.786500603696595, 26.145524046801199 ], [ 91.786500603696595, 26.145436100235599 ], [ 91.786493768415596, 26.1453011131238 ], [ 91.786486933134597, 26.145202939627701 ], [ 91.786468706317507, 26.145121129527499 ], [ 91.786436808938305, 26.145061816342398 ], [ 91.786370735154307, 26.145008639034099 ], [ 91.7862294750758, 26.144965688485701 ], [ 91.785762404128704, 26.144906376028 ], [ 91.785413810187706, 26.1448613795996 ], [ 91.785085721191507, 26.144791840290399 ], [ 91.784782695191595, 26.144722300939801 ], [ 91.783864502885194, 26.144501410773401 ], [ 91.783591095238606, 26.144413463437299 ], [ 91.783447557032602, 26.144372557714501 ], [ 91.783310853209301, 26.1443439238612 ], [ 91.782846061288097, 26.144233478472302 ], [ 91.782568097386303, 26.1441966635882 ], [ 91.781993941867398, 26.144165983837201 ], [ 91.781620285828396, 26.144108716022401 ], [ 91.781469911443097, 26.144098489969601 ], [ 91.781299032113097, 26.144098489969601 ], [ 91.781189669413706, 26.1441005350189 ], [ 91.781089420122996, 26.144118942880802 ], [ 91.781005119521794, 26.144137349933398 ], [ 91.780909426486105, 26.144178255738598 ], [ 91.780811456221301, 26.144237569372599 ], [ 91.780704371649506, 26.144315290001 ], [ 91.780640575993004, 26.144345969712699 ], [ 91.780544883855697, 26.144376648609899 ], [ 91.780449191718304, 26.144395056428198 ], [ 91.780337549993106, 26.1444052824551 ], [ 91.780228187293801, 26.144403237411101 ], [ 91.780034523993294, 26.1443868746384 ], [ 91.779893263016504, 26.144360286640001 ], [ 91.779726940840007, 26.144319380898501 ], [ 91.779631247804303, 26.144300973068301 ], [ 91.779510493568907, 26.1442887011798 ], [ 91.779266705173796, 26.144284611087699 ], [ 91.777986675962595, 26.1443220654239 ], [ 91.7775465185413, 26.144345969712699 ], [ 91.777430320560995, 26.144370512669799 ], [ 91.777289060482602, 26.1444093733495 ], [ 91.777122737407794, 26.144466641016798 ], [ 91.776753637623798, 26.144583222114399 ], [ 91.7765235197907, 26.144642534736199 ], [ 91.776400486529397, 26.144673214361902 ], [ 91.776238720608006, 26.144689576287998 ], [ 91.776102017683002, 26.144685486209902 ], [ 91.775937972735704, 26.144669123476799 ], [ 91.775641782016905, 26.144617991836299 ], [ 91.775486851376399, 26.144570950255599 ], [ 91.775079018932402, 26.144442097273402 ], [ 91.774878520350896, 26.144352104847702 ], [ 91.774705361995004, 26.144296882170099 ], [ 91.774507142439404, 26.144239614419501 ], [ 91.774379552024598, 26.144219161529499 ], [ 91.774169940034497, 26.1442068896324 ], [ 91.772604684042506, 26.1441741656426 ], [ 91.771561179448895, 26.144337787919401 ], [ 91.771283215547101, 26.144370512669799 ], [ 91.771167017566796, 26.144382784549698 ], [ 91.770898167073597, 26.1444011915606 ], [ 91.770711339054102, 26.1444093733495 ], [ 91.770549573132698, 26.1443971014724 ], [ 91.770449323841902, 26.144374603565399 ], [ 91.770280722639498, 26.1443418788161 ], [ 91.769859219633503, 26.144221206576699 ], [ 91.769699732737905, 26.1441864367366 ], [ 91.769560750787093, 26.14417007474 ], [ 91.769426325091302, 26.1441578028378 ], [ 91.7691506402155, 26.144155757789399 ], [ 91.768900016539405, 26.1441741656426 ], [ 91.768697239830303, 26.144221206576699 ], [ 91.768414718775105, 26.144325516841299 ], [ 91.768175487533497, 26.144423690268901 ], [ 91.768000051050095, 26.1444830029718 ], [ 91.767836007001094, 26.144523908656002 ], [ 91.767656014262599, 26.144554588312801 ], [ 91.766664912891102, 26.144476867037401 ], [ 91.766648109903699, 26.145207286122801 ], [ 91.766655799482507, 26.145859469028402 ], [ 91.766680861580596, 26.1460374064708 ], [ 91.766694532142594, 26.146121261749101 ], [ 91.766692254015098, 26.146198981123199 ], [ 91.766680861580596, 26.146274655434301 ], [ 91.766405175806497, 26.1467327910837 ], [ 91.766323154231102, 26.146853459920202 ], [ 91.766323154231102, 26.146896409773898 ], [ 91.766325432358698, 26.1469393596118 ], [ 91.766345938201695, 26.146990491041802 ], [ 91.766382391835904, 26.147021169243999 ], [ 91.7664370731856, 26.147055938239699 ], [ 91.766498589816294, 26.147088662228001 ], [ 91.766555550191796, 26.147102978818801 ], [ 91.766644407048105, 26.147111159611899 ], [ 91.7667514916199, 26.147105023815499 ], [ 91.766888195443201, 26.147105023815499 ], [ 91.766997558142506, 26.147096843022101 ], [ 91.767120591403796, 26.147096843022101 ], [ 91.767243624665099, 26.147109114615301 ], [ 91.767364379798806, 26.147141838588698 ], [ 91.767471464370601, 26.147192969123601 ], [ 91.7675512078184, 26.147266597796399 ], [ 91.767594497631904, 26.147350452191599 ], [ 91.767642343700601, 26.147446578084299 ], [ 91.767685632615795, 26.147550884659999 ], [ 91.767731200556895, 26.1476572361296 ], [ 91.767783603778994, 26.147802447052101 ], [ 91.767829171720095, 26.1478924368176 ], [ 91.767872461533699, 26.147953793546002 ], [ 91.767945369700399, 26.147992653032599 ], [ 91.768054732399804, 26.148037647447499 ], [ 91.7681344767458, 26.148092868355199 ], [ 91.768205106785004, 26.148170586416398 ], [ 91.768241561317595, 26.148231942998699 ], [ 91.768271179670805, 26.148307615991701 ], [ 91.768293963641398, 26.148387379690501 ], [ 91.768334975327306, 26.148463052582699 ], [ 91.768353202144496, 26.148503956871899 ], [ 91.768362315553006, 26.1485878103781 ], [ 91.768325861918797, 26.148671663824 ], [ 91.768262066262295, 26.148728929400001 ], [ 91.7681094137494, 26.1488639133538 ], [ 91.767833728873498, 26.1491666025859 ], [ 91.767799552468603, 26.149297495310599 ], [ 91.7677744903704, 26.149438614280701 ], [ 91.767699303177807, 26.1496656299589 ], [ 91.767633230292006, 26.149843561598299 ], [ 91.7675512078184, 26.1500051317878 ], [ 91.767446401374201, 26.150133977822001 ], [ 91.767289192606199, 26.1503098638069 ], [ 91.767157045936301, 26.150571645738399 ], [ 91.767095529305706, 26.150747531063601 ], [ 91.767064328120895, 26.150889947327101 ], [ 91.767062307809894, 26.150897031204401 ], [ 91.767050610846496, 26.15093804108 ], [ 91.767017235738805, 26.151005447937401 ], [ 91.766975517078706, 26.151050385551901 ], [ 91.766922673682103, 26.1511127993694 ], [ 91.766874002061698, 26.1511764605903 ], [ 91.766821158665095, 26.151213908683101 ], [ 91.766769705860497, 26.1512638399923 ], [ 91.766722424832196, 26.151329997613701 ], [ 91.766684877948293, 26.151399900726101 ], [ 91.766661236984902, 26.151439845227799 ], [ 91.766636206327902, 26.151496017638799 ], [ 91.766559721967994, 26.151608360767099 ], [ 91.766533299820495, 26.151667029572799 ], [ 91.766502706795194, 26.151711966932499 ], [ 91.766484628200104, 26.151749414853398 ], [ 91.766491581160395, 26.151781869815999 ], [ 91.766519393899898, 26.151823062423102 ], [ 91.766666799353203, 26.152015294665901 ], [ 91.766693221500603, 26.152075210694001 ], [ 91.766718253055998, 26.1521538509887 ], [ 91.766727987200397, 26.152213767752102 ], [ 91.766718253055998, 26.152283670334999 ], [ 91.766679315580006, 26.152333600380199 ], [ 91.766352519259399, 26.152733041585002 ], [ 91.766234316239405, 26.1528728460869 ], [ 91.766219019726805, 26.152912790084301 ], [ 91.766209285582306, 26.152955230516199 ], [ 91.766217629134701, 26.152988933367102 ], [ 91.766237097423499, 26.153007656721002 ], [ 91.766355300443607, 26.1530363666641 ], [ 91.766689049724405, 26.153132482228798 ], [ 91.766520784492002, 26.153496969786499 ], [ 91.766266300755106, 26.1540873876239 ], [ 91.766237097423499, 26.1542197004337 ], [ 91.766234316239405, 26.154330793536701 ], [ 91.766246832466294, 26.1545442419762 ], [ 91.766352519259399, 26.155110937891202 ], [ 91.766413707106693, 26.155319392108598 ], [ 91.766473503463601, 26.155452951718601 ], [ 91.766534690412598, 26.155607731310401 ], [ 91.766568065520303, 26.155678880055 ], [ 91.766583362033003, 26.155752525144401 ], [ 91.766593097075699, 26.155898566184899 ], [ 91.766661236984902, 26.156334194252601 ], [ 91.7666820967641, 26.156562616447101 ], [ 91.766559110215198, 26.156565162809901 ], [ 91.766522619750106, 26.1565859336458 ], [ 91.766472780319802, 26.156637060042598 ], [ 91.766384670861797, 26.156752095361501 ], [ 91.766293000481994, 26.1569382277454 ], [ 91.766257401145594, 26.157028498321001 ], [ 91.766222691141294, 26.1571059870809 ], [ 91.766170181019703, 26.157175486799499 ], [ 91.766122121151994, 26.157216228383898 ], [ 91.766104321034703, 26.157241791850101 ], [ 91.766086521815595, 26.157288125215299 ], [ 91.766075841745206, 26.157391176429901 ], [ 91.7660696119287, 26.1577642387239 ], [ 91.766059821190396, 26.1578121691871 ], [ 91.766039351280099, 26.157834537106201 ], [ 91.7658177422894, 26.157983921733202 ], [ 91.765771461984201, 26.158056616339501 ], [ 91.765755442327801, 26.1581428915879 ], [ 91.765759892581698, 26.158189224595201 ], [ 91.765777692699004, 26.158262718126299 ], [ 91.765809732011903, 26.158319436349199 ], [ 91.765950320150594, 26.158765664753599 ], [ 91.766102468708496, 26.159186069593201 ], [ 91.766220864866398, 26.1595132113479 ], [ 91.767106766331594, 26.161870094749801 ], [ 91.767472797470504, 26.162865208657799 ], [ 91.767578892997193, 26.1631508854299 ], [ 91.767806999502298, 26.1636270129035 ], [ 91.767929009582502, 26.163826985250001 ], [ 91.768716488031899, 26.164923538680799 ], [ 91.768336815975402, 26.165276777531201 ], [ 91.770475949008599, 26.169969790394099 ], [ 91.770890147813105, 26.170932650807899 ], [ 91.771197780373697, 26.171691331471301 ], [ 91.771322051513494, 26.171976417433498 ], [ 91.771324115842006, 26.1719811531391 ], [ 91.771691088415395, 26.172823004391699 ], [ 91.771779179008803, 26.1730195216863 ], [ 91.771874819942099, 26.1731866733906 ], [ 91.772023315950094, 26.1734351419151 ], [ 91.772428533398397, 26.174329625831 ], [ 91.772921841439995, 26.175549364758002 ], [ 91.773316991468903, 26.176667448301401 ], [ 91.773651736981407, 26.177708723287999 ], [ 91.773825437021401, 26.1783883027733 ], [ 91.773875739084104, 26.178585104937401 ], [ 91.774114841866606, 26.1799358027842 ], [ 91.774197899199507, 26.1804620739642 ], [ 91.774333810708697, 26.181268415920599 ], [ 91.774484823796101, 26.182162839722999 ], [ 91.774557812811295, 26.182666514393699 ], [ 91.774580464729496, 26.1828923763014 ], [ 91.7746081508066, 26.1834321860754 ], [ 91.776416484626296, 26.1836105426251 ], [ 91.778219826508007, 26.183827347413299 ], [ 91.778228454826305, 26.184415814022302 ], [ 91.778244676603705, 26.184484726724602 ], [ 91.778286093429898, 26.184564015056502 ], [ 91.778388253437299, 26.184668080456898 ], [ 91.778479370454903, 26.184767189699901 ], [ 91.778534591691994, 26.184843999809001 ], [ 91.778562203208907, 26.184933198399801 ], [ 91.778592575248695, 26.185019918895399 ], [ 91.778625708709598, 26.185096728837902 ], [ 91.778738913503403, 26.185183450017998 ], [ 91.778849356875995, 26.1852354820501 ], [ 91.778981889821395, 26.185275125564299 ], [ 91.779100617457601, 26.185297425337499 ], [ 91.779158600115906, 26.185327158361702 ], [ 91.7791779282676, 26.185379190329598 ], [ 91.779128228076203, 26.185750849101399 ], [ 91.779128228076203, 26.1858846463238 ], [ 91.779150316750702, 26.185991188551 ], [ 91.779194494998094, 26.1861125962856 ], [ 91.7793850106018, 26.186600704758298 ], [ 91.779476126721093, 26.1868212201597 ], [ 91.7795147821261, 26.186883162604001 ], [ 91.779553437531106, 26.186927761530399 ], [ 91.779594853458903, 26.186955016152801 ], [ 91.779663880903698, 26.186964926483299 ], [ 91.779708059151005, 26.186964926483299 ], [ 91.779812980579607, 26.186955016152801 ], [ 91.779923424850494, 26.186947583001299 ], [ 91.780014540969802, 26.186950060987201 ], [ 91.780061479739999, 26.186992181097001 ], [ 91.780083568414497, 26.187066512562001 ], [ 91.780304456058104, 26.187837072571401 ], [ 91.780387288812094, 26.188144303802702 ], [ 91.780470122464493, 26.1883202187121 ], [ 91.780508776971104, 26.1884193248484 ], [ 91.780539149909202, 26.188513476607401 ], [ 91.780569521948905, 26.1885927613916 ], [ 91.780583327258199, 26.1887042562335 ], [ 91.780588849202303, 26.188820706054901 ], [ 91.780563999106505, 26.188902468574501 ], [ 91.780517060336393, 26.188996619943001 ], [ 91.780461839099203, 26.189058561230699 ], [ 91.7804287056383, 26.1891031585183 ], [ 91.7803734835028, 26.189137845644002 ], [ 91.780318261367299, 26.189184920839601 ], [ 91.780279605962406, 26.189219607940899 ], [ 91.780227145248105, 26.189241906959101 ], [ 91.780180206477894, 26.1892567729688 ], [ 91.780102895667895, 26.189271638976599 ], [ 91.780000735660494, 26.189298893050701 ], [ 91.780014540969802, 26.18964576326 ], [ 91.780009019025698, 26.1897919432189 ], [ 91.780028346279096, 26.1899604226811 ], [ 91.780044913009505, 26.190044662320901 ], [ 91.780136029128798, 26.190312245943499 ], [ 91.780196773208303, 26.190431172069399 ], [ 91.780218861882801, 26.190453470049501 ], [ 91.780265800653098, 26.1904609029773 ], [ 91.780381766868004, 26.190446037927298 ], [ 91.780563999106505, 26.190391529503501 ], [ 91.780688248686801, 26.190371708618599 ], [ 91.7808456317279, 26.190349410622801 ], [ 91.781077563259501, 26.190324633902499 ], [ 91.781251513031194, 26.190312245943499 ], [ 91.781323300998807, 26.190324633902499 ], [ 91.781461356786593, 26.190317200966 ], [ 91.781613216985406, 26.190302335091602 ], [ 91.781709758030701, 26.1902766104017 ], [ 91.781777706598703, 26.1902766104017 ], [ 91.781818961728206, 26.190381135812 ], [ 91.781894191141603, 26.190803588566101 ], [ 91.7820082475383, 26.191570098297198 ], [ 91.782076197004699, 26.191790033589101 ], [ 91.782148999170303, 26.191983837084301 ], [ 91.782248495672803, 26.192221191677699 ], [ 91.782445062328307, 26.1926392833584 ], [ 91.782696837644593, 26.1931991859703 ], [ 91.782696837644593, 26.193270636619999 ], [ 91.782647544390002, 26.193342087225901 ], [ 91.782545166092007, 26.193403330567499 ], [ 91.782473121206294, 26.193484988306199 ], [ 91.782461745839797, 26.193536024363802 ], [ 91.782473121206294, 26.193597268409501 ], [ 91.782624793657106, 26.1937469739708 ], [ 91.782647544390002, 26.193825229073902 ], [ 91.782647544390002, 26.193866057802499 ], [ 91.782598251135497, 26.193937508043199 ], [ 91.782526206249699, 26.194053189292202 ], [ 91.782484496572707, 26.1941654680417 ], [ 91.782492080150305, 26.194250527628402 ], [ 91.782541374303193, 26.194345794291699 ], [ 91.7828143830979, 26.194560143999201 ], [ 91.783026723271504, 26.194726860971699 ], [ 91.783216312712199, 26.194944612339899 ], [ 91.783508280450903, 26.195288250389599 ], [ 91.7837930895151, 26.1956214055358 ], [ 91.784059781356603, 26.195900103858101 ], [ 91.784495077095499, 26.1963325299578 ], [ 91.784689372810007, 26.196554084467301 ], [ 91.784702865505594, 26.1966037231111 ], [ 91.7846961191578, 26.196632779396602 ], [ 91.784690722079603, 26.196665467709099 ], [ 91.784681277192703, 26.196729633629101 ], [ 91.784698817696906, 26.196805906280499 ], [ 91.784716358201194, 26.196834962515499 ], [ 91.784781123139894, 26.196867650771299 ], [ 91.784862079313299, 26.196902760368999 ], [ 91.784956300908505, 26.196940664504201 ], [ 91.784966910910299, 26.196944932497001 ], [ 91.784983987883905, 26.196951802393201 ], [ 91.785138811624805, 26.196987271460198 ], [ 91.785343047197898, 26.1970700325747 ], [ 91.7855538701169, 26.197167571577999 ], [ 91.785982105995998, 26.197347872222601 ], [ 91.786074341416196, 26.197386296914001 ], [ 91.786143517981202, 26.197436544568401 ], [ 91.786321399678798, 26.197560685738999 ], [ 91.786489399908305, 26.197690738252099 ], [ 91.786624458916407, 26.197785321806599 ], [ 91.786736459069303, 26.197903550335901 ], [ 91.786917635787404, 26.197986310799099 ], [ 91.787148223439402, 26.198113407110299 ], [ 91.787704930082199, 26.198479916626201 ], [ 91.787866342067403, 26.198574499539799 ], [ 91.787978341322102, 26.198651347294501 ], [ 91.788103517963705, 26.198677948707601 ], [ 91.788218812238796, 26.198689771555902 ], [ 91.788343988880399, 26.198728195804598 ], [ 91.788508694987698, 26.1987813985895 ], [ 91.788703048194407, 26.1988523355983 ], [ 91.788857871036996, 26.1989232725638 ], [ 91.789315754015405, 26.199094703385502 ], [ 91.789625401497204, 26.199260222560099 ], [ 91.789813165561299, 26.199340026363799 ], [ 91.789981165790806, 26.199402095951001 ], [ 91.7900305776229, 26.199455297621999 ], [ 91.790122813043098, 26.199564658192902 ], [ 91.790215048463196, 26.199653328850701 ], [ 91.790346813349103, 26.1997449551261 ], [ 91.790587283367501, 26.199940030181999 ], [ 91.791091284055895, 26.200315400154899 ], [ 91.791140695888103, 26.200371557884001 ], [ 91.791153872376697, 26.2004129372459 ], [ 91.791140695888103, 26.200448405258701 ], [ 91.791117637033096, 26.2005104742552 ], [ 91.791084695811605, 26.2005252525828 ], [ 91.791045166345896, 26.200566631890101 ], [ 91.790949636803603, 26.200646434798401 ], [ 91.790788224818399, 26.200794217817499 ], [ 91.790544459779596, 26.201036580756799 ], [ 91.790475284112802, 26.2010986494397 ], [ 91.790452225257795, 26.2011400285433 ], [ 91.790442342891296, 26.201202097170999 ], [ 91.790442342891296, 26.2012612101191 ], [ 91.790435754647007, 26.201320323037098 ], [ 91.790439048769201, 26.2013971697857 ], [ 91.790425872280593, 26.2014651495595 ], [ 91.790396225181297, 26.201530173653801 ], [ 91.790340225104799, 26.2015951977118 ], [ 91.790264460295404, 26.201636576638801 ], [ 91.790172224875306, 26.201672044278901 ], [ 91.790103048310201, 26.201698645001901 ], [ 91.789948224569301, 26.201728200547599 ], [ 91.7897209301412, 26.201745934354999 ], [ 91.789615519130805, 26.201742978720699 ], [ 91.789516695466403, 26.201766623793599 ], [ 91.789440930656994, 26.2017873132286 ], [ 91.789381636458302, 26.201763668159799 ], [ 91.789289401038204, 26.201716378007799 ], [ 91.789144459663802, 26.201692733730599 ], [ 91.789039047755097, 26.201677955551201 ], [ 91.788933635846405, 26.201683866823199 ], [ 91.788824929815505, 26.201698645001901 ], [ 91.788597636285701, 26.201751845623601 ], [ 91.788518577354196, 26.201781401961799 ], [ 91.788442812544801, 26.201784357595201 ], [ 91.788304459414604, 26.2017607125258 ], [ 91.788189165139499, 26.2017607125258 ], [ 91.788021164910006, 26.2017873132286 ], [ 91.787889400922396, 26.201781401961799 ], [ 91.787760930158697, 26.201754801257799 ], [ 91.787641792890796, 26.2017166028843 ], [ 91.787369780327793, 26.201625951014101 ], [ 91.787153033019393, 26.201522127252499 ], [ 91.786994143503506, 26.201460143426502 ], [ 91.786869794210403, 26.201436898878701 ], [ 91.786822517673599, 26.201433191228201 ], [ 91.786755812373897, 26.201408253245699 ], [ 91.786698370501298, 26.201378327659501 ], [ 91.786652047077098, 26.201341751664 ], [ 91.786585340879, 26.2012685996385 ], [ 91.7865241943543, 26.201223710396501 ], [ 91.786470458930594, 26.201203759975002 ], [ 91.786424135506294, 26.201208747580701 ], [ 91.786403752732497, 26.201218722791499 ], [ 91.786385223183203, 26.201228698001401 ], [ 91.786357429308296, 26.201251974025201 ], [ 91.786320370209495, 26.201283562446601 ], [ 91.786290724008495, 26.201303512854501 ], [ 91.786259223684795, 26.201333438459798 ], [ 91.786196223935605, 26.201353389665201 ], [ 91.786146194062496, 26.201356714462701 ], [ 91.786055399540103, 26.2013484012597 ], [ 91.785983135465301, 26.201328450859499 ], [ 91.785897899717995, 26.2012752492383 ], [ 91.785801547318897, 26.2012203855952 ], [ 91.785673693697703, 26.201080730956601 ], [ 91.785594017623595, 26.2010025911528 ], [ 91.785493958775703, 26.200951052190302 ], [ 91.785388341152796, 26.200919463678598 ], [ 91.785253076430607, 26.2009144760605 ], [ 91.785167840683201, 26.2009144760605 ], [ 91.785015899635994, 26.200926113298401 ], [ 91.784850987814494, 26.2009410769566 ], [ 91.784650870118597, 26.2009643522319 ], [ 91.784535988170205, 26.200990953116602 ], [ 91.784434076097796, 26.2010208788023 ], [ 91.784354399125405, 26.201059117704599 ], [ 91.784293252600705, 26.201099019399798 ], [ 91.7842135756282, 26.2011572087094 ], [ 91.784065687779602, 26.201300499176 ], [ 91.7839411938577, 26.201456363235799 ], [ 91.783891974264904, 26.201505720104301 ], [ 91.783825384847901, 26.2015524791811 ], [ 91.783700890027603, 26.201682365227999 ], [ 91.783153692950293, 26.202412323615199 ], [ 91.783526765982799, 26.2025960658315 ], [ 91.783834848599398, 26.202707698796701 ], [ 91.784083685526298, 26.202787435757301 ], [ 91.784320671878106, 26.202829962812601 ], [ 91.784622830105405, 26.202941595553501 ], [ 91.785090879317806, 26.2032286498753 ], [ 91.785553004140993, 26.203446598128998 ], [ 91.786044752707298, 26.203685808941099 ], [ 91.786382459066999, 26.203824019336899 ], [ 91.786826808925696, 26.2039462821805 ], [ 91.787354105624402, 26.204079176745498 ], [ 91.787804380770694, 26.204249282179902 ], [ 91.788124313064202, 26.2043981229214 ], [ 91.788533115688693, 26.204637332584401 ], [ 91.789060411489203, 26.205014749931902 ], [ 91.789652879165104, 26.205429376699801 ], [ 91.789883941127599, 26.2055622695718 ], [ 91.790286819362805, 26.205774898012599 ], [ 91.791045177125696, 26.206146996245099 ], [ 91.791696891389606, 26.2064393580774 ], [ 91.792028673359994, 26.206561618980199 ], [ 91.792283434676193, 26.2066307224915 ], [ 91.792591517292806, 26.206673247336902 ], [ 91.792976621461804, 26.206689194351402 ], [ 91.7933735744095, 26.206758297786902 ], [ 91.793877171754403, 26.206859295166002 ], [ 91.794398543165499, 26.206939030089099 ], [ 91.794706626680394, 26.206933714698 ], [ 91.794884366444194, 26.2068911891418 ], [ 91.795281319391904, 26.2068965053409 ], [ 91.795749368604305, 26.206875242155 ], [ 91.796004129920604, 26.2068486643761 ], [ 91.796205569038193, 26.2067795609942 ], [ 91.7963536859572, 26.206683878948802 ], [ 91.796744714515597, 26.206673247336902 ], [ 91.797266085926694, 26.2066785635459 ], [ 91.797953347424695, 26.2068008233916 ], [ 91.8000269833923, 26.207151656015199 ], [ 91.802432401330194, 26.2075556436406 ], [ 91.804932613988598, 26.208119098148099 ], [ 91.805421399911097, 26.2082367052633 ], [ 91.806402673713393, 26.208427733860098 ], [ 91.808328192761905, 26.208784873859901 ], [ 91.808670713193195, 26.208834707167298 ], [ 91.808874373844503, 26.2088430125822 ], [ 91.809198379997895, 26.208726735108499 ], [ 91.809587186124205, 26.208560623309101 ], [ 91.809855648545195, 26.2084692618796 ], [ 91.8102537127088, 26.208377900378402 ], [ 91.810688805428498, 26.2083280668753 ], [ 91.811262758826402, 26.208303149712801 ], [ 91.811586023869594, 26.208321090457201 ], [ 91.812223940010796, 26.208331390667698 ], [ 91.813127228368302, 26.208524924844699 ], [ 91.814354083603007, 26.208875704720299 ], [ 91.815001216458896, 26.2090692387982 ], [ 91.815412414890304, 26.209196244832999 ], [ 91.815796650388506, 26.2092506759484 ], [ 91.816315704146206, 26.2092869633445 ], [ 91.816679715872297, 26.209202292735998 ], [ 91.817185288612507, 26.209026903422501 ], [ 91.8173335896862, 26.2089664242875 ], [ 91.817589746086099, 26.208603548012199 ], [ 91.8178593844018, 26.208325342719501 ], [ 91.818041391163106, 26.2082043836892 ], [ 91.8181964331947, 26.2081197122932 ], [ 91.818715486952399, 26.2080350408356 ], [ 91.818937938562797, 26.208028992871998 ], [ 91.819443511303007, 26.208095520454499 ], [ 91.820077161344898, 26.208216479597901 ], [ 91.820771480906103, 26.208264863220101 ], [ 91.821775884530297, 26.208289055023599 ], [ 91.822423016487903, 26.208222527551801 ], [ 91.822719618635205, 26.2081499520846 ], [ 91.822847696835098, 26.207533057980399 ], [ 91.822908365456101, 26.206976641612901 ], [ 91.822989257849201, 26.206619807171499 ], [ 91.823083631259706, 26.2062992607698 ], [ 91.823258896164901, 26.2061117709559 ], [ 91.823798172796202, 26.205446481276599 ], [ 91.824317227452198, 26.204926343691 ], [ 91.824755389715193, 26.204611840767601 ], [ 91.825402522571196, 26.204242902757102 ], [ 91.826042913570902, 26.2040675059711 ], [ 91.826296071394395, 26.204025091400901 ], [ 91.826445171070304, 26.203968112514801 ], [ 91.8265666592293, 26.2039383850551 ], [ 91.826627403308805, 26.203948293940499 ], [ 91.8266991921748, 26.203955726006999 ], [ 91.8267765029847, 26.203928475362801 ], [ 91.826837247064304, 26.203891315016801 ], [ 91.827074701438207, 26.2037946988676 ], [ 91.827408794773902, 26.2036088984174 ], [ 91.827635204361499, 26.203489986554001 ], [ 91.828038325141804, 26.2032670250723 ], [ 91.828137724626401, 26.203210045815101 ], [ 91.828237124110899, 26.203138203100099 ], [ 91.828311673499599, 26.203031676557401 ], [ 91.828507711945804, 26.202551069096899 ], [ 91.828585022755703, 26.2024272008399 ], [ 91.828634722048903, 26.202144780689 ], [ 91.828687182763105, 26.201783083295702 ], [ 91.828739643477405, 26.2014783649112 ], [ 91.828770015517193, 26.201418907906699 ], [ 91.828816954287404, 26.2013644054244 ], [ 91.8288859817321, 26.2013396310474 ], [ 91.829046126194498, 26.2013272442599 ], [ 91.829126197527302, 26.201312379790899 ], [ 91.829203508337301, 26.2012653094969 ], [ 91.829661850354796, 26.2009358161005 ], [ 91.829791622777407, 26.200839197498802 ], [ 91.829846844014597, 26.200802036166799 ], [ 91.830006988476896, 26.2007574433587 ], [ 91.830175415406103, 26.200754965666501 ], [ 91.8304018249937, 26.200762397936799 ], [ 91.830849123123102, 26.200849107454001 ], [ 91.831072772187895, 26.200906087060499 ], [ 91.831268809735704, 26.2009581128756 ], [ 91.831478653491104, 26.200963067445201 ], [ 91.832028111627906, 26.200972977389899 ], [ 91.833110462967596, 26.200896177916199 ], [ 91.833306500515405, 26.200866448866002 ], [ 91.833419705309197, 26.2008342429239 ], [ 91.833566043564005, 26.200745056509302 ], [ 91.834341912186702, 26.200219845789999 ], [ 91.8345738446166, 26.200043948852699 ], [ 91.834993532127498, 26.199622787817599 ], [ 91.835391130065503, 26.1991867597126 ], [ 91.835515379645699, 26.199095094308699 ], [ 91.8356175396531, 26.198978654759301 ], [ 91.835689328518995, 26.198894421581102 ], [ 91.835719700558698, 26.1988077114144 ], [ 91.835785966582307, 26.198701180909701 ], [ 91.835929544314197, 26.198502985243401 ], [ 91.836004093702996, 26.198391499781 ], [ 91.836045510529104, 26.1983295634565 ], [ 91.836095209822204, 26.198287446640201 ], [ 91.8361836759114, 26.198193204445602 ], [ 91.836261427794199, 26.1981678353471 ], [ 91.836309140013896, 26.198145637180001 ], [ 91.836363920178201, 26.1981170971337 ], [ 91.836406330541095, 26.198079043459099 ], [ 91.836438138088695, 26.198044160711699 ], [ 91.836455809746994, 26.1980076924835 ], [ 91.836473480506896, 26.197987079756299 ], [ 91.836484396834194, 26.197973405374501 ], [ 91.836509006181402, 26.197967560815002 ], [ 91.836544472567198, 26.197966261486599 ], [ 91.836588624763394, 26.197966261486599 ], [ 91.8366908341781, 26.1979490260393 ], [ 91.836901119006299, 26.1979078013666 ], [ 91.837023049136505, 26.197895115980899 ], [ 91.837054857582402, 26.197869746817499 ], [ 91.837134377349599, 26.197828522116801 ], [ 91.837311087644096, 26.197807909357898 ], [ 91.837795273294006, 26.197807909357898 ], [ 91.838254720239405, 26.197822179419799 ], [ 91.838491511656699, 26.1978554767615 ], [ 91.838606373842197, 26.197877674983999 ], [ 91.838698263410905, 26.197888774093599 ], [ 91.838760111519903, 26.197891945037298 ], [ 91.839168312273202, 26.1978047384119 ], [ 91.839405104588806, 26.197752414566601 ], [ 91.839694909184303, 26.1976287394899 ], [ 91.839823907259102, 26.1975415318614 ], [ 91.840016522225696, 26.197454324973599 ], [ 91.840099575965297, 26.1974432258226 ], [ 91.840571391813796, 26.197430541192301 ], [ 91.840589063472095, 26.197143550762199 ], [ 91.840633240821106, 26.1967122698378 ], [ 91.840633240821106, 26.196553710462499 ], [ 91.840619104033493, 26.196441133360398 ], [ 91.840550187081504, 26.196306357631801 ], [ 91.840479503143399, 26.196195365785499 ], [ 91.840422955992906, 26.1961255991516 ], [ 91.840392914533098, 26.196060589772401 ], [ 91.840373476786993, 26.195992408555501 ], [ 91.840373476786993, 26.1959052005076 ], [ 91.840378777745499, 26.195856046807901 ], [ 91.840407051320796, 26.195811650394099 ], [ 91.840451229568103, 26.1957862807769 ], [ 91.840555488039996, 26.195752982843601 ], [ 91.840680952142407, 26.195743469031399 ], [ 91.840880635053693, 26.1957402980293 ], [ 91.841317109382302, 26.195760910348 ], [ 91.841490285704495, 26.195756153845402 ], [ 91.841596312060801, 26.195737127027002 ], [ 91.841697036560305, 26.195705414581202 ], [ 91.841781857286094, 26.195661017303902 ], [ 91.841849007251895, 26.195613449004 ], [ 91.841928527019107, 26.195537340006201 ], [ 91.841974472252701, 26.1954612309586 ], [ 91.841986842054197, 26.195343895474998 ], [ 91.841956800594403, 26.1949871325868 ], [ 91.841962102451205, 26.194909437667299 ], [ 91.8419727052665, 26.194830156376302 ], [ 91.842018649601698, 26.1947461184876 ], [ 91.842154716519502, 26.194601826891901 ], [ 91.842232469300598, 26.194511446767201 ], [ 91.842262509861996, 26.194441679124601 ], [ 91.842290783437306, 26.194321171573002 ], [ 91.842301386252601, 26.1942165207284 ], [ 91.842280180621998, 26.194127725827801 ], [ 91.842214797642399, 26.194024659527901 ], [ 91.842084032581397, 26.193866096493601 ], [ 91.841965636423495, 26.1937820579092 ], [ 91.841863144039607, 26.193659964145699 ], [ 91.841783625170606, 26.193536284722999 ], [ 91.841587476231695, 26.193187443977401 ], [ 91.841477915902999, 26.192916299294101 ], [ 91.841426669710998, 26.192768834348499 ], [ 91.841417834780202, 26.192621369216202 ], [ 91.8414284366971, 26.192535744189001 ], [ 91.841453176300107, 26.192389864308399 ], [ 91.841516792293504, 26.192161530040099 ], [ 91.841569805471707, 26.1920093074833 ], [ 91.841624585636097, 26.1919062393088 ], [ 91.841712940334105, 26.191787315494999 ], [ 91.841898486457794, 26.191558980045599 ], [ 91.841978006225006, 26.1914765253558 ], [ 91.842055759006101, 26.1913655289068 ], [ 91.842087566553701, 26.191267217655 ], [ 91.842114073142795, 26.191192691380099 ], [ 91.842107004299805, 26.1910515665124 ], [ 91.842103470327501, 26.190969112269499 ], [ 91.842062826950794, 26.190902513639099 ], [ 91.841986842054197, 26.190764560363601 ], [ 91.841795994972003, 26.1905235375269 ], [ 91.841652859211294, 26.190358626622999 ], [ 91.8416104488484, 26.1902856861484 ], [ 91.841589243217797, 26.190227015814401 ], [ 91.841580408287001, 26.1901794452953 ], [ 91.841589243217797, 26.190146145759101 ], [ 91.841631653580706, 26.190090647317 ], [ 91.841661695040401, 26.190057347755499 ], [ 91.841651092225106, 26.1900002628858 ], [ 91.841635188451306, 26.1899479355342 ], [ 91.841605146991597, 26.1898337656596 ], [ 91.841583942259305, 26.189735453115102 ], [ 91.841555668684094, 26.189553098851999 ], [ 91.841543298882598, 26.189397701711702 ], [ 91.841493819676799, 26.189304145565401 ], [ 91.841389561204906, 26.1891772903369 ], [ 91.841348917828199, 26.189110690682 ], [ 91.841304739580806, 26.189007620748999 ], [ 91.841278232991698, 26.188864907639399 ], [ 91.841255261273304, 26.188692066402499 ], [ 91.841212850910395, 26.188531910509901 ], [ 91.841179275478396, 26.1884573824852 ], [ 91.841143933958406, 26.188392368019901 ], [ 91.841060879320494, 26.1883289399265 ], [ 91.840976058594805, 26.1882813686323 ], [ 91.840739267177497, 26.1881846403816 ], [ 91.840626171978101, 26.1881846403816 ], [ 91.840528981450902, 26.188171954743002 ], [ 91.840417654136104, 26.188157683498801 ], [ 91.840357573013193, 26.188141826648302 ], [ 91.840290423047406, 26.188113283344599 ], [ 91.840262149472196, 26.188062540751002 ], [ 91.840251546656901, 26.187995941265001 ], [ 91.840223273081605, 26.187922998504899 ], [ 91.840198533478699, 26.1878785982612 ], [ 91.840069535403899, 26.187786627310501 ], [ 91.839917563813998, 26.187723198081201 ], [ 91.839848646862094, 26.187702584339998 ], [ 91.8398062364992, 26.1877009987295 ], [ 91.839728483718105, 26.1877374701847 ], [ 91.839661333752304, 26.187773941628599 ], [ 91.839590649814099, 26.1877295413281 ], [ 91.839438679122594, 26.187564626469101 ], [ 91.839353858396805, 26.1874758264977 ], [ 91.839311448033996, 26.187431426083599 ], [ 91.839293776375698, 26.187377511963199 ], [ 91.839265502800401, 26.1872395545135 ], [ 91.839191284890006, 26.187022310295198 ], [ 91.839124134924106, 26.186878009131899 ], [ 91.839072888732105, 26.1867971367517 ], [ 91.839032245355398, 26.186749565638099 ], [ 91.839005738766303, 26.186701993699 ], [ 91.839007505752505, 26.1866591786147 ], [ 91.8390340123416, 26.186535491758999 ], [ 91.839021642540203, 26.186457791202201 ], [ 91.839009272738707, 26.186424490602199 ], [ 91.838979232177294, 26.186386433107501 ], [ 91.838931520855894, 26.186329346439098 ], [ 91.838897945423795, 26.186278603068601 ], [ 91.838887343506897, 26.186221516347299 ], [ 91.838903247280598, 26.1861739441926 ], [ 91.838980999163397, 26.186113686155799 ], [ 91.839044615156894, 26.186081971896201 ], [ 91.839099395321199, 26.186039156584101 ], [ 91.839092327376605, 26.186002684597099 ], [ 91.839028711383094, 26.185944012912302 ], [ 91.838924452012904, 26.1858298391139 ], [ 91.838887343506897, 26.185799710413502 ], [ 91.838843165259505, 26.185798124777101 ], [ 91.838777782279806, 26.185825082205799 ], [ 91.838669989835594, 26.185882168315199 ], [ 91.838620510629795, 26.185907540895698 ], [ 91.838585168211594, 26.185905954454601 ], [ 91.838546291821004, 26.185885340391899 ], [ 91.838475607882899, 26.185853625263999 ], [ 91.838443800335298, 26.185820324491399 ], [ 91.838436731492394, 26.185752138086599 ], [ 91.838641715362101, 26.1853239870759 ], [ 91.838678824766504, 26.185243113617101 ], [ 91.838689427581798, 26.1851891984841 ], [ 91.838666454964994, 26.185160654457 ], [ 91.838613441786805, 26.185087709921799 ], [ 91.838505648444297, 26.184965607045701 ], [ 91.838433197520004, 26.184913277432798 ], [ 91.838406690930896, 26.1848799763914 ], [ 91.838417293746204, 26.184843504041599 ], [ 91.838457937122897, 26.184721400909599 ], [ 91.838525087088698, 26.184588197273602 ], [ 91.838728303972303, 26.184332889946202 ], [ 91.838742440759901, 26.1842456731694 ], [ 91.838738906787597, 26.184153699350802 ], [ 91.83872477, 26.184064895973702 ], [ 91.838779550164304, 26.183896805409098 ], [ 91.838924452012904, 26.1837144420074 ], [ 91.838848467116307, 26.183565378940798 ], [ 91.838843165259505, 26.1835162200341 ], [ 91.838853768074799, 26.1834670611067 ], [ 91.838887343506897, 26.183432174789498 ], [ 91.838935054828198, 26.183384601495899 ], [ 91.838961561417307, 26.183337028182901 ], [ 91.838975698204905, 26.183302141020601 ], [ 91.838995135951095, 26.1832149234722 ], [ 91.838924452012904, 26.183159420922301 ], [ 91.838613441786805, 26.183021458478098 ], [ 91.837542995819504, 26.182540064682701 ], [ 91.837072528342304, 26.182307855325899 ], [ 91.837494677237004, 26.182516215783298 ], [ 91.837493307306204, 26.1821005465148 ], [ 91.837493307306204, 26.181152313257599 ], [ 91.837722065089906, 26.181193859871399 ], [ 91.838318470980099, 26.181396704226501 ], [ 91.838456596836593, 26.181440010577099 ], [ 91.8386326324962, 26.181455651485599 ], [ 91.838747664463298, 26.181460343274001 ], [ 91.838840039122303, 26.181457215415101 ], [ 91.838956815617607, 26.1814681637271 ], [ 91.839375116129702, 26.181438445841199 ], [ 91.839561608179295, 26.181364933058699 ], [ 91.839856162167706, 26.181263267037 ], [ 91.840068797887099, 26.181153779646898 ], [ 91.840243089916797, 26.181100600250598 ], [ 91.840565530306606, 26.181045856895 ], [ 91.840863569758298, 26.1809598307639 ], [ 91.841166837404899, 26.1808565996452 ], [ 91.841478820506495, 26.1807690102418 ], [ 91.841864005523902, 26.180703317541401 ], [ 91.842179474088695, 26.180614163275798 ], [ 91.842594289137494, 26.180504675275898 ], [ 91.843132851608203, 26.180418649551399 ], [ 91.843312371832894, 26.1803764182343 ], [ 91.844313332214597, 26.1802376761655 ], [ 91.845402487394296, 26.180080959011502 ], [ 91.846023849381396, 26.179939536109998 ], [ 91.847074611464194, 26.179686072769101 ], [ 91.847347474731706, 26.179572229008802 ], [ 91.847560499421604, 26.1794540890942 ], [ 91.847639486487907, 26.1793445411544 ], [ 91.847790278589798, 26.179054560437301 ], [ 91.847957826068395, 26.178721619112402 ], [ 91.847991335923396, 26.1785970338208 ], [ 91.848024845778497, 26.1784724492022 ], [ 91.848091864590202, 26.178330680113799 ], [ 91.848211541745698, 26.1781953545843 ], [ 91.848314463524403, 26.178072917180199 ], [ 91.848498765481395, 26.177903223361 ], [ 91.848618442636806, 26.177817302131398 ], [ 91.848702215926906, 26.177765748879501 ], [ 91.848817105960194, 26.177628275042 ], [ 91.848860190059497, 26.177510133157 ], [ 91.848951144482001, 26.177314661789801 ], [ 91.849010982161403, 26.177185779673898 ], [ 91.849020556405705, 26.1770332682872 ], [ 91.849008589049504, 26.1768163162271 ], [ 91.848999014805202, 26.176545661494501 ], [ 91.848999014805202, 26.176479072355999 ], [ 91.848982260326807, 26.176429666992501 ], [ 91.848931995993397, 26.1763287077207 ], [ 91.848436533791698, 26.175405039713301 ], [ 91.848400630824798, 26.175347042312399 ], [ 91.848333612012993, 26.175278303181301 ], [ 91.848233083346202, 26.175207417119299 ], [ 91.847912348857093, 26.174986164646999 ], [ 91.847802246844296, 26.174910982196899 ], [ 91.847627518233395, 26.174831502678799 ], [ 91.847397739065102, 26.1747584678339 ], [ 91.847024347130798, 26.174582324452501 ], [ 91.847448003398597, 26.174393292923199 ], [ 91.847756769633094, 26.174242926403501 ], [ 91.847902775511102, 26.174161298714001 ], [ 91.848015271534194, 26.174049597275499 ], [ 91.848120587323095, 26.173888490095599 ], [ 91.848252231834806, 26.173697308910501 ], [ 91.848333612012993, 26.173458868517201 ], [ 91.848403023936697, 26.1731667254233 ], [ 91.848412598181, 26.172810138102498 ], [ 91.848448501147899, 26.172603917712401 ], [ 91.848479616992705, 26.1724943633346 ], [ 91.848570571415294, 26.172391253712 ], [ 91.848716577293303, 26.1721893288919 ], [ 91.849099543471993, 26.171768294510802 ], [ 91.849279058306806, 26.1715663686117 ], [ 91.849355651362899, 26.1714911839561 ], [ 91.849487295874496, 26.171463257362301 ], [ 91.849757766030095, 26.171489035384699 ], [ 91.850188602532, 26.171497628057601 ], [ 91.850396840099705, 26.171463257362301 ], [ 91.850576354934503, 26.171415998445799 ], [ 91.8507654449119, 26.171351554144799 ], [ 91.850942566634799, 26.171267775855199 ], [ 91.851148410192195, 26.171151776101599 ], [ 91.851366222004202, 26.171003553175101 ], [ 91.851517015004404, 26.170883256799598 ], [ 91.851576853582202, 26.170728589388101 ], [ 91.851622330793404, 26.170664144707199 ], [ 91.851694136727303, 26.170627625984999 ], [ 91.851730039694303, 26.170603995553599 ], [ 91.851763549549304, 26.170561032659698 ], [ 91.851756368417, 26.170533106649302 ], [ 91.851749188182893, 26.1704536241465 ], [ 91.851768336671498, 26.170393475690599 ], [ 91.851935884150095, 26.170090584348401 ], [ 91.852007690083994, 26.169996064577301 ], [ 91.852048380173102, 26.1699316194915 ], [ 91.852074708895799, 26.1698585815769 ], [ 91.852113005872994, 26.1697447282185 ], [ 91.852139334595606, 26.1696029477095 ], [ 91.852144121717799, 26.1692334602301 ], [ 91.852110611862699, 26.1690766428205 ], [ 91.852067528661706, 26.168962788698501 ], [ 91.852000508951605, 26.1688467858453 ], [ 91.851902374294994, 26.168720042183701 ], [ 91.851806632750396, 26.168644855692701 ], [ 91.851655839750194, 26.168576113416101 ], [ 91.851449996192699, 26.168498778205802 ], [ 91.851337500169606, 26.168455813729899 ], [ 91.851055062657807, 26.168432183664599 ], [ 91.8507654449119, 26.1684450730116 ], [ 91.850597897433303, 26.1685052224727 ], [ 91.850327427277705, 26.168623373483701 ], [ 91.850176634277503, 26.168677078595699 ], [ 91.850059351132302, 26.168681375035799 ], [ 91.849896590775799, 26.168623373483701 ], [ 91.849645270007102, 26.168535297594602 ], [ 91.849496870118799, 26.168488036685201 ], [ 91.849207252372906, 26.168430035036799 ], [ 91.848788383227301, 26.1683999606939 ], [ 91.847998516157503, 26.168277513001701 ], [ 91.847603583520893, 26.1682968466442 ], [ 91.8471272698078, 26.168298995274402 ], [ 91.846899883751504, 26.168350551906599 ], [ 91.846710793774093, 26.168406404966301 ], [ 91.846538459173402, 26.168481592417301 ], [ 91.846370911694805, 26.1685804090537 ], [ 91.846220118694603, 26.168741524375001 ], [ 91.846042711307405, 26.1689984791321 ], [ 91.845929026813295, 26.169149097511202 ], [ 91.845785566760696, 26.169238982931301 ], [ 91.845598798928293, 26.169299715695701 ], [ 91.845311879721507, 26.169316720767299 ], [ 91.8445485668516, 26.169379883476701 ], [ 91.844323904487197, 26.1693896009997 ], [ 91.844134429132495, 26.169396888536699 ], [ 91.844034278656494, 26.169360448428499 ], [ 91.843893525227799, 26.1692632755571 ], [ 91.843769013339596, 26.169166102604802 ], [ 91.8436363815795, 26.1689936207576 ], [ 91.843557884095006, 26.168845431368101 ], [ 91.843511868792902, 26.1687361112985 ], [ 91.843468561012997, 26.168617073539899 ], [ 91.843433372206704, 26.1685271884466 ], [ 91.843400890922695, 26.168464025275298 ], [ 91.843316981088606, 26.168398432869999 ], [ 91.843151867146105, 26.168252671926901 ], [ 91.843030061881805, 26.168077759522198 ], [ 91.842951565295607, 26.167944145031001 ], [ 91.842813519389296, 26.1677910958831 ], [ 91.842629458180795, 26.1676161819797 ], [ 91.842510359540498, 26.167511719194199 ], [ 91.842358779616106, 26.167455843937301 ], [ 91.842258628241694, 26.167390251771099 ], [ 91.842212612939605, 26.1673319464279 ], [ 91.842169304261404, 26.167276071084899 ], [ 91.842107048317303, 26.167193472632601 ], [ 91.841947348521003, 26.1669553946505 ], [ 91.841893212448696, 26.166875225202499 ], [ 91.841768700560394, 26.166770761753099 ], [ 91.841660429314203, 26.166724603886198 ], [ 91.8414736614818, 26.166656581266601 ], [ 91.841303134291394, 26.166620140302001 ], [ 91.841140726972895, 26.166612852591399 ], [ 91.8410270424787, 26.1665958471255 ], [ 91.840880875802199, 26.166554547665701 ], [ 91.840788845198006, 26.166520535908099 ], [ 91.840667039933706, 26.1664330784394 ], [ 91.840466738083194, 26.1662630209875 ], [ 91.840331398800799, 26.166126975169998 ], [ 91.840215006784405, 26.1659957884996 ], [ 91.840109442162102, 26.165910759888899 ], [ 91.839976810402007, 26.165864600875398 ], [ 91.839873952403593, 26.165818442649801 ], [ 91.839779215175398, 26.1657455601854 ], [ 91.839605980462807, 26.165602225990501 ], [ 91.839365077456407, 26.1653932975237 ], [ 91.839224324027796, 26.165232956424799 ], [ 91.838888682894904, 26.1647033438629 ], [ 91.838542215266301, 26.164210170624902 ], [ 91.838328379397694, 26.163923497478301 ], [ 91.838260709307406, 26.163765584461199 ], [ 91.838198453363205, 26.1634084564053 ], [ 91.838214694005202, 26.163061044499901 ], [ 91.838252589435498, 26.162827816713001 ], [ 91.838276949949403, 26.162657754810098 ], [ 91.838298604737602, 26.162604306548001 ], [ 91.838336499269602, 26.162558147032001 ], [ 91.838433944019997, 26.162526563430902 ], [ 91.838525974624204, 26.1624828332072 ], [ 91.838553041762097, 26.1624536797156 ], [ 91.838558455908299, 26.161744273152799 ], [ 91.838590937192293, 26.161702971975 ], [ 91.838609884458293, 26.161649523275301 ], [ 91.838628831724293, 26.161608222063901 ], [ 91.838631539246506, 26.161520760911401 ], [ 91.838596350440298, 26.161438158382801 ], [ 91.838523268000301, 26.1613725620258 ], [ 91.838485372570005, 26.161311825132898 ], [ 91.838466425304006, 26.1612413700073 ], [ 91.838471838551996, 26.1612122153991 ], [ 91.840201472766296, 26.160454211572699 ], [ 91.841516970160001, 26.159866269041299 ], [ 91.840750950666006, 26.159091249908101 ], [ 91.840580422577304, 26.158916322956699 ], [ 91.840493806119298, 26.158797275174798 ], [ 91.840428842652898, 26.158653932440799 ], [ 91.840079668400307, 26.157730700934 ], [ 91.839984930273801, 26.157594645163901 ], [ 91.839990344420002, 26.1575411945817 ], [ 91.840006585062, 26.157509610428502 ], [ 91.840022825704096, 26.157470737178699 ], [ 91.839995757667893, 26.157419716774498 ], [ 91.839965983007801, 26.157375983829802 ], [ 91.839936208347794, 26.157315244856001 ], [ 91.839930795099903, 26.157264223577499 ], [ 91.839947035741901, 26.1571937660072 ], [ 91.839976810402007, 26.157159752326098 ], [ 91.839990344420002, 26.157113589849299 ], [ 91.840003878438097, 26.157038273315401 ], [ 91.839965983007801, 26.156953238174498 ], [ 91.8398658325318, 26.156754011984301 ], [ 91.8397440272675, 26.156576652082101 ], [ 91.839605980462807, 26.1564284469151 ], [ 91.839543724518606, 26.1563531299389 ], [ 91.839497709216502, 26.156285101270399 ], [ 91.839473348702697, 26.156241368706699 ], [ 91.839438159896304, 26.1561660508034 ], [ 91.839413799382498, 26.156122318195099 ], [ 91.839378611474501, 26.156054289391999 ], [ 91.839346129292096, 26.156003267561999 ], [ 91.839313648008101, 26.155920661126402 ], [ 91.839297407366104, 26.155439598909101 ], [ 91.8392513920639, 26.1547107130068 ], [ 91.839221617403894, 26.1545382089753 ], [ 91.839216204155903, 26.154477468524 ], [ 91.839194550266001, 26.154414297743902 ], [ 91.839178308725707, 26.154351127735801 ], [ 91.839148534963897, 26.154295245367901 ], [ 91.839116052781606, 26.154249082564 ], [ 91.839078158249606, 26.154207778732399 ], [ 91.838988834269301, 26.1541008744402 ], [ 91.838885976271001, 26.153972103744099 ], [ 91.838818307078995, 26.1538724885494 ], [ 91.838756051134794, 26.153792310109001 ], [ 91.838715449080595, 26.153714561119099 ], [ 91.838677554548696, 26.1536683980855 ], [ 91.838650486512506, 26.153595508029198 ], [ 91.8386207118524, 26.153532337577801 ], [ 91.838555749284296, 26.153267504631501 ], [ 91.838520560478003, 26.153146022374301 ], [ 91.838474545175899, 26.152937070789999 ], [ 91.838450184661994, 26.152876329505201 ], [ 91.838428529873795, 26.152837454711602 ], [ 91.838363567305706, 26.152827735809598 ], [ 91.838293190591401, 26.152776713374902 ], [ 91.837164461928495, 26.151816990576499 ], [ 91.836452578506893, 26.1512022777701 ], [ 91.836311825976594, 26.151095370724299 ], [ 91.8362143812261, 26.1510321981131 ], [ 91.836122350621906, 26.150964166342099 ], [ 91.835989718861796, 26.1508961345315 ], [ 91.835794830259204, 26.150801375843201 ], [ 91.835486257162501, 26.150687179724599 ], [ 91.835304902578002, 26.150638585923701 ], [ 91.835147908507395, 26.1505972808141 ], [ 91.834774372842503, 26.1505729834942 ], [ 91.834393885115702, 26.150594995582502 ], [ 91.8343733118991, 26.150619949276798 ], [ 91.834082836262098, 26.150972258164899 ], [ 91.833720076787401, 26.151561238949402 ], [ 91.833445089004201, 26.152219782327101 ], [ 91.833272289076206, 26.152747644543201 ], [ 91.833193575097695, 26.153398370984998 ], [ 91.8331456382992, 26.1542472021852 ], [ 91.833145359821501, 26.1542875803279 ], [ 91.8330007184843, 26.154312427602299 ], [ 91.832799900102501, 26.1543512906158 ], [ 91.832596500861001, 26.1544020357886 ], [ 91.832434963111595, 26.1544329716825 ], [ 91.832218641604697, 26.154441985713198 ], [ 91.832099610338005, 26.154441712365202 ], [ 91.831939254771598, 26.154462987539102 ], [ 91.831843691991594, 26.154498067982001 ], [ 91.831663549234406, 26.154610442892398 ], [ 91.831537857858194, 26.1546830097809 ], [ 91.831368577529403, 26.1547495928206 ], [ 91.831237069561695, 26.154789894994 ], [ 91.831087693204694, 26.154819669664999 ], [ 91.830814117573098, 26.154839221635701 ], [ 91.829538346376296, 26.15481660076 ], [ 91.829341607244203, 26.154794505609502 ], [ 91.829087280712599, 26.154721219540299 ], [ 91.828898822250807, 26.154665215593099 ], [ 91.828702837703602, 26.1546522981142 ], [ 91.828454550545601, 26.154652428740398 ], [ 91.828205297698602, 26.1546696593023 ], [ 91.827933771124293, 26.154709304341001 ], [ 91.827817648602405, 26.1547251633203 ], [ 91.827740162620998, 26.154744495177599 ], [ 91.827679789545698, 26.154765176834601 ], [ 91.827633304424594, 26.1548104903652 ], [ 91.827597259523898, 26.1548625641752 ], [ 91.827545395290898, 26.154924204293199 ], [ 91.827471573537494, 26.154968845280798 ], [ 91.827283887626905, 26.155023163042099 ], [ 91.826640237539294, 26.155283017752598 ], [ 91.826263039443006, 26.155412711861601 ], [ 91.826085473054107, 26.155479488810101 ], [ 91.825936535075002, 26.155557855077699 ], [ 91.825858733784798, 26.155616600111301 ], [ 91.825734985464507, 26.155722397540099 ], [ 91.825658155253194, 26.155797757658799 ], [ 91.825583695695997, 26.155887512261899 ], [ 91.825501697476795, 26.1559529230232 ], [ 91.825346516206494, 26.156017862047602 ], [ 91.824726105535305, 26.156238201467701 ], [ 91.824099227892304, 26.1564039613238 ], [ 91.824173201460994, 26.1566158957312 ], [ 91.824114876544598, 26.156656669763901 ], [ 91.824101106269595, 26.1566863286547 ], [ 91.824115860199797, 26.156740713347201 ], [ 91.824180458051899, 26.1568819362002 ], [ 91.824259482847495, 26.157049529515099 ], [ 91.824294474024398, 26.157128834087899 ], [ 91.824238308657897, 26.157210276959098 ], [ 91.824153507695101, 26.1572464176887 ], [ 91.824129519083698, 26.157310467432701 ], [ 91.824131462139704, 26.157343698137002 ], [ 91.823648558385599, 26.157981139152099 ], [ 91.823605124841706, 26.158049515964301 ], [ 91.823543005441493, 26.158103373500499 ], [ 91.823489976093597, 26.158147770572199 ], [ 91.823478964544805, 26.158198468134 ], [ 91.823465199659793, 26.158261840055101 ], [ 91.823458318564704, 26.158304314018899 ], [ 91.823449232105602, 26.158335351279302 ], [ 91.823439868066998, 26.158356867635799 ], [ 91.823410735702396, 26.158374924117101 ], [ 91.823377539359399, 26.158392795950999 ], [ 91.823355500092205, 26.158407884404902 ], [ 91.8233513013666, 26.158424515324899 ], [ 91.823338563255803, 26.158448072431302 ], [ 91.823328232630104, 26.158457842468898 ], [ 91.823289043625806, 26.158473613051001 ], [ 91.823272514624605, 26.158484928779 ], [ 91.823252888232304, 26.158507806962 ], [ 91.823247315084203, 26.1585415638441 ], [ 91.823245052228003, 26.158603264103998 ], [ 91.823250981108899, 26.1586353502904 ], [ 91.823264761265406, 26.158658284885298 ], [ 91.823290249164899, 26.158675901076599 ], [ 91.823335367948403, 26.158692216692501 ], [ 91.823410109576599, 26.1587395017294 ], [ 91.823442557622997, 26.15877096541 ], [ 91.823453033775905, 26.1588091093261 ], [ 91.823463370689794, 26.158842493607899 ], [ 91.823503605333102, 26.1588947905773 ], [ 91.823561402938495, 26.1589391107489 ], [ 91.823632705815797, 26.159018420487499 ], [ 91.823661894774304, 26.159176566503 ], [ 91.823674717326696, 26.159265146142499 ], [ 91.8236962481474, 26.159300982259499 ], [ 91.823723268572905, 26.159341066771599 ], [ 91.823745443485606, 26.159365503368399 ], [ 91.823743301003702, 26.159425975195202 ], [ 91.823763655929696, 26.159505183815199 ], [ 91.823906734198303, 26.159778540503901 ], [ 91.824051650419904, 26.160098263471799 ], [ 91.824113445528297, 26.160210212907401 ], [ 91.824149824602401, 26.1602198683034 ], [ 91.824202993189104, 26.160236572338 ], [ 91.824233993151296, 26.160262552803601 ], [ 91.824290509758995, 26.1603439781675 ], [ 91.824354979152105, 26.160363482447199 ], [ 91.824438931206899, 26.1603987288252 ], [ 91.824556155063306, 26.160551392590701 ], [ 91.824655572514104, 26.160695611852201 ], [ 91.824715437142899, 26.160746608247401 ], [ 91.8247759907796, 26.160799829180199 ], [ 91.824786811885502, 26.160839085115501 ], [ 91.824830214886802, 26.160892988934901 ], [ 91.824868516355593, 26.160921792886199 ], [ 91.824943461003102, 26.1609438530121 ], [ 91.825137976804797, 26.160955263642801 ], [ 91.825174967631597, 26.160971208852398 ], [ 91.825185031457707, 26.161016647366399 ], [ 91.825164382782603, 26.161100914376 ], [ 91.825115900706706, 26.161151368767399 ], [ 91.825090078633906, 26.1611973683885 ], [ 91.8250891910984, 26.1612419424725 ], [ 91.825117435927496, 26.1612684605089 ], [ 91.825183563610594, 26.1612879259322 ], [ 91.825239704722506, 26.161318273022101 ], [ 91.825272080903702, 26.1613365677064 ], [ 91.825286827647403, 26.161371248582402 ], [ 91.825301367778593, 26.161409576288101 ], [ 91.825331196337601, 26.161436898155198 ], [ 91.825388229476701, 26.1614442466607 ], [ 91.825437617952701, 26.1614570988846 ], [ 91.825451603823396, 26.1614763860869 ], [ 91.825461458342005, 26.1615038958032 ], [ 91.825470829566996, 26.161525532518301 ], [ 91.825494115695804, 26.1615532873342 ], [ 91.825523053126105, 26.16160360688 ], [ 91.825543863497899, 26.1616535563188 ], [ 91.825570183237502, 26.161699734737301 ], [ 91.825600911010099, 26.161747209644702 ], [ 91.825623167669505, 26.161793202580501 ], [ 91.8256518284187, 26.161834001410899 ], [ 91.825723614589705, 26.161919182962802 ], [ 91.825834047182497, 26.162034280800601 ], [ 91.825998479303706, 26.1621383050371 ], [ 91.826240336320893, 26.162451902672998 ], [ 91.826323257109806, 26.162551204961801 ], [ 91.826403654531106, 26.1626423572947 ], [ 91.826471441402404, 26.1627454352241 ], [ 91.826616753781096, 26.162867217095801 ], [ 91.826775508549701, 26.162927115456501 ], [ 91.826967557577703, 26.162978707520999 ], [ 91.827189372282604, 26.163031654107499 ], [ 91.827280428214706, 26.163031296926899 ], [ 91.827340373691996, 26.1630294529722 ], [ 91.827389990339995, 26.1630414245674 ], [ 91.827411521160798, 26.163077258717902 ], [ 91.827426380193899, 26.163118503776101 ], [ 91.827427363849097, 26.163202541897501 ], [ 91.827427264136105, 26.163249391329899 ], [ 91.827453207481497, 26.163285997827899 ], [ 91.827491207116395, 26.163334580717098 ], [ 91.827523067664501, 26.163356600072898 ], [ 91.827566445513, 26.1633888574944 ], [ 91.827589696607504, 26.163416770702899 ], [ 91.827600897700805, 26.163466419431401 ], [ 91.827647354075694, 26.163872502472199 ], [ 91.827644135412001, 26.163929494518001 ], [ 91.827589251043094, 26.163954424397101 ], [ 91.827531137230693, 26.163968921941802 ], [ 91.827508863503297, 26.163991334637601 ], [ 91.827516401266806, 26.164015675926599 ], [ 91.8275653792127, 26.164072757398301 ], [ 91.827708352378394, 26.1643592398989 ], [ 91.828086784759805, 26.165143250131901 ], [ 91.828376194994902, 26.165600627985398 ], [ 91.828397227250704, 26.165668543182399 ], [ 91.828392024208597, 26.165725444049599 ], [ 91.828187556870105, 26.165823274550199 ], [ 91.827823511007907, 26.1659638397891 ], [ 91.827773329319598, 26.165989276368499 ], [ 91.827769474648704, 26.1660070196472 ], [ 91.827763830533797, 26.1660276065879 ], [ 91.827764182673306, 26.166071870029999 ], [ 91.827723067681106, 26.1661072985091 ], [ 91.827613009685706, 26.166165918904099 ], [ 91.827536903516503, 26.166200487080999 ], [ 91.827501932102507, 26.1662331097554 ], [ 91.827429836911094, 26.166303536871599 ], [ 91.827391099759396, 26.1663469133299 ], [ 91.827358817901398, 26.166377441316801 ], [ 91.827335039495793, 26.166415212675101 ], [ 91.827276709189405, 26.166422272228299 ], [ 91.827256044344693, 26.166416189854001 ], [ 91.827228812815207, 26.166402380347701 ], [ 91.827210407233295, 26.166390115621201 ], [ 91.827181455429994, 26.166384227552399 ], [ 91.827150245262104, 26.1663845218349 ], [ 91.827130619768099, 26.1663893424242 ], [ 91.827089501182598, 26.166403195469801 ], [ 91.827048315223394, 26.166425456928401 ], [ 91.827019800899606, 26.166432569693701 ], [ 91.826993623093998, 26.166412729415001 ], [ 91.826878159935504, 26.166285704950099 ], [ 91.826831243623204, 26.166229084932802 ], [ 91.826885512646101, 26.166184381335299 ], [ 91.826920016936199, 26.166157793466301 ], [ 91.8269295193153, 26.166141038679299 ], [ 91.826914637824302, 26.166123175288899 ], [ 91.826775480701897, 26.1659972663671 ], [ 91.826754745788605, 26.165982061987901 ], [ 91.826722994834896, 26.165995975550999 ], [ 91.826649855800994, 26.166057373552999 ], [ 91.826487187971097, 26.1661962445685 ], [ 91.826340439322195, 26.166326585132289 ], [ 91.826247062007397, 26.166221049799901 ], [ 91.825437373610896, 26.165328697510699 ], [ 91.825355258610799, 26.165384200488202 ], [ 91.825288971027703, 26.165429005175 ], [ 91.8251588895846, 26.165537534179599 ], [ 91.8250196480206, 26.165677307210998 ], [ 91.824939950386906, 26.165740615405699 ], [ 91.824842846996305, 26.165817901651099 ], [ 91.824805023431296, 26.1659059046107 ], [ 91.824737929161003, 26.165970138263699 ], [ 91.8246529422469, 26.166004262251398 ], [ 91.824547826782293, 26.166026342378601 ], [ 91.824301813260305, 26.166060466349901 ], [ 91.824236954896705, 26.166046414924701 ], [ 91.824158677499497, 26.1660122909493 ], [ 91.824073691483804, 26.165998240324502 ], [ 91.824015542637099, 26.166006269022802 ], [ 91.823941738849996, 26.1660504292722 ], [ 91.823883590003305, 26.166098604657101 ], [ 91.823832150673496, 26.166148786790998 ], [ 91.823796366284199, 26.166192947792702 ], [ 91.823760582793099, 26.166253166140802 ], [ 91.823735981530803, 26.166303348208199 ], [ 91.823677832684098, 26.166349515916899 ], [ 91.823642049193097, 26.166373603549999 ], [ 91.823581663541404, 26.166359552162501 ], [ 91.823530224211595, 26.1663354653327 ], [ 91.823487731203699, 26.166311377691699 ], [ 91.823429582356994, 26.1662732394541 ], [ 91.823366960798595, 26.166249151800201 ], [ 91.823255135817107, 26.1662411223124 ], [ 91.823076216565298, 26.166219042225901 ], [ 91.822890588695003, 26.166219042225901 ], [ 91.822651982680796, 26.166217913469499 ], [ 91.822519191020604, 26.166202231009901 ], [ 91.822253607700105, 26.166202231009901 ], [ 91.821191711897697, 26.166280249028201 ], [ 91.817598914291906, 26.166549781908401 ], [ 91.816987373585803, 26.166593887126901 ], [ 91.816812647669806, 26.166623291134101 ], [ 91.816725284711794, 26.166662495928001 ], [ 91.816654302532996, 26.166701700708799 ], [ 91.816542368855295, 26.166784091496702 ], [ 91.814929909988294, 26.167963290067998 ], [ 91.814725153392303, 26.1680245467481 ], [ 91.814443612399103, 26.168032203629199 ], [ 91.814085287907005, 26.167993918412101 ], [ 91.813513675518706, 26.167993918412101 ], [ 91.813035910128093, 26.1680398613161 ], [ 91.812472459832406, 26.168090323992999 ], [ 91.810501553404094, 26.168272232127102 ], [ 91.809883024703495, 26.168331822146701 ], [ 91.809428737681102, 26.168360049411898 ], [ 91.809047834932699, 26.168347503513601 ], [ 91.808806713635704, 26.168328685873099 ], [ 91.807975019209593, 26.168262822494899 ], [ 91.807160938051396, 26.168213736145798 ], [ 91.806704736719198, 26.1681783824808 ], [ 91.806186243510297, 26.1681561842436 ], [ 91.805986540836102, 26.168149606927599 ], [ 91.805775576881501, 26.168170031435601 ], [ 91.805553756786693, 26.1682083165949 ], [ 91.799880355880006, 26.1689937029936 ], [ 91.797873779148404, 26.1692645099007 ], [ 91.795868845435507, 26.169516885721201 ], [ 91.795750087256593, 26.166808317715201 ], [ 91.795694697136099, 26.165387111088101 ], [ 91.795697674153004, 26.164094304947199 ], [ 91.795790827651302, 26.1614576044269 ], [ 91.795809831511207, 26.161057536772901 ], [ 91.795827107910696, 26.161001713251402 ], [ 91.795847839230902, 26.1609629467894 ], [ 91.795889302769396, 26.160947440200999 ], [ 91.795929037949406, 26.160938136408198 ], [ 91.796013692486795, 26.160931933610499 ], [ 91.796297024720701, 26.160911774717299 ], [ 91.796355763760502, 26.160900920423401 ], [ 91.796362674499903, 26.160879211026199 ], [ 91.796362674499903, 26.1608528501283 ], [ 91.796355763760502, 26.160815634116201 ], [ 91.796355763760502, 26.160776868398699 ], [ 91.796359219579401, 26.160750506671299 ], [ 91.796400682219598, 26.160748956170998 ], [ 91.796704746671907, 26.160744303863599 ], [ 91.79680322179, 26.160738101861899 ], [ 91.796829136389306, 26.160722595243602 ], [ 91.796825680570393, 26.1606838286888 ], [ 91.796829136389306, 26.160404709920201 ], [ 91.796846412788895, 26.1602915117194 ], [ 91.796874054848502, 26.1601504010378 ], [ 91.796877509769104, 26.160103880942302 ], [ 91.796886147968806, 26.160080620887602 ], [ 91.796910335107896, 26.160065114181901 ], [ 91.796981168166297, 26.160065114181901 ], [ 91.797079643284405, 26.160079070378401 ], [ 91.797157387082294, 26.1600930265732 ], [ 91.797269682781106, 26.160106981960102 ], [ 91.797347426578995, 26.1601224886602 ], [ 91.797478727035895, 26.160139546673001 ], [ 91.797627303892298, 26.160173661078598 ], [ 91.7976981369508, 26.1601845154402 ], [ 91.797786245510494, 26.160195370607099 ], [ 91.797869172587596, 26.160198471622401 ], [ 91.797924456706795, 26.160198471622401 ], [ 91.797990106486097, 26.160176762094501 ], [ 91.798010838704599, 26.160172110570599 ], [ 91.798024659285204, 26.160164357224101 ], [ 91.798031570024705, 26.1601441981982 ], [ 91.798021204364602, 26.160096127591199 ], [ 91.797997840980699, 26.160045306684498 ], [ 91.797960736966203, 26.1598836858944 ], [ 91.797919273427695, 26.159747227066699 ], [ 91.797876083327097, 26.159537886573599 ], [ 91.797863989308397, 26.159458802146201 ], [ 91.797860534387794, 26.159399876823201 ], [ 91.797874354968499, 26.1592773729157 ], [ 91.797896814647203, 26.1591409133787 ], [ 91.797917545967394, 26.158996700258001 ], [ 91.797936549827199, 26.158914514414299 ], [ 91.797962464426504, 26.158767199154202 ], [ 91.797965920245403, 26.158691216066 ], [ 91.797983196644907, 26.158612131064601 ], [ 91.797991834844694, 26.158547002389302 ], [ 91.798005655425399, 26.158488075799401 ], [ 91.798021204364602, 26.158441555847201 ], [ 91.798045391503607, 26.158422947054898 ], [ 91.798060939544598, 26.158407440128801 ], [ 91.7980798356066, 26.158374391146999 ], [ 91.798147459882898, 26.1579762859628 ], [ 91.798164045478003, 26.157750008910298 ], [ 91.798152504821502, 26.157732889268299 ], [ 91.798126590222196, 26.157718932791099 ], [ 91.798085126683603, 26.157725135759598 ], [ 91.798014293625101, 26.157735990349 ], [ 91.797905452847004, 26.157745294397198 ], [ 91.7977620592698, 26.157743743857001 ], [ 91.797549560094396, 26.157732889268299 ], [ 91.7974424467765, 26.157725135759598 ], [ 91.7973733411783, 26.1577096287408 ], [ 91.797335333458705, 26.157691019831699 ], [ 91.797295597380398, 26.157661557130499 ], [ 91.797223036861595, 26.1576119341522 ], [ 91.797159114542694, 26.1575592108736 ], [ 91.797090008944494, 26.1575235443539 ], [ 91.797017448425706, 26.157529747332902 ], [ 91.796975984887098, 26.157543703832701 ], [ 91.796925884047099, 26.157571616020999 ], [ 91.796908607647595, 26.157585572515899 ], [ 91.796879237229405, 26.1581190118956 ], [ 91.796863689188399, 26.1581407218065 ], [ 91.796841229509695, 26.158148475287501 ], [ 91.796782489571598, 26.158151576357199 ], [ 91.796665010593699, 26.1581469247526 ], [ 91.796442145758206, 26.158136069395098 ], [ 91.796034423806901, 26.1581112584126 ], [ 91.7958443843103, 26.158081795011299 ], [ 91.795711356393099, 26.158063186967901 ], [ 91.795630157674594, 26.158061636431899 ], [ 91.795453938758499, 26.158070940454099 ], [ 91.795352007821606, 26.158083346353401 ], [ 91.795092862726705, 26.1580879979606 ], [ 91.794975383748806, 26.158075592868101 ], [ 91.794833717631803, 26.1580569840173 ], [ 91.794755973833901, 26.158038375969898 ], [ 91.794693778975201, 26.1580213184561 ], [ 91.794638494856002, 26.158016666040002 ], [ 91.794610852796396, 26.1580182165766 ], [ 91.794557296137498, 26.158024419529301 ], [ 91.794517560059205, 26.1580259700658 ], [ 91.794486463078997, 26.158029071945101 ], [ 91.794450182819602, 26.158016666040002 ], [ 91.794410446741395, 26.157999608523099 ], [ 91.794360345901296, 26.1579794499294 ], [ 91.7943154274422, 26.157977898585901 ], [ 91.794239411104499, 26.157987203421101 ], [ 91.794139208526204, 26.157990304495101 ], [ 91.794101199908198, 26.1579732469744 ], [ 91.794064919648804, 26.157937580581301 ], [ 91.794009635529605, 26.157881755566699 ], [ 91.793945713210604, 26.1578538434526 ], [ 91.793873152691802, 26.157863147491401 ], [ 91.793783315773496, 26.1578771039513 ], [ 91.793605369397199, 26.157925175472801 ], [ 91.793417056462502, 26.157990304495101 ], [ 91.793284028545401, 26.158047679993999 ], [ 91.793171732846602, 26.158112808948001 ], [ 91.793066346989093, 26.158153126892099 ], [ 91.792967871870999, 26.158156228768 ], [ 91.792895311352197, 26.1581422723415 ], [ 91.792814112633707, 26.1581081573418 ], [ 91.792751917775007, 26.1580585353597 ], [ 91.792722547356803, 26.158010463086999 ], [ 91.792694905297196, 26.157945334075801 ], [ 91.792681084716506, 26.1578864079883 ], [ 91.792682812176807, 26.1578212789079 ], [ 91.792679356357894, 26.157774757883502 ], [ 91.792662079958404, 26.157728236840601 ], [ 91.792618889857806, 26.1576755128083 ], [ 91.792525597120601, 26.157644499561702 ], [ 91.792383931003698, 26.157625890642201 ], [ 91.792295821545693, 26.157610383610098 ], [ 91.792231899226707, 26.1575917754915 ], [ 91.792200801348201, 26.157560761416299 ], [ 91.792138606489502, 26.1575157908314 ], [ 91.792085049830604, 26.1574708210354 ], [ 91.792000396191497, 26.157446009911499 ], [ 91.791914014193793, 26.157435154488802 ], [ 91.791817266536, 26.157453763438699 ], [ 91.791730885436607, 26.157472371579299 ], [ 91.791630898453803, 26.157494856479101 ], [ 91.791536418143806, 26.1575069713601 ], [ 91.791433839521503, 26.157528778142598 ], [ 91.791360955609306, 26.157528778142598 ], [ 91.791333961234997, 26.157526355167001 ], [ 91.791312365735607, 26.157497279455502 ], [ 91.791312365735607, 26.157422167973401 ], [ 91.791293469673604, 26.157349478615998 ], [ 91.791258376987003, 26.157225906604499 ], [ 91.791198989363593, 26.157124142126602 ], [ 91.791150399489894, 26.1570102618223 ], [ 91.791115306803306, 26.156881843473499 ], [ 91.791088312428997, 26.156641968117501 ], [ 91.791085612991594, 26.156433591251201 ], [ 91.791058619515596, 26.156312441270501 ], [ 91.790947942580999, 26.156128293865098 ], [ 91.791149882958607, 26.155844642318399 ], [ 91.791347594966098, 26.155590273502501 ], [ 91.791446450969801, 26.155471962536499 ], [ 91.791512354972298, 26.155341820173899 ], [ 91.791571668933898, 26.1551939311327 ], [ 91.791637572936395, 26.1550164640357 ], [ 91.791624391956205, 26.154886321165101 ], [ 91.791604620935203, 26.154708853600201 ], [ 91.791591439954999, 26.154247436023098 ], [ 91.791598030894207, 26.153780101306801 ], [ 91.791571668933898, 26.1535316441235 ], [ 91.791644395641001, 26.153106776751699 ], [ 91.791698383491294, 26.152857201344101 ], [ 91.791733476177797, 26.1527627014732 ], [ 91.791765869426996, 26.1526972784409 ], [ 91.791830655925295, 26.152610047673999 ], [ 91.791915687755093, 26.152499949580601 ], [ 91.792127746755995, 26.152253432977599 ], [ 91.792301544712402, 26.152017560517201 ], [ 91.792459791932799, 26.1517919556964 ], [ 91.790822799177107, 26.1509164556211 ], [ 91.790452991520695, 26.150704233472499 ], [ 91.790353561493504, 26.1506364869626 ], [ 91.790095144033998, 26.150476876303902 ], [ 91.789760785695407, 26.150284776996099 ], [ 91.789524162263007, 26.150175291159201 ], [ 91.788984275675602, 26.149944336562999 ], [ 91.788773382687907, 26.1498307524453 ], [ 91.788258804337005, 26.149527860924199 ], [ 91.786636146896498, 26.148539859997999 ], [ 91.785135677402707, 26.149805233318201 ], [ 91.785899381039798, 26.1481381901216 ], [ 91.785937293538097, 26.148007296903 ], [ 91.786067070452205, 26.1473384257649 ], [ 91.786281877399603, 26.146593713847501 ] ], [ [ 91.7957621219864, 26.169514676646099 ], [ 91.795127771258706, 26.1695015447415 ], [ 91.795868845435507, 26.169516885721201 ], [ 91.7957621219864, 26.169514676646099 ] ], [ [ 91.789045841713602, 26.181882153630202 ], [ 91.789027757728604, 26.181679301252402 ], [ 91.789048725305605, 26.181914498632999 ], [ 91.789045841713602, 26.181882153630202 ] ], [ [ 91.788786994859393, 26.1760792956761 ], [ 91.788951120655099, 26.176051387917401 ], [ 91.788875071978097, 26.176064319150001 ], [ 91.788786994859393, 26.1760792956761 ] ], [ [ 91.777890800568898, 26.177570822916 ], [ 91.778098116465102, 26.1775692718332 ], [ 91.778069579683503, 26.177569485469899 ], [ 91.777890800568898, 26.177570822916 ] ], [ [ 91.817013287286798, 26.1803279319296 ], [ 91.815698285763204, 26.180349291058199 ], [ 91.817071242097299, 26.180326990338202 ], [ 91.817013287286798, 26.1803279319296 ] ], [ [ 91.829168963623005, 26.1785032360192 ], [ 91.829089640586801, 26.178466219121301 ], [ 91.829189040071398, 26.178512604516399 ], [ 91.829168963623005, 26.1785032360192 ] ] ] } },
{ "type": "Feature", "properties": { "cluster_id": "central_zone", "zone_name": "Central Zone", "risk_range": "Low to High", "breakdown_text": "Old Ward 9: High, Old Ward 14: High, Old Ward 18: High, Old Ward 15: Low", "breakdown_json": { "9": "High", "14": "High", "18": "High", "15": "Low" }, "constituent_wards": [ 16, 18, 19, 28, 29, 30 ], "spatial_disclaimer": "GMC correspondence is zone-level. Internal sub-boundaries redrawn post-2022; historical study classifications cannot be assigned 1:1 to modern wards." }, "geometry": { "type": "Polygon", "coordinates": [ [ [ 91.758680653408106, 26.173957016402898 ], [ 91.759673130998706, 26.1730895061268 ], [ 91.762257806853299, 26.170727732372601 ], [ 91.760135020463295, 26.1726674535287 ], [ 91.760836496004003, 26.1728015995423 ], [ 91.761536729174694, 26.172853969260501 ], [ 91.762183914133004, 26.172887295505902 ], [ 91.762613602587905, 26.172887295505902 ], [ 91.762796701700694, 26.172871853387299 ], [ 91.763012247961498, 26.172833164236302 ], [ 91.763333481913804, 26.172770762040599 ], [ 91.763689480667693, 26.1726771594907 ], [ 91.764252682130007, 26.172517410492201 ], [ 91.765526751019394, 26.1721897207116 ], [ 91.767070693582994, 26.171834564660301 ], [ 91.7682691530715, 26.171581663365401 ], [ 91.770010824710695, 26.1711581299251 ], [ 91.770890147813105, 26.170932650807899 ], [ 91.770475949008599, 26.169969790394099 ], [ 91.768336815975402, 26.165276777531201 ], [ 91.768716488031899, 26.164923538680799 ], [ 91.767929009582502, 26.163826985250001 ], [ 91.767806999502298, 26.1636270129035 ], [ 91.767578892997193, 26.1631508854299 ], [ 91.767472797470504, 26.162865208657799 ], [ 91.767106766331594, 26.161870094749801 ], [ 91.766220864866398, 26.1595132113479 ], [ 91.765950320150594, 26.158765664753599 ], [ 91.765504717142093, 26.1588132795398 ], [ 91.765059114133606, 26.158846609797902 ], [ 91.764517600697204, 26.158859751771601 ], [ 91.764042290402301, 26.158859751771601 ], [ 91.763482104584298, 26.158838420151898 ], [ 91.763183338395507, 26.158823183393501 ], [ 91.762849545995493, 26.158735732247301 ], [ 91.762546390638306, 26.1586233951755 ], [ 91.762239062606596, 26.1585098098308 ], [ 91.762077751232695, 26.1584486489418 ], [ 91.761949814068203, 26.158407458673899 ], [ 91.761824658087903, 26.158393728043901 ], [ 91.761275362546201, 26.158378750052499 ], [ 91.760705208123497, 26.1583637720592 ], [ 91.760531157740601, 26.158366567532099 ], [ 91.760483098771203, 26.158366567532099 ], [ 91.760421688141804, 26.158361774831999 ], [ 91.760357608617596, 26.158356183079501 ], [ 91.760240128741401, 26.1583394070141 ], [ 91.760189399080701, 26.158327424454299 ], [ 91.760142229443403, 26.158316240945702 ], [ 91.760079929481805, 26.158307452980999 ], [ 91.760012289934195, 26.158298665821899 ], [ 91.759796497535007, 26.158284262717 ], [ 91.759638178449293, 26.158238149063699 ], [ 91.759554324310798, 26.158207735055001 ], [ 91.759508362009299, 26.158178602265199 ], [ 91.759444062397904, 26.15812808934 ], [ 91.759370850600504, 26.158062501603499 ], [ 91.759304974445797, 26.158005465569101 ], [ 91.759260039816994, 26.157958797869501 ], [ 91.759188713583399, 26.1579167446748 ], [ 91.759095247471393, 26.157884781656499 ], [ 91.758979639684199, 26.1578629104356 ], [ 91.758847476844593, 26.157856083388499 ], [ 91.7586985900694, 26.157867221787701 ], [ 91.758576539564999, 26.1579106941094 ], [ 91.758466999897607, 26.157963547851601 ], [ 91.7583219516236, 26.158031723902699 ], [ 91.758181016735307, 26.1580854395364 ], [ 91.757878272806494, 26.1581367902367 ], [ 91.757608156587096, 26.158143962368101 ], [ 91.756952043273202, 26.158207930988301 ], [ 91.756062829719596, 26.158204623504702 ], [ 91.755600673455305, 26.158157008470099 ], [ 91.755456583683795, 26.158141997389599 ], [ 91.755346116954996, 26.1581438148133 ], [ 91.755137249668294, 26.1581755665073 ], [ 91.754787240880702, 26.158231131749499 ], [ 91.754512532473598, 26.158238673165101 ], [ 91.754388116705101, 26.1582445205234 ], [ 91.754312370760303, 26.158255596799702 ], [ 91.754253898520105, 26.158272763937301 ], [ 91.754123245748602, 26.158318173668899 ], [ 91.753908381309003, 26.158396533191802 ], [ 91.753827323625998, 26.158442526642499 ], [ 91.753746574065104, 26.1585055323673 ], [ 91.753703252810595, 26.1585538939005 ], [ 91.753643787932006, 26.158621421335599 ], [ 91.7535938514837, 26.158682365237599 ], [ 91.753524036216405, 26.158748232413799 ], [ 91.753458504116395, 26.1587967172111 ], [ 91.753406613832396, 26.1588241590234 ], [ 91.753303037181794, 26.1588532634313 ], [ 91.753196238274299, 26.158859356682001 ], [ 91.753006289507496, 26.158858006120301 ], [ 91.752616417979198, 26.158824941140001 ], [ 91.752460811805705, 26.158805869589202 ], [ 91.752311992404202, 26.1587712935765 ], [ 91.752204862916599, 26.159385298080402 ], [ 91.752194136133795, 26.159422779821998 ], [ 91.752174154008699, 26.159440591829 ], [ 91.752122022976096, 26.159460989641701 ], [ 91.752024581818901, 26.1594634214465 ], [ 91.751895263943894, 26.159452625071498 ], [ 91.751795148502097, 26.1594561034556 ], [ 91.751705864047693, 26.1594753321288 ], [ 91.751624668922403, 26.159501390168899 ], [ 91.751490433669503, 26.159534837144001 ], [ 91.751405806081493, 26.159559725228501 ], [ 91.751360795095906, 26.159571854408401 ], [ 91.751324908298599, 26.1595922917069 ], [ 91.751293102547706, 26.159635804507001 ], [ 91.751254848689598, 26.159703769942801 ], [ 91.751210824952494, 26.1597703380226 ], [ 91.751175509483701, 26.159802431144598 ], [ 91.751117182770599, 26.159820684139099 ], [ 91.751052671156799, 26.159830391170399 ], [ 91.750977190215096, 26.159813322630502 ], [ 91.750910966412306, 26.159788062896201 ], [ 91.750799839421802, 26.1597374256915 ], [ 91.750732584353102, 26.159722620420698 ], [ 91.750636945216399, 26.1597143534315 ], [ 91.750560477924495, 26.159714117991999 ], [ 91.750446237373097, 26.1597451097246 ], [ 91.750247217418604, 26.159832117456101 ], [ 91.7497458398107, 26.160036513205899 ], [ 91.749571453457904, 26.160088297641401 ], [ 91.749533329855495, 26.160104127669101 ], [ 91.749465374100893, 26.1601654392739 ], [ 91.749276358683701, 26.160352700668799 ], [ 91.749197413838203, 26.160401864505801 ], [ 91.749026757290395, 26.160496962909601 ], [ 91.748759886684098, 26.1606439655624 ], [ 91.748228370598497, 26.1608340820748 ], [ 91.747937039765304, 26.1609302218544 ], [ 91.747813171070803, 26.160971994985999 ], [ 91.747724005194002, 26.161013574592999 ], [ 91.747617273660197, 26.161069344087299 ], [ 91.747560858561997, 26.161107122808801 ], [ 91.747507940605203, 26.161152099265799 ], [ 91.747411048318696, 26.161234269019701 ], [ 91.747318475132104, 26.1613318823646 ], [ 91.7471976616078, 26.161499082268499 ], [ 91.747092921638895, 26.161637148394099 ], [ 91.747015395233305, 26.161723162982899 ], [ 91.746849201515801, 26.1618624302074 ], [ 91.746771948198003, 26.161932632590901 ], [ 91.7467236915993, 26.161987206733102 ], [ 91.746773720574097, 26.1606810776175 ], [ 91.746792676823205, 26.160243937851401 ], [ 91.746811633072298, 26.160158865538801 ], [ 91.746853920365993, 26.160082955117499 ], [ 91.746920995771603, 26.159986103485 ], [ 91.746926828532807, 26.1599481486275 ], [ 91.746923912601403, 26.159910192951301 ], [ 91.746912247079095, 26.1598617666703 ], [ 91.746899123591106, 26.1598015619543 ], [ 91.746890374000202, 26.159678533567501 ], [ 91.746820381764906, 26.1591995082483 ], [ 91.7468320472871, 26.159152391109 ], [ 91.746883083273403, 26.159135376492198 ], [ 91.747142638, 26.159134067861501 ], [ 91.747145918647405, 26.159118116756598 ], [ 91.747139083366406, 26.158594589044 ], [ 91.747038834075695, 26.158099690273101 ], [ 91.7469112445592, 26.158087419835699 ], [ 91.746824665830502, 26.158071059788099 ], [ 91.746807691264806, 26.158041113396301 ], [ 91.746537496892003, 26.1563122275948 ], [ 91.746450006373195, 26.155745495585801 ], [ 91.746260443881994, 26.155805702395 ], [ 91.745382624559397, 26.1561329149099 ], [ 91.744991834952899, 26.156261182494301 ], [ 91.744722073567999, 26.156346257649499 ], [ 91.744391056962201, 26.156442938138301 ], [ 91.744230857702703, 26.1565228236751 ], [ 91.743760939096106, 26.1566953763767 ], [ 91.742892158621899, 26.1571201105391 ], [ 91.742185857331407, 26.1575086710717 ], [ 91.741399811694905, 26.157938131292301 ], [ 91.740873502244597, 26.1582039873261 ], [ 91.740973466769503, 26.158366567532099 ], [ 91.741151466146405, 26.158692494868301 ], [ 91.741190626404602, 26.158839482056401 ], [ 91.741189124421396, 26.158883982055102 ], [ 91.741187066381102, 26.1589449282388 ], [ 91.741208426521894, 26.159043984365201 ], [ 91.741247585881794, 26.159127063502101 ], [ 91.741304546257297, 26.159242096365599 ], [ 91.741140786974299, 26.1594657702022 ], [ 91.740905827221795, 26.159884359153502 ], [ 91.740731387868394, 26.1601943054897 ], [ 91.740632892987406, 26.1604499962652 ], [ 91.740604896093203, 26.160475125236498 ], [ 91.740570366650303, 26.1604943908312 ], [ 91.740518106260396, 26.160510305464701 ], [ 91.740456513272903, 26.160530408793001 ], [ 91.740407052033405, 26.1605530245293 ], [ 91.740301597005598, 26.160618360108199 ], [ 91.740240936469405, 26.1606384634179 ], [ 91.740209207075196, 26.160646839191202 ], [ 91.740192408579404, 26.1606644292807 ], [ 91.740182143530603, 26.160701285734401 ], [ 91.740169078433098, 26.160755731445999 ], [ 91.740158812486101, 26.160771646043798 ], [ 91.740131748941494, 26.1607741592567 ], [ 91.7400953527995, 26.160769971374702 ], [ 91.740009495417894, 26.160768295899398 ], [ 91.739944169930396, 26.160768295899398 ], [ 91.739895642040395, 26.1607883991832 ], [ 91.739793544016806, 26.160829789377001 ], [ 91.739622664686905, 26.160864554258101 ], [ 91.739447228203403, 26.160934083989002 ], [ 91.738898135680998, 26.161156988605999 ], [ 91.738192447939895, 26.1614692318986 ], [ 91.737569450120603, 26.161683915407899 ], [ 91.737686261650296, 26.162108287930302 ], [ 91.737794730525906, 26.162394114105801 ], [ 91.738090237626807, 26.163088395006 ], [ 91.738655177329207, 26.164320927675199 ], [ 91.739054980631295, 26.165054200874099 ], [ 91.7392320574384, 26.165455475496199 ], [ 91.739263845222993, 26.165598809065301 ], [ 91.739264778572604, 26.165714397508001 ], [ 91.739241447528002, 26.165868514446998 ], [ 91.739225582381806, 26.165975726426101 ], [ 91.739200385536407, 26.166043571260399 ], [ 91.739151857646405, 26.166129006126901 ], [ 91.739107062256494, 26.1661901500886 ], [ 91.739066933614396, 26.166226166291398 ], [ 91.738986676330299, 26.166294848678 ], [ 91.738905112895793, 26.166338746785701 ], [ 91.738776953847506, 26.1663834793492 ], [ 91.738716433448502, 26.1664441869945 ], [ 91.738663033994698, 26.166552822285901 ], [ 91.7385847143766, 26.166728555322901 ], [ 91.738531314024598, 26.166814824156798 ], [ 91.738474354547407, 26.1668659460701 ], [ 91.738356874671197, 26.166885117084199 ], [ 91.738289235123503, 26.166875531577499 ], [ 91.738207355482004, 26.1668467750529 ], [ 91.738118355793503, 26.1668020434734 ], [ 91.737951036487004, 26.166808433815198 ], [ 91.737837116634296, 26.166913872793099 ], [ 91.737377878098101, 26.1674506549376 ], [ 91.737388558168504, 26.167514557178801 ], [ 91.737367198027698, 26.1675816545348 ], [ 91.737328037769501, 26.167591239983398 ], [ 91.737246158128002, 26.167591239983398 ], [ 91.737171398533405, 26.167597630282099 ], [ 91.736696933553205, 26.167818146163501 ], [ 91.736702224630207, 26.1681884774246 ], [ 91.737275510579906, 26.167978681237201 ], [ 91.737436578510298, 26.167923507635301 ], [ 91.737630736782606, 26.167900481338101 ], [ 91.7378082322046, 26.167901618946999 ], [ 91.739149735825706, 26.167857113520199 ], [ 91.740083624395098, 26.167805433314602 ], [ 91.740466622014793, 26.1677889101563 ], [ 91.740702859171606, 26.167767065786101 ], [ 91.741371939666607, 26.167750368473701 ], [ 91.741965428726999, 26.167753442682098 ], [ 91.741986469067598, 26.167792264936502 ], [ 91.742010899650097, 26.167865051791299 ], [ 91.742016691088693, 26.1679804211084 ], [ 91.742032041500295, 26.168299871657499 ], [ 91.742034447188601, 26.168534200303899 ], [ 91.742046684039394, 26.168788052312401 ], [ 91.742053434878798, 26.168937237476001 ], [ 91.742069132040001, 26.169041515969202 ], [ 91.742095762596605, 26.169096344779799 ], [ 91.7421438116845, 26.169157850797198 ], [ 91.7422133691353, 26.169214707231301 ], [ 91.742357122038698, 26.169317820469399 ], [ 91.7426488481306, 26.1695989367092 ], [ 91.742511818218802, 26.169762965951101 ], [ 91.742272759453698, 26.170042196962399 ], [ 91.742092291506395, 26.1702520797344 ], [ 91.741978756132596, 26.170357980790701 ], [ 91.741839013308606, 26.170470371057799 ], [ 91.741743070541403, 26.1705405303668 ], [ 91.741336914353596, 26.170821141381801 ], [ 91.741124062140301, 26.170996011778701 ], [ 91.740838733849898, 26.1712519360558 ], [ 91.740615218634105, 26.1714912049178 ], [ 91.740489785972699, 26.171653203861698 ], [ 91.740324228262494, 26.171853485736801 ], [ 91.740128728805502, 26.172104378163201 ], [ 91.739984138672298, 26.172319041287501 ], [ 91.739928863536306, 26.172429752743799 ], [ 91.739893409727003, 26.172535218080601 ], [ 91.739868619818395, 26.172625218596899 ], [ 91.739858679959795, 26.1726968624539 ], [ 91.739848426589106, 26.172831860596499 ], [ 91.739851328147495, 26.172883943290898 ], [ 91.739865994941098, 26.1731515888941 ], [ 91.739895328528405, 26.173458721787998 ], [ 91.739924662115698, 26.1737351399752 ], [ 91.739983328392, 26.173954519598102 ], [ 91.7400419955665, 26.174156348647799 ], [ 91.740056662360203, 26.174309914275401 ], [ 91.740066439623703, 26.174454704239601 ], [ 91.740066439623703, 26.174595105895499 ], [ 91.740022440141104, 26.175007536041299 ], [ 91.739988217023694, 26.1757007671577 ], [ 91.739934439379297, 26.175863105300401 ], [ 91.739873634214305, 26.175979922677001 ], [ 91.738743075683104, 26.176720312891 ], [ 91.737024320965205, 26.1778925883157 ], [ 91.735809734920693, 26.178632966380199 ], [ 91.734816675221893, 26.1792589748935 ], [ 91.734243758479707, 26.179620130354301 ], [ 91.735421983416501, 26.181057808904999 ], [ 91.735685983905498, 26.181404406986001 ], [ 91.736037985156301, 26.181913333751901 ], [ 91.736556208870695, 26.1827600774823 ], [ 91.737152654286703, 26.182413483433301 ], [ 91.737978878870905, 26.1819308827443 ], [ 91.738692658636097, 26.181536026148599 ], [ 91.739577549496701, 26.181009548606401 ], [ 91.740027328772896, 26.180706822700799 ], [ 91.741572221754097, 26.179618759072799 ], [ 91.743068224824299, 26.178557009135101 ], [ 91.744500672986504, 26.179739137529801 ], [ 91.744803174370205, 26.179983458907898 ], [ 91.744888424490696, 26.180035284466701 ], [ 91.745003924480002, 26.180094513763802 ], [ 91.745102669092702, 26.180134046164898 ], [ 91.7452074252312, 26.1801611467878 ], [ 91.745311925349895, 26.180180889600098 ], [ 91.745441175851298, 26.180203100864599 ], [ 91.745608926349107, 26.180222843669799 ], [ 91.745746426079805, 26.1802376511746 ], [ 91.746179423029901, 26.1802773471771 ], [ 91.747654080332296, 26.1804119858623 ], [ 91.747828005849399, 26.179603425871701 ], [ 91.747833252010693, 26.179496540828001 ], [ 91.747849798978194, 26.179423152582 ], [ 91.747888141769494, 26.1793434689565 ], [ 91.748319196561894, 26.1789713286215 ], [ 91.748826826444201, 26.178588591618698 ], [ 91.748915904285994, 26.1785394685025 ], [ 91.748993260910098, 26.178512061158099 ], [ 91.749091216801901, 26.178500863461899 ], [ 91.749181803813499, 26.1785039688274 ], [ 91.749323322606699, 26.1785071346556 ], [ 91.749911883509498, 26.178559538088098 ], [ 91.750555590190999, 26.1785846575136 ], [ 91.750806229138405, 26.178570659192602 ], [ 91.7511327865071, 26.178752228506699 ], [ 91.751542208070902, 26.1789043321421 ], [ 91.7521901988179, 26.178467934650801 ], [ 91.753165521281502, 26.177790142112698 ], [ 91.753521983566003, 26.177556591488401 ], [ 91.754144036357502, 26.177198227879501 ], [ 91.755797400011005, 26.176108790808701 ], [ 91.75678812948, 26.175390105022601 ], [ 91.757539459722395, 26.174866144068801 ], [ 91.758680653408106, 26.173957016402898 ] ], [ [ 91.746708714886907, 26.162064453539202 ], [ 91.746715343555294, 26.162030263089601 ], [ 91.7467236915993, 26.161987206733102 ], [ 91.746708714886907, 26.162064453539202 ] ], [ [ 91.746548064672993, 26.1686564211738 ], [ 91.746615800340393, 26.1686566340206 ], [ 91.746543344595963, 26.168656406352838 ], [ 91.746548064672993, 26.1686564211738 ] ] ] } },
{ "type": "Feature", "properties": { "cluster_id": "south_zone", "zone_name": "South Zone", "risk_range": "Moderate to High", "breakdown_text": "Old Ward 10: Moderate, Old Ward 11: Moderate, Old Ward 12: Moderate, Old Ward 13: High", "breakdown_json": { "10": "Moderate", "11": "Moderate", "12": "Moderate", "13": "High" }, "constituent_wards": [ 17, 31, 32, 33, 34, 35, 36 ], "spatial_disclaimer": "GMC correspondence is zone-level. Internal sub-boundaries redrawn post-2022; historical study classifications cannot be assigned 1:1 to modern wards." }, "geometry": { "type": "Polygon", "coordinates": [ [ [ 91.774580464729496, 26.1828923763014 ], [ 91.774557812811295, 26.182666514393699 ], [ 91.774484823796101, 26.182162839722999 ], [ 91.774333810708697, 26.181268415920599 ], [ 91.774197899199507, 26.1804620739642 ], [ 91.774114841866606, 26.1799358027842 ], [ 91.773875739084104, 26.178585104937401 ], [ 91.773651736981407, 26.177708723287999 ], [ 91.773316991468903, 26.176667448301401 ], [ 91.772921841439995, 26.175549364758002 ], [ 91.772428533398397, 26.174329625831 ], [ 91.772023315950094, 26.1734351419151 ], [ 91.771874819942099, 26.1731866733906 ], [ 91.771779179008803, 26.1730195216863 ], [ 91.771691088415395, 26.172823004391699 ], [ 91.771197780373697, 26.171691331471301 ], [ 91.770890147813105, 26.170932650807899 ], [ 91.770854550273299, 26.170941778853201 ], [ 91.770010824710695, 26.1711581299251 ], [ 91.7682691530715, 26.171581663365401 ], [ 91.767070693582994, 26.171834564660301 ], [ 91.765526751019394, 26.1721897207116 ], [ 91.764252682130007, 26.172517410492201 ], [ 91.763689480667693, 26.1726771594907 ], [ 91.763333481913804, 26.172770762040599 ], [ 91.763012247961498, 26.172833164236302 ], [ 91.762796701700694, 26.172871853387299 ], [ 91.762613602587905, 26.172887295505902 ], [ 91.762183914133004, 26.172887295505902 ], [ 91.761536729174694, 26.172853969260501 ], [ 91.760836496004003, 26.1728015995423 ], [ 91.760135020463295, 26.1726674535287 ], [ 91.759673130998706, 26.1730895061268 ], [ 91.758680653408106, 26.173957016402898 ], [ 91.757539459722395, 26.174866144068801 ], [ 91.757400855962203, 26.174962803561701 ], [ 91.75678812948, 26.175390105022601 ], [ 91.755797400011005, 26.176108790808701 ], [ 91.754144036357502, 26.177198227879501 ], [ 91.753521983566003, 26.177556591488401 ], [ 91.753165521281502, 26.177790142112698 ], [ 91.7521901988179, 26.178467934650801 ], [ 91.751542208070902, 26.1789043321421 ], [ 91.7511327865071, 26.178752228506699 ], [ 91.750806229138405, 26.178570659192602 ], [ 91.750555590190999, 26.1785846575136 ], [ 91.749911883509498, 26.178559538088098 ], [ 91.749323322606699, 26.1785071346556 ], [ 91.749181803813499, 26.1785039688274 ], [ 91.749091216801901, 26.178500863461899 ], [ 91.748993260910098, 26.178512061158099 ], [ 91.748915904285994, 26.1785394685025 ], [ 91.748826826444201, 26.178588591618698 ], [ 91.748319196561894, 26.1789713286215 ], [ 91.747888141769494, 26.1793434689565 ], [ 91.747849798978194, 26.179423152582 ], [ 91.747833252010693, 26.179496540828001 ], [ 91.747828005849399, 26.179603425871701 ], [ 91.747654080332296, 26.1804119858623 ], [ 91.746179423029901, 26.1802773471771 ], [ 91.745746426079805, 26.1802376511746 ], [ 91.745608926349107, 26.180222843669799 ], [ 91.745441175851298, 26.180203100864599 ], [ 91.745311925349895, 26.180180889600098 ], [ 91.7452074252312, 26.1801611467878 ], [ 91.745102669092702, 26.180134046164898 ], [ 91.745003924480002, 26.180094513763802 ], [ 91.744888424490696, 26.180035284466701 ], [ 91.744803174370205, 26.179983458907898 ], [ 91.744500672986504, 26.179739137529801 ], [ 91.743068224824299, 26.178557009135101 ], [ 91.741572221754097, 26.179618759072799 ], [ 91.740027328772896, 26.180706822700799 ], [ 91.739577549496701, 26.181009548606401 ], [ 91.738692658636097, 26.181536026148599 ], [ 91.737978878870905, 26.1819308827443 ], [ 91.737152654286703, 26.182413483433301 ], [ 91.737061477980305, 26.1824664663379 ], [ 91.736556208870695, 26.1827600774823 ], [ 91.736623277988102, 26.182809930794399 ], [ 91.736820935198395, 26.183126120991901 ], [ 91.736962732469294, 26.183345911803599 ], [ 91.737289296126207, 26.183758499619099 ], [ 91.737426795856905, 26.183943585259701 ], [ 91.737809218554801, 26.184394730528901 ], [ 91.738019766589403, 26.184649221114 ], [ 91.738157266320101, 26.184845873245301 ], [ 91.7382603920164, 26.1849962543 ], [ 91.738904925147907, 26.185967940109801 ], [ 91.739601020678407, 26.187101563849801 ], [ 91.740314303675206, 26.188239032147099 ], [ 91.740842820286105, 26.189091162192199 ], [ 91.740902976867403, 26.189183701216699 ], [ 91.741001805023402, 26.189222258382902 ], [ 91.7411006331794, 26.1892723838085 ], [ 91.741831103642596, 26.189715796561199 ], [ 91.742050244961206, 26.1898738823968 ], [ 91.742256495455507, 26.190024256961699 ], [ 91.742415480192804, 26.190151496578501 ], [ 91.742604543220807, 26.190236322912401 ], [ 91.742810793714995, 26.190313437341501 ], [ 91.743184623128897, 26.190463811338901 ], [ 91.743416655271901, 26.190564060294001 ], [ 91.743704546455803, 26.1906180406509 ], [ 91.743949468524804, 26.190652741834999 ], [ 91.744202984776095, 26.190679731995999 ], [ 91.744833313746298, 26.190732503171699 ], [ 91.745035714959599, 26.190764088803999 ], [ 91.745220515481506, 26.190808309803302 ], [ 91.7454264353958, 26.190858847261499 ], [ 91.746007256414103, 26.191043255798 ], [ 91.746695465634701, 26.191280350331599 ], [ 91.747611029470605, 26.1917049133619 ], [ 91.750333141275505, 26.1931550327823 ], [ 91.756500907540897, 26.1963105660003 ], [ 91.757086575868499, 26.196681009042202 ], [ 91.758449936398804, 26.197516655110299 ], [ 91.759707684696096, 26.198240302580501 ], [ 91.7600053199059, 26.1984470579443 ], [ 91.760341358992406, 26.198653812941 ], [ 91.760455742375896, 26.198758116429602 ], [ 91.760493494974, 26.198805540777901 ], [ 91.760643364506095, 26.199124823811101 ], [ 91.760804888780697, 26.199358941362 ], [ 91.760929138360893, 26.1994258317741 ], [ 91.761146574677099, 26.1995150191992 ], [ 91.761277037005897, 26.1995596132891 ], [ 91.761376436490394, 26.1995874839821 ], [ 91.761506897920796, 26.1995930584423 ], [ 91.761724335135298, 26.199581909521601 ], [ 91.761954196050198, 26.1995596132891 ], [ 91.762202695210604, 26.1995651869446 ], [ 91.762333156641006, 26.1996042065559 ], [ 91.762457406221202, 26.199665523176598 ], [ 91.762600293148594, 26.1997491359656 ], [ 91.762774242920202, 26.199983252261301 ], [ 91.762917128949297, 26.2001281811993 ], [ 91.763115928816603, 26.200261961907302 ], [ 91.763302302288594, 26.200395741655601 ], [ 91.763420339120302, 26.200473780308499 ], [ 91.763563226047793, 26.200535096471299 ], [ 91.763743387669507, 26.200579689364499 ], [ 91.764085073565994, 26.200652153484899 ], [ 91.7645944964855, 26.200663302303099 ], [ 91.764892694938993, 26.200663302303099 ], [ 91.765072856560806, 26.200735766371398 ], [ 91.765221956236701, 26.200780359187799 ], [ 91.765408330607002, 26.200819378391799 ], [ 91.765588492228801, 26.200824952793099 ], [ 91.765979877418403, 26.200852823183201 ], [ 91.766309138716096, 26.200869545575301 ], [ 91.766470662990699, 26.200869545575301 ], [ 91.766607337169603, 26.200830526388 ], [ 91.766930385718794, 26.2006744503142 ], [ 91.767091909993397, 26.2005685413443 ], [ 91.767172672130698, 26.200535096471299 ], [ 91.767303134459397, 26.200457057859499 ], [ 91.767414958542602, 26.200401316077102 ], [ 91.767526783524104, 26.200390168039799 ], [ 91.767706945145903, 26.2004068904984 ], [ 91.767831193827803, 26.200423612954499 ], [ 91.768079692988195, 26.200479354726198 ], [ 91.768266067358496, 26.200535096471299 ], [ 91.768620177853606, 26.2005741157576 ], [ 91.768918376307198, 26.2005685413443 ], [ 91.769098537928997, 26.200546244494699 ], [ 91.769191725563303, 26.2005072251991 ], [ 91.7692600622036, 26.200457057859499 ], [ 91.769334612490695, 26.200289832432201 ], [ 91.769402949131006, 26.2000557167529 ], [ 91.769409161879494, 26.199983252261301 ], [ 91.769462190328994, 26.199905508283599 ], [ 91.769485352490307, 26.199850955925601 ], [ 91.769502724111305, 26.199791207115901 ], [ 91.769525885374307, 26.1992093058848 ], [ 91.769531675914607, 26.1991521545702 ], [ 91.769557733346005, 26.199087209750601 ], [ 91.769595370959806, 26.199030059182199 ], [ 91.769667751815504, 26.198985896920501 ], [ 91.769916740557704, 26.198962516466 ], [ 91.770342338084802, 26.1989495273227 ], [ 91.770637650251402, 26.1989781034362 ], [ 91.770944544396798, 26.199024863528098 ], [ 91.771190637868898, 26.1991001988787 ], [ 91.771569911971696, 26.199232685483601 ], [ 91.772143165582094, 26.199450899145301 ], [ 91.772591925270504, 26.199637938640599 ], [ 91.772898818517604, 26.199749642953901 ], [ 91.773046474600903, 26.199814586597999 ], [ 91.773162283610702, 26.199853553734201 ], [ 91.773266511539802, 26.199871737587401 ], [ 91.773527081362701, 26.199892520051499 ], [ 91.775038387233806, 26.199941877582901 ], [ 91.775322119218004, 26.199970452646799 ], [ 91.775623221924803, 26.200045788191701 ], [ 91.775880896477503, 26.200126318487001 ], [ 91.777612239287507, 26.2007913427605 ], [ 91.778275245374502, 26.2010563119713 ], [ 91.778512653036202, 26.2011342445937 ], [ 91.778857184795399, 26.201240751916199 ], [ 91.779276991782197, 26.201378431635 ], [ 91.780047120170195, 26.2016719749621 ], [ 91.780272947649493, 26.201757699665201 ], [ 91.780521936391693, 26.2017940675799 ], [ 91.781040181665603, 26.201877194429599 ], [ 91.7815757976622, 26.201978505550102 ], [ 91.782001395189297, 26.202074621064401 ], [ 91.782560172448896, 26.202233081843399 ], [ 91.783046569750994, 26.202381151398299 ], [ 91.783153692950293, 26.202412323615199 ], [ 91.783700890027603, 26.201682365227999 ], [ 91.783825384847901, 26.2015524791811 ], [ 91.783891974264904, 26.201505720104301 ], [ 91.7839411938577, 26.201456363235799 ], [ 91.784065687779602, 26.201300499176 ], [ 91.7842135756282, 26.2011572087094 ], [ 91.784293252600705, 26.201099019399798 ], [ 91.784354399125405, 26.201059117704599 ], [ 91.784434076097796, 26.2010208788023 ], [ 91.784535988170205, 26.200990953116602 ], [ 91.784650870118597, 26.2009643522319 ], [ 91.784850987814494, 26.2009410769566 ], [ 91.785015899635994, 26.200926113298401 ], [ 91.785167840683201, 26.2009144760605 ], [ 91.785253076430607, 26.2009144760605 ], [ 91.785388341152796, 26.200919463678598 ], [ 91.785493958775703, 26.200951052190302 ], [ 91.785594017623595, 26.2010025911528 ], [ 91.785673693697703, 26.201080730956601 ], [ 91.785801547318897, 26.2012203855952 ], [ 91.785897899717995, 26.2012752492383 ], [ 91.785983135465301, 26.201328450859499 ], [ 91.786055399540103, 26.2013484012597 ], [ 91.786146194062496, 26.201356714462701 ], [ 91.786196223935605, 26.201353389665201 ], [ 91.786259223684795, 26.201333438459798 ], [ 91.786290724008495, 26.201303512854501 ], [ 91.786320370209495, 26.201283562446601 ], [ 91.786357429308296, 26.201251974025201 ], [ 91.786385223183203, 26.201228698001401 ], [ 91.786403752732497, 26.201218722791499 ], [ 91.786424135506294, 26.201208747580701 ], [ 91.786470458930594, 26.201203759975002 ], [ 91.7865241943543, 26.201223710396501 ], [ 91.786585340879, 26.2012685996385 ], [ 91.786652047077098, 26.201341751664 ], [ 91.786698370501298, 26.201378327659501 ], [ 91.786755812373897, 26.201408253245699 ], [ 91.786822517673599, 26.201433191228201 ], [ 91.786869794210403, 26.201436898878701 ], [ 91.786994143503506, 26.201460143426502 ], [ 91.787153033019393, 26.201522127252499 ], [ 91.787369780327793, 26.201625951014101 ], [ 91.787641792890796, 26.2017166028843 ], [ 91.787760930158697, 26.201754801257799 ], [ 91.787889400922396, 26.201781401961799 ], [ 91.788021164910006, 26.2017873132286 ], [ 91.788189165139499, 26.2017607125258 ], [ 91.788304459414604, 26.2017607125258 ], [ 91.788442812544801, 26.201784357595201 ], [ 91.788518577354196, 26.201781401961799 ], [ 91.788597636285701, 26.201751845623601 ], [ 91.788824929815505, 26.201698645001901 ], [ 91.788933635846405, 26.201683866823199 ], [ 91.789039047755097, 26.201677955551201 ], [ 91.789144459663802, 26.201692733730599 ], [ 91.789289401038204, 26.201716378007799 ], [ 91.789381636458302, 26.201763668159799 ], [ 91.789440930656994, 26.2017873132286 ], [ 91.789516695466403, 26.201766623793599 ], [ 91.789615519130805, 26.201742978720699 ], [ 91.7897209301412, 26.201745934354999 ], [ 91.789948224569301, 26.201728200547599 ], [ 91.790103048310201, 26.201698645001901 ], [ 91.790172224875306, 26.201672044278901 ], [ 91.790264460295404, 26.201636576638801 ], [ 91.790340225104799, 26.2015951977118 ], [ 91.790396225181297, 26.201530173653801 ], [ 91.790425872280593, 26.2014651495595 ], [ 91.790439048769201, 26.2013971697857 ], [ 91.790435754647007, 26.201320323037098 ], [ 91.790442342891296, 26.2012612101191 ], [ 91.790442342891296, 26.201202097170999 ], [ 91.790452225257795, 26.2011400285433 ], [ 91.790475284112802, 26.2010986494397 ], [ 91.790544459779596, 26.201036580756799 ], [ 91.790788224818399, 26.200794217817499 ], [ 91.790949636803603, 26.200646434798401 ], [ 91.791045166345896, 26.200566631890101 ], [ 91.791084695811605, 26.2005252525828 ], [ 91.791117637033096, 26.2005104742552 ], [ 91.791140695888103, 26.200448405258701 ], [ 91.791153872376697, 26.2004129372459 ], [ 91.791140695888103, 26.200371557884001 ], [ 91.791091284055895, 26.200315400154899 ], [ 91.790587283367501, 26.199940030181999 ], [ 91.790346813349103, 26.1997449551261 ], [ 91.790215048463196, 26.199653328850701 ], [ 91.790122813043098, 26.199564658192902 ], [ 91.7900305776229, 26.199455297621999 ], [ 91.789981165790806, 26.199402095951001 ], [ 91.789813165561299, 26.199340026363799 ], [ 91.789625401497204, 26.199260222560099 ], [ 91.789315754015405, 26.199094703385502 ], [ 91.788857871036996, 26.1989232725638 ], [ 91.788703048194407, 26.1988523355983 ], [ 91.788508694987698, 26.1987813985895 ], [ 91.788343988880399, 26.198728195804598 ], [ 91.788218812238796, 26.198689771555902 ], [ 91.788103517963705, 26.198677948707601 ], [ 91.787978341322102, 26.198651347294501 ], [ 91.787866342067403, 26.198574499539799 ], [ 91.787704930082199, 26.198479916626201 ], [ 91.787148223439402, 26.198113407110299 ], [ 91.786917635787404, 26.197986310799099 ], [ 91.786736459069303, 26.197903550335901 ], [ 91.786624458916407, 26.197785321806599 ], [ 91.786489399908305, 26.197690738252099 ], [ 91.786321399678798, 26.197560685738999 ], [ 91.786143517981202, 26.197436544568401 ], [ 91.786074341416196, 26.197386296914001 ], [ 91.785982105995998, 26.197347872222601 ], [ 91.7855538701169, 26.197167571577999 ], [ 91.785343047197898, 26.1970700325747 ], [ 91.785138811624805, 26.196987271460198 ], [ 91.784983987883905, 26.196951802393201 ], [ 91.784956300908505, 26.196940664504201 ], [ 91.784862079313299, 26.196902760368999 ], [ 91.784781123139894, 26.196867650771299 ], [ 91.784716358201194, 26.196834962515499 ], [ 91.784698817696906, 26.196805906280499 ], [ 91.784681277192703, 26.196729633629101 ], [ 91.784690722079603, 26.196665467709099 ], [ 91.7846961191578, 26.196632779396602 ], [ 91.784702865505594, 26.1966037231111 ], [ 91.784689372810007, 26.196554084467301 ], [ 91.784495077095499, 26.1963325299578 ], [ 91.784059781356603, 26.195900103858101 ], [ 91.7837930895151, 26.1956214055358 ], [ 91.783508280450903, 26.195288250389599 ], [ 91.783216312712199, 26.194944612339899 ], [ 91.783026723271504, 26.194726860971699 ], [ 91.7828143830979, 26.194560143999201 ], [ 91.782541374303193, 26.194345794291699 ], [ 91.782492080150305, 26.194250527628402 ], [ 91.782484496572707, 26.1941654680417 ], [ 91.782526206249699, 26.194053189292202 ], [ 91.782598251135497, 26.193937508043199 ], [ 91.782647544390002, 26.193866057802499 ], [ 91.782647544390002, 26.193825229073902 ], [ 91.782624793657106, 26.1937469739708 ], [ 91.782473121206294, 26.193597268409501 ], [ 91.782461745839797, 26.193536024363802 ], [ 91.782473121206294, 26.193484988306199 ], [ 91.782545166092007, 26.193403330567499 ], [ 91.782647544390002, 26.193342087225901 ], [ 91.782696837644593, 26.193270636619999 ], [ 91.782696837644593, 26.1931991859703 ], [ 91.782445062328307, 26.1926392833584 ], [ 91.782248495672803, 26.192221191677699 ], [ 91.782148999170303, 26.191983837084301 ], [ 91.782076197004699, 26.191790033589101 ], [ 91.7820082475383, 26.191570098297198 ], [ 91.781894191141603, 26.190803588566101 ], [ 91.781818961728206, 26.190381135812 ], [ 91.781777706598703, 26.1902766104017 ], [ 91.781709758030701, 26.1902766104017 ], [ 91.781613216985406, 26.190302335091602 ], [ 91.781461356786593, 26.190317200966 ], [ 91.781323300998807, 26.190324633902499 ], [ 91.781251513031194, 26.190312245943499 ], [ 91.781077563259501, 26.190324633902499 ], [ 91.7808456317279, 26.190349410622801 ], [ 91.780688248686801, 26.190371708618599 ], [ 91.780563999106505, 26.190391529503501 ], [ 91.780381766868004, 26.190446037927298 ], [ 91.780265800653098, 26.1904609029773 ], [ 91.780218861882801, 26.190453470049501 ], [ 91.780196773208303, 26.190431172069399 ], [ 91.780136029128798, 26.190312245943499 ], [ 91.780044913009505, 26.190044662320901 ], [ 91.780028346279096, 26.1899604226811 ], [ 91.780009019025698, 26.1897919432189 ], [ 91.780014540969802, 26.18964576326 ], [ 91.780000735660494, 26.189298893050701 ], [ 91.780102895667895, 26.189271638976599 ], [ 91.780180206477894, 26.1892567729688 ], [ 91.780227145248105, 26.189241906959101 ], [ 91.780279605962406, 26.189219607940899 ], [ 91.780318261367299, 26.189184920839601 ], [ 91.7803734835028, 26.189137845644002 ], [ 91.7804287056383, 26.1891031585183 ], [ 91.780461839099203, 26.189058561230699 ], [ 91.780517060336393, 26.188996619943001 ], [ 91.780563999106505, 26.188902468574501 ], [ 91.780588849202303, 26.188820706054901 ], [ 91.780583327258199, 26.1887042562335 ], [ 91.780569521948905, 26.1885927613916 ], [ 91.780539149909202, 26.188513476607401 ], [ 91.780508776971104, 26.1884193248484 ], [ 91.780470122464493, 26.1883202187121 ], [ 91.780387288812094, 26.188144303802702 ], [ 91.780304456058104, 26.187837072571401 ], [ 91.780083568414497, 26.187066512562001 ], [ 91.780061479739999, 26.186992181097001 ], [ 91.780014540969802, 26.186950060987201 ], [ 91.779923424850494, 26.186947583001299 ], [ 91.779812980579607, 26.186955016152801 ], [ 91.779708059151005, 26.186964926483299 ], [ 91.779663880903698, 26.186964926483299 ], [ 91.779594853458903, 26.186955016152801 ], [ 91.779553437531106, 26.186927761530399 ], [ 91.7795147821261, 26.186883162604001 ], [ 91.779476126721093, 26.1868212201597 ], [ 91.7793850106018, 26.186600704758298 ], [ 91.779194494998094, 26.1861125962856 ], [ 91.779150316750702, 26.185991188551 ], [ 91.779128228076203, 26.1858846463238 ], [ 91.779128228076203, 26.185750849101399 ], [ 91.7791779282676, 26.185379190329598 ], [ 91.779158600115906, 26.185327158361702 ], [ 91.779100617457601, 26.185297425337499 ], [ 91.778981889821395, 26.185275125564299 ], [ 91.778849356875995, 26.1852354820501 ], [ 91.778738913503403, 26.185183450017998 ], [ 91.778625708709598, 26.185096728837902 ], [ 91.778592575248695, 26.185019918895399 ], [ 91.778562203208907, 26.184933198399801 ], [ 91.778534591691994, 26.184843999809001 ], [ 91.778479370454903, 26.184767189699901 ], [ 91.778388253437299, 26.184668080456898 ], [ 91.778286093429898, 26.184564015056502 ], [ 91.778244676603705, 26.184484726724602 ], [ 91.778228454826305, 26.184415814022302 ], [ 91.778219826508007, 26.183827347413299 ], [ 91.776416484626296, 26.1836105426251 ], [ 91.7746081508066, 26.1834321860754 ], [ 91.774580464729496, 26.1828923763014 ] ], [ [ 91.767152211289769, 26.184461427104758 ], [ 91.767051457957805, 26.184476372010799 ], [ 91.766294900418799, 26.1845885898578 ], [ 91.767152211289769, 26.184461427104758 ] ], [ [ 91.755947698039506, 26.182114702416101 ], [ 91.755928666331897, 26.182267101548501 ], [ 91.755896574018394, 26.182524079697298 ], [ 91.755947698039506, 26.182114702416101 ] ] ] } },
{ "type": "Feature", "properties": { "cluster_id": "lokhra_zone", "zone_name": "Lokhra Zone", "risk_range": "Very Low/No Risk to Very High", "breakdown_text": "Old Ward 6: Moderate, Old Ward 16: Very Low/No Risk, Old Ward 17: Very High, Old Ward 27: Very Low/No Risk", "breakdown_json": { "6": "Moderate", "16": "Very Low/No Risk", "17": "Very High", "27": "Very Low/No Risk" }, "constituent_wards": [ 10, 20, 21, 22, 23, 24, 25, 26, 27 ], "spatial_disclaimer": "GMC correspondence is zone-level. Internal sub-boundaries redrawn post-2022; historical study classifications cannot be assigned 1:1 to modern wards." }, "geometry": { "type": "Polygon", "coordinates": [ [ [ 91.759318295563105, 26.129186160121701 ], [ 91.759331519662396, 26.129192193626402 ], [ 91.759355828074007, 26.128553267859701 ], [ 91.7594131522672, 26.127829546777999 ], [ 91.759416068198604, 26.127626625402499 ], [ 91.759421900959794, 26.127451196415102 ], [ 91.759435024447797, 26.127384429241001 ], [ 91.759452522731195, 26.1273372984517 ], [ 91.759500642785994, 26.127270531212499 ], [ 91.759665415368701, 26.127061063107899 ], [ 91.759697496004094, 26.126992985913201 ], [ 91.759720826150399, 26.126907889363999 ], [ 91.759748531990397, 26.1267678077756 ], [ 91.759763113444095, 26.126735078091698 ], [ 91.759779152863402, 26.126718058749301 ], [ 91.759820050463404, 26.126699336018 ], [ 91.760147569029499, 26.126664177859499 ], [ 91.760300649140405, 26.1266577853192 ], [ 91.760421688141804, 26.1266673741295 ], [ 91.760524927924095, 26.126712121093501 ], [ 91.7605925683701, 26.1267600651145 ], [ 91.760656647894294, 26.1268367747005 ], [ 91.760717167394901, 26.126926269288301 ], [ 91.760759887676599, 26.1270285488485 ], [ 91.760809727106903, 26.1271468087978 ], [ 91.760888046724901, 26.127424880390901 ], [ 91.760927206983098, 26.127555924922198 ], [ 91.760969927264696, 26.127674185144102 ], [ 91.761016206671499, 26.127731716686501 ], [ 91.761151486665099, 26.1278020331569 ], [ 91.761308125901195, 26.127872349584901 ], [ 91.761457645090402, 26.127926685600801 ], [ 91.761568004919695, 26.1279618433793 ], [ 91.761646324537693, 26.128003394420698 ], [ 91.761710404960198, 26.128060925800899 ], [ 91.761756684367001, 26.128163204367599 ], [ 91.761792284601697, 26.128259090392199 ], [ 91.761842124032, 26.1283837415418 ], [ 91.761895524384002, 26.128537159337501 ], [ 91.761966723955098, 26.1288120306032 ], [ 91.761998764166293, 26.128895131259899 ], [ 91.762084203831407, 26.1289526630074 ], [ 91.762187443613698, 26.1289910166835 ], [ 91.762301362568095, 26.129013390125898 ], [ 91.762411722397403, 26.129013390125898 ], [ 91.762507842132806, 26.1289942128899 ], [ 91.762632442056002, 26.128965447029898 ], [ 91.762714321697501, 26.128930289553399 ], [ 91.762831801573697, 26.1288983274688 ], [ 91.762970640692501, 26.128863169972099 ], [ 91.763077440498293, 26.128828011658399 ], [ 91.763145080045902, 26.1288152268144 ], [ 91.763209160468406, 26.1288184230255 ], [ 91.763283920063003, 26.128853581342199 ], [ 91.763362239681001, 26.128895131259899 ], [ 91.763440559299099, 26.1289910166835 ], [ 91.763561599198795, 26.1290996868428 ], [ 91.763643478840294, 26.129182787294798 ], [ 91.763732478528794, 26.129281868680799 ], [ 91.763796558052903, 26.1293457918249 ], [ 91.763931838046503, 26.129464050234699 ], [ 91.764027957781906, 26.129537561853599 ], [ 91.764216637229197, 26.129633446749999 ], [ 91.764472956224196, 26.129684584952798 ], [ 91.764832515001501, 26.1297229383886 ], [ 91.765046114613099, 26.129726134574899 ], [ 91.765156474442406, 26.1297101544491 ], [ 91.765245474130893, 26.129687781140099 ], [ 91.765373633179195, 26.1296430345094 ], [ 91.765565872650001, 26.129556738194001 ], [ 91.766897308851696, 26.128869562391699 ], [ 91.768218064983003, 26.128201559109499 ], [ 91.769200622477896, 26.127805229395701 ], [ 91.769506615613096, 26.127718267149501 ], [ 91.770385893799698, 26.1274420327066 ], [ 91.770888962935203, 26.127282313716702 ], [ 91.771011449122497, 26.127249584177001 ], [ 91.771043528859593, 26.1272404196461 ], [ 91.771061027143105, 26.127215545639501 ], [ 91.771068317869904, 26.127177579318602 ], [ 91.771069775835599, 26.127143540760201 ], [ 91.771061027143105, 26.127127831273398 ], [ 91.771020723329499, 26.127094891993899 ], [ 91.7709516644437, 26.1270454576517 ], [ 91.770866740411705, 26.127016132389599 ], [ 91.770736087640202, 26.1269926713682 ], [ 91.7706241000636, 26.126982617219301 ], [ 91.770480383092902, 26.126979266105 ], [ 91.770359996268397, 26.126979266105 ], [ 91.770286271532996, 26.1269809412589 ], [ 91.770240542793502, 26.1269809412589 ], [ 91.7702401385516, 26.126961427367899 ], [ 91.770200979191799, 26.126660981589399 ], [ 91.770015859767895, 26.125660554437399 ], [ 91.769912619985504, 26.125203487035002 ], [ 91.770660217727894, 26.1251139911273 ], [ 91.771304575687907, 26.125030887780799 ], [ 91.7712440561873, 26.124663315042799 ], [ 91.771080296005906, 26.123582962759301 ], [ 91.770980617145398, 26.122684791805501 ], [ 91.770841777128297, 26.121930451208399 ], [ 91.770713617181698, 26.121249622575601 ], [ 91.770624617493198, 26.1212528189937 ], [ 91.770492898421395, 26.121259211829699 ], [ 91.770368298498298, 26.121249622575601 ], [ 91.770325579114896, 26.1211633200598 ], [ 91.770293538903701, 26.1208820379413 ], [ 91.770158258910101, 26.120325862946999 ], [ 91.769460501496297, 26.120354630934301 ], [ 91.769442701379006, 26.120322666503501 ], [ 91.769414221191198, 26.120261934867401 ], [ 91.769346581643504, 26.1200733460626 ], [ 91.769271822049006, 26.119919917958601 ], [ 91.7691151819146, 26.119661007273901 ], [ 91.768930062490696, 26.119472418305801 ], [ 91.768709343730393, 26.119366935660999 ], [ 91.768507981867899, 26.1193187893813 ], [ 91.768168670218799, 26.1192238945642 ], [ 91.767823796201498, 26.119153972187899 ], [ 91.767517859660103, 26.119163961677501 ], [ 91.767256422962902, 26.119183939040902 ], [ 91.767033923741806, 26.1192288889028 ], [ 91.766661236984902, 26.119298811234302 ], [ 91.766004864058004, 26.119418677645299 ], [ 91.764870117580998, 26.1196284441735 ], [ 91.764580868144293, 26.1196683995448 ], [ 91.764302744342501, 26.1196284441735 ], [ 91.764113620229097, 26.1196184547237 ], [ 91.763974557429805, 26.119293816898701 ], [ 91.763818808424205, 26.118844316944902 ], [ 91.763490621511593, 26.1179453102372 ], [ 91.763384934718403, 26.117735541494099 ], [ 91.763251435185694, 26.1176256621712 ], [ 91.763140185125906, 26.1175956957252 ], [ 91.763078998176994, 26.117545750018099 ], [ 91.762984436120306, 26.117460843396401 ], [ 91.762678499578897, 26.1157976569895 ], [ 91.762483812198994, 26.115288207907302 ], [ 91.762383687774005, 26.115118391322 ], [ 91.762339187929797, 26.115013504057199 ], [ 91.762339187929797, 26.114898627651598 ], [ 91.762355875034501, 26.114788746468101 ], [ 91.762328063193294, 26.114504051556999 ], [ 91.762269892787103, 26.114106629200801 ], [ 91.762290397731803, 26.114053437797399 ], [ 91.762313181702297, 26.113994109640501 ], [ 91.762351914362398, 26.113934780646801 ], [ 91.762399761329405, 26.1138263528868 ], [ 91.762490068964894, 26.113267512310699 ], [ 91.762546062753202, 26.113116677432402 ], [ 91.762588867476495, 26.113093947645702 ], [ 91.762648105979594, 26.113063259724399 ], [ 91.762700509201693, 26.1129180056056 ], [ 91.762796201339, 26.112623405625499 ], [ 91.762891893476393, 26.112291979155401 ], [ 91.762964802541504, 26.111974872642701 ], [ 91.762995879758705, 26.1114991709291 ], [ 91.763122740741494, 26.110730579856799 ], [ 91.763162111205403, 26.110454305254098 ], [ 91.763108159287796, 26.110268375445099 ], [ 91.763041082983804, 26.110155769912598 ], [ 91.762934636215903, 26.110119108035502 ], [ 91.762915679966795, 26.110058876862102 ], [ 91.762925887523295, 26.109857234615401 ], [ 91.763204923115197, 26.1086642602883 ], [ 91.763294512996794, 26.108346935818201 ], [ 91.763365853603403, 26.108005773784601 ], [ 91.763354240183403, 26.107947671903698 ], [ 91.763334330821806, 26.1079148966157 ], [ 91.763297831373507, 26.1078821213185 ], [ 91.763274604533507, 26.1078523249992 ], [ 91.763253035983496, 26.1078106111074 ], [ 91.763241422563496, 26.1077644267003 ], [ 91.763293994668899, 26.1071468119559 ], [ 91.763361394366299, 26.1063274165477 ], [ 91.763330287504701, 26.105738473030002 ], [ 91.763374356157598, 26.105531294390101 ], [ 91.763475456152904, 26.105000543004699 ], [ 91.7635298949575, 26.104791034982199 ], [ 91.763641363307798, 26.104472117291699 ], [ 91.763682840321096, 26.104136902922001 ], [ 91.7637295024102, 26.103689949471999 ], [ 91.763724317334393, 26.1035363086778 ], [ 91.763750240916906, 26.1033966346866 ], [ 91.763776163600994, 26.1032546332296 ], [ 91.763809863898899, 26.103133582961998 ], [ 91.763903186280501, 26.103003220126499 ], [ 91.763952440009206, 26.102893808550402 ], [ 91.763975771053794, 26.102798364755198 ], [ 91.763955032547102, 26.102737839400898 ], [ 91.763895409565094, 26.102661018000099 ], [ 91.763859117627604, 26.102607476124199 ], [ 91.7637969021077, 26.1025655740149 ], [ 91.763703578827702, 26.1025446225512 ], [ 91.763641363307798, 26.102514359409 ], [ 91.763599887192797, 26.102474785387599 ], [ 91.763573963610298, 26.102435210546101 ], [ 91.763566186894906, 26.1023770131271 ], [ 91.763579148686105, 26.102309503181299 ], [ 91.7627599803685, 26.101871854473501 ], [ 91.762347803671702, 26.101660013514799 ], [ 91.762070426369803, 26.101566896045099 ], [ 91.760706874498396, 26.1011176046241 ], [ 91.7603854285437, 26.1010105194344 ], [ 91.760146936615499, 26.1009825840462 ], [ 91.759828083198698, 26.1009453368514 ], [ 91.758692653103694, 26.1008289396949 ], [ 91.758078277314596, 26.1008010042633 ], [ 91.757850153741501, 26.100859203273298 ], [ 91.757663508079901, 26.100870842426499 ], [ 91.757023208708404, 26.100970944097401 ], [ 91.756165155915298, 26.101050094758001 ], [ 91.755693356236506, 26.101085013770401 ], [ 91.755361541028407, 26.101080357472402 ], [ 91.754721241656796, 26.101003535789602 ], [ 91.753899480801195, 26.100926713249599 ], [ 91.753051797261406, 26.100794020605999 ], [ 91.752655174893803, 26.100740477875298 ], [ 91.752390759383204, 26.100675295141802 ], [ 91.752196337006296, 26.100619424198499 ], [ 91.751983767762297, 26.100542602213 ], [ 91.751535299128093, 26.1003773172759 ], [ 91.750127677705393, 26.099897758272199 ], [ 91.749401831769305, 26.099627714143701 ], [ 91.748852263139696, 26.099420524677502 ], [ 91.748536002260806, 26.099339045537199 ], [ 91.7480771643732, 26.099273862022599 ], [ 91.747649433347306, 26.099245926219599 ], [ 91.746988395469103, 26.0992598945253 ], [ 91.746620288323498, 26.0992808457707 ], [ 91.746431050124102, 26.099301797818999 ], [ 91.746285881475899, 26.0993599975751 ], [ 91.7460733122319, 26.099455444176499 ], [ 91.745889258209999, 26.099557875238201 ], [ 91.745531520317698, 26.099732472423799 ], [ 91.745365613162804, 26.0998465433047 ], [ 91.745285251674204, 26.1002772159035 ], [ 91.7452654851446, 26.1008874291051 ], [ 91.745362696333103, 26.101473051663099 ], [ 91.745670532811303, 26.102469692723002 ], [ 91.746083681485203, 26.103695477694099 ], [ 91.746306457387504, 26.1042556248719 ], [ 91.746525183684398, 26.104590256478101 ], [ 91.746727707068601, 26.104892151325298 ], [ 91.746865423293201, 26.105139486651201 ], [ 91.746970735488901, 26.1052740660182 ], [ 91.747100350706305, 26.105412282525901 ], [ 91.747246167938201, 26.1055323124124 ], [ 91.747509448876599, 26.105699626911701 ], [ 91.747643114597594, 26.1058051073706 ], [ 91.747740326684394, 26.105866940365001 ], [ 91.747837537872897, 26.1059542350873 ], [ 91.747938799564906, 26.106026979832802 ], [ 91.748019809637299, 26.106110636355101 ], [ 91.748104869314901, 26.106172469994601 ], [ 91.7482749895685, 26.106227028254398 ], [ 91.748388402771397, 26.106281587295499 ], [ 91.748489664463506, 26.106339782771201 ], [ 91.748574724141093, 26.106401616289599 ], [ 91.748789399934495, 26.106503458853599 ], [ 91.749129639543298, 26.106645311165298 ], [ 91.749121538536002, 26.106838084026801 ], [ 91.749137740550495, 26.107049043601901 ], [ 91.749174195083, 26.107187257204799 ], [ 91.749267355767898, 26.1073363831586 ], [ 91.749372668861895, 26.1074818716911 ], [ 91.749473930554004, 26.1076346344957 ], [ 91.749510385086495, 26.107791033515699 ], [ 91.749506334582904, 26.1079983541564 ], [ 91.749461779043202, 26.1081765759494 ], [ 91.749340264832995, 26.108653046210001 ], [ 91.749295709293193, 26.1086821437646 ], [ 91.749105337419905, 26.108638497429901 ], [ 91.748850156590393, 26.108609400671099 ], [ 91.748493714967097, 26.1085330195273 ], [ 91.748064364278704, 26.1084057183166 ], [ 91.747517549883796, 26.1082020364139 ], [ 91.747100350706305, 26.1080310882814 ], [ 91.746671000916294, 26.107914698178 ], [ 91.746120136017694, 26.1078346801668 ], [ 91.745787996517905, 26.1078346801668 ], [ 91.745322192195303, 26.1078710523635 ], [ 91.744892841506896, 26.1079547075664 ], [ 91.744151603836698, 26.108096558117399 ], [ 91.743758707680897, 26.108151116286098 ], [ 91.743560234800398, 26.108198399205001 ], [ 91.743426569079404, 26.108271143360898 ], [ 91.7431673377462, 26.1084020811141 ], [ 91.7429243093259, 26.108496648343099 ], [ 91.742762290079597, 26.1085366567257 ], [ 91.742584069717097, 26.1085366567257 ], [ 91.742302966203397, 26.108538693524501 ], [ 91.742040495545396, 26.108509887136002 ], [ 91.741791148375398, 26.108470605539001 ], [ 91.7415111794339, 26.108444418338099 ], [ 91.741250166741594, 26.108448346741302 ], [ 91.7411626762228, 26.1084548935419 ], [ 91.741098516748593, 26.108466677943198 ], [ 91.741040190035505, 26.108488937544099 ], [ 91.740984779253793, 26.108515124735 ], [ 91.740913329052802, 26.1085413127268 ], [ 91.740610029066801, 26.1085688099101 ], [ 91.740292147627102, 26.108579284295999 ], [ 91.740217781494593, 26.108574047506501 ], [ 91.740150705190601, 26.108553097119501 ], [ 91.740069047432996, 26.1085360751289 ], [ 91.739980098948493, 26.1085059595415 ], [ 91.739896983225194, 26.108486318340699 ], [ 91.739810951570405, 26.108479771541901 ], [ 91.739691381314501, 26.108478462343498 ], [ 91.7395776438198, 26.1084823899388 ], [ 91.739471151237794, 26.108482553689502 ], [ 91.739481831308197, 26.108313126511 ], [ 91.739075993124104, 26.108297143456699 ], [ 91.738940713130503, 26.108319520054799 ], [ 91.738919352989697, 26.108373865162701 ], [ 91.738894433723701, 26.108453783586501 ], [ 91.738883753653298, 26.1085273084237 ], [ 91.738851713442003, 26.108546489018799 ], [ 91.738566914259295, 26.108572062334101 ], [ 91.737584357662797, 26.108559275273802 ], [ 91.736861679186404, 26.108466570658301 ], [ 91.736601800167904, 26.1084058320548 ], [ 91.7363312410791, 26.108309929739001 ], [ 91.736188841936894, 26.108255585407999 ], [ 91.736103401373597, 26.108175666848702 ], [ 91.736014401685097, 26.108079764344101 ], [ 91.735469723484002, 26.107491561294101 ], [ 91.735273923989695, 26.1072645910887 ], [ 91.735177804254306, 26.107155900623098 ], [ 91.735103044659695, 26.107028030021901 ], [ 91.734566910335204, 26.106009020929999 ], [ 91.734124902384494, 26.105260199265299 ], [ 91.734036044629903, 26.105096521442601 ], [ 91.733988198561207, 26.1049880846783 ], [ 91.7339585793097, 26.104883740091999 ], [ 91.733947187773495, 26.104771211654501 ], [ 91.733931239084001, 26.103975324133401 ], [ 91.733837824175893, 26.1039159908618 ], [ 91.733582644244706, 26.1037482188393 ], [ 91.733497489345694, 26.103696941023198 ], [ 91.733009771520003, 26.103217410152499 ], [ 91.732138143386393, 26.1023753489143 ], [ 91.731497914981702, 26.101874072895701 ], [ 91.731185774674998, 26.101726759083899 ], [ 91.731062741413695, 26.101685838413299 ], [ 91.730787056537807, 26.101681746829499 ], [ 91.730618455335403, 26.1016981147773 ], [ 91.730438461698597, 26.101751311802101 ], [ 91.730329098999206, 26.1017942782399 ], [ 91.730231127836007, 26.1018454286252 ], [ 91.730185560793203, 26.101872027107099 ], [ 91.730124044162594, 26.101945684347999 ], [ 91.730003289028801, 26.102066399452301 ], [ 91.729964556368699, 26.102142102354701 ], [ 91.729921266555195, 26.102277140148001 ], [ 91.729841523107396, 26.102524708493 ], [ 91.729754944378698, 26.102721125527101 ], [ 91.729691148722097, 26.102890943987301 ], [ 91.729661530368901, 26.1030382571393 ], [ 91.729634189244905, 26.103132372926598 ], [ 91.729675200032602, 26.1037502654018 ], [ 91.729663808496397, 26.103793231105101 ], [ 91.729636467372501, 26.103805507247898 ], [ 91.729595456584804, 26.103815736828199 ], [ 91.728446977562001, 26.103805035336801 ], [ 91.728417385259903, 26.105049208228898 ], [ 91.727445507835498, 26.105039617644898 ], [ 91.726758857191896, 26.104945119414001 ], [ 91.725362202402295, 26.104902154133999 ], [ 91.724676406056503, 26.104865326853702 ], [ 91.724063517877497, 26.1048305452988 ], [ 91.723254688270401, 26.104834636772502 ], [ 91.723083808940402, 26.104846912806 ], [ 91.722737493126999, 26.104873510605199 ], [ 91.722475477914799, 26.1048960161203 ], [ 91.722338774091497, 26.104904199869601 ], [ 91.722117770565305, 26.1049226139083 ], [ 91.721689432278296, 26.1050146824454 ], [ 91.721402354968006, 26.105069923694099 ], [ 91.721320332494301, 26.1050883377068 ], [ 91.721256537736096, 26.1050883377068 ], [ 91.721210969794996, 26.105082199702899 ], [ 91.721138061628196, 26.105061739956501 ], [ 91.721008193085893, 26.10500445297 ], [ 91.7207689618443, 26.104926706185399 ], [ 91.720506946632099, 26.104865326853702 ], [ 91.720285942207596, 26.104842820525999 ], [ 91.719633391612206, 26.1048274073191 ], [ 91.719566360223993, 26.104811973136499 ], [ 91.719214358973204, 26.104834198746001 ], [ 91.718511904268794, 26.105001042337999 ], [ 91.718099403280206, 26.105058920620401 ], [ 91.717506433446005, 26.105313585045 ], [ 91.717252917194699, 26.105336736622199 ], [ 91.717132604032102, 26.105344453275801 ], [ 91.717076744092793, 26.105325160834202 ], [ 91.717055259984406, 26.105247990229302 ], [ 91.716943541004099, 26.104811973136499 ], [ 91.716866196956502, 26.104530297534399 ], [ 91.7168017437332, 26.104244762891 ], [ 91.716685728110804, 26.1027167548637 ], [ 91.716582602414505, 26.101655625870901 ], [ 91.716518149191202, 26.101296769453501 ], [ 91.716475180076202, 26.1011347043315 ], [ 91.716436508501602, 26.100914759486901 ], [ 91.716432211859598, 26.100802857267801 ], [ 91.716449399325896, 26.100625356726301 ], [ 91.716462290150204, 26.100494160991701 ], [ 91.716475180076202, 26.100339812548 ], [ 91.716500961724904, 26.1000774202911 ], [ 91.716513852549198, 26.0998999186485 ], [ 91.716505258366894, 26.099730134567299 ], [ 91.716346273629597, 26.097700425140001 ], [ 91.716333382805203, 26.095689973718301 ], [ 91.716286117048298, 26.095226909563799 ], [ 91.716225961365296, 26.094817867444299 ], [ 91.716152913959604, 26.0945863330634 ], [ 91.716032600797007, 26.094401105712699 ], [ 91.715886506884004, 26.094212019374901 ], [ 91.715757600437399, 26.094080816446699 ], [ 91.715559944125403, 26.093961190285398 ], [ 91.715353692732805, 26.0938492814137 ], [ 91.715151739778804, 26.0937875380693 ], [ 91.714795097831299, 26.093814550635201 ], [ 91.714318143619394, 26.0938492814137 ], [ 91.713862673515806, 26.093891729591199 ], [ 91.7132611094993, 26.093918742133098 ], [ 91.712483373279099, 26.094042227037502 ], [ 91.711941965843906, 26.094138700133399 ], [ 91.711662667943997, 26.094196583791401 ], [ 91.711503683206701, 26.0942506087281 ], [ 91.711396260868398, 26.094296915451199 ], [ 91.710528290674503, 26.094655793345101 ], [ 91.710218914483903, 26.094759984093798 ], [ 91.709931023300001, 26.094798572459499 ], [ 91.709711881981406, 26.094837161619299 ], [ 91.709509928129094, 26.094864173942799 ], [ 91.709372428398495, 26.094937492729699 ], [ 91.709234927769501, 26.095018529612201 ], [ 91.708985708160199, 26.095203755985299 ], [ 91.708891176646304, 26.095292510000199 ], [ 91.708873989179907, 26.0953581112066 ], [ 91.708895473288194, 26.0954468651044 ], [ 91.708938442403195, 26.0955356189349 ], [ 91.709032973917203, 26.095774868722 ], [ 91.709393912506798, 26.096577509568601 ], [ 91.709432584081497, 26.096766592082801 ], [ 91.709492740662796, 26.0970560035848 ], [ 91.709518522311399, 26.097310685436799 ], [ 91.709561491426399, 26.097727435995601 ], [ 91.709617350467397, 26.0982869607327 ], [ 91.709604459643103, 26.099220781651599 ], [ 91.709604459643103, 26.099336543909399 ], [ 91.709634537933795, 26.099448447531401 ], [ 91.709716178623395, 26.099629807567801 ], [ 91.7097677419207, 26.0997918747751 ], [ 91.709793522671006, 26.099926929803001 ], [ 91.709802116853396, 26.1003822583702 ], [ 91.709789226029002, 26.100447856721999 ], [ 91.709772038562704, 26.100486444017999 ], [ 91.709720476163696, 26.100540465243 ], [ 91.709686100332704, 26.100594487249801 ], [ 91.709660319582397, 26.100660085482598 ], [ 91.709668912866405, 26.100744976879 ], [ 91.709668912866405, 26.1008260097381 ], [ 91.709698991157097, 26.100972639791699 ], [ 91.709740584951305, 26.1012131933844 ], [ 91.709830345512799, 26.101837495545301 ], [ 91.709860265700001, 26.102060346799799 ], [ 91.709869065596493, 26.102191528676901 ], [ 91.709867305796905, 26.102257910122699 ], [ 91.709854985402799, 26.1023069056202 ], [ 91.709840905209006, 26.1023622231709 ], [ 91.709821545616407, 26.102406476869898 ], [ 91.709802185125298, 26.102433345466999 ], [ 91.709789865629503, 26.102466536125998 ], [ 91.709812745719802, 26.102498145654 ], [ 91.709835625810101, 26.1025250142301 ], [ 91.709853225603197, 26.1025487213651 ], [ 91.709881385990698, 26.102586653739099 ], [ 91.709893705486493, 26.102640390844499 ], [ 91.709928905970898, 26.1030291923528 ], [ 91.709946505763895, 26.1033105190477 ], [ 91.7099781857507, 26.103588684465599 ], [ 91.709992265944507, 26.103715123733199 ], [ 91.7100028256407, 26.103809952085701 ], [ 91.710015146034806, 26.1039126834538 ], [ 91.710032745827803, 26.104050185235302 ], [ 91.710090826402507, 26.104442143440199 ], [ 91.710199946556699, 26.105120163522098 ], [ 91.710206986653603, 26.1051723191846 ], [ 91.710219306149398, 26.105194445504399 ], [ 91.7102492263366, 26.105216571820101 ], [ 91.710272106426899, 26.1052371178538 ], [ 91.710287946420294, 26.105265566078 ], [ 91.7102967463168, 26.1053050778476 ], [ 91.710312586310195, 26.1053825202642 ], [ 91.710338986898094, 26.106095305595598 ], [ 91.7104234671623, 26.106926619480099 ], [ 91.710486827135995, 26.107452904516801 ], [ 91.710588907193298, 26.1074781917069 ], [ 91.710627627277006, 26.108099299134601 ], [ 91.710664587560998, 26.108650865828999 ], [ 91.710715628038798, 26.109755570821399 ], [ 91.710676907955204, 26.109847233844 ], [ 91.7106417074707, 26.109916771372699 ], [ 91.710595947290201, 26.1099799880053 ], [ 91.710516747323098, 26.1100637489827 ], [ 91.710435786658195, 26.110120643075401 ], [ 91.710316106807795, 26.110191760652398 ], [ 91.710210506252906, 26.110229690546898 ], [ 91.710078506008401, 26.110285004349301 ], [ 91.709976425951098, 26.1103197729886 ], [ 91.7098831457903, 26.110349800184899 ], [ 91.709819785816705, 26.1103577020349 ], [ 91.709678984777398, 26.110360862452101 ], [ 91.709520584843304, 26.1103577020349 ], [ 91.709402663894295, 26.110367184092901 ], [ 91.709309383733498, 26.110384568804999 ], [ 91.709244263960201, 26.110420917622498 ], [ 91.709200263579305, 26.110471489906601 ], [ 91.709121063612301, 26.1105505099138 ], [ 91.708842982929596, 26.1108002112367 ], [ 91.708781382755603, 26.1108539445672 ], [ 91.708753222368102, 26.1108997752536 ], [ 91.708737382374693, 26.110926641899098 ], [ 91.708728582478102, 26.110953508538302 ], [ 91.708733862775404, 26.110996178785701 ], [ 91.708703942588201, 26.1112648439344 ], [ 91.708615942724705, 26.1111779226161 ], [ 91.708454022292997, 26.1109977589857 ], [ 91.708438182299602, 26.1104446239632 ], [ 91.708402981815198, 26.110003693628801 ], [ 91.708422341407896, 26.109689194438701 ], [ 91.708339621841603, 26.109633880354401 ], [ 91.7082340212867, 26.1095833069013 ], [ 91.708163621216201, 26.109550119069102 ], [ 91.708036901268997, 26.1095137691742 ], [ 91.707964740500501, 26.109499545579801 ], [ 91.707929540914407, 26.109493223891999 ], [ 91.707709539907995, 26.109501125800001 ], [ 91.707618019546899, 26.109510608734102 ], [ 91.707591619857297, 26.109505867267099 ], [ 91.707493829255498, 26.109489075309501 ], [ 91.707238078894093, 26.109494014405499 ], [ 91.707117078520298, 26.109494014405499 ], [ 91.7069300780242, 26.109501422645799 ], [ 91.706803578164198, 26.109498953501301 ], [ 91.706677077405899, 26.1095236465572 ], [ 91.7066303272819, 26.109543402127599 ], [ 91.7066303272819, 26.109577973359201 ], [ 91.705904325038901, 26.109642177508999 ], [ 91.705060073063606, 26.109642177508999 ], [ 91.704977572686204, 26.110173092544699 ], [ 91.705040823065303, 26.111689273903998 ], [ 91.705024322810203, 26.111736191601299 ], [ 91.704950073458704, 26.1116868048057 ], [ 91.704862072696798, 26.111607785566601 ], [ 91.704699822583507, 26.111516420765199 ], [ 91.704617322206104, 26.1114917273235 ], [ 91.704556822468405, 26.111518889867099 ], [ 91.704515571830498, 26.1115633377253 ], [ 91.704441321580703, 26.111649764291901 ], [ 91.704394571456703, 26.111733721697401 ], [ 91.704356071460197, 26.1118547195031 ], [ 91.704347821332703, 26.1119139834089 ], [ 91.704334071718904, 26.112020164061398 ], [ 91.704287321594904, 26.112057204457798 ], [ 91.704243321213994, 26.112062142638699 ], [ 91.704185571219298, 26.112030042039301 ], [ 91.704144320581506, 26.1119880634506 ], [ 91.704056320717896, 26.1119139834089 ], [ 91.703979320724997, 26.1118349643234 ], [ 91.703910569961394, 26.1117929856646 ], [ 91.703844569839205, 26.111746068796599 ], [ 91.703748319848003, 26.111726313598599 ], [ 91.703627319474194, 26.111743599699501 ], [ 91.703456819233296, 26.111778170280601 ], [ 91.703258818866601, 26.111805332757498 ], [ 91.703135068749702, 26.1117979246632 ], [ 91.703044318244693, 26.1117757003775 ], [ 91.702895817745102, 26.111731252600102 ], [ 91.7027363173748, 26.1116818658023 ], [ 91.702598816745805, 26.111652234197599 ], [ 91.702441551383998, 26.111649147218799 ], [ 91.702304050755004, 26.1116722975414 ], [ 91.7021536593018, 26.111726313598599 ], [ 91.702041940321394, 26.1117841893582 ], [ 91.701930221341101, 26.111830489138701 ], [ 91.701775534144105, 26.1118922221508 ], [ 91.701706783380502, 26.1118922221508 ], [ 91.701612251866493, 26.111880647011802 ], [ 91.701556392825594, 26.111842064282602 ], [ 91.701504829528204, 26.1117841893582 ], [ 91.701453267129196, 26.1116645804988 ], [ 91.701453267129196, 26.111525680098602 ], [ 91.701448970487206, 26.111352054769601 ], [ 91.701427486378904, 26.111186145450699 ], [ 91.701337251506899, 26.111004803337899 ], [ 91.701281391567605, 26.110939210908601 ], [ 91.701191157593996, 26.1108929107751 ], [ 91.701057953607005, 26.110854326913199 ], [ 91.700877484761406, 26.110827318282901 ], [ 91.700795844071706, 26.110823460137102 ], [ 91.700666937625101, 26.110808026746099 ], [ 91.700585296037104, 26.1107617265606 ], [ 91.700490764523096, 26.1106845587375 ], [ 91.700400530549501, 26.110576524828801 ], [ 91.700293108211199, 26.110468490013702 ], [ 91.700138420115906, 26.110364314066398 ], [ 91.699992326202903, 26.110318012898599 ], [ 91.699717325843295, 26.1102948631145 ], [ 91.6995368560993, 26.110267854355001 ], [ 91.699450918767695, 26.110267854355001 ], [ 91.699399355470305, 26.110310296573299 ], [ 91.699364980537695, 26.1103836056765 ], [ 91.699377871362003, 26.1104762071352 ], [ 91.699382168004007, 26.110572665868101 ], [ 91.699412246294699, 26.1106536919166 ], [ 91.699446621227295, 26.110730858953499 ], [ 91.699485293700306, 26.110854326913199 ], [ 91.699485293700306, 26.110973936601599 ], [ 91.699446621227295, 26.1110433863435 ], [ 91.699390762186397, 26.111128270201601 ], [ 91.699304823956396, 26.1111938625249 ], [ 91.699205995800398, 26.111197720658399 ], [ 91.699137245935106, 26.1111552787623 ], [ 91.699051307705105, 26.1110781120056 ], [ 91.6989224012585, 26.110939210908601 ], [ 91.698888026325804, 26.110862044009199 ], [ 91.698793494811795, 26.110734717909001 ], [ 91.698681775831503, 26.110649833765098 ], [ 91.698582947675504, 26.110611249822998 ], [ 91.6984927128035, 26.110611249822998 ], [ 91.698419666296203, 26.110626683240099 ], [ 91.698359509714905, 26.110649833765098 ], [ 91.698252087376602, 26.1107154255502 ], [ 91.698161852504597, 26.110757867606001 ], [ 91.698114586747593, 26.110788735206 ], [ 91.698015758591694, 26.110827318282901 ], [ 91.697955602010296, 26.110850468768302 ], [ 91.697882555503, 26.110865902153702 ], [ 91.697788023989006, 26.110873618442401 ], [ 91.697633335893798, 26.110819601991199 ], [ 91.697482944440395, 26.110727000804498 ], [ 91.6973884129265, 26.110634400351099 ], [ 91.697302475594796, 26.1104839234496 ], [ 91.697199349898497, 26.110298721277701 ], [ 91.697031771877207, 26.110163678228901 ], [ 91.696967318653904, 26.110051784861 ], [ 91.696980209478198, 26.1099746165692 ], [ 91.697079037634197, 26.109901307209501 ], [ 91.697276693946193, 26.109766263701601 ], [ 91.697379819642507, 26.109665945312699 ], [ 91.697401303750794, 26.109623502860401 ], [ 91.697401303750794, 26.1095501924739 ], [ 91.697392710466801, 26.109484600035 ], [ 91.697276693946193, 26.109419006752699 ], [ 91.697070443451906, 26.109395856790499 ], [ 91.696847005491307, 26.109388139597701 ], [ 91.696365754637398, 26.109384281404399 ], [ 91.6961208316701, 26.109357272434501 ], [ 91.695996221865499, 26.109318688065802 ], [ 91.695931768642097, 26.109276245487401 ], [ 91.695901690351505, 26.109218369292801 ], [ 91.695863018776805, 26.109152775861102 ], [ 91.695871612959195, 26.109083324996 ], [ 91.695871612959195, 26.1090061560649 ], [ 91.695897393709501, 26.1089444215288 ], [ 91.695923175358104, 26.1089096952328 ], [ 91.695983331939402, 26.108828668782198 ], [ 91.696056378446798, 26.1087437832544 ], [ 91.696116535028096, 26.1087051986832 ], [ 91.696155206602796, 26.108682047773001 ], [ 91.696228254008403, 26.108624171284202 ], [ 91.696348567171, 26.108539285607801 ], [ 91.696438801144694, 26.108438966165998 ], [ 91.6964688794354, 26.108369514070301 ], [ 91.6964688794354, 26.1082267515234 ], [ 91.696460286151293, 26.108099422553 ], [ 91.696400129569994, 26.108014536495698 ], [ 91.696301301413996, 26.107921933893699 ], [ 91.696189582433703, 26.107867915272099 ], [ 91.696034894338396, 26.107821613922201 ], [ 91.695811456377797, 26.1077868872928 ], [ 91.695549345944201, 26.107756019706802 ], [ 91.695360282916297, 26.107713576561199 ], [ 91.695184110712603, 26.107694284510501 ], [ 91.695055204265998, 26.107686567205398 ], [ 91.694883328704407, 26.1077753117473 ], [ 91.694754422257702, 26.1078601979784 ], [ 91.694677078210105, 26.107933509424601 ], [ 91.694565359229799, 26.108053121294802 ], [ 91.694492311824106, 26.108134149089601 ], [ 91.694324733802802, 26.108307779197901 ], [ 91.694230202288793, 26.108215176021599 ], [ 91.6941184833085, 26.1081765920826 ], [ 91.694002466787893, 26.108110998066401 ], [ 91.693912232814199, 26.108033829300201 ], [ 91.693813403759904, 26.107918075652002 ], [ 91.693697388137593, 26.107802321082701 ], [ 91.693559887508698, 26.107663416900198 ], [ 91.693439575244298, 26.107505218857401 ], [ 91.693357934554697, 26.107312295443499 ], [ 91.693323559622002, 26.107177248138299 ], [ 91.693254808858399, 26.107080786603898 ], [ 91.693147386520096, 26.1070769275278 ], [ 91.692975511856801, 26.1070846448733 ], [ 91.692833714585802, 26.107100078755899 ], [ 91.692653244841793, 26.1071348047826 ], [ 91.692399728590601, 26.107146380391502 ], [ 91.692288009610294, 26.107107796099701 ], [ 91.692214962204602, 26.107057635372101 ], [ 91.692189181454296, 26.106949597305199 ], [ 91.692189181454296, 26.106853135582899 ], [ 91.692262227961606, 26.106718087747399 ], [ 91.692322384542905, 26.106579181470099 ], [ 91.692373947840295, 26.106366963451801 ], [ 91.692399728590601, 26.106208764461499 ], [ 91.692322384542905, 26.106081433293401 ], [ 91.692232150569296, 26.105950243679999 ], [ 91.692043087541293, 26.105815195608301 ], [ 91.691841133688996, 26.105799760749399 ], [ 91.691750898817006, 26.105853780326601 ], [ 91.691677852309795, 26.105915517301401 ], [ 91.691475898457398, 26.106096867308501 ], [ 91.691239569672504, 26.106239632455999 ], [ 91.691033319178203, 26.106316803213101 ], [ 91.690822771143601, 26.106359246865701 ], [ 91.690693864696996, 26.106359246865701 ], [ 91.6906165206493, 26.106324519801898 ], [ 91.690573552432696, 26.1062203401621 ], [ 91.690552067425998, 26.106108443020101 ], [ 91.690526286675706, 26.105892365838901 ], [ 91.690474724276697, 26.105741882833801 ], [ 91.690388786046697, 26.1056878640116 ], [ 91.690246988775698, 26.1056840048895 ], [ 91.689666908867594, 26.105768892638899 ], [ 91.689495034204199, 26.1057650343262 ], [ 91.689413392616203, 26.1057303078926 ], [ 91.689323158642594, 26.105676288258302 ], [ 91.689250111237001, 26.105614551157199 ], [ 91.689177064729606, 26.1054447753727 ], [ 91.6890438607427, 26.105066638099 ], [ 91.688975110877394, 26.1049007198603 ], [ 91.688897766829697, 26.1048582756782 ], [ 91.6887774536671, 26.104846699842799 ], [ 91.688523937415795, 26.104835124813 ], [ 91.688180187190895, 26.1048544173354 ], [ 91.687814951060901, 26.104873709854701 ], [ 91.687681747972306, 26.104943164027102 ], [ 91.687432528363004, 26.105101364729698 ], [ 91.687286434450101, 26.105232556102202 ], [ 91.687209090402405, 26.1052981509266 ], [ 91.687140340537098, 26.105336736622199 ], [ 91.687097371422098, 26.105340594948999 ], [ 91.687015730732398, 26.105321302506798 ], [ 91.686977059157797, 26.105294292598298 ], [ 91.686916902576399, 26.1052094045044 ], [ 91.686805183596206, 26.105163102101699 ], [ 91.6867321361905, 26.105205546173199 ], [ 91.686714948724202, 26.105267282683599 ], [ 91.686603229743895, 26.1054486345027 ], [ 91.686482916581198, 26.105556673149898 ], [ 91.686332526026305, 26.105556673149898 ], [ 91.686212212863595, 26.105533522422999 ], [ 91.686061822308602, 26.1054717852465 ], [ 91.685993071544999, 26.105429341271599 ], [ 91.685889946746997, 26.105379180630599 ], [ 91.685752446118101, 26.105375322305001 ], [ 91.685675102070405, 26.105402332194799 ], [ 91.685627836313401, 26.105452492825901 ], [ 91.685580570556496, 26.105545098190301 ], [ 91.685524711515399, 26.1056184102816 ], [ 91.685455960751796, 26.105714873022499 ], [ 91.685408694994806, 26.105776610070599 ], [ 91.685331351845505, 26.1058036198677 ], [ 91.685236820331497, 26.105772751758099 ], [ 91.685180960392202, 26.105714873022499 ], [ 91.685112210526896, 26.1055914004417 ], [ 91.685030569837195, 26.105394614738401 ], [ 91.684966115715596, 26.105267282683599 ], [ 91.684914553316602, 26.105136092156702 ], [ 91.684824318444598, 26.1050203356398 ], [ 91.684656740423307, 26.104958598192301 ], [ 91.684523536436402, 26.104962457338399 ], [ 91.684446193287002, 26.1050087598205 ], [ 91.684429005820704, 26.105082072247999 ], [ 91.684416114996395, 26.1051746770991 ], [ 91.684368849239405, 26.105282716806101 ], [ 91.684291505191695, 26.105437058725801 ], [ 91.684175488671102, 26.105572107234199 ], [ 91.684072363873099, 26.105626126916601 ], [ 91.6839692381768, 26.105629986040601 ], [ 91.6838918950275, 26.105599117078501 ], [ 91.683823144263798, 26.105548956510301 ], [ 91.683715721925495, 26.1054409170493 ], [ 91.683616893769596, 26.105329019161399 ], [ 91.683449315748206, 26.105224838634602 ], [ 91.683350486693897, 26.1051669604343 ], [ 91.683200096139004, 26.105109082205502 ], [ 91.683028220577299, 26.1051283746827 ], [ 91.6829293924214, 26.1051901120405 ], [ 91.682813375900693, 26.105255706888698 ], [ 91.682650094521406, 26.105340594948999 ], [ 91.682542672183104, 26.105410048844099 ], [ 91.682443844027105, 26.1054447753727 ], [ 91.682306343398196, 26.105483361019999 ], [ 91.6822719684655, 26.1056184102816 ], [ 91.682224702708496, 26.105691722326899 ], [ 91.682203218600193, 26.1057881858139 ], [ 91.682194624417903, 26.105911658186798 ], [ 91.682194624417903, 26.106019697212901 ], [ 91.682164546127197, 26.106127736139101 ], [ 91.682074312153503, 26.106185613863701 ], [ 91.681958295632896, 26.106239632455999 ], [ 91.681816498361897, 26.1062627838498 ], [ 91.681644623698702, 26.106282076136701 ], [ 91.681253606818402, 26.106343812885299 ], [ 91.680948528168102, 26.1064788603464 ], [ 91.680896964870797, 26.1066216250275 ], [ 91.680957121452096, 26.106721946028699 ], [ 91.681060247148395, 26.106895579040899 ], [ 91.681163371946397, 26.107030625864699 ], [ 91.681159075304393, 26.107130946514999 ], [ 91.681120402831397, 26.107219691478701 ], [ 91.681012981391405, 26.1072930033266 ], [ 91.680759465140198, 26.107512936174501 ], [ 91.680669230268194, 26.107624831972402 ], [ 91.680652042801896, 26.107813896625501 ], [ 91.680647746159906, 26.107991386255399 ], [ 91.680633512354206, 26.108180209125699 ], [ 91.680472378846702, 26.108553995730801 ], [ 91.680277676195402, 26.108662514693101 ], [ 91.6800695464255, 26.1087047163054 ], [ 91.679821132605099, 26.1088192632313 ], [ 91.679693568241504, 26.108849407777299 ], [ 91.679519007615497, 26.108933810851699 ], [ 91.6793511600996, 26.109072473143399 ], [ 91.679210168617402, 26.109132760483799 ], [ 91.679049036008294, 26.109180990817801 ], [ 91.678921471644699, 26.109180990817801 ], [ 91.678773766154094, 26.109180990817801 ], [ 91.678599205528101, 26.1091387893775 ], [ 91.678471642062803, 26.109108645712698 ], [ 91.678243369369298, 26.109054386451199 ], [ 91.6780889498703, 26.108976012366 ], [ 91.677961386405002, 26.108752946815901 ], [ 91.677706258576094, 26.108590169267199 ], [ 91.677451131645498, 26.108493708091899 ], [ 91.677243000977299, 26.108355045113701 ], [ 91.677081867469894, 26.108138007324101 ], [ 91.676934161979304, 26.108011401828101 ], [ 91.676746173336397, 26.107969199965499 ], [ 91.676403765194493, 26.107957142057298 ], [ 91.676155351374007, 26.107945084147801 ], [ 91.676034501917201, 26.1078787672365 ], [ 91.6759673627311, 26.107848623246898 ], [ 91.675960648722693, 26.107667757532301 ], [ 91.676027787908794, 26.107577324570101 ], [ 91.676155351374007, 26.107426602542098 ], [ 91.676269487720802, 26.1073542563514 ], [ 91.676329912898396, 26.1072276500066 ], [ 91.676329912898396, 26.107004581120702 ], [ 91.676296342856205, 26.1068237141005 ], [ 91.676155351374007, 26.106600644444001 ], [ 91.675940507595698, 26.1064137485717 ], [ 91.675752518952905, 26.106347429985199 ], [ 91.675510819140797, 26.106341400947599 ], [ 91.675208694151195, 26.106401690502999 ], [ 91.674980421457704, 26.106468008252001 ], [ 91.674490308723605, 26.106709165219399 ], [ 91.671569768953901, 26.1079511131027 ], [ 91.671354924277296, 26.108071690522301 ], [ 91.671247501939007, 26.108222410911999 ], [ 91.671140080499001, 26.108409304699801 ], [ 91.671079655321407, 26.108541938689498 ], [ 91.671072941313, 26.108662514693101 ], [ 91.671086369329799, 26.1089036663274 ], [ 91.671207218786705, 26.109669321122801 ], [ 91.671227360811997, 26.1098923849244 ], [ 91.671146793609097, 26.1100491318136 ], [ 91.6710183911173, 26.110179126224601 ], [ 91.669948365561595, 26.111328346999699 ], [ 91.669654633531707, 26.1116297799942 ], [ 91.669612671428098, 26.111902953553798 ], [ 91.6696756136852, 26.112091348239598 ], [ 91.670210626912194, 26.112562333625601 ], [ 91.670556811571501, 26.113240550215401 ], [ 91.671196728260796, 26.114615809185501 ], [ 91.671406536981905, 26.115661372477501 ], [ 91.671469480137304, 26.116556216965801 ], [ 91.671364575776707, 26.116904732778401 ], [ 91.671060352322598, 26.1171213776115 ], [ 91.670663393984995, 26.117289418395998 ], [ 91.670012147743407, 26.1173557307749 ], [ 91.668958067283995, 26.117428070775802 ], [ 91.667695857054696, 26.117428070775802 ], [ 91.667205744320498, 26.117416013843201 ], [ 91.666923760457905, 26.1174883546134 ], [ 91.666252372190897, 26.1176390628615 ], [ 91.665614553067897, 26.1177294880396 ], [ 91.664956592817802, 26.117783743274298 ], [ 91.664298631669396, 26.117753601032199 ], [ 91.664110643026504, 26.117844026121801 ], [ 91.663707810605302, 26.1180670743231 ], [ 91.663459396784901, 26.118241895523202 ], [ 91.663345260438106, 26.1184528861396 ], [ 91.663163985803706, 26.118748273169 ], [ 91.6629759971608, 26.1190798281288 ], [ 91.662714155323499, 26.119260676185501 ], [ 91.662499310646893, 26.1193932978621 ], [ 91.662069622192007, 26.119453579879298 ], [ 91.661096108935396, 26.119586201337 ], [ 91.660263588059294, 26.1197911619888 ], [ 91.659518346597906, 26.120074488170498 ], [ 91.659216221608304, 26.1202613630077 ], [ 91.658840244322604, 26.120484406595001 ], [ 91.658571688476798, 26.1206109985811 ], [ 91.658303133529401, 26.120635110979201 ], [ 91.657383331442006, 26.1206953931623 ], [ 91.656745512318906, 26.120779787682601 ], [ 91.654879052110303, 26.1213404071074 ], [ 91.653455709271896, 26.121786489736699 ], [ 91.651951799230602, 26.122509862721301 ], [ 91.651045424261696, 26.1229800536066 ], [ 91.650065197895103, 26.123564774267699 ], [ 91.649380381611195, 26.124077156162699 ], [ 91.647963751882898, 26.1253128922469 ], [ 91.646285280317201, 26.126548615260099 ], [ 91.646083864555806, 26.126868092127999 ], [ 91.645956300192196, 26.127145373990601 ], [ 91.645942872175297, 26.127308125695901 ], [ 91.646063722530499, 26.1274949889632 ], [ 91.646231570046396, 26.1278024081887 ], [ 91.646352419503302, 26.127965158978501 ], [ 91.646493065133996, 26.128102582461 ], [ 91.646526175238805, 26.1281693814853 ], [ 91.648790634034, 26.127988064919801 ], [ 91.649662901768096, 26.1279417715409 ], [ 91.650492200387205, 26.127995780077899 ], [ 91.651287124073804, 26.128165523105501 ], [ 91.651622281913006, 26.128261968044299 ], [ 91.651819938224904, 26.128346839395601 ], [ 91.651905876454904, 26.128412422054399 ], [ 91.652013297894896, 26.1285397288942 ], [ 91.652129314415504, 26.1286670355952 ], [ 91.652447283890098, 26.129068243391298 ], [ 91.652911347277694, 26.129731776895898 ], [ 91.653392598131603, 26.1303220092753 ], [ 91.653753083072004, 26.130698744597801 ], [ 91.653837563336197, 26.130768269718999 ], [ 91.653953723587307, 26.130817253265501 ], [ 91.654036444051897, 26.1308283144017 ], [ 91.654119164516501, 26.1308251537316 ], [ 91.654196604683904, 26.1308251537316 ], [ 91.654238844366901, 26.1308251537316 ], [ 91.654323324631207, 26.130803032264001 ], [ 91.654386684604802, 26.1307888112607 ], [ 91.654464124772204, 26.130760369249099 ], [ 91.654523965146495, 26.130742987568201 ], [ 91.654597885714594, 26.1307066450718 ], [ 91.6546788454813, 26.130648181067301 ], [ 91.6547298859591, 26.130619739021299 ], [ 91.654759806146302, 26.1305865563568 ], [ 91.654782686236501, 26.130515450385001 ], [ 91.654798526229996, 26.130439605365201 ], [ 91.654844286410594, 26.129245027306599 ], [ 91.6549252461772, 26.128360146913302 ], [ 91.654930526474402, 26.128241635752602 ], [ 91.654939326370993, 26.128198971802 ], [ 91.654953406564701, 26.1281484071894 ], [ 91.654958685963607, 26.1281152238228 ], [ 91.654978046454602, 26.1280773005398 ], [ 91.655000926545, 26.1280409564074 ], [ 91.655013246040795, 26.128009353786801 ], [ 91.655050206324802, 26.1279556283442 ], [ 91.655101246802602, 26.127906643597601 ], [ 91.655169887073498, 26.127843437468499 ], [ 91.655280767027307, 26.1277897119496 ], [ 91.655344127000902, 26.127780231305199 ], [ 91.655442687458901, 26.1278418574963 ], [ 91.655516608027, 26.127890842270102 ], [ 91.655557087910395, 26.1279572083149 ], [ 91.655581947887597, 26.128005501853899 ], [ 91.655592947758194, 26.128193145520999 ], [ 91.655650697752904, 26.128385725571199 ], [ 91.655744198000903, 26.128536333466201 ], [ 91.655834948505799, 26.128635092794902 ], [ 91.655972449134794, 26.128691879451701 ], [ 91.656162199373995, 26.1287412590607 ], [ 91.656296949361504, 26.1287387903227 ], [ 91.656467450500799, 26.128723976280501 ], [ 91.656588449976297, 26.1287116309752 ], [ 91.656690200351903, 26.128682003688599 ], [ 91.656747951244895, 26.128664720899799 ], [ 91.656824951237795, 26.128615341258399 ], [ 91.656863451234202, 26.128556085822499 ], [ 91.656896450846205, 26.128482016283801 ], [ 91.656965091117002, 26.128342765681801 ], [ 91.6572062115157, 26.1278766209123 ], [ 91.657257251993499, 26.127800773372599 ], [ 91.657318852167506, 26.1277549485078 ], [ 91.657392772735605, 26.127723345809699 ], [ 91.657442052515506, 26.127710704405501 ], [ 91.657517732883207, 26.127707543650999 ], [ 91.657600453347797, 26.1277154443274 ], [ 91.657665573121093, 26.1277249257835 ], [ 91.657771173675997, 26.127767589907201 ], [ 91.657859173539507, 26.127816574712199 ], [ 91.657952453700304, 26.127859238802401 ], [ 91.658105574235506, 26.1279666897514 ], [ 91.658681628792905, 26.128421670370901 ], [ 91.659763455516497, 26.1292604953622 ], [ 91.660353543555203, 26.129790276845501 ], [ 91.661436369205504, 26.130943100948201 ], [ 91.663060591511098, 26.132802497923301 ], [ 91.664109032347199, 26.134083226982099 ], [ 91.665355128597, 26.135660973391801 ], [ 91.665621535672599, 26.136243461192901 ], [ 91.665889711530994, 26.137037732983799 ], [ 91.666340472665794, 26.137986859591201 ], [ 91.666733863793297, 26.138446704369699 ], [ 91.667213309931796, 26.138825615073799 ], [ 91.668184495653506, 26.139480429561701 ], [ 91.668500876906606, 26.139559277532999 ], [ 91.668861037555203, 26.139451502577401 ], [ 91.670171622960893, 26.138715037852201 ], [ 91.671712310928299, 26.1377809776398 ], [ 91.672932856396301, 26.137188204720999 ], [ 91.673783235780306, 26.136640336471 ], [ 91.673487087282197, 26.1359635194381 ], [ 91.673478891951902, 26.135908337147999 ], [ 91.673638706732504, 26.1359193736081 ], [ 91.673782130852501, 26.1360407746003 ], [ 91.673921457756407, 26.136198964657801 ], [ 91.6740894687657, 26.1363571536946 ], [ 91.674196011653294, 26.1365116642536 ], [ 91.674273870435599, 26.1367544656866 ], [ 91.674364423311204, 26.1368015950951 ], [ 91.674512128801794, 26.1368829650546 ], [ 91.674794111766104, 26.137039675736901 ], [ 91.675200301191495, 26.137295837410502 ], [ 91.675400039798305, 26.137401315962801 ], [ 91.675522568206404, 26.137464602403401 ], [ 91.675650131671702, 26.1375098073283 ], [ 91.675792802105093, 26.137548984808301 ], [ 91.676009324834695, 26.137571587256598 ], [ 91.676187242464906, 26.137577614683 ], [ 91.676328233947103, 26.137603230838302 ], [ 91.676459154416605, 26.137651449420801 ], [ 91.676551470685098, 26.1377087091129 ], [ 91.676658893023401, 26.137790077633898 ], [ 91.676726031311105, 26.137868432392601 ], [ 91.676833453649394, 26.1381004834601 ], [ 91.676892200774006, 26.138210481427599 ], [ 91.677033192256204, 26.1384500656388 ], [ 91.677110401556504, 26.1385691035333 ], [ 91.677239643973095, 26.1386941694816 ], [ 91.677560232036797, 26.1389970391166 ], [ 91.677786825778995, 26.139221553361399 ], [ 91.678194694155593, 26.1396027752231 ], [ 91.678317222563706, 26.139700717142599 ], [ 91.678426322955005, 26.139770029649998 ], [ 91.678547172411896, 26.139830301958099 ], [ 91.678756982031302, 26.139911669000501 ], [ 91.679072534139493, 26.1400276925614 ], [ 91.679473688507699, 26.1402522048243 ], [ 91.679911769922299, 26.140559590468602 ], [ 91.6803414583772, 26.140876016187701 ], [ 91.680512661999003, 26.141043269596999 ], [ 91.680655332432394, 26.141201481908301 ], [ 91.680736148468696, 26.1414080634508 ], [ 91.680867279143897, 26.141772250540701 ], [ 91.681035290153204, 26.142118042835602 ], [ 91.681215594607195, 26.142301974455702 ], [ 91.681309844050105, 26.142416011850099 ], [ 91.681428681280707, 26.1425852290999 ], [ 91.6814655616148, 26.142747088357599 ], [ 91.681498344732702, 26.1431517355201 ], [ 91.681522931621998, 26.143622595687098 ], [ 91.681531126952393, 26.143696167744199 ], [ 91.681600790404303, 26.143758704036902 ], [ 91.681736018295695, 26.143813882616602 ], [ 91.682007119068601, 26.143865418620301 ], [ 91.682145924051397, 26.1438855417511 ], [ 91.682625248018994, 26.143927918534001 ], [ 91.683059617594793, 26.1439904547026 ], [ 91.683432519947402, 26.144027239814601 ], [ 91.6836413450132, 26.144024399645701 ], [ 91.683707510425506, 26.144030517056599 ], [ 91.683757908607902, 26.144041039067101 ], [ 91.6840267052022, 26.144126561817099 ], [ 91.684243890888396, 26.144218526081001 ], [ 91.684489760679995, 26.1442847401126 ], [ 91.684566384278796, 26.144300025541099 ], [ 91.684631709766194, 26.144320365520201 ], [ 91.684676842922698, 26.144346001968898 ], [ 91.684772323955997, 26.1444096443017 ], [ 91.684797097694897, 26.144431883345899 ], [ 91.684965108704105, 26.144571668761699 ], [ 91.685047608183197, 26.144628636367202 ], [ 91.685094058269897, 26.1446513850168 ], [ 91.685219173826098, 26.144685703938901 ], [ 91.685444554842604, 26.144726167643 ], [ 91.685727304968196, 26.144792382193099 ], [ 91.685977272874098, 26.144854917092101 ], [ 91.686132989540397, 26.144902738349 ], [ 91.686231337996006, 26.144961595191599 ], [ 91.68626821833, 26.145031487603301 ], [ 91.686341978998001, 26.145163915513098 ], [ 91.686432131225004, 26.1452963424661 ], [ 91.686522283451893, 26.145403020162199 ], [ 91.6866329253522, 26.1455317688647 ], [ 91.686714881350497, 26.145623732021502 ], [ 91.686764056027499, 26.145693624036699 ], [ 91.686837816695501, 26.145767194788501 ], [ 91.686886990474093, 26.145815015671602 ], [ 91.6869525558118, 26.145844443463499 ], [ 91.687026316479802, 26.145859157759801 ], [ 91.687173675220706, 26.1458585690912 ], [ 91.687333654393001, 26.145893882749899 ], [ 91.687467407250594, 26.145957447631101 ], [ 91.687535594770495, 26.146068097019299 ], [ 91.687787365595199, 26.146496569587001 ], [ 91.687839818224603, 26.146593093733301 ], [ 91.687900138299298, 26.146708451027099 ], [ 91.687973571082296, 26.146795557989499 ], [ 91.688078475442794, 26.146875601732098 ], [ 91.688178134540394, 26.146958000072001 ], [ 91.688227964089293, 26.1469956672431 ], [ 91.688107120920606, 26.147352894731799 ], [ 91.688500851611295, 26.1475479010405 ], [ 91.688690931532193, 26.147672712229099 ], [ 91.689104532957003, 26.148022360895801 ], [ 91.689390533187193, 26.148298840175201 ], [ 91.6900615351786, 26.148817237159498 ], [ 91.690309036310694, 26.1489949725309 ], [ 91.690496036806806, 26.1491208683561 ], [ 91.6907242870424, 26.149261575483798 ], [ 91.691068038165596, 26.149461526492299 ], [ 91.691365038266596, 26.149626918594901 ], [ 91.691590538759101, 26.149760219425598 ], [ 91.691681289263997, 26.149797247048699 ], [ 91.691766539384503, 26.149836743758499 ], [ 91.691868289760095, 26.1498688347749 ], [ 91.691975540520104, 26.149900925782401 ], [ 91.692143290119702, 26.149933015974799 ], [ 91.693375293599203, 26.150056442500698 ], [ 91.695105048187799, 26.150266266892 ], [ 91.695755596438502, 26.150303295160899 ], [ 91.695923175358104, 26.150280152494201 ], [ 91.696060675088802, 26.1502338679534 ], [ 91.696133722494395, 26.150160583051601 ], [ 91.696314191340093, 26.149944587343199 ], [ 91.696718099044602, 26.1495935937666 ], [ 91.697014584410894, 26.1493158829999 ], [ 91.697181193150001, 26.1491167211808 ], [ 91.697279753608001, 26.149021928792699 ], [ 91.697343113581695, 26.148958734093299 ], [ 91.697411753852506, 26.148879740872601 ], [ 91.697457514033104, 26.1488086460412 ], [ 91.697499753716102, 26.148726492533299 ], [ 91.697582474180706, 26.148544807119599 ], [ 91.697615914865395, 26.1484594940395 ], [ 91.697675754341503, 26.1483425829731 ], [ 91.6977954350901, 26.148135618577101 ], [ 91.697851754966905, 26.1480297666929 ], [ 91.697883434953695, 26.147966571456301 ], [ 91.697920395237702, 26.147890736965898 ], [ 91.697934475431495, 26.1478480801945 ], [ 91.697952075224507, 26.1477864645619 ], [ 91.697950315424904, 26.1476948313069 ], [ 91.697927435334606, 26.147600037763901 ], [ 91.697895755347801, 26.147538422000299 ], [ 91.697846474669603, 26.147457847305098 ], [ 91.6977954350901, 26.147393072051099 ], [ 91.697696874632101, 26.147337775818499 ], [ 91.697564874387595, 26.1472856397843 ], [ 91.697272713511197, 26.147163987603399 ], [ 91.697228713130201, 26.147141869231401 ], [ 91.697197033143397, 26.147119750855101 ], [ 91.697177673550698, 26.147102371609598 ], [ 91.697153033660797, 26.147080253225901 ], [ 91.697133673169802, 26.1470486549516 ], [ 91.6971319133702, 26.1470202169006 ], [ 91.697119592975994, 26.146941222367801 ], [ 91.697077353293096, 26.146490950655 ], [ 91.697073832795496, 26.1457894714746 ], [ 91.6970163433122, 26.1451850964168 ], [ 91.696994632828407, 26.1449568535506 ], [ 91.696977802891595, 26.1447267772838 ], [ 91.696966803020899, 26.144571252657201 ], [ 91.696966803020899, 26.1444231346557 ], [ 91.696988802762206, 26.1443120458297 ], [ 91.697008052760495, 26.144208362131099 ], [ 91.697104302751598, 26.143855344957501 ], [ 91.697269303506303, 26.1433492696938 ], [ 91.697321554014806, 26.143136964433499 ], [ 91.697376554266398, 26.142776537889802 ], [ 91.697379304009502, 26.142695071235501 ], [ 91.697357303369898, 26.142618542220202 ], [ 91.697329804142399, 26.142539544708399 ], [ 91.697269303506303, 26.142388954873098 ], [ 91.697247303764996, 26.142332174876799 ], [ 91.6972500535081, 26.142270457949099 ], [ 91.697269303506303, 26.142191459395399 ], [ 91.697291303247596, 26.142134679302998 ], [ 91.697316053630402, 26.142080368445502 ], [ 91.697302304016603, 26.141969277389901 ], [ 91.697266553763299, 26.1418409045834 ], [ 91.697195053256493, 26.141589868840899 ], [ 91.697164974965901, 26.141358427915701 ], [ 91.697126303391201, 26.141076840407901 ], [ 91.697087630918205, 26.1407721084753 ], [ 91.697010286870594, 26.140529093628299 ], [ 91.696963021113604, 26.1402320746157 ], [ 91.6969173022555, 26.139912835913901 ], [ 91.6968870523866, 26.139643743100098 ], [ 91.696859552260804, 26.139228993587398 ], [ 91.696823802007501, 26.139093212210401 ], [ 91.696774302140398, 26.138952492824899 ], [ 91.696700051890502, 26.138863617123899 ], [ 91.696647802280395, 26.138814241794901 ], [ 91.696669802021702, 26.138621678134601 ], [ 91.696650552023499, 26.138429114963198 ], [ 91.696647802280395, 26.1382464256228 ], [ 91.696664301637199, 26.138224206367902 ], [ 91.696730301759402, 26.138157549384399 ], [ 91.696782552267905, 26.138125455148099 ], [ 91.696821052264397, 26.138066204537399 ], [ 91.696845802647104, 26.138016828871201 ], [ 91.696876052516004, 26.137974859619099 ], [ 91.696889803028, 26.137935359701999 ], [ 91.696878802259107, 26.1378835154357 ], [ 91.696848552390193, 26.1378242647022 ], [ 91.696755052142095, 26.137723043789599 ], [ 91.696658802151006, 26.137639105865599 ], [ 91.696592802028803, 26.137547760613099 ], [ 91.696546051904804, 26.137493446815199 ], [ 91.696518551778993, 26.137436664438098 ], [ 91.696513051394504, 26.137379882839699 ], [ 91.696513051394504, 26.137310756010798 ], [ 91.696521301522097, 26.137239161389299 ], [ 91.696521301522097, 26.137150284384099 ], [ 91.6965268019066, 26.137056470187002 ], [ 91.6965268019066, 26.1368490914227 ], [ 91.696515802035904, 26.136745401095901 ], [ 91.696502051523794, 26.136646648625401 ], [ 91.696441551786094, 26.136394829931501 ], [ 91.696312301284706, 26.135930692329499 ], [ 91.696015300285396, 26.134987598343301 ], [ 91.695899800296104, 26.134730838042501 ], [ 91.695814550175697, 26.134530861801402 ], [ 91.695765049410198, 26.134429638840398 ], [ 91.695707299415602, 26.134360510265001 ], [ 91.695646799677803, 26.134296320502902 ], [ 91.695558798915997, 26.1342518804856 ], [ 91.695473548795505, 26.134197565961198 ], [ 91.695413049057706, 26.134177815365501 ], [ 91.695374549061299, 26.134158063959902 ], [ 91.695341548550999, 26.134123500000101 ], [ 91.695319548809707, 26.134081529348698 ], [ 91.695292048683896, 26.134007463313999 ], [ 91.695250798046104, 26.133866738605899 ], [ 91.695193048051394, 26.1336272578977 ], [ 91.695124298186101, 26.133343337141898 ], [ 91.695091297675802, 26.133138420428399 ], [ 91.695061047806902, 26.132943378758899 ], [ 91.695011547939799, 26.1328001833099 ], [ 91.694959297431296, 26.1326964893879 ], [ 91.694879547695393, 26.132568107192601 ], [ 91.694775047576698, 26.132444662175601 ], [ 91.694656796945907, 26.132232337086499 ], [ 91.694494546832601, 26.131842250395199 ], [ 91.694348796076, 26.131543511615298 ], [ 91.694194796090201, 26.131239834701098 ], [ 91.694087545330106, 26.1310373829862 ], [ 91.694021545207903, 26.1309089989672 ], [ 91.693983045211496, 26.130832462226699 ], [ 91.6939555450857, 26.130741111649801 ], [ 91.693933545344393, 26.130526313956899 ], [ 91.693897795091004, 26.130242385662498 ], [ 91.693864794580705, 26.130084373838798 ], [ 91.693823544841194, 26.1299140158165 ], [ 91.693779544460298, 26.129602927699899 ], [ 91.693749294591399, 26.128978280248099 ], [ 91.693760294461995, 26.128659782614001 ], [ 91.693804294843005, 26.1286523755881 ], [ 91.693930794702993, 26.128640031081702 ], [ 91.694117795199006, 26.128590651429899 ], [ 91.694368046074203, 26.128538803015001 ], [ 91.694560546954804, 26.128506706135202 ], [ 91.6946347972046, 26.1284918920637 ], [ 91.694728297452599, 26.1284696709528 ], [ 91.694769547192195, 26.128449919388402 ], [ 91.694874047310805, 26.1283956021657 ], [ 91.6949345479469, 26.128365973992601 ], [ 91.694995047684699, 26.128331408318701 ], [ 91.695025297553499, 26.1282869668382 ], [ 91.695061047806902, 26.128232648733299 ], [ 91.695072047677598, 26.1281783314096 ], [ 91.695085798189595, 26.1280771029428 ], [ 91.695110547674005, 26.127988218964902 ], [ 91.695138047799801, 26.1278968661635 ], [ 91.695300126334999, 26.127656294089199 ], [ 91.695832940486099, 26.1269811751514 ], [ 91.695940362824402, 26.126880871539399 ], [ 91.696133722494395, 26.126749705271799 ], [ 91.6963872387457, 26.126537523877001 ], [ 91.696438801144694, 26.126468082536199 ], [ 91.696477473617705, 26.126348488705698 ], [ 91.696490364441999, 26.1262906209653 ], [ 91.696494661084003, 26.126159454034902 ], [ 91.696404426211998, 26.125580773598902 ], [ 91.696348567171, 26.125438032075301 ], [ 91.696305598056, 26.125272143559901 ], [ 91.696288410589702, 26.125102396328 ], [ 91.696262628941099, 26.124940364209301 ], [ 91.696258332299095, 26.124793764218701 ], [ 91.696297671322, 26.124605652942499 ], [ 91.696572231507105, 26.124343339347 ], [ 91.696640871778001, 26.1242769704427 ], [ 91.696744712533203, 26.124190059608502 ], [ 91.696837992694, 26.124130011513401 ], [ 91.697138953467004, 26.123968830565801 ], [ 91.697823594579305, 26.123665429962401 ], [ 91.697913355140798, 26.123633826157999 ], [ 91.697952075224507, 26.1236211843113 ], [ 91.697983755211297, 26.123605381597599 ], [ 91.698008395101297, 26.123578518673298 ], [ 91.698022475295005, 26.123565876820599 ], [ 91.698031275191596, 26.123540593110999 ], [ 91.698054155281895, 26.123483705550999 ], [ 91.698069995275304, 26.123374670445902 ], [ 91.698084075468998, 26.123276697090301 ], [ 91.698099915462393, 26.123207167510198 ], [ 91.698124555352393, 26.123136057852999 ], [ 91.698152715739894, 26.123077589252802 ], [ 91.698219596211104, 26.123014380511002 ], [ 91.698309355874301, 26.122954331811599 ], [ 91.698436853762601, 26.122891802121501 ], [ 91.698505603627893, 26.122833932669 ], [ 91.698548572742894, 26.122745199560399 ], [ 91.698557166026902, 26.122683472281 ], [ 91.698544275202593, 26.1225600168178 ], [ 91.698522791094206, 26.1224404189865 ], [ 91.698428259580197, 26.122289958091699 ], [ 91.698260680660596, 26.1220546203357 ], [ 91.697848179671993, 26.121502925737101 ], [ 91.6976977891171, 26.121371753431401 ], [ 91.697629039251694, 26.1212675872024 ], [ 91.697581773494704, 26.121155704464702 ], [ 91.697538804379704, 26.1209512293402 ], [ 91.697259506479796, 26.120958944963 ], [ 91.697117709208896, 26.120584715698602 ], [ 91.696786848909895, 26.119809246212998 ], [ 91.696529036016699, 26.119211244174501 ], [ 91.701361217660406, 26.1178130361703 ], [ 91.705241574971794, 26.116648957108701 ], [ 91.7068587023833, 26.116142594564501 ], [ 91.707833517298695, 26.115858011036 ], [ 91.708608018685496, 26.115692236362801 ], [ 91.708428440968703, 26.116444990321298 ], [ 91.708369328229693, 26.116619833306299 ], [ 91.708321343820501, 26.116833418443299 ], [ 91.708300588245805, 26.1173759592976 ], [ 91.708349865330803, 26.117718694257501 ], [ 91.70838383153, 26.117851932304699 ], [ 91.708420983155193, 26.117944273771499 ], [ 91.708461195340504, 26.118011281864 ], [ 91.708516341119207, 26.1180655490666 ], [ 91.7085496434634, 26.118102507694999 ], [ 91.708637926296305, 26.118169664108699 ], [ 91.708884529113107, 26.118305869876799 ], [ 91.708973349138503, 26.118350404685 ], [ 91.709044379826395, 26.118362252615601 ], [ 91.709109371140599, 26.118369569149699 ], [ 91.709168942020298, 26.118361767857898 ], [ 91.709226402757395, 26.1183496206841 ], [ 91.709272488128207, 26.118329858536299 ], [ 91.709317869219703, 26.118308648564099 ], [ 91.709377894646906, 26.118266190698499 ], [ 91.709433203919005, 26.118210064407801 ], [ 91.709460465092903, 26.118175259399401 ], [ 91.709506176764506, 26.1181349566852 ], [ 91.709560658688204, 26.118092945605799 ], [ 91.709627634380794, 26.118052939687502 ], [ 91.709693782725097, 26.118027048231198 ], [ 91.709746197625194, 26.118020324517499 ], [ 91.709834189403907, 26.118011742425502 ], [ 91.709929803387894, 26.118019355805799 ], [ 91.710322291708493, 26.1180677534695 ], [ 91.7110756611266, 26.118136516623998 ], [ 91.711867164028504, 26.118079916804401 ], [ 91.711995213482396, 26.118059427069198 ], [ 91.712126107002405, 26.118032437042199 ], [ 91.712219379976702, 26.117995929274201 ], [ 91.712320539260801, 26.117950947481098 ], [ 91.712422021040197, 26.1179004518326 ], [ 91.712526347784006, 26.1178434558635 ], [ 91.712685744848002, 26.117708339259298 ], [ 91.712976421707594, 26.1174975957288 ], [ 91.713110223074295, 26.117420982448198 ], [ 91.713248549254999, 26.117372227196402 ], [ 91.713395214496501, 26.117328288893699 ], [ 91.713536514100795, 26.117291838173799 ], [ 91.713680142138301, 26.117278718944601 ], [ 91.714343208412402, 26.1172912453282 ], [ 91.714704994113305, 26.117338193040599 ], [ 91.714943189597406, 26.117371560951302 ], [ 91.715155982521907, 26.117439115434699 ], [ 91.715293211859702, 26.117493147378401 ], [ 91.7154517734905, 26.1176034760968 ], [ 91.715591137225303, 26.117705158069398 ], [ 91.715699344691203, 26.1177920987314 ], [ 91.715828431699194, 26.117922045008299 ], [ 91.716387992289697, 26.118535784452899 ], [ 91.716944459082299, 26.119167862296699 ], [ 91.717009740552399, 26.119250916579201 ], [ 91.717060833132393, 26.119320561434499 ], [ 91.717120654642102, 26.1194160949828 ], [ 91.717325811886695, 26.119842619064201 ], [ 91.717662111484699, 26.120452259108099 ], [ 91.718083927104502, 26.121297348645999 ], [ 91.718235756760507, 26.121598209079799 ], [ 91.718296694876102, 26.1216881327389 ], [ 91.718323256262494, 26.121786340522799 ], [ 91.718324043186698, 26.121867053110801 ], [ 91.718318213120497, 26.121993452444102 ], [ 91.718323635351496, 26.1221430289255 ], [ 91.718313337963394, 26.122291862375299 ], [ 91.718310527134904, 26.122420527674802 ], [ 91.718332247500101, 26.122520627831399 ], [ 91.718378252022504, 26.122623291136399 ], [ 91.718443783224103, 26.1227424459818 ], [ 91.718529336975195, 26.1228830687552 ], [ 91.718664906226294, 26.123071344922 ], [ 91.718825670526101, 26.123260103909701 ], [ 91.718940678238695, 26.123382302833999 ], [ 91.719014440703305, 26.123455139164999 ], [ 91.719141982609003, 26.123551745269801 ], [ 91.719499250682404, 26.123817015026301 ], [ 91.719542812685404, 26.123867194371101 ], [ 91.7195616377806, 26.1239494653828 ], [ 91.719596639737304, 26.124132281132098 ], [ 91.719610583387094, 26.124244044070601 ], [ 91.719729283175496, 26.1248681498402 ], [ 91.719771609096796, 26.125141183572801 ], [ 91.719782284675603, 26.125281805072198 ], [ 91.719796706229204, 26.125483770743099 ], [ 91.719787207443304, 26.125624853974699 ], [ 91.719759026394499, 26.125727460514199 ], [ 91.719697493594197, 26.125915841785599 ], [ 91.719658389929904, 26.126057737479702 ], [ 91.719562342958, 26.1263727507407 ], [ 91.719543083078307, 26.126512265812998 ], [ 91.719570558051302, 26.1266738908744 ], [ 91.719645543122994, 26.126865403168701 ], [ 91.719707211569002, 26.1270109520765 ], [ 91.719808828095594, 26.1271893473148 ], [ 91.719964743289594, 26.1274919338573 ], [ 91.720058344148896, 26.127659998440301 ], [ 91.720232487956594, 26.1279877705405 ], [ 91.720392345856396, 26.1282861183827 ], [ 91.720566426782, 26.1286570073989 ], [ 91.720654664699097, 26.128937597360601 ], [ 91.720711097763598, 26.129109432722199 ], [ 91.720747167817194, 26.129208436745401 ], [ 91.720783174988696, 26.129350559101699 ], [ 91.720804572858796, 26.129468771535699 ], [ 91.721055466029398, 26.130924631328099 ], [ 91.721172862362394, 26.131506226576001 ], [ 91.721197815764299, 26.131668831875299 ], [ 91.721250369903402, 26.1318017822258 ], [ 91.721295295549098, 26.131875771429598 ], [ 91.721360195235107, 26.1319661839761 ], [ 91.721445068063105, 26.132073019020801 ], [ 91.722093732546597, 26.132667541367301 ], [ 91.722292630330301, 26.132867107878699 ], [ 91.722407367650007, 26.133010733101699 ], [ 91.722467225092302, 26.133103118234601 ], [ 91.722548867578595, 26.133265081769999 ], [ 91.722620103082306, 26.133436504298398 ], [ 91.722965938296994, 26.134259954918001 ], [ 91.723068200712305, 26.134427313775099 ], [ 91.723141567918205, 26.134541341925001 ], [ 91.723190759663197, 26.134605580747301 ], [ 91.723263415403295, 26.1346687170862 ], [ 91.723323659121306, 26.134712470637002 ], [ 91.723440915316999, 26.1347500724026 ], [ 91.723542140178097, 26.134767015572798 ], [ 91.723633928237206, 26.134776879530701 ], [ 91.723730110854703, 26.1347957961333 ], [ 91.723835085283895, 26.1348328172127 ], [ 91.723946653347198, 26.134883417642101 ], [ 91.724067788468304, 26.1349599001136 ], [ 91.724178516606898, 26.135045840815799 ], [ 91.724254145770601, 26.135121278802899 ], [ 91.724326930868202, 26.135203216074601 ], [ 91.724367654195007, 26.1352438362944 ], [ 91.724394351226906, 26.135292639734299 ], [ 91.724428280595205, 26.135395337782999 ], [ 91.724463026532106, 26.135524816084299 ], [ 91.724494744248105, 26.135705978205099 ], [ 91.724556357896802, 26.135968017892299 ], [ 91.724727869640802, 26.136784598993799 ], [ 91.724995134607497, 26.137904554918599 ], [ 91.725081089905402, 26.138178104948899 ], [ 91.725171186436896, 26.138479488835699 ], [ 91.725244517710095, 26.138804265275901 ], [ 91.725309772230702, 26.139266858411201 ], [ 91.725354620621204, 26.139552282482299 ], [ 91.725414319061798, 26.139945511099299 ], [ 91.725440180660499, 26.140259403860899 ], [ 91.725498865801299, 26.140505748221901 ], [ 91.725564316154603, 26.140669493379601 ], [ 91.725635219281699, 26.140805855972399 ], [ 91.725725515239105, 26.140972502241102 ], [ 91.725903178646107, 26.141290106643702 ], [ 91.726003271630006, 26.1414865810987 ], [ 91.726067004404499, 26.1416467887097 ], [ 91.726249719038293, 26.142042365829699 ], [ 91.7263402171167, 26.142238385810401 ], [ 91.726430513074106, 26.142405029227699 ], [ 91.726514243245106, 26.142519539082699 ], [ 91.726599185243401, 26.142646199118602 ], [ 91.727021874025596, 26.143149842059898 ], [ 91.727087424091906, 26.143246218981002 ], [ 91.727134289200293, 26.143333075313699 ], [ 91.7271602469187, 26.143415490669799 ], [ 91.727198931968104, 26.143543419025001 ], [ 91.727428517998504, 26.144354053123902 ], [ 91.7274994247189, 26.1446545154757 ], [ 91.727544675554697, 26.144834574786898 ], [ 91.727605479821307, 26.144979092490502 ], [ 91.727689412113307, 26.145122975378001 ], [ 91.727826756435405, 26.145316769362701 ], [ 91.727899237004095, 26.1454383516995 ], [ 91.727926542195405, 26.145510395294899 ], [ 91.727965265872399, 26.145629675166902 ], [ 91.727991537102895, 26.1457193585642 ], [ 91.728013878203996, 26.1458088556153 ], [ 91.728035853690798, 26.145942572874599 ], [ 91.728107367672294, 26.1463311553076 ], [ 91.728172113746396, 26.146638231418802 ], [ 91.728193226850493, 26.146836148371602 ], [ 91.728208683263205, 26.147032070793301 ], [ 91.728228988782007, 26.147276588107101 ], [ 91.728265455890906, 26.147573688380501 ], [ 91.728294951174902, 26.147759907980401 ], [ 91.728612912564699, 26.148704237373501 ], [ 91.728800578712395, 26.149245119853099 ], [ 91.728996826466002, 26.149639582623902 ], [ 91.729202416698499, 26.149940987720399 ], [ 91.729410127853498, 26.150265065408298 ], [ 91.729479385266899, 26.150376011486401 ], [ 91.729549666759794, 26.150489066098999 ], [ 91.729610789030104, 26.150631271411001 ], [ 91.730110816470003, 26.151859050001502 ], [ 91.730495905367704, 26.1528319352655 ], [ 91.7305669818696, 26.152996285630199 ], [ 91.730608404983997, 26.153131062255198 ], [ 91.730637354990705, 26.153249149818599 ], [ 91.730697090262098, 26.153484606135599 ], [ 91.730994160431607, 26.154505642698702 ], [ 91.731113627381205, 26.1548236086036 ], [ 91.731177880280299, 26.1550278816968 ], [ 91.731227823915106, 26.155216185054801 ], [ 91.731260400420595, 26.155440695516699 ], [ 91.731303613877301, 26.155682611738399 ], [ 91.731327340180599, 26.155843916624701 ], [ 91.731403640385906, 26.155965042902299 ], [ 91.731512182923396, 26.156071592316099 ], [ 91.731604816297093, 26.156158876937699 ], [ 91.731804907941907, 26.156309996498798 ], [ 91.7320398344566, 26.156481677881199 ], [ 91.732681087839097, 26.157303068675098 ], [ 91.733381548283504, 26.158309617115101 ], [ 91.733615942097401, 26.158637627301399 ], [ 91.733692211759902, 26.158794669194101 ], [ 91.733773929704697, 26.159265134854301 ], [ 91.733874178995407, 26.159682392518398 ], [ 91.733892053673003, 26.1598316441587 ], [ 91.733886907224701, 26.1599194395789 ], [ 91.733887277330595, 26.1600326486227 ], [ 91.7338847063522, 26.160196026932201 ], [ 91.733882280901, 26.1602613119144 ], [ 91.7338717661206, 26.160345080372998 ], [ 91.733882873789099, 26.160466342272201 ], [ 91.733917589183207, 26.160615130903398 ], [ 91.7339956967989, 26.160740814229801 ], [ 91.734058432443305, 26.1608418756914 ], [ 91.734152866041001, 26.1609519804258 ], [ 91.734490664028797, 26.1612609708917 ], [ 91.7345985561861, 26.161356618483602 ], [ 91.734698873748798, 26.1614858656074 ], [ 91.734746018233196, 26.161589963705101 ], [ 91.734767567918496, 26.161676502414601 ], [ 91.734787723418606, 26.1618585592344 ], [ 91.734810893664701, 26.162060880091399 ], [ 91.734859878797096, 26.162253100302902 ], [ 91.734939898926001, 26.162417859886499 ], [ 91.735063089392497, 26.1625871739116 ], [ 91.7353074832521, 26.162816290161398 ], [ 91.735683965391004, 26.163134648646398 ], [ 91.736131566252695, 26.1634588791601 ], [ 91.736204596590397, 26.163503830522 ], [ 91.736289983254693, 26.163553138160001 ], [ 91.736423542076196, 26.163617297319099 ], [ 91.736494439813399, 26.163650828578898 ], [ 91.736550996845395, 26.163689971482899 ], [ 91.736600714104796, 26.163750170966601 ], [ 91.736643667050103, 26.163901859595601 ], [ 91.736757460240398, 26.164852979310101 ], [ 91.736810937847594, 26.1653988018627 ], [ 91.736763830193993, 26.165769288352301 ], [ 91.736721803411797, 26.1660425723095 ], [ 91.736683938524294, 26.166410682338 ], [ 91.736696933553205, 26.167818146163501 ], [ 91.737171398533405, 26.167597630282099 ], [ 91.737246158128002, 26.167591239983398 ], [ 91.737328037769501, 26.167591239983398 ], [ 91.737367198027698, 26.1675816545348 ], [ 91.737388558168504, 26.167514557178801 ], [ 91.737377878098101, 26.1674506549376 ], [ 91.737837116634296, 26.166913872793099 ], [ 91.737951036487004, 26.166808433815198 ], [ 91.738118355793503, 26.1668020434734 ], [ 91.738207355482004, 26.1668467750529 ], [ 91.738289235123503, 26.166875531577499 ], [ 91.738356874671197, 26.166885117084199 ], [ 91.738474354547407, 26.1668659460701 ], [ 91.738531314024598, 26.166814824156798 ], [ 91.7385847143766, 26.166728555322901 ], [ 91.738663033994698, 26.166552822285901 ], [ 91.738716433448502, 26.1664441869945 ], [ 91.738776953847506, 26.1663834793492 ], [ 91.738905112895793, 26.166338746785701 ], [ 91.738986676330299, 26.166294848678 ], [ 91.739066933614396, 26.166226166291398 ], [ 91.739107062256494, 26.1661901500886 ], [ 91.739151857646405, 26.166129006126901 ], [ 91.739200385536407, 26.166043571260399 ], [ 91.739225582381806, 26.165975726426101 ], [ 91.739241447528002, 26.165868514446998 ], [ 91.739264778572604, 26.165714397508001 ], [ 91.739263845222993, 26.165598809065301 ], [ 91.7392320574384, 26.165455475496199 ], [ 91.739054980631295, 26.165054200874099 ], [ 91.738655177329207, 26.164320927675199 ], [ 91.738090237626807, 26.163088395006 ], [ 91.737794730525906, 26.162394114105801 ], [ 91.737686261650296, 26.162108287930302 ], [ 91.737569450120603, 26.161683915407899 ], [ 91.738192447939895, 26.1614692318986 ], [ 91.738898135680998, 26.161156988605999 ], [ 91.739447228203403, 26.160934083989002 ], [ 91.739622664686905, 26.160864554258101 ], [ 91.739793544016806, 26.160829789377001 ], [ 91.739895642040395, 26.1607883991832 ], [ 91.739944169930396, 26.160768295899398 ], [ 91.740009495417894, 26.160768295899398 ], [ 91.7400953527995, 26.160769971374702 ], [ 91.740131748941494, 26.1607741592567 ], [ 91.740158812486101, 26.160771646043798 ], [ 91.740169078433098, 26.160755731445999 ], [ 91.740182143530603, 26.160701285734401 ], [ 91.740192408579404, 26.1606644292807 ], [ 91.740209207075196, 26.160646839191202 ], [ 91.740240936469405, 26.1606384634179 ], [ 91.740301597005598, 26.160618360108199 ], [ 91.740407052033405, 26.1605530245293 ], [ 91.740456513272903, 26.160530408793001 ], [ 91.740518106260396, 26.160510305464701 ], [ 91.740570366650303, 26.1604943908312 ], [ 91.740604896093203, 26.160475125236498 ], [ 91.740632892987406, 26.1604499962652 ], [ 91.740731387868394, 26.1601943054897 ], [ 91.740905827221795, 26.159884359153502 ], [ 91.741140786974299, 26.1594657702022 ], [ 91.741304546257297, 26.159242096365599 ], [ 91.741247585881794, 26.159127063502101 ], [ 91.741208426521894, 26.159043984365201 ], [ 91.741187066381102, 26.1589449282388 ], [ 91.741189124421396, 26.158883982055102 ], [ 91.741190626404602, 26.158839482056401 ], [ 91.741151466146405, 26.158692494868301 ], [ 91.740973466769503, 26.158366567532099 ], [ 91.740873502244597, 26.1582039873261 ], [ 91.741399811694905, 26.157938131292301 ], [ 91.742185857331407, 26.1575086710717 ], [ 91.742892158621899, 26.1571201105391 ], [ 91.743760939096106, 26.1566953763767 ], [ 91.744230857702703, 26.1565228236751 ], [ 91.744391056962201, 26.156442938138301 ], [ 91.744722073567999, 26.156346257649499 ], [ 91.744991834952899, 26.156261182494301 ], [ 91.745382624559397, 26.1561329149099 ], [ 91.746260443881994, 26.155805702395 ], [ 91.746450006373195, 26.155745495585801 ], [ 91.746537496892003, 26.1563122275948 ], [ 91.746807691264806, 26.158041113396301 ], [ 91.746824665830502, 26.158071059788099 ], [ 91.7469112445592, 26.158087419835699 ], [ 91.747038834075695, 26.158099690273101 ], [ 91.747139083366406, 26.158594589044 ], [ 91.747145918647405, 26.159118116756598 ], [ 91.747142638, 26.159134067861501 ], [ 91.746883083273403, 26.159135376492198 ], [ 91.7468320472871, 26.159152391109 ], [ 91.746820381764906, 26.1591995082483 ], [ 91.746890374000202, 26.159678533567501 ], [ 91.746899123591106, 26.1598015619543 ], [ 91.746912247079095, 26.1598617666703 ], [ 91.746923912601403, 26.159910192951301 ], [ 91.746926828532807, 26.1599481486275 ], [ 91.746920995771603, 26.159986103485 ], [ 91.746853920365993, 26.160082955117499 ], [ 91.746811633072298, 26.160158865538801 ], [ 91.746792676823205, 26.160243937851401 ], [ 91.746773720574097, 26.1606810776175 ], [ 91.7467236915993, 26.161987206733102 ], [ 91.746771948198003, 26.161932632590901 ], [ 91.746849201515801, 26.1618624302074 ], [ 91.747015395233305, 26.161723162982899 ], [ 91.747092921638895, 26.161637148394099 ], [ 91.7471976616078, 26.161499082268499 ], [ 91.747318475132104, 26.1613318823646 ], [ 91.747411048318696, 26.161234269019701 ], [ 91.747507940605203, 26.161152099265799 ], [ 91.747560858561997, 26.161107122808801 ], [ 91.747617273660197, 26.161069344087299 ], [ 91.747724005194002, 26.161013574592999 ], [ 91.747813171070803, 26.160971994985999 ], [ 91.747937039765304, 26.1609302218544 ], [ 91.748228370598497, 26.1608340820748 ], [ 91.748759886684098, 26.1606439655624 ], [ 91.749026757290395, 26.160496962909601 ], [ 91.749197413838203, 26.160401864505801 ], [ 91.749276358683701, 26.160352700668799 ], [ 91.749465374100893, 26.1601654392739 ], [ 91.749533329855495, 26.160104127669101 ], [ 91.749571453457904, 26.160088297641401 ], [ 91.7497458398107, 26.160036513205899 ], [ 91.750247217418604, 26.159832117456101 ], [ 91.750446237373097, 26.1597451097246 ], [ 91.750560477924495, 26.159714117991999 ], [ 91.750636945216399, 26.1597143534315 ], [ 91.750732584353102, 26.159722620420698 ], [ 91.750799839421802, 26.1597374256915 ], [ 91.750910966412306, 26.159788062896201 ], [ 91.750977190215096, 26.159813322630502 ], [ 91.751052671156799, 26.159830391170399 ], [ 91.751117182770599, 26.159820684139099 ], [ 91.751175509483701, 26.159802431144598 ], [ 91.751210824952494, 26.1597703380226 ], [ 91.751254848689598, 26.159703769942801 ], [ 91.751293102547706, 26.159635804507001 ], [ 91.751324908298599, 26.1595922917069 ], [ 91.751360795095906, 26.159571854408401 ], [ 91.751405806081493, 26.159559725228501 ], [ 91.751490433669503, 26.159534837144001 ], [ 91.751624668922403, 26.159501390168899 ], [ 91.751705864047693, 26.1594753321288 ], [ 91.751795148502097, 26.1594561034556 ], [ 91.751895263943894, 26.159452625071498 ], [ 91.752024581818901, 26.1594634214465 ], [ 91.752122022976096, 26.159460989641701 ], [ 91.752174154008699, 26.159440591829 ], [ 91.752194136133795, 26.159422779821998 ], [ 91.752204862916599, 26.159385298080402 ], [ 91.752311992404202, 26.1587712935765 ], [ 91.752460811805705, 26.158805869589202 ], [ 91.752616417979198, 26.158824941140001 ], [ 91.753006289507496, 26.158858006120301 ], [ 91.753196238274299, 26.158859356682001 ], [ 91.753303037181794, 26.1588532634313 ], [ 91.753406613832396, 26.1588241590234 ], [ 91.753458504116395, 26.1587967172111 ], [ 91.753524036216405, 26.158748232413799 ], [ 91.7535938514837, 26.158682365237599 ], [ 91.753643787932006, 26.158621421335599 ], [ 91.753703252810595, 26.1585538939005 ], [ 91.753746574065104, 26.1585055323673 ], [ 91.753827323625998, 26.158442526642499 ], [ 91.753908381309003, 26.158396533191802 ], [ 91.754123245748602, 26.158318173668899 ], [ 91.754253898520105, 26.158272763937301 ], [ 91.754312370760303, 26.158255596799702 ], [ 91.754388116705101, 26.1582445205234 ], [ 91.754512532473598, 26.158238673165101 ], [ 91.754787240880702, 26.158231131749499 ], [ 91.755137249668294, 26.1581755665073 ], [ 91.755346116954996, 26.1581438148133 ], [ 91.755456583683795, 26.158141997389599 ], [ 91.755600673455305, 26.158157008470099 ], [ 91.756062829719596, 26.158204623504702 ], [ 91.756952043273202, 26.158207930988301 ], [ 91.757608156587096, 26.158143962368101 ], [ 91.757878272806494, 26.1581367902367 ], [ 91.758181016735307, 26.1580854395364 ], [ 91.7583219516236, 26.158031723902699 ], [ 91.758466999897607, 26.157963547851601 ], [ 91.758576539564999, 26.1579106941094 ], [ 91.7586985900694, 26.157867221787701 ], [ 91.758847476844593, 26.157856083388499 ], [ 91.758979639684199, 26.1578629104356 ], [ 91.759095247471393, 26.157884781656499 ], [ 91.759188713583399, 26.1579167446748 ], [ 91.759260039816994, 26.157958797869501 ], [ 91.759304974445797, 26.158005465569101 ], [ 91.759370850600504, 26.158062501603499 ], [ 91.759444062397904, 26.15812808934 ], [ 91.759508362009299, 26.158178602265199 ], [ 91.759554324310798, 26.158207735055001 ], [ 91.759638178449293, 26.158238149063699 ], [ 91.759796497535007, 26.158284262717 ], [ 91.760012289934195, 26.158298665821899 ], [ 91.760079929481805, 26.158307452980999 ], [ 91.760142229443403, 26.158316240945702 ], [ 91.760189399080701, 26.158327424454299 ], [ 91.760240128741401, 26.1583394070141 ], [ 91.760357608617596, 26.158356183079501 ], [ 91.760421688141804, 26.158361774831999 ], [ 91.760483098771203, 26.158366567532099 ], [ 91.760531157740601, 26.158366567532099 ], [ 91.760705208123497, 26.1583637720592 ], [ 91.761275362546201, 26.158378750052499 ], [ 91.761824658087903, 26.158393728043901 ], [ 91.761949814068203, 26.158407458673899 ], [ 91.762077751232695, 26.1584486489418 ], [ 91.762239062606596, 26.1585098098308 ], [ 91.762546390638306, 26.1586233951755 ], [ 91.762849545995493, 26.158735732247301 ], [ 91.763183338395507, 26.158823183393501 ], [ 91.763482104584298, 26.158838420151898 ], [ 91.764042290402301, 26.158859751771601 ], [ 91.764517600697204, 26.158859751771601 ], [ 91.765059114133606, 26.158846609797902 ], [ 91.765504717142093, 26.1588132795398 ], [ 91.765913214339406, 26.158769629360801 ], [ 91.765950320150594, 26.158765664753599 ], [ 91.765809732011903, 26.158319436349199 ], [ 91.765777692699004, 26.158262718126299 ], [ 91.765759892581698, 26.158189224595201 ], [ 91.765755442327801, 26.1581428915879 ], [ 91.765771461984201, 26.158056616339501 ], [ 91.7658177422894, 26.157983921733202 ], [ 91.766039351280099, 26.157834537106201 ], [ 91.766059821190396, 26.1578121691871 ], [ 91.7660696119287, 26.1577642387239 ], [ 91.766075841745206, 26.157391176429901 ], [ 91.766086521815595, 26.157288125215299 ], [ 91.766104321034703, 26.157241791850101 ], [ 91.766122121151994, 26.157216228383898 ], [ 91.766170181019703, 26.157175486799499 ], [ 91.766222691141294, 26.1571059870809 ], [ 91.766257401145594, 26.157028498321001 ], [ 91.766293000481994, 26.1569382277454 ], [ 91.766384670861797, 26.156752095361501 ], [ 91.766472780319802, 26.156637060042598 ], [ 91.766522619750106, 26.1565859336458 ], [ 91.766559110215198, 26.156565162809901 ], [ 91.7666820967641, 26.156562616447101 ], [ 91.766661236984902, 26.156334194252601 ], [ 91.766593097075699, 26.155898566184899 ], [ 91.766583362033003, 26.155752525144401 ], [ 91.766568065520303, 26.155678880055 ], [ 91.766534690412598, 26.155607731310401 ], [ 91.766473503463601, 26.155452951718601 ], [ 91.766413707106693, 26.155319392108598 ], [ 91.766352519259399, 26.155110937891202 ], [ 91.766246832466294, 26.1545442419762 ], [ 91.766234316239405, 26.154330793536701 ], [ 91.766237097423499, 26.1542197004337 ], [ 91.766266300755106, 26.1540873876239 ], [ 91.766520784492002, 26.153496969786499 ], [ 91.766689049724405, 26.153132482228798 ], [ 91.766355300443607, 26.1530363666641 ], [ 91.766237097423499, 26.153007656721002 ], [ 91.766217629134701, 26.152988933367102 ], [ 91.766209285582306, 26.152955230516199 ], [ 91.766219019726805, 26.152912790084301 ], [ 91.766234316239405, 26.1528728460869 ], [ 91.766352519259399, 26.152733041585002 ], [ 91.766679315580006, 26.152333600380199 ], [ 91.766718253055998, 26.152283670334999 ], [ 91.766727987200397, 26.152213767752102 ], [ 91.766718253055998, 26.1521538509887 ], [ 91.766693221500603, 26.152075210694001 ], [ 91.766666799353203, 26.152015294665901 ], [ 91.766519393899898, 26.151823062423102 ], [ 91.766491581160395, 26.151781869815999 ], [ 91.766484628200104, 26.151749414853398 ], [ 91.766502706795194, 26.151711966932499 ], [ 91.766533299820495, 26.151667029572799 ], [ 91.766559721967994, 26.151608360767099 ], [ 91.766636206327902, 26.151496017638799 ], [ 91.766661236984902, 26.151439845227799 ], [ 91.766684877948293, 26.151399900726101 ], [ 91.766722424832196, 26.151329997613701 ], [ 91.766769705860497, 26.1512638399923 ], [ 91.766821158665095, 26.151213908683101 ], [ 91.766874002061698, 26.1511764605903 ], [ 91.766922673682103, 26.1511127993694 ], [ 91.766975517078706, 26.151050385551901 ], [ 91.767017235738805, 26.151005447937401 ], [ 91.767050610846496, 26.15093804108 ], [ 91.767064328120895, 26.150889947327101 ], [ 91.767095529305706, 26.150747531063601 ], [ 91.767157045936301, 26.150571645738399 ], [ 91.767289192606199, 26.1503098638069 ], [ 91.767446401374201, 26.150133977822001 ], [ 91.7675512078184, 26.1500051317878 ], [ 91.767633230292006, 26.149843561598299 ], [ 91.767699303177807, 26.1496656299589 ], [ 91.7677744903704, 26.149438614280701 ], [ 91.767799552468603, 26.149297495310599 ], [ 91.767833728873498, 26.1491666025859 ], [ 91.7681094137494, 26.1488639133538 ], [ 91.768262066262295, 26.148728929400001 ], [ 91.768325861918797, 26.148671663824 ], [ 91.768362315553006, 26.1485878103781 ], [ 91.768353202144496, 26.148503956871899 ], [ 91.768334975327306, 26.148463052582699 ], [ 91.768293963641398, 26.148387379690501 ], [ 91.768271179670805, 26.148307615991701 ], [ 91.768241561317595, 26.148231942998699 ], [ 91.768205106785004, 26.148170586416398 ], [ 91.7681344767458, 26.148092868355199 ], [ 91.768054732399804, 26.148037647447499 ], [ 91.767945369700399, 26.147992653032599 ], [ 91.767872461533699, 26.147953793546002 ], [ 91.767829171720095, 26.1478924368176 ], [ 91.767783603778994, 26.147802447052101 ], [ 91.767731200556895, 26.1476572361296 ], [ 91.767685632615795, 26.147550884659999 ], [ 91.767642343700601, 26.147446578084299 ], [ 91.767594497631904, 26.147350452191599 ], [ 91.7675512078184, 26.147266597796399 ], [ 91.767471464370601, 26.147192969123601 ], [ 91.767364379798806, 26.147141838588698 ], [ 91.767243624665099, 26.147109114615301 ], [ 91.767120591403796, 26.147096843022101 ], [ 91.766997558142506, 26.147096843022101 ], [ 91.766888195443201, 26.147105023815499 ], [ 91.7667514916199, 26.147105023815499 ], [ 91.766644407048105, 26.147111159611899 ], [ 91.766555550191796, 26.147102978818801 ], [ 91.766498589816294, 26.147088662228001 ], [ 91.7664370731856, 26.147055938239699 ], [ 91.766382391835904, 26.147021169243999 ], [ 91.766345938201695, 26.146990491041802 ], [ 91.766325432358698, 26.1469393596118 ], [ 91.766323154231102, 26.146896409773898 ], [ 91.766323154231102, 26.146853459920202 ], [ 91.766405175806497, 26.1467327910837 ], [ 91.766680861580596, 26.146274655434301 ], [ 91.766692254015098, 26.146198981123199 ], [ 91.766694532142594, 26.146121261749101 ], [ 91.766680861580596, 26.1460374064708 ], [ 91.766655799482507, 26.145859469028402 ], [ 91.766648109903699, 26.145207286122801 ], [ 91.766663123447003, 26.144554659276402 ], [ 91.766664912891102, 26.144476867037401 ], [ 91.7660224063588, 26.144450279059399 ], [ 91.765514324623993, 26.1444114183934 ], [ 91.765240916977405, 26.144388920489099 ], [ 91.765138389559098, 26.144374603565399 ], [ 91.765063202366406, 26.144350059802701 ], [ 91.765008521016796, 26.144313244955399 ], [ 91.764969788356694, 26.1442518863131 ], [ 91.764933333824104, 26.1441741656426 ], [ 91.764890044908896, 26.144045312222399 ], [ 91.764794351873306, 26.143711929838101 ], [ 91.764737392396, 26.143460358629699 ], [ 91.764705495016898, 26.143239466075201 ], [ 91.764694102582496, 26.143073796385099 ], [ 91.764696381608402, 26.142934715595398 ], [ 91.764703215991105, 26.142184084678199 ], [ 91.764662205203393, 26.141519353421099 ], [ 91.764655369922394, 26.141449812120999 ], [ 91.764623472543306, 26.141388451973601 ], [ 91.764561955912598, 26.141337318895999 ], [ 91.764445757932293, 26.141284139890999 ], [ 91.764324274264894, 26.141233333370799 ], [ 91.764025349074302, 26.1411325395948 ], [ 91.763831411787606, 26.141074942882 ], [ 91.763627267842693, 26.141036981066701 ], [ 91.763392502126294, 26.141009491524201 ], [ 91.763083370277499, 26.141014727666398 ], [ 91.762796110609202, 26.1410304360917 ], [ 91.762205550954903, 26.141071015575701 ], [ 91.761953286955105, 26.141085414353899 ], [ 91.761724353999895, 26.141082796687598 ], [ 91.761466258137304, 26.141057925629202 ], [ 91.761020056850796, 26.141022581476101 ], [ 91.760489282773705, 26.1409937830961 ], [ 91.760251601125901, 26.140987238118701 ], [ 91.760137863631101, 26.141002946547701 ], [ 91.7600314168632, 26.141022581476101 ], [ 91.759895807187903, 26.141074942882 ], [ 91.7597966511469, 26.141128612290501 ], [ 91.759607088655599, 26.141234643008701 ], [ 91.759445232004396, 26.1413262740774 ], [ 91.759300872738194, 26.141398269405801 ], [ 91.759206091492601, 26.141436231103601 ], [ 91.759095270827501, 26.141465029374501 ], [ 91.758961119117998, 26.141485973860298 ], [ 91.758812385056402, 26.141505608707501 ], [ 91.758654903200593, 26.141520008238398 ], [ 91.758364726702496, 26.141520008238398 ], [ 91.7579768530275, 26.141540951907899 ], [ 91.757291512127495, 26.141572368614799 ], [ 91.757097575739195, 26.1415618963801 ], [ 91.757087368182596, 26.141518698603701 ], [ 91.757026125538104, 26.141175736707599 ], [ 91.756925511531307, 26.140675691609399 ], [ 91.756897805691295, 26.140497664544199 ], [ 91.756795733718803, 26.140487192213101 ], [ 91.7563641156827, 26.1405159907181 ], [ 91.756006862880696, 26.140574896545601 ], [ 91.755843227695067, 26.140619698954723 ], [ 91.755899505221194, 26.140396460465102 ], [ 91.755938237881196, 26.140290101573601 ], [ 91.755958743724193, 26.140222605464999 ], [ 91.755999754511905, 26.140095792802601 ], [ 91.756070384551094, 26.1399342097023 ], [ 91.756131901181803, 26.139838077623001 ], [ 91.756147849871297, 26.1397992154217 ], [ 91.7561524070248, 26.139711265349401 ], [ 91.756156964178203, 26.139273555902399 ], [ 91.756150128897204, 26.139210149476199 ], [ 91.756131901181803, 26.139154924366199 ], [ 91.756077219832093, 26.1390792454395 ], [ 91.755992919230906, 26.139001521325099 ], [ 91.755924567319198, 26.138913569845499 ], [ 91.755874443123005, 26.1388542543128 ], [ 91.755842545743903, 26.138774484099599 ], [ 91.755819761773395, 26.1387233498772 ], [ 91.755806091211397, 26.138657897201 ], [ 91.755794699675207, 26.138584263904601 ], [ 91.755791053413503, 26.138113905995102 ], [ 91.755767723267297, 26.138018344996201 ], [ 91.755744392222695, 26.138001327297999 ], [ 91.755718145246703, 26.137992164417302 ], [ 91.7556671092605, 26.137983000729299 ], [ 91.755627738796605, 26.137969910436599 ], [ 91.755607324581703, 26.137951583863099 ], [ 91.755591284264, 26.137918857313299 ], [ 91.755578160775997, 26.137876967864599 ], [ 91.755557746561195, 26.137551013036902 ], [ 91.755559204526904, 26.137158294906101 ], [ 91.7555533717657, 26.137132113327802 ], [ 91.755525666824099, 26.137109859183301 ], [ 91.755502335779497, 26.137099387354802 ], [ 91.755473171973804, 26.137082369522599 ], [ 91.755457132554398, 26.1370574968056 ], [ 91.7554425511007, 26.137023461126599 ], [ 91.755439634270999, 26.136992044002099 ], [ 91.755439634270999, 26.136942299330801 ], [ 91.755435260373901, 26.136837574401699 ], [ 91.755429427612796, 26.136783902214098 ], [ 91.755413387294993, 26.136734158260602 ], [ 91.755397347875601, 26.1366935764628 ], [ 91.755378391626493, 26.136647759119398 ], [ 91.7553594353774, 26.1365927787676 ], [ 91.755350685786496, 26.1365011439838 ], [ 91.755372558865403, 26.136192203279801 ], [ 91.755371100001298, 26.136125440296102 ], [ 91.755374016831098, 26.136087476871499 ], [ 91.755400263807005, 26.1360560594952 ], [ 91.7554425511007, 26.136044277876099 ], [ 91.755532957550898, 26.136022023524301 ], [ 91.755618989205701, 26.136010241901701 ], [ 91.755728352803303, 26.135994532801099 ], [ 91.755786679516405, 26.135980133395101 ], [ 91.755843548263798, 26.135960496812199 ], [ 91.755904790908303, 26.135936933553499 ], [ 91.755933954713996, 26.135914679181202 ], [ 91.755958743724193, 26.135881952060501 ], [ 91.755968950382496, 26.135853152412501 ], [ 91.755973325177905, 26.1357890078264 ], [ 91.755961659655696, 26.135724863205098 ], [ 91.755941245440795, 26.1355703919284 ], [ 91.755954368928798, 26.1349237049007 ], [ 91.755951452997394, 26.134456359749301 ], [ 91.755941245440795, 26.134170977255199 ], [ 91.755865420444295, 26.133707556645401 ], [ 91.755836257536899, 26.1335727188814 ], [ 91.755788137482099, 26.133488936044099 ], [ 91.755729810768997, 26.1333986085505 ], [ 91.755586909468605, 26.1332231882324 ], [ 91.755591284264, 26.133177369527399 ], [ 91.755597117025104, 26.133140714066599 ], [ 91.755611698478802, 26.133105368323299 ], [ 91.755640862284494, 26.133060858495199 ], [ 91.755675857952994, 26.133017658380201 ], [ 91.755728352803303, 26.1329535122366 ], [ 91.755772097164396, 26.132932566220301 ], [ 91.755820217219195, 26.132931257295699 ], [ 91.755876574825194, 26.132940364119701 ], [ 91.755937062884897, 26.1329741808186 ], [ 91.755997412604003, 26.1330079192788 ], [ 91.756148306215493, 26.133092277483801 ], [ 91.756238712665706, 26.1331014415555 ], [ 91.756308704901102, 26.133100131826399 ], [ 91.756410776873494, 26.133079186642799 ], [ 91.756469103586596, 26.1330634771478 ], [ 91.756568259627699, 26.133030749228102 ], [ 91.756658666077897, 26.133022894880799 ], [ 91.756769486742897, 26.1330359857281 ], [ 91.756807399241097, 26.1330320581515 ], [ 91.756835105081095, 26.1330124218793 ], [ 91.756856977261705, 26.132889365251302 ], [ 91.756880308306194, 26.132838309906699 ], [ 91.756921136735897, 26.132822601185801 ], [ 91.757065496001999, 26.1328343831299 ], [ 91.757180691462494, 26.1328304555465 ], [ 91.7572929709916, 26.132835692055501 ], [ 91.757408166451995, 26.132844856147301 ], [ 91.757552524819801, 26.132868420029901 ], [ 91.757625433884897, 26.1328788930443 ], [ 91.757677927836895, 26.1328788930443 ], [ 91.757759585594499, 26.1328697289552 ], [ 91.757899570065206, 26.132835692055501 ], [ 91.758103714010204, 26.132776782323599 ], [ 91.758335562896804, 26.132720490415799 ], [ 91.758423053415598, 26.132686453472701 ], [ 91.758459507948203, 26.1325018687733 ], [ 91.758530958149194, 26.1320672413224 ], [ 91.758622823463398, 26.131763525445301 ], [ 91.758675317415396, 26.131546210951399 ], [ 91.758685524073599, 26.1314506445778 ], [ 91.758684066107904, 26.1312909318758 ], [ 91.758685524073599, 26.131074925447901 ], [ 91.758909262969894, 26.131036551487099 ], [ 91.759157607620097, 26.130983367790598 ], [ 91.759585945008794, 26.130903593007002 ], [ 91.759875301344906, 26.1308360906662 ], [ 91.760100862024601, 26.130780861595799 ], [ 91.760451734991406, 26.130666312001001 ], [ 91.760620336193796, 26.130586537000799 ], [ 91.760545149001203, 26.130533353099398 ], [ 91.760403888922696, 26.130419698478999 ], [ 91.760336248476804, 26.1303429912459 ], [ 91.760279288999598, 26.1302343222434 ], [ 91.760176049217193, 26.130039357987499 ], [ 91.760076369458304, 26.129857177330901 ], [ 91.759930410292696, 26.129681388765398 ], [ 91.759677650422901, 26.1294256959074 ], [ 91.759419622832198, 26.129232391712598 ], [ 91.7592806408814, 26.129168979834201 ], [ 91.759318295563105, 26.129186160121701 ] ], [ [ 91.741752435478205, 26.143548829238501 ], [ 91.741738903256802, 26.1435793817387 ], [ 91.741786968514305, 26.143470858918501 ], [ 91.741752435478205, 26.143548829238501 ] ], [ [ 91.744327117575295, 26.126331057169999 ], [ 91.744107704067105, 26.126360712474799 ], [ 91.744011375922597, 26.126373731481099 ], [ 91.744327117575295, 26.126331057169999 ] ], [ [ 91.748401445411005, 26.123146479314101 ], [ 91.748331433412702, 26.123148896550902 ], [ 91.748474433527804, 26.123143958838501 ], [ 91.748401445411005, 26.123146479314101 ] ] ] } }
]
}
