{"type": "FeatureCollection", "name": "guwahati_buildings", "crs": {"type": "name", "properties": {"name": "urn:ogc:def:crs:OGC:1.3:CRS84"}}, "features": [{"type": "Feature", "properties": {"element": "relation", "id": 10212076, "height": null, "building:levels": null, "render_height": 5.2851440672489325, "render_min_height": 0.0, "basin_id": "GHY_BHARALU_CORE"}, "geometry": {"type": "Polygon", "coordinates": [[[91.7466972, 26.1770028], [91.7466855, 26.1769565], [91.7468322, 26.1769267], [91.7467977, 26.1767897], [91.7466479, 26.1768201], [91.7466007, 26.176633], [91.7464785, 26.1766578], [91.7465264, 26.1768478], [91.7464008, 26.1768733], [91.7463299, 26.1768877], [91.7462563, 26.1765957], [91.7465498, 26.1765361], [91.746511, 26.1763819], [91.7460967, 26.176466], [91.7461357, 26.1766205], [91.7461491, 26.1766178], [91.7461618, 26.1766682], [91.7459868, 26.1767038], [91.746011, 26.1767998], [91.7461921, 26.176763], [91.7462754, 26.1770932], [91.7461622, 26.1771162], [91.7461405, 26.1770302], [91.7462189, 26.1770143], [91.7462019, 26.1769468], [91.7461139, 26.1769647], [91.7460882, 26.1768626], [91.7459925, 26.176882], [91.74607, 26.1771894], [91.7461807, 26.1771669], [91.7462931, 26.1771441], [91.7463975, 26.1771229], [91.7463901, 26.1770936], [91.7464708, 26.1770772], [91.7464829, 26.177125], [91.746828, 26.1770549], [91.7468255, 26.177045], [91.746888, 26.1770323], [91.746858, 26.1769133], [91.7469419, 26.1768963], [91.7468723, 26.1766203], [91.7467913, 26.1766368], [91.7468605, 26.1769113], [91.7468358, 26.1769163], [91.7468619, 26.1770199], [91.7468229, 26.1770278], [91.74682, 26.1770164], [91.7464807, 26.1770854], [91.7464684, 26.1770364], [91.7463786, 26.1770547], [91.7463658, 26.1770043], [91.7464053, 26.1769962], [91.7464101, 26.1770153], [91.746564, 26.1769841], [91.746575, 26.1770276], [91.7466972, 26.1770028]], [[91.746399, 26.176973], [91.7463589, 26.1769812], [91.7463394, 26.1769102], [91.7463801, 26.1769019], [91.746399, 26.176973]]]}}, {"type": "Feature", "properties": {"element": "way", "id": 144357673, "height": null, "building:levels": null, "render_height": 12.312176403749369, "render_min_height": 0.0, "basin_id": "GHY_BHARALU_CORE"}, "geometry": {"type": "Polygon", "coordinates": [[[91.7500072, 26.1901167], [91.7501364, 26.189769], [91.7512898, 26.190114], [91.7511637, 26.1904534], [91.7509192, 26.1903803], [91.7509664, 26.190253], [91.7502409, 26.190036], [91.7501906, 26.1901716], [91.7500072, 26.1901167]]]}}, {"type": "Feature", "properties": {"element": "way", "id": 144357675, "height": null, "building:levels": null, "render_height": 5.015101771651521, "render_min_height": 0.0, "basin_id": "GHY_BHARALU_CORE"}, "geometry": {"type": "Polygon", "coordinates": [[[91.7522319, 26.1854506], [91.752542, 26.1854248], [91.7525121, 26.1851351], [91.7527137, 26.1851183], [91.7526941, 26.1849288], [91.7524669, 26.1849477], [91.7524736, 26.1850125], [91.7521564, 26.1850389], [91.752148, 26.1849575], [91.7519338, 26.1849754], [91.7519554, 26.1851844], [91.7519209, 26.1851873], [91.7519388, 26.1853606], [91.7522026, 26.1853386], [91.752188, 26.1851979], [91.7522056, 26.1851964], [91.7522319, 26.1854506]]]}}, {"type": "Feature", "properties": {"element": "way", "id": 144357676, "height": null, "building:levels": null, "render_height": 8.609025260647512, "render_min_height": 0.0, "basin_id": "GHY_BHARALU_CORE"}, "geometry": {"type": "Polygon", "coordinates": [[[91.7517388, 26.1916444], [91.7518619, 26.1916862], [91.7518105, 26.1919128], [91.752115, 26.1920063], [91.7522311, 26.1916865], [91.7523362, 26.1912152], [91.7518669, 26.1910673], [91.751783, 26.1914602], [91.7517388, 26.1916444]]]}}, {"type": "Feature", "properties": {"element": "way", "id": 144431420, "height": null, "building:levels": null, "render_height": 9.756418664413887, "render_min_height": 0.0, "basin_id": "GHY_BHARALU_CORE"}, "geometry": {"type": "Polygon", "coordinates": [[[91.7513047, 26.1853498], [91.7514681, 26.1853358], [91.7514583, 26.185244], [91.7517362, 26.1852202], [91.751743, 26.185284], [91.7518908, 26.1852713], [91.7518819, 26.1851878], [91.7517715, 26.1851973], [91.7517617, 26.1851059], [91.7513968, 26.1851372], [91.7514078, 26.1852403], [91.7512941, 26.1852501], [91.7513047, 26.1853498]]]}}, {"type": "Feature", "properties": {"element": "way", "id": 157584893, "height": null, "building:levels": null, "render_height": 12.190340813789831, "render_min_height": 0.0, "basin_id": "GHY_BHARALU_CORE"}, "geometry": {"type": "Polygon", "coordinates": [[[91.750698, 26.1826039], [91.7507037, 26.1825124], [91.7501916, 26.1824868], [91.7484931, 26.1824019], [91.7481078, 26.1823826], [91.7480986, 26.1825317], [91.7483804, 26.1825458], [91.7483835, 26.1824958], [91.7492604, 26.1825397], [91.7492524, 26.1826693], [91.7500321, 26.1827064], [91.7500381, 26.1825709], [91.750698, 26.1826039]]]}}, {"type": "Feature", "properties": {"element": "way", "id": 222979998, "height": null, "building:levels": null, "render_height": 7.484851370559602, "render_min_height": 0.0, "basin_id": "NONE"}, "geometry": {"type": "Polygon", "coordinates": [[[91.6917721, 26.1572949], [91.6917794, 26.1572019], [91.6924578, 26.1572494], [91.6924509, 26.157344], [91.6922459, 26.1573297], [91.6922368, 26.1573788], [91.6922094, 26.1574135], [91.6921502, 26.157436], [91.692034, 26.1574299], [91.6919976, 26.1574054], [91.6919748, 26.1573665], [91.6919748, 26.1573139], [91.6917721, 26.1572949]]]}}, {"type": "Feature", "properties": {"element": "way", "id": 261074437, "height": null, "building:levels": null, "render_height": 12.539905244066343, "render_min_height": 0.0, "basin_id": "NONE"}, "geometry": {"type": "Polygon", "coordinates": [[[91.7054215, 26.1663266], [91.7054623, 26.1664908], [91.7050869, 26.1665659], [91.7050462, 26.1664017], [91.7054215, 26.1663266]]]}}, {"type": "Feature", "properties": {"element": "way", "id": 267338484, "height": null, "building:levels": null, "render_height": 11.8274556274151, "render_min_height": 0.0, "basin_id": "GHY_BHARALU_CORE"}, "geometry": {"type": "Polygon", "coordinates": [[[91.730866, 26.1537738], [91.7311527, 26.1537198], [91.7311244, 26.1536372], [91.7308395, 26.1536944], [91.730866, 26.1537738]]]}}, {"type": "Feature", "properties": {"element": "way", "id": 301151583, "height": null, "building:levels": null, "render_height": 8.542628707132032, "render_min_height": 0.0, "basin_id": "GHY_BHARALU_CORE"}, "geometry": {"type": "Polygon", "coordinates": [[[91.7576212, 26.174663], [91.7574979, 26.1742983], [91.7576239, 26.1742634], [91.7577218, 26.1745992], [91.7576212, 26.174663]]]}}, {"type": "Feature", "properties": {"element": "way", "id": 359653242, "height": null, "building:levels": null, "render_height": 6.661485227058858, "render_min_height": 0.0, "basin_id": "GHY_BHARALU_CORE"}, "geometry": {"type": "Polygon", "coordinates": [[[91.7540175, 26.1803693], [91.7541266, 26.1805436], [91.7542859, 26.1804634], [91.754165, 26.1802701], [91.7540432, 26.1803315], [91.754018, 26.1802913], [91.7539422, 26.1803295], [91.7539792, 26.1803886], [91.7540175, 26.1803693]]]}}, {"type": "Feature", "properties": {"element": "way", "id": 383742751, "height": null, "building:levels": null, "render_height": 8.068795427757586, "render_min_height": 0.0, "basin_id": "GHY_BHARALU_CORE"}, "geometry": {"type": "Polygon", "coordinates": [[[91.772154, 26.17341], [91.7724044, 26.1732993], [91.7723494, 26.1731991], [91.772099, 26.1733098], [91.772154, 26.17341]]]}}, {"type": "Feature", "properties": {"element": "way", "id": 393657572, "height": null, "building:levels": null, "render_height": 12.97204347936325, "render_min_height": 0.0, "basin_id": "NONE"}, "geometry": {"type": "Polygon", "coordinates": [[[91.7037026, 26.1580412], [91.7036999, 26.1581639], [91.7041746, 26.1582121], [91.7041934, 26.1580845], [91.7037026, 26.1580412]]]}}, {"type": "Feature", "properties": {"element": "way", "id": 393657574, "height": null, "building:levels": "4", "render_height": 12.0, "render_min_height": 0.0, "basin_id": "NONE"}, "geometry": {"type": "Polygon", "coordinates": [[[91.7017887, 26.1586146], [91.7019657, 26.1586258], [91.7020328, 26.1581114], [91.701853, 26.1580849], [91.7017887, 26.1586146]]]}}, {"type": "Feature", "properties": {"element": "way", "id": 393657578, "height": null, "building:levels": null, "render_height": 8.397782804064631, "render_min_height": 0.0, "basin_id": "NONE"}, "geometry": {"type": "Polygon", "coordinates": [[[91.7029152, 26.1577148], [91.702934, 26.1577184], [91.702934, 26.1576979], [91.7029125, 26.1577003], [91.7029152, 26.1577148]]]}}, {"type": "Feature", "properties": {"element": "way", "id": 393657579, "height": null, "building:levels": null, "render_height": 6.234093245748204, "render_min_height": 0.0, "basin_id": "NONE"}, "geometry": {"type": "Polygon", "coordinates": [[[91.702769, 26.1577123], [91.7027704, 26.1576955], [91.7027905, 26.1576967], [91.7027824, 26.1577148], [91.702769, 26.1577123]]]}}, {"type": "Feature", "properties": {"element": "way", "id": 393657580, "height": null, "building:levels": null, "render_height": 11.460183407365674, "render_min_height": 0.0, "basin_id": "NONE"}, "geometry": {"type": "Polygon", "coordinates": [[[91.7026872, 26.1576028], [91.7027274, 26.1576076], [91.7027422, 26.157533], [91.7027006, 26.1575306], [91.7026872, 26.1576028]]]}}, {"type": "Feature", "properties": {"element": "way", "id": 393657583, "height": null, "building:levels": null, "render_height": 13.214622281707321, "render_min_height": 0.0, "basin_id": "NONE"}, "geometry": {"type": "Polygon", "coordinates": [[[91.7011078, 26.1591115], [91.7011011, 26.1591982], [91.7005714, 26.1591284], [91.7005848, 26.1589538], [91.7006679, 26.1589743], [91.7006558, 26.1590634], [91.7011078, 26.1591115]]]}}, {"type": "Feature", "properties": {"element": "way", "id": 393657584, "height": null, "building:levels": null, "render_height": 10.66119909213701, "render_min_height": 0.0, "basin_id": "NONE"}, "geometry": {"type": "Polygon", "coordinates": [[[91.7006049, 26.158884], [91.7011226, 26.1589346], [91.7011494, 26.1588503], [91.7006183, 26.1587937], [91.7006049, 26.158884]]]}}, {"type": "Feature", "properties": {"element": "way", "id": 393657585, "height": null, "building:levels": null, "render_height": 8.333410664169522, "render_min_height": 0.0, "basin_id": "NONE"}, "geometry": {"type": "Polygon", "coordinates": [[[91.7003595, 26.1590056], [91.7005271, 26.15902], [91.7005365, 26.1587781], [91.7005942, 26.1587805], [91.7006004, 26.1587281], [91.7003658, 26.1587042], [91.7003595, 26.1590056]]]}}, {"type": "Feature", "properties": {"element": "way", "id": 503319620, "height": null, "building:levels": null, "render_height": 8.927864291825609, "render_min_height": 0.0, "basin_id": "GHY_BHARALU_CORE"}, "geometry": {"type": "Polygon", "coordinates": [[[91.751299, 26.1801089], [91.7516425, 26.1801817], [91.7517098, 26.1799259], [91.7513663, 26.1798531], [91.751299, 26.1801089]]]}}, {"type": "Feature", "properties": {"element": "way", "id": 508682542, "height": null, "building:levels": null, "render_height": 9.890850916799925, "render_min_height": 0.0, "basin_id": "NONE"}, "geometry": {"type": "Polygon", "coordinates": [[[91.6861573, 26.1695021], [91.6862172, 26.1695158], [91.6862771, 26.1695296], [91.6863293, 26.1695416], [91.6865734, 26.1686846], [91.6865145, 26.168671], [91.6864549, 26.1686573], [91.6864013, 26.1686451], [91.6861573, 26.1695021]]]}}, {"type": "Feature", "properties": {"element": "way", "id": 517462548, "height": null, "building:levels": null, "render_height": 11.886817294428145, "render_min_height": 0.0, "basin_id": "GHY_DEEPOR_BEEL"}, "geometry": {"type": "Polygon", "coordinates": [[[91.6772574, 26.1143613], [91.6768619, 26.1145107], [91.6767188, 26.1142054], [91.676527, 26.1142805], [91.676425, 26.1143207], [91.6762611, 26.1143783], [91.6761058, 26.1140469], [91.6769591, 26.1137246], [91.6772574, 26.1143613]]]}}, {"type": "Feature", "properties": {"element": "way", "id": 517462552, "height": null, "building:levels": null, "render_height": 9.690272500618793, "render_min_height": 0.0, "basin_id": "NONE"}, "geometry": {"type": "Polygon", "coordinates": [[[91.6833778, 26.1116467], [91.6834987, 26.1115884], [91.6834184, 26.1114541], [91.6834719, 26.1114283], [91.6835537, 26.1115651], [91.683681, 26.1115037], [91.683584, 26.1113415], [91.6836465, 26.1113113], [91.6836136, 26.1112562], [91.6835548, 26.1112845], [91.6834472, 26.1111047], [91.6833158, 26.111168], [91.6834029, 26.1113137], [91.6833496, 26.1113394], [91.6832698, 26.1112058], [91.6831616, 26.111258], [91.6832045, 26.1113298], [91.6830783, 26.1113907], [91.6832206, 26.1116287], [91.6833342, 26.1115739], [91.6833778, 26.1116467]]]}}, {"type": "Feature", "properties": {"element": "way", "id": 517462555, "height": null, "building:levels": null, "render_height": 8.111526861810047, "render_min_height": 0.0, "basin_id": "NONE"}, "geometry": {"type": "Polygon", "coordinates": [[[91.6819219, 26.11235], [91.6818857, 26.1122816], [91.6819441, 26.1122566], [91.6819323, 26.1122345], [91.6820633, 26.1121785], [91.6820768, 26.1122039], [91.6821429, 26.1121757], [91.6821751, 26.1122364], [91.6821318, 26.1122549], [91.6821511, 26.1122914], [91.6821341, 26.1122987], [91.6821424, 26.1123143], [91.6821064, 26.1123297], [91.682124, 26.1123629], [91.6820842, 26.11238], [91.6820666, 26.1123468], [91.6820193, 26.112367], [91.6820114, 26.1123519], [91.6819906, 26.1123608], [91.6819732, 26.112328], [91.6819219, 26.11235]]]}}, {"type": "Feature", "properties": {"element": "way", "id": 517462559, "height": null, "building:levels": null, "render_height": 9.049502263665001, "render_min_height": 0.0, "basin_id": "NONE"}, "geometry": {"type": "Polygon", "coordinates": [[[91.6839977, 26.1148004], [91.6839127, 26.1145304], [91.6843803, 26.1144117], [91.6844653, 26.1146818], [91.6839977, 26.1148004]]]}}, {"type": "Feature", "properties": {"element": "way", "id": 517462560, "height": null, "building:levels": null, "render_height": 7.142354330126919, "render_min_height": 0.0, "basin_id": "NONE"}, "geometry": {"type": "Polygon", "coordinates": [[[91.6839376, 26.114417], [91.6838118, 26.1140067], [91.6841151, 26.1139317], [91.6842409, 26.114342], [91.6839376, 26.114417]]]}}, {"type": "Feature", "properties": {"element": "way", "id": 517462561, "height": null, "building:levels": null, "render_height": 7.117657819825437, "render_min_height": 0.0, "basin_id": "NONE"}, "geometry": {"type": "Polygon", "coordinates": [[[91.6843172, 26.1143288], [91.6846278, 26.1142609], [91.6845141, 26.1138414], [91.6842034, 26.1139093], [91.6843172, 26.1143288]]]}}, {"type": "Feature", "properties": {"element": "way", "id": 517462588, "height": null, "building:levels": null, "render_height": 12.699297068745665, "render_min_height": 0.0, "basin_id": "NONE"}, "geometry": {"type": "Polygon", "coordinates": [[[91.6942542, 26.1116082], [91.6945344, 26.1115411], [91.6944501, 26.111177], [91.6942968, 26.1105153], [91.6941935, 26.1100692], [91.693974, 26.1101154], [91.6940721, 26.1107528], [91.6942542, 26.1116082]]]}}, {"type": "Feature", "properties": {"element": "way", "id": 517462589, "height": null, "building:levels": null, "render_height": 6.772124048524855, "render_min_height": 0.0, "basin_id": "NONE"}, "geometry": {"type": "Polygon", "coordinates": [[[91.6933295, 26.111755], [91.6936518, 26.1117088], [91.6936004, 26.1109792], [91.6934882, 26.1109849], [91.6932688, 26.110996], [91.6933295, 26.111755]]]}}, {"type": "Feature", "properties": {"element": "way", "id": 517462590, "height": null, "building:levels": null, "render_height": 14.004077388738827, "render_min_height": 0.0, "basin_id": "NONE"}, "geometry": {"type": "Polygon", "coordinates": [[[91.6936518, 26.1117088], [91.6941514, 26.1116376], [91.6939646, 26.110627], [91.693974, 26.1101154], [91.6934976, 26.1102286], [91.6936004, 26.1109792], [91.6936518, 26.1117088]]]}}, {"type": "Feature", "properties": {"element": "way", "id": 517462591, "height": null, "building:levels": null, "render_height": 11.39510779394476, "render_min_height": 0.0, "basin_id": "NONE"}, "geometry": {"type": "Polygon", "coordinates": [[[91.6935415, 26.1123409], [91.6939005, 26.1123121], [91.6938481, 26.1117852], [91.693489, 26.111814], [91.6935415, 26.1123409]]]}}, {"type": "Feature", "properties": {"element": "way", "id": 517462592, "height": null, "building:levels": null, "render_height": 8.577206346910941, "render_min_height": 0.0, "basin_id": "NONE"}, "geometry": {"type": "Polygon", "coordinates": [[[91.693933, 26.1122954], [91.6942835, 26.1122514], [91.6941965, 26.1116931], [91.6939023, 26.1117301], [91.693846, 26.1117372], [91.693933, 26.1122954]]]}}, {"type": "Feature", "properties": {"element": "way", "id": 517462593, "height": null, "building:levels": "14", "render_height": 42.0, "render_min_height": 0.0, "basin_id": "GHY_DEEPOR_BEEL"}, "geometry": {"type": "Polygon", "coordinates": [[[91.6737549, 26.1418961], [91.673909, 26.1418164], [91.6738613, 26.1417267], [91.6737782, 26.1415942], [91.6735681, 26.1412903], [91.6734174, 26.1413749], [91.6737549, 26.1418961]]]}}, {"type": "Feature", "properties": {"element": "way", "id": 517462594, "height": null, "building:levels": null, "render_height": 5.2637521892257455, "render_min_height": 0.0, "basin_id": "GHY_DEEPOR_BEEL"}, "geometry": {"type": "Polygon", "coordinates": [[[91.6739742, 26.141859], [91.6741106, 26.1418016], [91.6740513, 26.141688], [91.6739149, 26.1417454], [91.6739742, 26.141859]]]}}, {"type": "Feature", "properties": {"element": "way", "id": 517462597, "height": null, "building:levels": null, "render_height": 9.980913032233701, "render_min_height": 0.0, "basin_id": "GHY_DEEPOR_BEEL"}, "geometry": {"type": "Polygon", "coordinates": [[[91.6746877, 26.1404995], [91.6746653, 26.1403463], [91.6750353, 26.1402879], [91.6750759, 26.1404448], [91.6746877, 26.1404995]]]}}, {"type": "Feature", "properties": {"element": "way", "id": 517462598, "height": null, "building:levels": null, "render_height": 10.809810131384976, "render_min_height": 0.0, "basin_id": "GHY_DEEPOR_BEEL"}, "geometry": {"type": "Polygon", "coordinates": [[[91.6716627, 26.1386046], [91.6720286, 26.138371], [91.6716586, 26.1378892], [91.6713008, 26.138152], [91.6716627, 26.1386046]]]}}, {"type": "Feature", "properties": {"element": "way", "id": 517462600, "height": null, "building:levels": "10", "render_height": 30.0, "render_min_height": 0.0, "basin_id": "GHY_DEEPOR_BEEL"}, "geometry": {"type": "Polygon", "coordinates": [[[91.6734792, 26.1400265], [91.6736333, 26.1401104], [91.6738715, 26.1398001], [91.673694, 26.1397121], [91.6734792, 26.1400265]]]}}, {"type": "Feature", "properties": {"element": "way", "id": 517470965, "height": null, "building:levels": null, "render_height": 13.588301496166347, "render_min_height": 0.0, "basin_id": "GHY_DEEPOR_BEEL"}, "geometry": {"type": "Polygon", "coordinates": [[[91.6663411, 26.129825], [91.6663272, 26.1297752], [91.6664294, 26.1297523], [91.6664294, 26.1298052], [91.6663411, 26.129825]]]}}, {"type": "Feature", "properties": {"element": "way", "id": 517470966, "height": null, "building:levels": null, "render_height": 14.992204939144806, "render_min_height": 0.0, "basin_id": "GHY_DEEPOR_BEEL"}, "geometry": {"type": "Polygon", "coordinates": [[[91.6660498, 26.1298247], [91.6660324, 26.129764], [91.6661698, 26.1297405], [91.6661894, 26.1298071], [91.6660498, 26.1298247]]]}}, {"type": "Feature", "properties": {"element": "way", "id": 517474930, "height": null, "building:levels": null, "render_height": 8.750411618468465, "render_min_height": 0.0, "basin_id": "NONE"}, "geometry": {"type": "Polygon", "coordinates": [[[91.7106407, 26.1192843], [91.7108562, 26.119288], [91.7108684, 26.1187551], [91.7106611, 26.1187332], [91.7106407, 26.1192843]]]}}, {"type": "Feature", "properties": {"element": "way", "id": 517474931, "height": null, "building:levels": null, "render_height": 6.970220464264177, "render_min_height": 0.0, "basin_id": "NONE"}, "geometry": {"type": "Polygon", "coordinates": [[[91.7109416, 26.119288], [91.7111693, 26.1192989], [91.7111936, 26.1187587], [91.7109822, 26.1187514], [91.7109416, 26.119288]]]}}, {"type": "Feature", "properties": {"element": "way", "id": 517474932, "height": null, "building:levels": null, "render_height": 6.226800908277635, "render_min_height": 0.0, "basin_id": "NONE"}, "geometry": {"type": "Polygon", "coordinates": [[[91.7106448, 26.1186893], [91.7108928, 26.1187186], [91.7109091, 26.1184156], [91.7106692, 26.1184083], [91.7106448, 26.1186893]]]}}, {"type": "Feature", "properties": {"element": "way", "id": 517474933, "height": null, "building:levels": null, "render_height": 10.637584410080462, "render_min_height": 0.0, "basin_id": "NONE"}, "geometry": {"type": "Polygon", "coordinates": [[[91.6987733, 26.1221393], [91.6990255, 26.12209], [91.698852, 26.1213753], [91.698643, 26.1214162], [91.6986728, 26.1215387], [91.6985926, 26.1215544], [91.6986524, 26.121801], [91.6986894, 26.1217937], [91.6987733, 26.1221393]]]}}, {"type": "Feature", "properties": {"element": "way", "id": 517478731, "height": null, "building:levels": null, "render_height": 14.6088980123055, "render_min_height": 0.0, "basin_id": "GHY_BHARALU_CORE"}, "geometry": {"type": "Polygon", "coordinates": [[[91.7636174, 26.1817494], [91.7636205, 26.1815392], [91.763981, 26.1815282], [91.7639964, 26.1817217], [91.7636174, 26.1817494]]]}}, {"type": "Feature", "properties": {"element": "way", "id": 517478734, "height": null, "building:levels": null, "render_height": 11.690909226560468, "render_min_height": 0.0, "basin_id": "GHY_BHARALU_CORE"}, "geometry": {"type": "Polygon", "coordinates": [[[91.7512017, 26.1813665], [91.7515025, 26.1813824], [91.7515202, 26.181303], [91.7515733, 26.1812903], [91.7515733, 26.1810902], [91.7513008, 26.181087], [91.751276, 26.1811696], [91.7511663, 26.1811664], [91.7511451, 26.1812966], [91.7512017, 26.1813665]]]}}, {"type": "Feature", "properties": {"element": "way", "id": 517478738, "height": null, "building:levels": null, "render_height": 7.398586925009937, "render_min_height": 0.0, "basin_id": "GHY_BHARALU_CORE"}, "geometry": {"type": "Polygon", "coordinates": [[[91.7311717, 26.1708942], [91.7311995, 26.1707449], [91.7313997, 26.170778], [91.7313812, 26.1709329], [91.7311717, 26.1708942]]]}}, {"type": "Feature", "properties": {"element": "way", "id": 517891511, "height": null, "building:levels": null, "render_height": 13.6596790207437, "render_min_height": 0.0, "basin_id": "NONE"}, "geometry": {"type": "Polygon", "coordinates": [[[91.6848187, 26.1202608], [91.6848058, 26.1200545], [91.6842392, 26.120083], [91.6841578, 26.1200871], [91.6841707, 26.1202935], [91.6848187, 26.1202608]]]}}, {"type": "Feature", "properties": {"element": "way", "id": 517891513, "height": null, "building:levels": null, "render_height": 12.795362846072903, "render_min_height": 0.0, "basin_id": "NONE"}, "geometry": {"type": "Polygon", "coordinates": [[[91.6854358, 26.1154573], [91.6858527, 26.1153667], [91.6857434, 26.1149612], [91.6853265, 26.1150518], [91.6854358, 26.1154573]]]}}, {"type": "Feature", "properties": {"element": "way", "id": 517891533, "height": null, "building:levels": null, "render_height": 5.92645512498653, "render_min_height": 0.0, "basin_id": "GHY_DEEPOR_BEEL"}, "geometry": {"type": "Polygon", "coordinates": [[[91.676714, 26.1149319], [91.6766714, 26.1148527], [91.6767741, 26.1148143], [91.6768204, 26.1147894], [91.6768621, 26.1148706], [91.676714, 26.1149319]]]}}, {"type": "Feature", "properties": {"element": "way", "id": 517891535, "height": null, "building:levels": null, "render_height": 11.276866308967366, "render_min_height": 0.0, "basin_id": "GHY_DEEPOR_BEEL"}, "geometry": {"type": "Polygon", "coordinates": [[[91.6765209, 26.1147415], [91.6764733, 26.1146378], [91.6765654, 26.1146082], [91.6766674, 26.1145681], [91.6767642, 26.1145301], [91.6768118, 26.1146338], [91.6767095, 26.1146752], [91.6766068, 26.1147137], [91.6765209, 26.1147415]]]}}, {"type": "Feature", "properties": {"element": "way", "id": 517891536, "height": null, "building:levels": null, "render_height": 10.501721011023442, "render_min_height": 0.0, "basin_id": "GHY_DEEPOR_BEEL"}, "geometry": {"type": "Polygon", "coordinates": [[[91.676425, 26.1143207], [91.676527, 26.1142805], [91.6766674, 26.1145681], [91.6765654, 26.1146082], [91.676425, 26.1143207]]]}}, {"type": "Feature", "properties": {"element": "way", "id": 517891537, "height": null, "building:levels": null, "render_height": 5.739099022976571, "render_min_height": 0.0, "basin_id": "GHY_DEEPOR_BEEL"}, "geometry": {"type": "Polygon", "coordinates": [[[91.6766714, 26.1148527], [91.6767741, 26.1148143], [91.6767095, 26.1146752], [91.6766068, 26.1147137], [91.6766714, 26.1148527]]]}}, {"type": "Feature", "properties": {"element": "way", "id": 517891539, "height": null, "building:levels": null, "render_height": 6.524100764957624, "render_min_height": 0.0, "basin_id": "GHY_DEEPOR_BEEL"}, "geometry": {"type": "Polygon", "coordinates": [[[91.6739158, 26.1301477], [91.6739029, 26.1300151], [91.674134, 26.1299985], [91.6741539, 26.1301357], [91.6739158, 26.1301477]]]}}, {"type": "Feature", "properties": {"element": "way", "id": 517891540, "height": null, "building:levels": null, "render_height": 6.50749409915243, "render_min_height": 0.0, "basin_id": "GHY_DEEPOR_BEEL"}, "geometry": {"type": "Polygon", "coordinates": [[[91.6730764, 26.1338223], [91.6731537, 26.1336404], [91.6728204, 26.1335264], [91.6727432, 26.1337083], [91.6730764, 26.1338223]]]}}, {"type": "Feature", "properties": {"element": "way", "id": 517891541, "height": null, "building:levels": null, "render_height": 8.53065859741002, "render_min_height": 0.0, "basin_id": "GHY_DEEPOR_BEEL"}, "geometry": {"type": "Polygon", "coordinates": [[[91.672479, 26.1356876], [91.6723882, 26.1354338], [91.6727272, 26.1353362], [91.6728179, 26.13559], [91.672479, 26.1356876]]]}}, {"type": "Feature", "properties": {"element": "way", "id": 517891542, "height": null, "building:levels": null, "render_height": 8.88405460845928, "render_min_height": 0.0, "basin_id": "GHY_DEEPOR_BEEL"}, "geometry": {"type": "Polygon", "coordinates": [[[91.6724566, 26.1351087], [91.6727321, 26.1351021], [91.6727231, 26.1347982], [91.6724476, 26.1348048], [91.6724566, 26.1351087]]]}}, {"type": "Feature", "properties": {"element": "way", "id": 517891545, "height": null, "building:levels": null, "render_height": 10.65213134837675, "render_min_height": 0.0, "basin_id": "GHY_DEEPOR_BEEL"}, "geometry": {"type": "Polygon", "coordinates": [[[91.6425007, 26.1372476], [91.6425936, 26.1372169], [91.6425461, 26.1371012], [91.6424532, 26.1371319], [91.6425007, 26.1372476]]]}}, {"type": "Feature", "properties": {"element": "way", "id": 517891546, "height": null, "building:levels": null, "render_height": 11.230771506576415, "render_min_height": 0.0, "basin_id": "GHY_DEEPOR_BEEL"}, "geometry": {"type": "Polygon", "coordinates": [[[91.6421911, 26.1372778], [91.6421534, 26.137208], [91.6422655, 26.1371592], [91.6423032, 26.137229], [91.6421911, 26.1372778]]]}}, {"type": "Feature", "properties": {"element": "way", "id": 517891547, "height": null, "building:levels": null, "render_height": 6.16624470155723, "render_min_height": 0.0, "basin_id": "GHY_DEEPOR_BEEL"}, "geometry": {"type": "Polygon", "coordinates": [[[91.6423414, 26.137255], [91.6424243, 26.1372269], [91.6423832, 26.1371294], [91.6423003, 26.1371576], [91.6423414, 26.137255]]]}}, {"type": "Feature", "properties": {"element": "way", "id": 517891548, "height": null, "building:levels": null, "render_height": 12.587878943670704, "render_min_height": 0.0, "basin_id": "GHY_DEEPOR_BEEL"}, "geometry": {"type": "Polygon", "coordinates": [[[91.641451, 26.1369815], [91.6415486, 26.1369684], [91.6415318, 26.1368672], [91.6414341, 26.1368803], [91.641451, 26.1369815]]]}}, {"type": "Feature", "properties": {"element": "way", "id": 517891549, "height": null, "building:levels": null, "render_height": 5.254346905107724, "render_min_height": 0.0, "basin_id": "GHY_DEEPOR_BEEL"}, "geometry": {"type": "Polygon", "coordinates": [[[91.6406861, 26.1374893], [91.640876, 26.137447], [91.6408497, 26.1373515], [91.6406597, 26.1373937], [91.6406861, 26.1374893]]]}}, {"type": "Feature", "properties": {"element": "way", "id": 517891550, "height": null, "building:levels": null, "render_height": 13.60544126801045, "render_min_height": 0.0, "basin_id": "GHY_DEEPOR_BEEL"}, "geometry": {"type": "Polygon", "coordinates": [[[91.6424263, 26.1365912], [91.6425454, 26.1365437], [91.6424612, 26.1363735], [91.6423421, 26.136421], [91.6424263, 26.1365912]]]}}, {"type": "Feature", "properties": {"element": "way", "id": 517891551, "height": null, "building:levels": null, "render_height": 9.149337961174027, "render_min_height": 0.0, "basin_id": "GHY_DEEPOR_BEEL"}, "geometry": {"type": "Polygon", "coordinates": [[[91.6415676, 26.1372175], [91.6416945, 26.1371905], [91.6416522, 26.13703], [91.6415252, 26.137057], [91.6415676, 26.1372175]]]}}, {"type": "Feature", "properties": {"element": "way", "id": 517906686, "height": null, "building:levels": null, "render_height": 10.751800929713108, "render_min_height": 0.0, "basin_id": "GHY_DEEPOR_BEEL"}, "geometry": {"type": "Polygon", "coordinates": [[[91.673412, 26.1413662], [91.6736547, 26.1412377], [91.6735673, 26.1411047], [91.6735981, 26.1410659], [91.6734561, 26.1408497], [91.6732954, 26.1409348], [91.67325, 26.1408655], [91.6731261, 26.1409311], [91.6732395, 26.1411037], [91.673412, 26.1413662]]]}}, {"type": "Feature", "properties": {"element": "way", "id": 517906690, "height": null, "building:levels": null, "render_height": 6.150208502027935, "render_min_height": 0.0, "basin_id": "GHY_DEEPOR_BEEL"}, "geometry": {"type": "Polygon", "coordinates": [[[91.6670431, 26.1412626], [91.6670004, 26.1411166], [91.6670715, 26.1410947], [91.6670858, 26.1411202], [91.667161, 26.1411002], [91.667163, 26.1410764], [91.6672321, 26.1410564], [91.6672768, 26.1411914], [91.6672199, 26.1412042], [91.6672016, 26.1411841], [91.6671102, 26.141206], [91.6671163, 26.1412443], [91.6670431, 26.1412626]]]}}, {"type": "Feature", "properties": {"element": "way", "id": 517906692, "height": null, "building:levels": null, "render_height": 6.589023110938003, "render_min_height": 0.0, "basin_id": "GHY_DEEPOR_BEEL"}, "geometry": {"type": "Polygon", "coordinates": [[[91.6667273, 26.1427774], [91.6667084, 26.1427088], [91.6668259, 26.1426828], [91.6668448, 26.1427515], [91.6667273, 26.1427774]]]}}, {"type": "Feature", "properties": {"element": "way", "id": 517931630, "height": null, "building:levels": null, "render_height": 11.175398832524946, "render_min_height": 0.0, "basin_id": "GHY_DEEPOR_BEEL"}, "geometry": {"type": "Polygon", "coordinates": [[[91.6608228, 26.141366], [91.6608617, 26.1412643], [91.6615483, 26.1414931], [91.6614987, 26.1415852], [91.6608228, 26.141366]]]}}, {"type": "Feature", "properties": {"element": "way", "id": 517931631, "height": null, "building:levels": null, "render_height": 9.702560194815801, "render_min_height": 0.0, "basin_id": "GHY_DEEPOR_BEEL"}, "geometry": {"type": "Polygon", "coordinates": [[[91.659899, 26.1413183], [91.6600866, 26.1413755], [91.6601609, 26.1411563], [91.659991, 26.1410991], [91.659899, 26.1413183]]]}}, {"type": "Feature", "properties": {"element": "way", "id": 517931633, "height": null, "building:levels": null, "render_height": 7.901312568541339, "render_min_height": 0.0, "basin_id": "GHY_DEEPOR_BEEL"}, "geometry": {"type": "Polygon", "coordinates": [[[91.6640779, 26.1481513], [91.6640576, 26.1480923], [91.6644126, 26.1479915], [91.6644405, 26.1479859], [91.6644608, 26.1480448], [91.6640779, 26.1481513]]]}}, {"type": "Feature", "properties": {"element": "way", "id": 517931635, "height": null, "building:levels": null, "render_height": 7.405389279655735, "render_min_height": 0.0, "basin_id": "GHY_DEEPOR_BEEL"}, "geometry": {"type": "Polygon", "coordinates": [[[91.6639271, 26.1476955], [91.6639023, 26.1476147], [91.6643419, 26.1475057], [91.6643666, 26.1475869], [91.6642919, 26.1476057], [91.6639271, 26.1476955]]]}}, {"type": "Feature", "properties": {"element": "way", "id": 517931638, "height": null, "building:levels": null, "render_height": 6.724420454503392, "render_min_height": 0.0, "basin_id": "GHY_DEEPOR_BEEL"}, "geometry": {"type": "Polygon", "coordinates": [[[91.6644126, 26.1479915], [91.6644872, 26.1479727], [91.6643666, 26.1475869], [91.6642919, 26.1476057], [91.6644126, 26.1479915]]]}}, {"type": "Feature", "properties": {"element": "way", "id": 517931640, "height": null, "building:levels": null, "render_height": 14.866435850937322, "render_min_height": 0.0, "basin_id": "GHY_DEEPOR_BEEL"}, "geometry": {"type": "Polygon", "coordinates": [[[91.6638779, 26.1480245], [91.6638418, 26.1479137], [91.6638897, 26.1479011], [91.6639016, 26.1479378], [91.6640156, 26.1479079], [91.6639847, 26.147813], [91.6640869, 26.1477862], [91.6641419, 26.1479554], [91.6638779, 26.1480245]]]}}, {"type": "Feature", "properties": {"element": "way", "id": 517941872, "height": null, "building:levels": null, "render_height": 12.140904733918312, "render_min_height": 0.0, "basin_id": "GHY_BHARALU_CORE"}, "geometry": {"type": "Polygon", "coordinates": [[[91.7501776, 26.1897263], [91.750366, 26.1897827], [91.7504105, 26.1896627], [91.7502221, 26.1896064], [91.7501776, 26.1897263]]]}}, {"type": "Feature", "properties": {"element": "way", "id": 517941873, "height": null, "building:levels": null, "render_height": 5.4930130952279885, "render_min_height": 0.0, "basin_id": "GHY_BHARALU_CORE"}, "geometry": {"type": "Polygon", "coordinates": [[[91.7510555, 26.1899861], [91.751348, 26.1900746], [91.7513905, 26.1899615], [91.751098, 26.189873], [91.7510555, 26.1899861]]]}}, {"type": "Feature", "properties": {"element": "way", "id": 517989016, "height": null, "building:levels": null, "render_height": 6.186679713681271, "render_min_height": 0.0, "basin_id": "NONE"}, "geometry": {"type": "Polygon", "coordinates": [[[91.6868375, 26.147352], [91.6866928, 26.1473667], [91.6866671, 26.1470921], [91.6865433, 26.1470921], [91.6862468, 26.1471235], [91.6862374, 26.1470439], [91.6866928, 26.1469957], [91.6867278, 26.1469663], [91.6866904, 26.1465157], [91.6868189, 26.1465115], [91.6868445, 26.1469579], [91.6868305, 26.1469768], [91.6867862, 26.1470334], [91.6868375, 26.147352]]]}}, {"type": "Feature", "properties": {"element": "way", "id": 517989017, "height": null, "building:levels": null, "render_height": 6.114750241797547, "render_min_height": 0.0, "basin_id": "NONE"}, "geometry": {"type": "Polygon", "coordinates": [[[91.6868077, 26.1464691], [91.6866886, 26.1464733], [91.6866904, 26.1465157], [91.6864528, 26.1465068], [91.6864271, 26.1464712], [91.6864668, 26.1463894], [91.6865088, 26.1462972], [91.6865368, 26.1462595], [91.6865485, 26.1461756], [91.6866746, 26.1461693], [91.6866863, 26.1462553], [91.6867563, 26.1462574], [91.6867563, 26.1463307], [91.6868077, 26.1463412], [91.6868077, 26.1464691]]]}}, {"type": "Feature", "properties": {"element": "way", "id": 517995186, "height": null, "building:levels": null, "render_height": 12.219030984025707, "render_min_height": 0.0, "basin_id": "GHY_BHARALU_CORE"}, "geometry": {"type": "Polygon", "coordinates": [[[91.7594159, 26.1669906], [91.7596587, 26.1669681], [91.7596254, 26.1666793], [91.7593826, 26.1667019], [91.7594159, 26.1669906]]]}}, {"type": "Feature", "properties": {"element": "way", "id": 517995187, "height": null, "building:levels": null, "render_height": 11.110963771255275, "render_min_height": 0.0, "basin_id": "GHY_BHARALU_CORE"}, "geometry": {"type": "Polygon", "coordinates": [[[91.761158, 26.1656386], [91.7613778, 26.1656226], [91.7613354, 26.1651528], [91.7611156, 26.1651688], [91.761158, 26.1656386]]]}}, {"type": "Feature", "properties": {"element": "way", "id": 518102852, "height": null, "building:levels": null, "render_height": 5.603669436041155, "render_min_height": 0.0, "basin_id": "NONE"}, "geometry": {"type": "Polygon", "coordinates": [[[91.6997848, 26.1544639], [91.69978, 26.1543424], [91.6996637, 26.1543461], [91.699655, 26.1541292], [91.6997496, 26.1541261], [91.6997451, 26.1540133], [91.7001787, 26.1539993], [91.7001823, 26.1540882], [91.7002885, 26.1540847], [91.7002981, 26.1543252], [91.7001742, 26.1543292], [91.7001791, 26.1544511], [91.6997848, 26.1544639]]]}}, {"type": "Feature", "properties": {"element": "way", "id": 518105157, "height": null, "building:levels": null, "render_height": 13.310549606362018, "render_min_height": 0.0, "basin_id": "NONE"}, "geometry": {"type": "Polygon", "coordinates": [[[91.6646982, 26.1529813], [91.6647804, 26.1528035], [91.6649788, 26.1528774], [91.6651023, 26.1526103], [91.665186, 26.1526415], [91.6649803, 26.1530864], [91.6646982, 26.1529813]]]}}, {"type": "Feature", "properties": {"element": "way", "id": 518201146, "height": null, "building:levels": null, "render_height": 14.702419474366604, "render_min_height": 0.0, "basin_id": "NONE"}, "geometry": {"type": "Polygon", "coordinates": [[[91.7073381, 26.11242], [91.7070608, 26.1122374], [91.7070207, 26.1122015], [91.7070084, 26.1119746], [91.7077324, 26.1118916], [91.7077971, 26.1123702], [91.7073381, 26.11242]]]}}, {"type": "Feature", "properties": {"element": "way", "id": 518201150, "height": null, "building:levels": null, "render_height": 11.160436682281738, "render_min_height": 0.0, "basin_id": "NONE"}, "geometry": {"type": "Polygon", "coordinates": [[[91.6810306, 26.1278416], [91.6814057, 26.1276414], [91.6817207, 26.1282102], [91.6813739, 26.1283436], [91.6810306, 26.1278416]]]}}, {"type": "Feature", "properties": {"element": "way", "id": 519318359, "height": null, "building:levels": null, "render_height": 7.1903989473927865, "render_min_height": 0.0, "basin_id": "GHY_DEEPOR_BEEL"}, "geometry": {"type": "Polygon", "coordinates": [[[91.6747435, 26.1287797], [91.674718, 26.1286316], [91.6746644, 26.1286436], [91.6746483, 26.1285714], [91.6744873, 26.1285991], [91.6745048, 26.1286557], [91.6745531, 26.1286508], [91.6745598, 26.1286749], [91.6746, 26.1288122], [91.6747435, 26.1287797]]]}}, {"type": "Feature", "properties": {"element": "way", "id": 545831551, "height": null, "building:levels": null, "render_height": 9.831757244205495, "render_min_height": 0.0, "basin_id": "NONE"}, "geometry": {"type": "Polygon", "coordinates": [[[91.6918024, 26.1625512], [91.6917907, 26.1624894], [91.6918919, 26.1624696], [91.6919032, 26.1624674], [91.6919303, 26.16253], [91.6918024, 26.1625512]]]}}, {"type": "Feature", "properties": {"element": "way", "id": 548222135, "height": null, "building:levels": null, "render_height": 14.294266492039824, "render_min_height": 0.0, "basin_id": "GHY_BHARALU_CORE"}, "geometry": {"type": "Polygon", "coordinates": [[[91.7448472, 26.1887256], [91.744878, 26.1886192], [91.7451714, 26.1886876], [91.7451406, 26.188794], [91.7448472, 26.1887256]]]}}, {"type": "Feature", "properties": {"element": "way", "id": 548222137, "height": null, "building:levels": "8", "render_height": 24.0, "render_min_height": 0.0, "basin_id": "GHY_BHARALU_CORE"}, "geometry": {"type": "Polygon", "coordinates": [[[91.7450634, 26.185798], [91.7451025, 26.185673], [91.7454791, 26.1857678], [91.74544, 26.1858928], [91.7450634, 26.185798]]]}}, {"type": "Feature", "properties": {"element": "way", "id": 548222142, "height": null, "building:levels": null, "render_height": 8.523671242921711, "render_min_height": 0.0, "basin_id": "GHY_BHARALU_CORE"}, "geometry": {"type": "Polygon", "coordinates": [[[91.7295149, 26.1683389], [91.729519, 26.1682477], [91.7298361, 26.1682623], [91.7298401, 26.1683535], [91.7295149, 26.1683389]]]}}, {"type": "Feature", "properties": {"element": "way", "id": 548222143, "height": null, "building:levels": null, "render_height": 12.437495755835535, "render_min_height": 0.0, "basin_id": "GHY_BHARALU_CORE"}, "geometry": {"type": "Polygon", "coordinates": [[[91.7293502, 26.1681328], [91.7294885, 26.1681346], [91.7294966, 26.1677788], [91.7295108, 26.1677424], [91.7295047, 26.1676165], [91.7293868, 26.1676201], [91.7293787, 26.1677697], [91.7293502, 26.1681328]]]}}, {"type": "Feature", "properties": {"element": "way", "id": 570473510, "height": null, "building:levels": "10", "render_height": 30.0, "render_min_height": 0.0, "basin_id": "GHY_DEEPOR_BEEL"}, "geometry": {"type": "Polygon", "coordinates": [[[91.6784505, 26.1479564], [91.6789353, 26.1480247], [91.6789157, 26.1481393], [91.6784301, 26.1480705], [91.6784505, 26.1479564]]]}}, {"type": "Feature", "properties": {"element": "way", "id": 570482607, "height": null, "building:levels": null, "render_height": 13.0119737192271, "render_min_height": 0.0, "basin_id": "NONE"}, "geometry": {"type": "Polygon", "coordinates": [[[91.709969, 26.1121], [91.7101204, 26.1120909], [91.710097, 26.1117752], [91.7099455, 26.1117842], [91.709969, 26.1121]]]}}, {"type": "Feature", "properties": {"element": "way", "id": 574852796, "height": null, "building:levels": null, "render_height": 7.820792860696788, "render_min_height": 0.0, "basin_id": "GHY_BHARALU_CORE"}, "geometry": {"type": "Polygon", "coordinates": [[[91.7398619, 26.1782358], [91.7400486, 26.1780222], [91.7397216, 26.177792], [91.7396666, 26.1778567], [91.7395349, 26.1780057], [91.7398619, 26.1782358]]]}}, {"type": "Feature", "properties": {"element": "way", "id": 574852797, "height": null, "building:levels": null, "render_height": 7.112215549344586, "render_min_height": 0.0, "basin_id": "GHY_BHARALU_CORE"}, "geometry": {"type": "Polygon", "coordinates": [[[91.7400246, 26.1779701], [91.7401323, 26.1779282], [91.7399676, 26.1775779], [91.7398989, 26.1776107], [91.7398721, 26.1776217], [91.7400246, 26.1779701]]]}}, {"type": "Feature", "properties": {"element": "way", "id": 574852798, "height": null, "building:levels": null, "render_height": 5.766232593298226, "render_min_height": 0.0, "basin_id": "GHY_BHARALU_CORE"}, "geometry": {"type": "Polygon", "coordinates": [[[91.7392093, 26.1783746], [91.7391152, 26.1783129], [91.7392233, 26.1781803], [91.7393173, 26.178242], [91.7392093, 26.1783746]]]}}, {"type": "Feature", "properties": {"element": "way", "id": 574852799, "height": null, "building:levels": null, "render_height": 7.130031884703582, "render_min_height": 0.0, "basin_id": "GHY_BHARALU_CORE"}, "geometry": {"type": "Polygon", "coordinates": [[[91.7396316, 26.1778399], [91.7395751, 26.1777956], [91.7398109, 26.1775537], [91.7398674, 26.1775981], [91.7396316, 26.1778399]]]}}, {"type": "Feature", "properties": {"element": "way", "id": 574855085, "height": null, "building:levels": "1", "render_height": 3.0, "render_min_height": 0.0, "basin_id": "GHY_BHARALU_CORE"}, "geometry": {"type": "Polygon", "coordinates": [[[91.7380094, 26.1816131], [91.7384666, 26.181308], [91.7381992, 26.1809852], [91.7377419, 26.1812903], [91.7380094, 26.1816131]]]}}, {"type": "Feature", "properties": {"element": "way", "id": 574855086, "height": null, "building:levels": null, "render_height": 5.084354615326344, "render_min_height": 0.0, "basin_id": "GHY_BHARALU_CORE"}, "geometry": {"type": "Polygon", "coordinates": [[[91.7354827, 26.1785246], [91.7353754, 26.1785824], [91.7353567, 26.1785632], [91.7352628, 26.1787028], [91.7352323, 26.1787995], [91.7351367, 26.1787798], [91.7350911, 26.1788147], [91.735063, 26.1787762], [91.7350187, 26.1787702], [91.7350268, 26.1787196], [91.7349141, 26.1787004], [91.7349436, 26.1785716], [91.7348766, 26.1785668], [91.7349222, 26.1783886], [91.7349919, 26.1783983], [91.7350268, 26.1784199], [91.7350522, 26.1783369], [91.7351676, 26.1783586], [91.735291, 26.1782755], [91.7354827, 26.1785246]]]}}, {"type": "Feature", "properties": {"element": "way", "id": 574855087, "height": null, "building:levels": "10", "render_height": 30.0, "render_min_height": 0.0, "basin_id": "GHY_BHARALU_CORE"}, "geometry": {"type": "Polygon", "coordinates": [[[91.7327076, 26.1756586], [91.7326568, 26.1756212], [91.7328093, 26.1754332], [91.7328493, 26.1753599], [91.7328986, 26.1752825], [91.7329248, 26.1752715], [91.7329726, 26.1752867], [91.7329849, 26.1753143], [91.7329048, 26.175418], [91.7328786, 26.1754595], [91.7328046, 26.1755535], [91.7327076, 26.1756586]]]}}, {"type": "Feature", "properties": {"element": "way", "id": 574855088, "height": null, "building:levels": "5", "render_height": 15.0, "render_min_height": 0.0, "basin_id": "GHY_BHARALU_CORE"}, "geometry": {"type": "Polygon", "coordinates": [[[91.7458216, 26.1862132], [91.7458846, 26.1860435], [91.7460434, 26.1859764], [91.7462139, 26.1860162], [91.7463189, 26.1861671], [91.7462652, 26.1863305], [91.7461088, 26.1863997], [91.7459197, 26.1863557], [91.7458216, 26.1862132]]]}}, {"type": "Feature", "properties": {"element": "way", "id": 574857575, "height": null, "building:levels": null, "render_height": 10.910616566243831, "render_min_height": 0.0, "basin_id": "GHY_BHARALU_CORE"}, "geometry": {"type": "Polygon", "coordinates": [[[91.7469963, 26.1875681], [91.7463958, 26.1874672], [91.7464917, 26.1870074], [91.7470922, 26.1871083], [91.7469963, 26.1875681]]]}}, {"type": "Feature", "properties": {"element": "way", "id": 574857576, "height": null, "building:levels": null, "render_height": 12.310248888391783, "render_min_height": 0.0, "basin_id": "GHY_BHARALU_CORE"}, "geometry": {"type": "Polygon", "coordinates": [[[91.7473975, 26.1876119], [91.7470651, 26.1875551], [91.7470943, 26.1874172], [91.7471579, 26.1874281], [91.7472224, 26.1871238], [91.7474233, 26.1871581], [91.7473593, 26.1874599], [91.7474273, 26.1874715], [91.7473975, 26.1876119]]]}}, {"type": "Feature", "properties": {"element": "way", "id": 574857577, "height": null, "building:levels": null, "render_height": 8.448822621544636, "render_min_height": 0.0, "basin_id": "GHY_BHARALU_CORE"}, "geometry": {"type": "Polygon", "coordinates": [[[91.746536, 26.1869415], [91.7465642, 26.1868104], [91.747164, 26.1869145], [91.7471357, 26.1870456], [91.746536, 26.1869415]]]}}, {"type": "Feature", "properties": {"element": "way", "id": 574857590, "height": null, "building:levels": null, "render_height": 7.804683295454652, "render_min_height": 0.0, "basin_id": "GHY_BHARALU_CORE"}, "geometry": {"type": "Polygon", "coordinates": [[[91.7416176, 26.1860227], [91.7416611, 26.1859615], [91.7415854, 26.1859182], [91.7416481, 26.1858301], [91.7413561, 26.1856628], [91.7412499, 26.1858119], [91.7416176, 26.1860227]]]}}, {"type": "Feature", "properties": {"element": "way", "id": 585162100, "height": null, "building:levels": null, "render_height": 14.910630540647928, "render_min_height": 0.0, "basin_id": "NONE"}, "geometry": {"type": "Polygon", "coordinates": [[[91.7053204, 26.1104035], [91.7053254, 26.1103289], [91.7057425, 26.1102893], [91.7057526, 26.1103696], [91.7056114, 26.110382], [91.7055774, 26.1103854], [91.7055774, 26.1105088], [91.7055295, 26.1105122], [91.7055258, 26.1104975], [91.705464, 26.1105065], [91.7054413, 26.11039], [91.7053204, 26.1104035]]]}}, {"type": "Feature", "properties": {"element": "way", "id": 588785828, "height": null, "building:levels": null, "render_height": 6.669896221076944, "render_min_height": 0.0, "basin_id": "GHY_BHARALU_CORE"}, "geometry": {"type": "Polygon", "coordinates": [[[91.7616856, 26.1654433], [91.7623132, 26.1653856], [91.7622941, 26.1652178], [91.7616664, 26.1652756], [91.7616856, 26.1654433]]]}}, {"type": "Feature", "properties": {"element": "way", "id": 588785829, "height": null, "building:levels": null, "render_height": 8.030418493462216, "render_min_height": 0.0, "basin_id": "GHY_BHARALU_CORE"}, "geometry": {"type": "Polygon", "coordinates": [[[91.7628068, 26.1661944], [91.7627693, 26.1658618], [91.761868, 26.1659436], [91.7619055, 26.1662763], [91.7628068, 26.1661944]]]}}, {"type": "Feature", "properties": {"element": "way", "id": 631588867, "height": null, "building:levels": "3", "render_height": 9.0, "render_min_height": 0.0, "basin_id": "NONE"}, "geometry": {"type": "Polygon", "coordinates": [[[91.6587808, 26.152285], [91.6589236, 26.1523403], [91.6590095, 26.1521617], [91.6588666, 26.1521064], [91.6587808, 26.152285]]]}}, {"type": "Feature", "properties": {"element": "way", "id": 631589369, "height": null, "building:levels": "3", "render_height": 9.0, "render_min_height": 0.0, "basin_id": "NONE"}, "geometry": {"type": "Polygon", "coordinates": [[[91.6587386, 26.1523431], [91.6588393, 26.1523786], [91.658773, 26.1525302], [91.6586722, 26.1524946], [91.6587386, 26.1523431]]]}}, {"type": "Feature", "properties": {"element": "way", "id": 631589627, "height": null, "building:levels": "1", "render_height": 3.0, "render_min_height": 0.0, "basin_id": "NONE"}, "geometry": {"type": "Polygon", "coordinates": [[[91.6581667, 26.1525687], [91.6583003, 26.1526159], [91.6583549, 26.1524915], [91.6582214, 26.1524442], [91.6581667, 26.1525687]]]}}, {"type": "Feature", "properties": {"element": "way", "id": 631591511, "height": null, "building:levels": "2", "render_height": 6.0, "render_min_height": 0.0, "basin_id": "NONE"}, "geometry": {"type": "Polygon", "coordinates": [[[91.6594093, 26.1527147], [91.6594947, 26.152534], [91.6595771, 26.1525654], [91.6595505, 26.1526217], [91.6597374, 26.1526928], [91.6597686, 26.1526267], [91.659949, 26.1526954], [91.6599181, 26.152761], [91.6601011, 26.1528306], [91.6601227, 26.152785], [91.6601973, 26.1528134], [91.6601167, 26.152984], [91.6594093, 26.1527147]]]}}, {"type": "Feature", "properties": {"element": "way", "id": 644318881, "height": null, "building:levels": null, "render_height": 5.039211063731662, "render_min_height": 0.0, "basin_id": "GHY_BHARALU_CORE"}, "geometry": {"type": "Polygon", "coordinates": [[[91.7384679, 26.1670454], [91.7384025, 26.1672382], [91.7380103, 26.1671335], [91.738099, 26.1669323], [91.7384679, 26.1670454]]]}}, {"type": "Feature", "properties": {"element": "way", "id": 664160008, "height": null, "building:levels": null, "render_height": 7.764876553614713, "render_min_height": 0.0, "basin_id": "GHY_BHARALU_CORE"}, "geometry": {"type": "Polygon", "coordinates": [[[91.749488, 26.1857955], [91.7500285, 26.1857733], [91.7500248, 26.1857003], [91.7500734, 26.1856983], [91.7500642, 26.1855184], [91.750028, 26.1855199], [91.7500245, 26.185451], [91.7494941, 26.1854729], [91.7494972, 26.1855343], [91.7494383, 26.1855367], [91.7494481, 26.1857281], [91.7494844, 26.1857266], [91.749488, 26.1857955]]]}}, {"type": "Feature", "properties": {"element": "way", "id": 699475770, "height": null, "building:levels": null, "render_height": 10.392828702028982, "render_min_height": 0.0, "basin_id": "GHY_BHARALU_CORE"}, "geometry": {"type": "Polygon", "coordinates": [[[91.7734945, 26.1841367], [91.7736995, 26.1841143], [91.7736578, 26.1838069], [91.7734529, 26.1838292], [91.7734945, 26.1841367]]]}}, {"type": "Feature", "properties": {"element": "way", "id": 699475798, "height": null, "building:levels": null, "render_height": 6.0614374048133435, "render_min_height": 0.0, "basin_id": "GHY_BHARALU_CORE"}, "geometry": {"type": "Polygon", "coordinates": [[[91.773219, 26.1839005], [91.7733571, 26.183876], [91.7733355, 26.1837785], [91.7731975, 26.1838031], [91.773219, 26.1839005]]]}}, {"type": "Feature", "properties": {"element": "way", "id": 699475891, "height": null, "building:levels": null, "render_height": 5.542165263595223, "render_min_height": 0.0, "basin_id": "GHY_BHARALU_CORE"}, "geometry": {"type": "Polygon", "coordinates": [[[91.7737365, 26.1842986], [91.7738675, 26.1842852], [91.7738509, 26.1841549], [91.7737199, 26.1841683], [91.7737365, 26.1842986]]]}}, {"type": "Feature", "properties": {"element": "way", "id": 699475942, "height": null, "building:levels": null, "render_height": 11.10502875122357, "render_min_height": 0.0, "basin_id": "GHY_BHARALU_CORE"}, "geometry": {"type": "Polygon", "coordinates": [[[91.7737126, 26.1842488], [91.7736975, 26.1841584], [91.773564, 26.1841763], [91.7735659, 26.1841882], [91.7735265, 26.1841935], [91.7735396, 26.184272], [91.7737126, 26.1842488]]]}}, {"type": "Feature", "properties": {"element": "way", "id": 699476025, "height": null, "building:levels": null, "render_height": 14.03648200729421, "render_min_height": 0.0, "basin_id": "GHY_BHARALU_CORE"}, "geometry": {"type": "Polygon", "coordinates": [[[91.7732462, 26.1845048], [91.7734124, 26.1844906], [91.773384, 26.1842222], [91.7732135, 26.1842367], [91.7732267, 26.1843618], [91.7731981, 26.1843643], [91.7732043, 26.184422], [91.7732371, 26.1844192], [91.7732462, 26.1845048]]]}}, {"type": "Feature", "properties": {"element": "way", "id": 699476036, "height": null, "building:levels": null, "render_height": 12.652994251514615, "render_min_height": 0.0, "basin_id": "GHY_BHARALU_CORE"}, "geometry": {"type": "Polygon", "coordinates": [[[91.7730238, 26.1849657], [91.7731696, 26.1849518], [91.7731366, 26.1846724], [91.7729906, 26.1846863], [91.7730238, 26.1849657]]]}}, {"type": "Feature", "properties": {"element": "way", "id": 699476099, "height": null, "building:levels": null, "render_height": 13.257287474604574, "render_min_height": 0.0, "basin_id": "GHY_BHARALU_CORE"}, "geometry": {"type": "Polygon", "coordinates": [[[91.7729741, 26.1846406], [91.7731189, 26.1846289], [91.7730966, 26.1844064], [91.7729518, 26.1844181], [91.7729741, 26.1846406]]]}}, {"type": "Feature", "properties": {"element": "way", "id": 699476189, "height": null, "building:levels": null, "render_height": 12.139212858121809, "render_min_height": 0.0, "basin_id": "GHY_BHARALU_CORE"}, "geometry": {"type": "Polygon", "coordinates": [[[91.771734, 26.1844879], [91.7717976, 26.1844799], [91.7718042, 26.1845222], [91.771901, 26.18451], [91.77188, 26.1843757], [91.7719078, 26.1843722], [91.7718824, 26.18421], [91.7718605, 26.1842128], [91.7718468, 26.184125], [91.771832, 26.1841268], [91.7718265, 26.1840921], [91.7716697, 26.1841119], [91.7716971, 26.1842871], [91.7716764, 26.1842897], [91.7716842, 26.1843393], [91.7717102, 26.184336], [91.771734, 26.1844879]]]}}, {"type": "Feature", "properties": {"element": "way", "id": 706450115, "height": null, "building:levels": null, "render_height": 5.9328711391861635, "render_min_height": 0.0, "basin_id": "GHY_BHARALU_CORE"}, "geometry": {"type": "Polygon", "coordinates": [[[91.7610392, 26.1732738], [91.7612303, 26.1732753], [91.7612326, 26.1730436], [91.7610416, 26.1730421], [91.7610392, 26.1732738]]]}}, {"type": "Feature", "properties": {"element": "way", "id": 706450125, "height": null, "building:levels": null, "render_height": 5.787853961570574, "render_min_height": 0.0, "basin_id": "GHY_BHARALU_CORE"}, "geometry": {"type": "Polygon", "coordinates": [[[91.7609973, 26.1729339], [91.7608999, 26.1729306], [91.7608884, 26.1731998], [91.7609858, 26.1732031], [91.7609973, 26.1729339]]]}}, {"type": "Feature", "properties": {"element": "way", "id": 706450257, "height": null, "building:levels": null, "render_height": 13.562495294974223, "render_min_height": 0.0, "basin_id": "GHY_BHARALU_CORE"}, "geometry": {"type": "Polygon", "coordinates": [[[91.7610026, 26.1733815], [91.7611076, 26.1733711], [91.7611275, 26.1735331], [91.7610225, 26.1735435], [91.7610026, 26.1733815]]]}}, {"type": "Feature", "properties": {"element": "way", "id": 706450263, "height": null, "building:levels": null, "render_height": 6.465657269722261, "render_min_height": 0.0, "basin_id": "GHY_BHARALU_CORE"}, "geometry": {"type": "Polygon", "coordinates": [[[91.7608562, 26.1734172], [91.7607222, 26.1734241], [91.7607318, 26.1735729], [91.7608658, 26.173566], [91.7608562, 26.1734172]]]}}, {"type": "Feature", "properties": {"element": "way", "id": 706450390, "height": null, "building:levels": null, "render_height": 9.151108654404188, "render_min_height": 0.0, "basin_id": "GHY_BHARALU_CORE"}, "geometry": {"type": "Polygon", "coordinates": [[[91.7612084, 26.1736363], [91.7611934, 26.173777], [91.7613222, 26.1737881], [91.7613373, 26.1736474], [91.7612084, 26.1736363]]]}}, {"type": "Feature", "properties": {"element": "way", "id": 706450629, "height": null, "building:levels": null, "render_height": 6.52598717506888, "render_min_height": 0.0, "basin_id": "GHY_BHARALU_CORE"}, "geometry": {"type": "Polygon", "coordinates": [[[91.7611562, 26.1736843], [91.7611575, 26.1737368], [91.7610563, 26.1737388], [91.7610583, 26.173817], [91.7609884, 26.1738184], [91.7609851, 26.1736877], [91.7611562, 26.1736843]]]}}, {"type": "Feature", "properties": {"element": "way", "id": 706450752, "height": null, "building:levels": null, "render_height": 13.760602056423412, "render_min_height": 0.0, "basin_id": "GHY_BHARALU_CORE"}, "geometry": {"type": "Polygon", "coordinates": [[[91.7605396, 26.1737579], [91.7606301, 26.1737595], [91.7606325, 26.1736491], [91.760542, 26.1736476], [91.7605396, 26.1737579]]]}}, {"type": "Feature", "properties": {"element": "way", "id": 717735907, "height": null, "building:levels": null, "render_height": 9.23302129876685, "render_min_height": 0.0, "basin_id": "GHY_BHARALU_CORE"}, "geometry": {"type": "Polygon", "coordinates": [[[91.7667507, 26.172096], [91.7668633, 26.1720809], [91.7668466, 26.1719805], [91.766734, 26.1719956], [91.7667507, 26.172096]]]}}, {"type": "Feature", "properties": {"element": "way", "id": 717736133, "height": null, "building:levels": null, "render_height": 14.98950681522841, "render_min_height": 0.0, "basin_id": "GHY_BHARALU_CORE"}, "geometry": {"type": "Polygon", "coordinates": [[[91.7668626, 26.1719724], [91.7668754, 26.1720743], [91.7669879, 26.172063], [91.7669751, 26.171961], [91.7668626, 26.1719724]]]}}, {"type": "Feature", "properties": {"element": "way", "id": 717736403, "height": null, "building:levels": null, "render_height": 11.250058257170146, "render_min_height": 0.0, "basin_id": "GHY_BHARALU_CORE"}, "geometry": {"type": "Polygon", "coordinates": [[[91.7664539, 26.1723077], [91.7665828, 26.1722744], [91.7665213, 26.1720828], [91.7663924, 26.1721161], [91.7664539, 26.1723077]]]}}, {"type": "Feature", "properties": {"element": "way", "id": 717736457, "height": null, "building:levels": null, "render_height": 11.802388432565575, "render_min_height": 0.0, "basin_id": "GHY_BHARALU_CORE"}, "geometry": {"type": "Polygon", "coordinates": [[[91.766635, 26.1720868], [91.7665497, 26.1721036], [91.7665766, 26.1722136], [91.7666619, 26.1721968], [91.766635, 26.1720868]]]}}, {"type": "Feature", "properties": {"element": "way", "id": 717736538, "height": null, "building:levels": null, "render_height": 12.29705459307078, "render_min_height": 0.0, "basin_id": "GHY_BHARALU_CORE"}, "geometry": {"type": "Polygon", "coordinates": [[[91.7663099, 26.1723475], [91.766426, 26.1723158], [91.7663623, 26.1721278], [91.7662461, 26.1721596], [91.7663099, 26.1723475]]]}}, {"type": "Feature", "properties": {"element": "way", "id": 717736549, "height": null, "building:levels": null, "render_height": 6.071543782434085, "render_min_height": 0.0, "basin_id": "GHY_BHARALU_CORE"}, "geometry": {"type": "Polygon", "coordinates": [[[91.7662487, 26.1722302], [91.7661479, 26.1722544], [91.7661829, 26.172372], [91.7662837, 26.1723478], [91.7662487, 26.1722302]]]}}, {"type": "Feature", "properties": {"element": "way", "id": 717736596, "height": null, "building:levels": null, "render_height": 6.108673177256561, "render_min_height": 0.0, "basin_id": "GHY_BHARALU_CORE"}, "geometry": {"type": "Polygon", "coordinates": [[[91.7658942, 26.1722309], [91.7659534, 26.1724362], [91.7660972, 26.1724028], [91.7660379, 26.1721975], [91.7658942, 26.1722309]]]}}, {"type": "Feature", "properties": {"element": "way", "id": 717736666, "height": null, "building:levels": null, "render_height": 8.76215517454769, "render_min_height": 0.0, "basin_id": "GHY_BHARALU_CORE"}, "geometry": {"type": "Polygon", "coordinates": [[[91.7653372, 26.1723468], [91.7653652, 26.1724531], [91.7655011, 26.1724243], [91.7654732, 26.172318], [91.7653372, 26.1723468]]]}}, {"type": "Feature", "properties": {"element": "way", "id": 717736701, "height": null, "building:levels": null, "render_height": 12.011783446624165, "render_min_height": 0.0, "basin_id": "GHY_BHARALU_CORE"}, "geometry": {"type": "Polygon", "coordinates": [[[91.7657051, 26.1724004], [91.765634, 26.1724122], [91.7656536, 26.1725079], [91.7657248, 26.1724961], [91.7657051, 26.1724004]]]}}, {"type": "Feature", "properties": {"element": "way", "id": 717736727, "height": null, "building:levels": null, "render_height": 9.134842932331303, "render_min_height": 0.0, "basin_id": "GHY_BHARALU_CORE"}, "geometry": {"type": "Polygon", "coordinates": [[[91.7655398, 26.1724237], [91.7656073, 26.1724095], [91.7655745, 26.1722836], [91.7655069, 26.1722978], [91.7655398, 26.1724237]]]}}, {"type": "Feature", "properties": {"element": "way", "id": 717736746, "height": null, "building:levels": null, "render_height": 13.892377652910215, "render_min_height": 0.0, "basin_id": "GHY_BHARALU_CORE"}, "geometry": {"type": "Polygon", "coordinates": [[[91.7653541, 26.1724687], [91.7653794, 26.1725628], [91.7652534, 26.1725901], [91.7652281, 26.172496], [91.7653541, 26.1724687]]]}}, {"type": "Feature", "properties": {"element": "way", "id": 717738963, "height": null, "building:levels": null, "render_height": 11.66582763949383, "render_min_height": 0.0, "basin_id": "GHY_BHARALU_CORE"}, "geometry": {"type": "Polygon", "coordinates": [[[91.765758, 26.1724768], [91.7659097, 26.1724397], [91.7658956, 26.1723933], [91.7658672, 26.1724002], [91.7658573, 26.1723675], [91.7657818, 26.1723859], [91.7657921, 26.1724198], [91.7657443, 26.1724315], [91.765758, 26.1724768]]]}}, {"type": "Feature", "properties": {"element": "way", "id": 724741452, "height": "15", "building:levels": "3", "render_height": 15.0, "render_min_height": 0.0, "basin_id": "NONE"}, "geometry": {"type": "Polygon", "coordinates": [[[91.6633457, 26.154666], [91.6634687, 26.154756], [91.6636009, 26.1547806], [91.6637695, 26.154437], [91.6636282, 26.1544574], [91.6635599, 26.1543102], [91.6633457, 26.154666]]]}}, {"type": "Feature", "properties": {"element": "way", "id": 724741453, "height": "15", "building:levels": "3", "render_height": 15.0, "render_min_height": 0.0, "basin_id": "NONE"}, "geometry": {"type": "Polygon", "coordinates": [[[91.6656749, 26.1568231], [91.6656561, 26.1569363], [91.6657258, 26.1570446], [91.6658305, 26.1570976], [91.6659592, 26.1571], [91.6660558, 26.1570542], [91.6661309, 26.1569772], [91.6661014, 26.1569363], [91.6662408, 26.1569844], [91.6661845, 26.1569965], [91.6661738, 26.1570879], [91.6662355, 26.1571891], [91.6663401, 26.1572468], [91.6664635, 26.1572492], [91.6665761, 26.1571891], [91.6666271, 26.1571265], [91.6666405, 26.1570807], [91.6666512, 26.1570326], [91.6666861, 26.1569772], [91.6667413, 26.1568325], [91.6663937, 26.156734], [91.6658009, 26.156539], [91.6656749, 26.1568231]]]}}, {"type": "Feature", "properties": {"element": "way", "id": 724743480, "height": null, "building:levels": null, "render_height": 8.191808776469465, "render_min_height": 0.0, "basin_id": "NONE"}, "geometry": {"type": "Polygon", "coordinates": [[[91.6611139, 26.1555746], [91.6613473, 26.1556428], [91.6613795, 26.1556091], [91.6615082, 26.1556572], [91.661535, 26.1556091], [91.6616745, 26.1556572], [91.6617764, 26.1554839], [91.6616101, 26.1554357], [91.661571, 26.1554385], [91.6614643, 26.1553915], [91.6612536, 26.1552875], [91.6611974, 26.155395], [91.6611139, 26.1555746]]]}}, {"type": "Feature", "properties": {"element": "way", "id": 724745199, "height": null, "building:levels": null, "render_height": 5.681121374152385, "render_min_height": 0.0, "basin_id": "NONE"}, "geometry": {"type": "Polygon", "coordinates": [[[91.6625449, 26.1562974], [91.6627652, 26.1563445], [91.6629155, 26.1563758], [91.6629819, 26.1561781], [91.6625904, 26.1560903], [91.6625449, 26.1562974]]]}}, {"type": "Feature", "properties": {"element": "way", "id": 724745319, "height": null, "building:levels": null, "render_height": 5.373969303760026, "render_min_height": 0.0, "basin_id": "NONE"}, "geometry": {"type": "Polygon", "coordinates": [[[91.6621219, 26.1558392], [91.6623037, 26.1558832], [91.6623631, 26.1556792], [91.6621743, 26.1556447], [91.6621219, 26.1558392]]]}}, {"type": "Feature", "properties": {"element": "way", "id": 726127087, "height": null, "building:levels": null, "render_height": 11.11826383062561, "render_min_height": 0.0, "basin_id": "GHY_BHARALU_CORE"}, "geometry": {"type": "Polygon", "coordinates": [[[91.7536852, 26.1812721], [91.75379, 26.1811564], [91.7540308, 26.1813354], [91.7539345, 26.1814449], [91.7536852, 26.1812721]]]}}, {"type": "Feature", "properties": {"element": "way", "id": 726127543, "height": null, "building:levels": null, "render_height": 12.22832466317581, "render_min_height": 0.0, "basin_id": "GHY_BHARALU_CORE"}, "geometry": {"type": "Polygon", "coordinates": [[[91.7553044, 26.1800683], [91.7553102, 26.179988], [91.7554815, 26.1799915], [91.7554679, 26.1800928], [91.7553667, 26.1800893], [91.7553686, 26.1800701], [91.7553044, 26.1800683]]]}}, {"type": "Feature", "properties": {"element": "way", "id": 726127633, "height": null, "building:levels": null, "render_height": 8.468447653294643, "render_min_height": 0.0, "basin_id": "GHY_BHARALU_CORE"}, "geometry": {"type": "Polygon", "coordinates": [[[91.75539, 26.179974], [91.7553978, 26.1798237], [91.7554815, 26.1798272], [91.7554777, 26.179974], [91.75539, 26.179974]]]}}, {"type": "Feature", "properties": {"element": "way", "id": 726127710, "height": null, "building:levels": null, "render_height": 7.946071469308156, "render_min_height": 0.0, "basin_id": "GHY_BHARALU_CORE"}, "geometry": {"type": "Polygon", "coordinates": [[[91.7550999, 26.1800054], [91.7550999, 26.1798552], [91.7552031, 26.1798517], [91.7552109, 26.1799775], [91.7551953, 26.1799792], [91.7551895, 26.1800037], [91.7550999, 26.1800054]]]}}, {"type": "Feature", "properties": {"element": "way", "id": 726129703, "height": null, "building:levels": null, "render_height": 8.250087540421845, "render_min_height": 0.0, "basin_id": "GHY_BHARALU_CORE"}, "geometry": {"type": "Polygon", "coordinates": [[[91.754872, 26.1804527], [91.7550839, 26.1803853], [91.755041, 26.1802986], [91.7549471, 26.1803179], [91.7549552, 26.180342], [91.7549069, 26.1803492], [91.7548962, 26.1803323], [91.7548425, 26.180342], [91.7548586, 26.1803853], [91.7548398, 26.1803949], [91.7548479, 26.1804118], [91.7548642, 26.1804105], [91.754872, 26.1804527]]]}}, {"type": "Feature", "properties": {"element": "way", "id": 726148423, "height": null, "building:levels": null, "render_height": 9.294074980991045, "render_min_height": 0.0, "basin_id": "GHY_BHARALU_CORE"}, "geometry": {"type": "Polygon", "coordinates": [[[91.7540713, 26.1794638], [91.7545151, 26.1793461], [91.7545022, 26.1793035], [91.7544632, 26.1793138], [91.7544315, 26.1792104], [91.7539618, 26.1793319], [91.7539935, 26.1794121], [91.7540425, 26.1793992], [91.7540713, 26.1794638]]]}}, {"type": "Feature", "properties": {"element": "way", "id": 726163128, "height": null, "building:levels": null, "render_height": 14.263231850391989, "render_min_height": 0.0, "basin_id": "GHY_BHARALU_CORE"}, "geometry": {"type": "Polygon", "coordinates": [[[91.7551707, 26.1808121], [91.7551654, 26.1807231], [91.7552861, 26.1807086], [91.7552941, 26.1807833], [91.7552673, 26.1807833], [91.7552646, 26.1808073], [91.7551707, 26.1808121]]]}}, {"type": "Feature", "properties": {"element": "way", "id": 726163628, "height": null, "building:levels": null, "render_height": 5.5758134191040885, "render_min_height": 0.0, "basin_id": "GHY_BHARALU_CORE"}, "geometry": {"type": "Polygon", "coordinates": [[[91.7557652, 26.1801936], [91.7557748, 26.1800796], [91.7557932, 26.1800788], [91.7557932, 26.1800859], [91.7558371, 26.1800882], [91.75583, 26.1801944], [91.7557652, 26.1801936]]]}}, {"type": "Feature", "properties": {"element": "way", "id": 726163799, "height": null, "building:levels": null, "render_height": 6.491516217308257, "render_min_height": 0.0, "basin_id": "GHY_BHARALU_CORE"}, "geometry": {"type": "Polygon", "coordinates": [[[91.755348, 26.1803679], [91.7553401, 26.1802721], [91.7554514, 26.180265], [91.7554548, 26.1803608], [91.755348, 26.1803679]]]}}, {"type": "Feature", "properties": {"element": "way", "id": 726164189, "height": null, "building:levels": null, "render_height": 14.911852246712755, "render_min_height": 0.0, "basin_id": "GHY_BHARALU_CORE"}, "geometry": {"type": "Polygon", "coordinates": [[[91.7555649, 26.1802943], [91.7555615, 26.1802307], [91.7555829, 26.1802277], [91.7555829, 26.1802458], [91.7556189, 26.1802458], [91.75562, 26.1802216], [91.7556548, 26.1802196], [91.7556548, 26.1802902], [91.7555649, 26.1802943]]]}}, {"type": "Feature", "properties": {"element": "way", "id": 726164703, "height": null, "building:levels": null, "render_height": 5.041719655833116, "render_min_height": 0.0, "basin_id": "GHY_BHARALU_CORE"}, "geometry": {"type": "Polygon", "coordinates": [[[91.7555162, 26.1800847], [91.7555207, 26.1800091], [91.7556016, 26.1800111], [91.7555949, 26.1800878], [91.7555162, 26.1800847]]]}}, {"type": "Feature", "properties": {"element": "way", "id": 726165199, "height": null, "building:levels": null, "render_height": 14.399454446750333, "render_min_height": 0.0, "basin_id": "GHY_BHARALU_CORE"}, "geometry": {"type": "Polygon", "coordinates": [[[91.7555468, 26.1787063], [91.7555713, 26.1786701], [91.7555497, 26.178661], [91.7555728, 26.1786274], [91.755714, 26.1786752], [91.7556708, 26.178758], [91.7555468, 26.1787063]]]}}, {"type": "Feature", "properties": {"element": "way", "id": 726165435, "height": null, "building:levels": null, "render_height": 8.695872384635503, "render_min_height": 0.0, "basin_id": "GHY_BHARALU_CORE"}, "geometry": {"type": "Polygon", "coordinates": [[[91.7565843, 26.1784386], [91.7566654, 26.1784085], [91.7565944, 26.178361], [91.7567227, 26.1783752], [91.7567126, 26.1784515], [91.7566688, 26.1784471], [91.7565843, 26.1784386]]]}}, {"type": "Feature", "properties": {"element": "way", "id": 726166206, "height": null, "building:levels": null, "render_height": 10.830923774675476, "render_min_height": 0.0, "basin_id": "GHY_BHARALU_CORE"}, "geometry": {"type": "Polygon", "coordinates": [[[91.7598708, 26.1769695], [91.7598969, 26.1768844], [91.7600153, 26.1769014], [91.7599987, 26.176995], [91.7598708, 26.1769695]]]}}, {"type": "Feature", "properties": {"element": "way", "id": 726166346, "height": null, "building:levels": null, "render_height": 7.369702245838798, "render_min_height": 0.0, "basin_id": "GHY_BHARALU_CORE"}, "geometry": {"type": "Polygon", "coordinates": [[[91.7609676, 26.1763028], [91.7611194, 26.1763731], [91.761059, 26.1764668], [91.7609187, 26.1764097], [91.7609676, 26.1763028]]]}}, {"type": "Feature", "properties": {"element": "way", "id": 726166710, "height": null, "building:levels": null, "render_height": 14.074644405343582, "render_min_height": 0.0, "basin_id": "GHY_BHARALU_CORE"}, "geometry": {"type": "Polygon", "coordinates": [[[91.7587339, 26.1762208], [91.7587209, 26.1760817], [91.7588841, 26.1760627], [91.7589102, 26.1761959], [91.7587339, 26.1762208]]]}}, {"type": "Feature", "properties": {"element": "way", "id": 726166901, "height": null, "building:levels": null, "render_height": 6.781851743342115, "render_min_height": 0.0, "basin_id": "GHY_BHARALU_CORE"}, "geometry": {"type": "Polygon", "coordinates": [[[91.7595595, 26.1774991], [91.7596999, 26.1775372], [91.7597358, 26.1774332], [91.7595922, 26.1773952], [91.7595595, 26.1774991]]]}}, {"type": "Feature", "properties": {"element": "way", "id": 726170834, "height": null, "building:levels": null, "render_height": 9.410417158288796, "render_min_height": 0.0, "basin_id": "GHY_BHARALU_CORE"}, "geometry": {"type": "Polygon", "coordinates": [[[91.7603893, 26.1817296], [91.7603912, 26.1816069], [91.7605039, 26.1816053], [91.7604983, 26.1816948], [91.7605205, 26.1816915], [91.7605186, 26.181723], [91.7603893, 26.1817296]]]}}, {"type": "Feature", "properties": {"element": "way", "id": 726171064, "height": null, "building:levels": null, "render_height": 5.479863717557877, "render_min_height": 0.0, "basin_id": "GHY_BHARALU_CORE"}, "geometry": {"type": "Polygon", "coordinates": [[[91.7597796, 26.1815572], [91.759787, 26.181345], [91.759909, 26.1813433], [91.7599016, 26.1815556], [91.7597796, 26.1815572]]]}}, {"type": "Feature", "properties": {"element": "way", "id": 726171127, "height": null, "building:levels": null, "render_height": 5.229310755811943, "render_min_height": 0.0, "basin_id": "GHY_BHARALU_CORE"}, "geometry": {"type": "Polygon", "coordinates": [[[91.7599182, 26.1815572], [91.7599256, 26.1813483], [91.7600457, 26.18135], [91.760042, 26.1815572], [91.7599182, 26.1815572]]]}}, {"type": "Feature", "properties": {"element": "way", "id": 726171171, "height": null, "building:levels": null, "render_height": 10.21111801868376, "render_min_height": 0.0, "basin_id": "GHY_BHARALU_CORE"}, "geometry": {"type": "Polygon", "coordinates": [[[91.7603708, 26.1815705], [91.7603838, 26.1814445], [91.7605168, 26.181461], [91.7605057, 26.1815721], [91.7603708, 26.1815705]]]}}, {"type": "Feature", "properties": {"element": "way", "id": 726171245, "height": null, "building:levels": null, "render_height": 8.707258249955984, "render_min_height": 0.0, "basin_id": "GHY_BHARALU_CORE"}, "geometry": {"type": "Polygon", "coordinates": [[[91.7579487, 26.1819883], [91.757958, 26.181854], [91.7581409, 26.181859], [91.758128, 26.1819933], [91.7579487, 26.1819883]]]}}, {"type": "Feature", "properties": {"element": "way", "id": 726171349, "height": null, "building:levels": null, "render_height": 5.965672928561892, "render_min_height": 0.0, "basin_id": "GHY_BHARALU_CORE"}, "geometry": {"type": "Polygon", "coordinates": [[[91.7563026, 26.1818822], [91.7563045, 26.181791], [91.7566536, 26.1818109], [91.7566462, 26.1818938], [91.7563026, 26.1818822]]]}}, {"type": "Feature", "properties": {"element": "way", "id": 726171483, "height": null, "building:levels": null, "render_height": 11.869630583949125, "render_min_height": 0.0, "basin_id": "GHY_BHARALU_CORE"}, "geometry": {"type": "Polygon", "coordinates": [[[91.7570767, 26.1819452], [91.7570786, 26.181854], [91.75694, 26.1818507], [91.7569382, 26.1819485], [91.7570767, 26.1819452]]]}}, {"type": "Feature", "properties": {"element": "way", "id": 726172392, "height": null, "building:levels": null, "render_height": 10.640041541624665, "render_min_height": 0.0, "basin_id": "GHY_BHARALU_CORE"}, "geometry": {"type": "Polygon", "coordinates": [[[91.7563913, 26.1819833], [91.7564984, 26.1819883], [91.7565077, 26.1819037], [91.756395, 26.1818971], [91.7563913, 26.1819833]]]}}, {"type": "Feature", "properties": {"element": "way", "id": 726172680, "height": null, "building:levels": null, "render_height": 5.644814493859645, "render_min_height": 0.0, "basin_id": "GHY_BHARALU_CORE"}, "geometry": {"type": "Polygon", "coordinates": [[[91.7565299, 26.1828703], [91.756698, 26.1828421], [91.7566721, 26.1826879], [91.7565021, 26.1827161], [91.7565299, 26.1828703]]]}}, {"type": "Feature", "properties": {"element": "way", "id": 726172707, "height": null, "building:levels": null, "render_height": 14.93643387728979, "render_min_height": 0.0, "basin_id": "GHY_BHARALU_CORE"}, "geometry": {"type": "Polygon", "coordinates": [[[91.7568875, 26.1828979], [91.7568793, 26.1827602], [91.7570066, 26.1827471], [91.7570164, 26.1828891], [91.7568875, 26.1828979]]]}}, {"type": "Feature", "properties": {"element": "way", "id": 726173010, "height": null, "building:levels": null, "render_height": 7.291939896592786, "render_min_height": 0.0, "basin_id": "GHY_BHARALU_CORE"}, "geometry": {"type": "Polygon", "coordinates": [[[91.7567504, 26.1830897], [91.7567308, 26.1829213], [91.7568075, 26.1829125], [91.7568303, 26.1830765], [91.7567504, 26.1830897]]]}}, {"type": "Feature", "properties": {"element": "way", "id": 726173165, "height": null, "building:levels": null, "render_height": 9.95374781798554, "render_min_height": 0.0, "basin_id": "GHY_BHARALU_CORE"}, "geometry": {"type": "Polygon", "coordinates": [[[91.7549068, 26.1835583], [91.7548994, 26.1834555], [91.7550638, 26.1834456], [91.7550712, 26.18355], [91.7549068, 26.1835583]]]}}, {"type": "Feature", "properties": {"element": "way", "id": 726174761, "height": null, "building:levels": null, "render_height": 9.484119755704016, "render_min_height": 0.0, "basin_id": "GHY_BHARALU_CORE"}, "geometry": {"type": "Polygon", "coordinates": [[[91.7552738, 26.1777496], [91.7556858, 26.1774113], [91.7558872, 26.1775954], [91.7554752, 26.1779402], [91.7552738, 26.1777496]]]}}, {"type": "Feature", "properties": {"element": "way", "id": 726176336, "height": null, "building:levels": null, "render_height": 5.967500656492723, "render_min_height": 0.0, "basin_id": "GHY_BHARALU_CORE"}, "geometry": {"type": "Polygon", "coordinates": [[[91.7544725, 26.1768706], [91.7545963, 26.1767861], [91.7545002, 26.1766667], [91.7544281, 26.1767197], [91.754478, 26.1767728], [91.7544263, 26.1768109], [91.7544725, 26.1768706]]]}}, {"type": "Feature", "properties": {"element": "way", "id": 726177227, "height": null, "building:levels": null, "render_height": 12.212804135485488, "render_min_height": 0.0, "basin_id": "GHY_BHARALU_CORE"}, "geometry": {"type": "Polygon", "coordinates": [[[91.754237, 26.1767904], [91.7542425, 26.1766859], [91.754357, 26.1766876], [91.754357, 26.1767904], [91.754237, 26.1767904]]]}}, {"type": "Feature", "properties": {"element": "way", "id": 726177400, "height": null, "building:levels": null, "render_height": 6.674155487796805, "render_min_height": 0.0, "basin_id": "GHY_BHARALU_CORE"}, "geometry": {"type": "Polygon", "coordinates": [[[91.7540144, 26.1764827], [91.7541362, 26.1763862], [91.754195, 26.1764461], [91.7540732, 26.1765425], [91.7540144, 26.1764827]]]}}, {"type": "Feature", "properties": {"element": "way", "id": 726177433, "height": null, "building:levels": null, "render_height": 9.714787627476596, "render_min_height": 0.0, "basin_id": "GHY_BHARALU_CORE"}, "geometry": {"type": "Polygon", "coordinates": [[[91.7538092, 26.1767015], [91.7540217, 26.1766103], [91.7540586, 26.1766766], [91.753848, 26.1767695], [91.7538092, 26.1767015]]]}}, {"type": "Feature", "properties": {"element": "way", "id": 726177580, "height": null, "building:levels": null, "render_height": 12.06571525245212, "render_min_height": 0.0, "basin_id": "GHY_BHARALU_CORE"}, "geometry": {"type": "Polygon", "coordinates": [[[91.7539238, 26.1764644], [91.7539699, 26.176534], [91.753739, 26.1766352], [91.7536947, 26.1765672], [91.7539238, 26.1764644]]]}}, {"type": "Feature", "properties": {"element": "way", "id": 736461144, "height": null, "building:levels": null, "render_height": 8.36712350383306, "render_min_height": 0.0, "basin_id": "NONE"}, "geometry": {"type": "Polygon", "coordinates": [[[91.6948033, 26.1515389], [91.6948387, 26.1518087], [91.6947819, 26.1518147], [91.6948383, 26.1522453], [91.6949801, 26.1522303], [91.6949452, 26.1519643], [91.6952558, 26.1519315], [91.6952927, 26.1522127], [91.6954524, 26.1521958], [91.6954007, 26.1518018], [91.6954535, 26.1517962], [91.6954104, 26.1514678], [91.6952271, 26.1514871], [91.6952629, 26.1517603], [91.6949796, 26.1517902], [91.6949447, 26.1515239], [91.6948033, 26.1515389]]]}}, {"type": "Feature", "properties": {"element": "way", "id": 736461145, "height": null, "building:levels": null, "render_height": 10.75543903730646, "render_min_height": 0.0, "basin_id": "NONE"}, "geometry": {"type": "Polygon", "coordinates": [[[91.7093155, 26.1612064], [91.7094388, 26.1612256], [91.7095017, 26.1609014], [91.7093783, 26.1608822], [91.7093155, 26.1612064]]]}}, {"type": "Feature", "properties": {"element": "way", "id": 736461146, "height": null, "building:levels": null, "render_height": 12.554023131641433, "render_min_height": 0.0, "basin_id": "GHY_BHARALU_CORE"}, "geometry": {"type": "Polygon", "coordinates": [[[91.7405591, 26.1723514], [91.7406744, 26.1722411], [91.7403681, 26.1719832], [91.7402528, 26.1720935], [91.7405591, 26.1723514]]]}}, {"type": "Feature", "properties": {"element": "way", "id": 736461147, "height": null, "building:levels": null, "render_height": 8.308828117592846, "render_min_height": 0.0, "basin_id": "GHY_BHARALU_CORE"}, "geometry": {"type": "Polygon", "coordinates": [[[91.7470099, 26.1654494], [91.7471319, 26.1654301], [91.7470846, 26.1651886], [91.7469626, 26.1652078], [91.7470099, 26.1654494]]]}}, {"type": "Feature", "properties": {"element": "way", "id": 736461148, "height": null, "building:levels": null, "render_height": 14.154156889021564, "render_min_height": 0.0, "basin_id": "GHY_BHARALU_CORE"}, "geometry": {"type": "Polygon", "coordinates": [[[91.7524615, 26.1747149], [91.7526747, 26.1746222], [91.7525738, 26.1744352], [91.7523606, 26.1745279], [91.7524615, 26.1747149]]]}}, {"type": "Feature", "properties": {"element": "way", "id": 736461149, "height": null, "building:levels": null, "render_height": 9.323227250505143, "render_min_height": 0.0, "basin_id": "GHY_BHARALU_CORE"}, "geometry": {"type": "Polygon", "coordinates": [[[91.7602286, 26.1723193], [91.7601791, 26.1722723], [91.760045, 26.1723861], [91.7600945, 26.1724331], [91.7602286, 26.1723193]]]}}, {"type": "Feature", "properties": {"element": "way", "id": 738284735, "height": null, "building:levels": null, "render_height": 5.712201953805643, "render_min_height": 0.0, "basin_id": "GHY_BHARALU_CORE"}, "geometry": {"type": "Polygon", "coordinates": [[[91.7459861, 26.1635489], [91.7457978, 26.1637975], [91.7458933, 26.1638557], [91.7460167, 26.1636926], [91.746189, 26.1637976], [91.7462538, 26.1637121], [91.7459861, 26.1635489]]]}}, {"type": "Feature", "properties": {"element": "way", "id": 738284738, "height": null, "building:levels": null, "render_height": 5.305185526082237, "render_min_height": 0.0, "basin_id": "GHY_BHARALU_CORE"}, "geometry": {"type": "Polygon", "coordinates": [[[91.7512973, 26.1786612], [91.7512629, 26.1786486], [91.7512183, 26.1787468], [91.7512989, 26.1787572], [91.751347, 26.1787925], [91.7514811, 26.1788431], [91.7516508, 26.1787787], [91.7518158, 26.1786704], [91.7516496, 26.1784665], [91.7515251, 26.1785483], [91.7515581, 26.1785886], [91.7514641, 26.1786504], [91.7515302, 26.1784997], [91.7513899, 26.1784501], [91.7512973, 26.1786612]]]}}, {"type": "Feature", "properties": {"element": "way", "id": 738284739, "height": null, "building:levels": null, "render_height": 7.937603351937341, "render_min_height": 0.0, "basin_id": "GHY_BHARALU_CORE"}, "geometry": {"type": "Polygon", "coordinates": [[[91.7375625, 26.1714146], [91.7375692, 26.1716469], [91.7376168, 26.1716516], [91.7376478, 26.1715066], [91.7377088, 26.1715024], [91.7377241, 26.171405], [91.7375625, 26.1714146]]]}}, {"type": "Feature", "properties": {"element": "way", "id": 738284741, "height": null, "building:levels": "2", "render_height": 6.0, "render_min_height": 0.0, "basin_id": "GHY_BHARALU_CORE"}, "geometry": {"type": "Polygon", "coordinates": [[[91.7607455, 26.1717528], [91.7608313, 26.1718299], [91.7608796, 26.1717865], [91.7607938, 26.1717095], [91.7607455, 26.1717528]]]}}, {"type": "Feature", "properties": {"element": "way", "id": 738284742, "height": null, "building:levels": null, "render_height": 9.38408823626559, "render_min_height": 0.0, "basin_id": "GHY_BHARALU_CORE"}, "geometry": {"type": "Polygon", "coordinates": [[[91.7250976, 26.1709536], [91.7253323, 26.171086], [91.7253989, 26.1709909], [91.7251642, 26.1708585], [91.7250976, 26.1709536]]]}}, {"type": "Feature", "properties": {"element": "way", "id": 738284743, "height": null, "building:levels": null, "render_height": 12.306597215050461, "render_min_height": 0.0, "basin_id": "GHY_BHARALU_CORE"}, "geometry": {"type": "Polygon", "coordinates": [[[91.7559468, 26.1856124], [91.7561066, 26.1855947], [91.7560823, 26.1854177], [91.7560694, 26.1853235], [91.7559096, 26.1853413], [91.7559468, 26.1856124]]]}}, {"type": "Feature", "properties": {"element": "way", "id": 738284744, "height": null, "building:levels": null, "render_height": 11.156184267754043, "render_min_height": 0.0, "basin_id": "GHY_BHARALU_CORE"}, "geometry": {"type": "Polygon", "coordinates": [[[91.7310803, 26.1670238], [91.7313417, 26.1670703], [91.731402, 26.166797], [91.7311406, 26.1667505], [91.7310803, 26.1670238]]]}}, {"type": "Feature", "properties": {"element": "way", "id": 738284745, "height": null, "building:levels": null, "render_height": 12.368383726977031, "render_min_height": 0.0, "basin_id": "GHY_BHARALU_CORE"}, "geometry": {"type": "Polygon", "coordinates": [[[91.7346784, 26.1712305], [91.7345575, 26.1711993], [91.7345039, 26.1713672], [91.7346248, 26.1713984], [91.7346784, 26.1712305]]]}}, {"type": "Feature", "properties": {"element": "way", "id": 738284748, "height": null, "building:levels": null, "render_height": 8.719265136716889, "render_min_height": 0.0, "basin_id": "GHY_BHARALU_CORE"}, "geometry": {"type": "Polygon", "coordinates": [[[91.7713127, 26.1724828], [91.7713296, 26.17252], [91.7713943, 26.1724963], [91.7714174, 26.1725472], [91.7714875, 26.1725215], [91.7714475, 26.1724335], [91.7713127, 26.1724828]]]}}, {"type": "Feature", "properties": {"element": "way", "id": 738302619, "height": null, "building:levels": null, "render_height": 8.805412685455511, "render_min_height": 0.0, "basin_id": "GHY_SILSAKO_BEEL"}, "geometry": {"type": "Polygon", "coordinates": [[[91.784817, 26.1836054], [91.7847995, 26.1837028], [91.7849193, 26.1837201], [91.7849367, 26.1836226], [91.784817, 26.1836054]]]}}, {"type": "Feature", "properties": {"element": "way", "id": 760817981, "height": null, "building:levels": null, "render_height": 9.681096301371742, "render_min_height": 0.0, "basin_id": "GHY_SILSAKO_BEEL"}, "geometry": {"type": "Polygon", "coordinates": [[[91.7915884, 26.1810386], [91.7915798, 26.1810117], [91.7916739, 26.1809875], [91.7916825, 26.1810144], [91.7915884, 26.1810386]]]}}, {"type": "Feature", "properties": {"element": "way", "id": 760817982, "height": null, "building:levels": null, "render_height": 8.962981225702727, "render_min_height": 0.0, "basin_id": "GHY_SILSAKO_BEEL"}, "geometry": {"type": "Polygon", "coordinates": [[[91.7915723, 26.1810001], [91.7915637, 26.1809732], [91.7916578, 26.180949], [91.7916664, 26.1809759], [91.7915723, 26.1810001]]]}}, {"type": "Feature", "properties": {"element": "way", "id": 760817983, "height": null, "building:levels": null, "render_height": 12.143857994508847, "render_min_height": 0.0, "basin_id": "GHY_SILSAKO_BEEL"}, "geometry": {"type": "Polygon", "coordinates": [[[91.7914663, 26.1810289], [91.7914578, 26.1810021], [91.7915518, 26.1809779], [91.7915604, 26.1810047], [91.7914663, 26.1810289]]]}}, {"type": "Feature", "properties": {"element": "way", "id": 760817984, "height": null, "building:levels": null, "render_height": 10.587035748775001, "render_min_height": 0.0, "basin_id": "GHY_SILSAKO_BEEL"}, "geometry": {"type": "Polygon", "coordinates": [[[91.7914791, 26.1810671], [91.7914705, 26.1810403], [91.7915646, 26.1810161], [91.7915732, 26.181043], [91.7914791, 26.1810671]]]}}, {"type": "Feature", "properties": {"element": "way", "id": 760817985, "height": null, "building:levels": null, "render_height": 9.846499399463546, "render_min_height": 0.0, "basin_id": "GHY_SILSAKO_BEEL"}, "geometry": {"type": "Polygon", "coordinates": [[[91.7914166, 26.1810106], [91.791401, 26.1810053], [91.7913845, 26.1810078], [91.7913716, 26.1810172], [91.7913657, 26.1810312], [91.7913684, 26.181046], [91.791379, 26.1810576], [91.7913946, 26.1810628], [91.791411, 26.1810604], [91.7914239, 26.1810509], [91.7914298, 26.1810369], [91.7914271, 26.1810222], [91.7914166, 26.1810106]]]}}, {"type": "Feature", "properties": {"element": "way", "id": 760817987, "height": null, "building:levels": null, "render_height": 5.433676221758499, "render_min_height": 0.0, "basin_id": "GHY_SILSAKO_BEEL"}, "geometry": {"type": "Polygon", "coordinates": [[[91.7917499, 26.1809449], [91.7917255, 26.1808739], [91.7918289, 26.1808453], [91.7918533, 26.1809162], [91.7917499, 26.1809449]]]}}, {"type": "Feature", "properties": {"element": "way", "id": 760817988, "height": null, "building:levels": null, "render_height": 12.505815755729603, "render_min_height": 0.0, "basin_id": "GHY_SILSAKO_BEEL"}, "geometry": {"type": "Polygon", "coordinates": [[[91.7916828, 26.1808062], [91.7917551, 26.1807985], [91.7917605, 26.1808389], [91.7916882, 26.1808467], [91.7916828, 26.1808062]]]}}, {"type": "Feature", "properties": {"element": "way", "id": 760817991, "height": null, "building:levels": null, "render_height": 10.860074235349952, "render_min_height": 0.0, "basin_id": "GHY_SILSAKO_BEEL"}, "geometry": {"type": "Polygon", "coordinates": [[[91.7942177, 26.1811167], [91.7946456, 26.1810861], [91.7946525, 26.1811636], [91.7946562, 26.1812056], [91.7944173, 26.1812227], [91.7944218, 26.1812734], [91.7943653, 26.1812774], [91.794359, 26.1812062], [91.7942265, 26.1812156], [91.7942239, 26.1811871], [91.7942177, 26.1811167]]]}}, {"type": "Feature", "properties": {"element": "way", "id": 760817996, "height": null, "building:levels": null, "render_height": 14.924827182736106, "render_min_height": 0.0, "basin_id": "GHY_SILSAKO_BEEL"}, "geometry": {"type": "Polygon", "coordinates": [[[91.7944078, 26.1810808], [91.794405, 26.1810429], [91.7943991, 26.1809711], [91.794392, 26.180914], [91.7949988, 26.1808678], [91.795006, 26.1809225], [91.7950111, 26.1809971], [91.7950146, 26.1810345], [91.7944078, 26.1810808]]]}}, {"type": "Feature", "properties": {"element": "way", "id": 760817997, "height": null, "building:levels": null, "render_height": 11.925199919974764, "render_min_height": 0.0, "basin_id": "GHY_SILSAKO_BEEL"}, "geometry": {"type": "Polygon", "coordinates": [[[91.7956005, 26.1806768], [91.7955942, 26.1806065], [91.7957506, 26.1805953], [91.7957569, 26.1806655], [91.7956005, 26.1806768]]]}}, {"type": "Feature", "properties": {"element": "way", "id": 760818005, "height": null, "building:levels": null, "render_height": 13.483470782893288, "render_min_height": 0.0, "basin_id": "GHY_SILSAKO_BEEL"}, "geometry": {"type": "Polygon", "coordinates": [[[91.7950055, 26.1807767], [91.7950023, 26.1807473], [91.7949931, 26.1806629], [91.7949875, 26.1806115], [91.7949834, 26.1805741], [91.7946221, 26.1806059], [91.7943616, 26.1806289], [91.7943641, 26.1806516], [91.7943697, 26.1807027], [91.7943807, 26.1808033], [91.7943838, 26.1808314], [91.7950055, 26.1807767]]]}}, {"type": "Feature", "properties": {"element": "way", "id": 760818008, "height": null, "building:levels": null, "render_height": 12.08928818663693, "render_min_height": 0.0, "basin_id": "GHY_SILSAKO_BEEL"}, "geometry": {"type": "Polygon", "coordinates": [[[91.7918846, 26.1810612], [91.791873, 26.1809302], [91.7920481, 26.1809178], [91.7920396, 26.1808219], [91.7923219, 26.1808019], [91.7923315, 26.1809103], [91.7928585, 26.1808728], [91.7928697, 26.1809999], [91.7928733, 26.1810405], [91.7928779, 26.1810926], [91.7927431, 26.1811022], [91.7921364, 26.1811453], [91.791762, 26.1811719], [91.7917576, 26.1811229], [91.791753, 26.1810705], [91.7918846, 26.1810612]]]}}, {"type": "Feature", "properties": {"element": "way", "id": 760818009, "height": null, "building:levels": null, "render_height": 7.681313479355656, "render_min_height": 0.0, "basin_id": "GHY_SILSAKO_BEEL"}, "geometry": {"type": "Polygon", "coordinates": [[[91.7927592, 26.1812726], [91.7921529, 26.181319], [91.7921364, 26.1811453], [91.7927431, 26.1811022], [91.7927592, 26.1812726]]]}}, {"type": "Feature", "properties": {"element": "way", "id": 760818010, "height": null, "building:levels": null, "render_height": 14.64766002224871, "render_min_height": 0.0, "basin_id": "GHY_SILSAKO_BEEL"}, "geometry": {"type": "Polygon", "coordinates": [[[91.7917705, 26.1814487], [91.7919965, 26.1814366], [91.7919913, 26.1813578], [91.7917653, 26.1813699], [91.7917705, 26.1814487]]]}}, {"type": "Feature", "properties": {"element": "way", "id": 760818011, "height": null, "building:levels": null, "render_height": 12.991471100300874, "render_min_height": 0.0, "basin_id": "GHY_SILSAKO_BEEL"}, "geometry": {"type": "Polygon", "coordinates": [[[91.7914369, 26.1812686], [91.7916153, 26.1812545], [91.7916095, 26.1811956], [91.7914311, 26.1812096], [91.7914369, 26.1812686]]]}}, {"type": "Feature", "properties": {"element": "way", "id": 760818012, "height": null, "building:levels": null, "render_height": 9.18714647195597, "render_min_height": 0.0, "basin_id": "GHY_SILSAKO_BEEL"}, "geometry": {"type": "Polygon", "coordinates": [[[91.7895582, 26.1817163], [91.7898276, 26.1816411], [91.7897867, 26.1815229], [91.7895173, 26.1815981], [91.7895582, 26.1817163]]]}}, {"type": "Feature", "properties": {"element": "way", "id": 760818013, "height": null, "building:levels": null, "render_height": 14.093209235744501, "render_min_height": 0.0, "basin_id": "GHY_SILSAKO_BEEL"}, "geometry": {"type": "Polygon", "coordinates": [[[91.7906205, 26.1812517], [91.7912927, 26.1810301], [91.7913464, 26.1811611], [91.7907773, 26.1813488], [91.7907633, 26.1813147], [91.7906602, 26.1813487], [91.7906205, 26.1812517]]]}}, {"type": "Feature", "properties": {"element": "way", "id": 760818014, "height": null, "building:levels": null, "render_height": 8.856613970027107, "render_min_height": 0.0, "basin_id": "GHY_SILSAKO_BEEL"}, "geometry": {"type": "Polygon", "coordinates": [[[91.7934941, 26.1807702], [91.7934922, 26.1807469], [91.7936902, 26.1807341], [91.7936921, 26.1807574], [91.7934941, 26.1807702]]]}}, {"type": "Feature", "properties": {"element": "way", "id": 760818015, "height": null, "building:levels": null, "render_height": 9.356264967834509, "render_min_height": 0.0, "basin_id": "GHY_SILSAKO_BEEL"}, "geometry": {"type": "Polygon", "coordinates": [[[91.7933617, 26.1807806], [91.7933594, 26.1807433], [91.7934512, 26.1807387], [91.7934535, 26.1807761], [91.7933617, 26.1807806]]]}}, {"type": "Feature", "properties": {"element": "way", "id": 760818016, "height": null, "building:levels": null, "render_height": 11.335841990482185, "render_min_height": 0.0, "basin_id": "GHY_SILSAKO_BEEL"}, "geometry": {"type": "Polygon", "coordinates": [[[91.7936355, 26.1802275], [91.7937095, 26.1802206], [91.7937037, 26.1801702], [91.7936297, 26.1801771], [91.7936355, 26.1802275]]]}}, {"type": "Feature", "properties": {"element": "way", "id": 760818017, "height": null, "building:levels": null, "render_height": 13.710227307892918, "render_min_height": 0.0, "basin_id": "GHY_SILSAKO_BEEL"}, "geometry": {"type": "Polygon", "coordinates": [[[91.7935866, 26.1803071], [91.7935736, 26.1801906], [91.7935038, 26.1801969], [91.7935169, 26.1803134], [91.7935866, 26.1803071]]]}}, {"type": "Feature", "properties": {"element": "way", "id": 760818018, "height": null, "building:levels": null, "render_height": 6.988604695657682, "render_min_height": 0.0, "basin_id": "GHY_SILSAKO_BEEL"}, "geometry": {"type": "Polygon", "coordinates": [[[91.7935181, 26.1805808], [91.7935075, 26.1804892], [91.7935804, 26.1804824], [91.793591, 26.1805741], [91.7935181, 26.1805808]]]}}, {"type": "Feature", "properties": {"element": "way", "id": 760818019, "height": null, "building:levels": null, "render_height": 5.282785398232025, "render_min_height": 0.0, "basin_id": "GHY_SILSAKO_BEEL"}, "geometry": {"type": "Polygon", "coordinates": [[[91.7933153, 26.1804893], [91.7933063, 26.1804335], [91.7934164, 26.1804193], [91.7934254, 26.1804751], [91.7933153, 26.1804893]]]}}, {"type": "Feature", "properties": {"element": "way", "id": 760818020, "height": null, "building:levels": null, "render_height": 7.478076144075755, "render_min_height": 0.0, "basin_id": "GHY_SILSAKO_BEEL"}, "geometry": {"type": "Polygon", "coordinates": [[[91.7928337, 26.1806243], [91.7932627, 26.1805836], [91.7932552, 26.1805202], [91.7929803, 26.1805463], [91.7929752, 26.1805029], [91.7928527, 26.1805146], [91.792857, 26.1805513], [91.7928255, 26.1805543], [91.7928337, 26.1806243]]]}}, {"type": "Feature", "properties": {"element": "way", "id": 760818021, "height": null, "building:levels": null, "render_height": 9.600350433320571, "render_min_height": 0.0, "basin_id": "GHY_SILSAKO_BEEL"}, "geometry": {"type": "Polygon", "coordinates": [[[91.792472, 26.1806575], [91.7927028, 26.1806282], [91.7927128, 26.1806915], [91.7928218, 26.1806776], [91.7927986, 26.1805305], [91.7924587, 26.1805737], [91.792472, 26.1806575]]]}}, {"type": "Feature", "properties": {"element": "way", "id": 760818022, "height": null, "building:levels": null, "render_height": 8.681348836997785, "render_min_height": 0.0, "basin_id": "GHY_SILSAKO_BEEL"}, "geometry": {"type": "Polygon", "coordinates": [[[91.7943002, 26.1802565], [91.7945856, 26.1802291], [91.7946704, 26.1802225], [91.7948539, 26.1802082], [91.7948455, 26.1801336], [91.794292, 26.1801843], [91.7943002, 26.1802565]]]}}, {"type": "Feature", "properties": {"element": "way", "id": 760818023, "height": null, "building:levels": null, "render_height": 13.418879362671795, "render_min_height": 0.0, "basin_id": "GHY_SILSAKO_BEEL"}, "geometry": {"type": "Polygon", "coordinates": [[[91.7942557, 26.1803102], [91.7942436, 26.180175], [91.7939848, 26.1801937], [91.793997, 26.1803289], [91.7942557, 26.1803102]]]}}, {"type": "Feature", "properties": {"element": "way", "id": 760818024, "height": null, "building:levels": null, "render_height": 6.998137740996485, "render_min_height": 0.0, "basin_id": "GHY_SILSAKO_BEEL"}, "geometry": {"type": "Polygon", "coordinates": [[[91.7943433, 26.1804541], [91.7943381, 26.1803961], [91.7941003, 26.1804131], [91.7941054, 26.1804711], [91.7943433, 26.1804541]]]}}, {"type": "Feature", "properties": {"element": "way", "id": 760818026, "height": null, "building:levels": null, "render_height": 14.308807364344531, "render_min_height": 0.0, "basin_id": "GHY_SILSAKO_BEEL"}, "geometry": {"type": "Polygon", "coordinates": [[[91.7965515, 26.1802913], [91.7965492, 26.1802431], [91.7966278, 26.18024], [91.7966301, 26.1802883], [91.7965515, 26.1802913]]]}}, {"type": "Feature", "properties": {"element": "way", "id": 760818027, "height": null, "building:levels": null, "render_height": 14.876488144943517, "render_min_height": 0.0, "basin_id": "GHY_SILSAKO_BEEL"}, "geometry": {"type": "Polygon", "coordinates": [[[91.7965515, 26.1802913], [91.7966301, 26.1802883], [91.7968088, 26.180279], [91.7968133, 26.1803526], [91.7965563, 26.1803653], [91.7965555, 26.180353], [91.7965515, 26.1802913]]]}}, {"type": "Feature", "properties": {"element": "way", "id": 760818028, "height": null, "building:levels": null, "render_height": 8.245397002828533, "render_min_height": 0.0, "basin_id": "GHY_SILSAKO_BEEL"}, "geometry": {"type": "Polygon", "coordinates": [[[91.795727, 26.1803101], [91.7961179, 26.1803055], [91.7961163, 26.1802013], [91.7957254, 26.180206], [91.795727, 26.1803101]]]}}, {"type": "Feature", "properties": {"element": "way", "id": 760818029, "height": null, "building:levels": null, "render_height": 12.974524050415704, "render_min_height": 0.0, "basin_id": "GHY_SILSAKO_BEEL"}, "geometry": {"type": "Polygon", "coordinates": [[[91.7961707, 26.1803117], [91.7963957, 26.1802956], [91.7963855, 26.1801799], [91.7961604, 26.1801959], [91.7961707, 26.1803117]]]}}, {"type": "Feature", "properties": {"element": "way", "id": 760818033, "height": null, "building:levels": null, "render_height": 8.635457404716512, "render_min_height": 0.0, "basin_id": "GHY_SILSAKO_BEEL"}, "geometry": {"type": "Polygon", "coordinates": [[[91.7946221, 26.1806059], [91.7946174, 26.1805568], [91.7946073, 26.1804526], [91.7946048, 26.1804267], [91.7945856, 26.1802291], [91.7946704, 26.1802225], [91.7948539, 26.1802082], [91.795402, 26.1801655], [91.7954233, 26.1803862], [91.7954341, 26.1804972], [91.7954383, 26.1805411], [91.7949834, 26.1805741], [91.7946221, 26.1806059]]]}}, {"type": "Feature", "properties": {"element": "way", "id": 760818051, "height": null, "building:levels": null, "render_height": 12.612682556942687, "render_min_height": 0.0, "basin_id": "GHY_SILSAKO_BEEL"}, "geometry": {"type": "Polygon", "coordinates": [[[91.7869154, 26.1820671], [91.7870884, 26.1820452], [91.7870778, 26.1819779], [91.7869048, 26.1819997], [91.7869154, 26.1820671]]]}}, {"type": "Feature", "properties": {"element": "way", "id": 760819002, "height": null, "building:levels": null, "render_height": 10.737641649767646, "render_min_height": 0.0, "basin_id": "GHY_SILSAKO_BEEL"}, "geometry": {"type": "Polygon", "coordinates": [[[91.7923949, 26.1832661], [91.7925322, 26.1831956], [91.7924941, 26.1831359], [91.7923568, 26.1832064], [91.7923949, 26.1832661]]]}}, {"type": "Feature", "properties": {"element": "way", "id": 760819003, "height": null, "building:levels": null, "render_height": 10.394563108190958, "render_min_height": 0.0, "basin_id": "GHY_SILSAKO_BEEL"}, "geometry": {"type": "Polygon", "coordinates": [[[91.7915479, 26.1834922], [91.7915727, 26.1834143], [91.7917345, 26.1834559], [91.7917096, 26.1835338], [91.7915479, 26.1834922]]]}}, {"type": "Feature", "properties": {"element": "way", "id": 760819004, "height": null, "building:levels": null, "render_height": 12.317280815817346, "render_min_height": 0.0, "basin_id": "GHY_SILSAKO_BEEL"}, "geometry": {"type": "Polygon", "coordinates": [[[91.7911987, 26.1838186], [91.7911875, 26.1837774], [91.7912837, 26.1837562], [91.7912949, 26.1837974], [91.7911987, 26.1838186]]]}}, {"type": "Feature", "properties": {"element": "way", "id": 760819005, "height": null, "building:levels": null, "render_height": 8.368322775252816, "render_min_height": 0.0, "basin_id": "GHY_SILSAKO_BEEL"}, "geometry": {"type": "Polygon", "coordinates": [[[91.7908149, 26.1837947], [91.790873, 26.183609], [91.7910433, 26.1836519], [91.7910243, 26.1837126], [91.7909759, 26.1837004], [91.7909368, 26.1838254], [91.7908149, 26.1837947]]]}}, {"type": "Feature", "properties": {"element": "way", "id": 760819006, "height": null, "building:levels": null, "render_height": 9.216843018921443, "render_min_height": 0.0, "basin_id": "GHY_SILSAKO_BEEL"}, "geometry": {"type": "Polygon", "coordinates": [[[91.789591, 26.1839742], [91.7895916, 26.183902], [91.79, 26.1839045], [91.7899994, 26.1839767], [91.789591, 26.1839742]]]}}, {"type": "Feature", "properties": {"element": "way", "id": 760819007, "height": null, "building:levels": null, "render_height": 14.303092210374281, "render_min_height": 0.0, "basin_id": "GHY_SILSAKO_BEEL"}, "geometry": {"type": "Polygon", "coordinates": [[[91.7891042, 26.1839718], [91.7891034, 26.1839008], [91.7895091, 26.1838972], [91.7895099, 26.1839683], [91.7891042, 26.1839718]]]}}, {"type": "Feature", "properties": {"element": "way", "id": 760819008, "height": null, "building:levels": null, "render_height": 13.85231105104913, "render_min_height": 0.0, "basin_id": "GHY_SILSAKO_BEEL"}, "geometry": {"type": "Polygon", "coordinates": [[[91.7891511, 26.1840972], [91.7891504, 26.1840058], [91.7899524, 26.1840005], [91.7899531, 26.1840919], [91.7891511, 26.1840972]]]}}, {"type": "Feature", "properties": {"element": "way", "id": 760819009, "height": null, "building:levels": null, "render_height": 12.876747493229193, "render_min_height": 0.0, "basin_id": "GHY_SILSAKO_BEEL"}, "geometry": {"type": "Polygon", "coordinates": [[[91.7892981, 26.1837882], [91.7893025, 26.1835637], [91.7906101, 26.1835844], [91.7906056, 26.1838089], [91.7892981, 26.1837882]]]}}, {"type": "Feature", "properties": {"element": "way", "id": 760819010, "height": null, "building:levels": null, "render_height": 10.25879470699134, "render_min_height": 0.0, "basin_id": "GHY_SILSAKO_BEEL"}, "geometry": {"type": "Polygon", "coordinates": [[[91.7916076, 26.1832613], [91.791692, 26.1830046], [91.7922219, 26.1831449], [91.7921375, 26.1834016], [91.7916076, 26.1832613]]]}}, {"type": "Feature", "properties": {"element": "way", "id": 760819011, "height": null, "building:levels": null, "render_height": 8.963232831810421, "render_min_height": 0.0, "basin_id": "GHY_SILSAKO_BEEL"}, "geometry": {"type": "Polygon", "coordinates": [[[91.7905972, 26.1830053], [91.7906751, 26.1827517], [91.7915868, 26.1829773], [91.7915089, 26.1832308], [91.7905972, 26.1830053]]]}}, {"type": "Feature", "properties": {"element": "way", "id": 760819012, "height": null, "building:levels": null, "render_height": 9.044066134147453, "render_min_height": 0.0, "basin_id": "GHY_SILSAKO_BEEL"}, "geometry": {"type": "Polygon", "coordinates": [[[91.7893008, 26.1826892], [91.7891817, 26.1826577], [91.7891978, 26.1826087], [91.7893068, 26.1826375], [91.7893824, 26.1824077], [91.7905847, 26.1827259], [91.7904997, 26.1829845], [91.7893074, 26.1826689], [91.7893008, 26.1826892]]]}}, {"type": "Feature", "properties": {"element": "way", "id": 760819015, "height": null, "building:levels": null, "render_height": 10.498071694911097, "render_min_height": 0.0, "basin_id": "GHY_SILSAKO_BEEL"}, "geometry": {"type": "Polygon", "coordinates": [[[91.7891832, 26.1830768], [91.7892496, 26.1828608], [91.7891194, 26.1828285], [91.7891362, 26.182774], [91.7918708, 26.1834509], [91.7918599, 26.1834861], [91.7917345, 26.1834559], [91.7915727, 26.1834143], [91.7914724, 26.1833902], [91.7913966, 26.1836368], [91.7904802, 26.1834099], [91.790556, 26.1831635], [91.7904542, 26.1831383], [91.7903819, 26.1833735], [91.7891832, 26.1830768]]]}}, {"type": "Feature", "properties": {"element": "way", "id": 760825032, "height": null, "building:levels": null, "render_height": 8.649609405817387, "render_min_height": 0.0, "basin_id": "GHY_SILSAKO_BEEL"}, "geometry": {"type": "Polygon", "coordinates": [[[91.7907614, 26.1794204], [91.7907496, 26.1792938], [91.7931566, 26.1791119], [91.7931685, 26.1792385], [91.7907614, 26.1794204]]]}}, {"type": "Feature", "properties": {"element": "way", "id": 760830118, "height": null, "building:levels": null, "render_height": 6.700990006143401, "render_min_height": 0.0, "basin_id": "GHY_SILSAKO_BEEL"}, "geometry": {"type": "Polygon", "coordinates": [[[91.7915205, 26.1805543], [91.7916243, 26.1805464], [91.7916069, 26.1803621], [91.7915032, 26.18037], [91.7915205, 26.1805543]]]}}, {"type": "Feature", "properties": {"element": "way", "id": 760830119, "height": null, "building:levels": null, "render_height": 10.41392084157277, "render_min_height": 0.0, "basin_id": "GHY_SILSAKO_BEEL"}, "geometry": {"type": "Polygon", "coordinates": [[[91.792127, 26.1803262], [91.7921181, 26.1802446], [91.7923497, 26.1802243], [91.7923586, 26.1803059], [91.792127, 26.1803262]]]}}, {"type": "Feature", "properties": {"element": "way", "id": 760830120, "height": null, "building:levels": null, "render_height": 6.088696292424026, "render_min_height": 0.0, "basin_id": "GHY_SILSAKO_BEEL"}, "geometry": {"type": "Polygon", "coordinates": [[[91.7924335, 26.179889], [91.792425, 26.1797736], [91.7926355, 26.179761], [91.792644, 26.1798758], [91.7925808, 26.1798795], [91.7925816, 26.1799207], [91.7925406, 26.1799245], [91.7925372, 26.1798828], [91.7924335, 26.179889]]]}}, {"type": "Feature", "properties": {"element": "way", "id": 760830121, "height": null, "building:levels": null, "render_height": 14.098828067442463, "render_min_height": 0.0, "basin_id": "GHY_SILSAKO_BEEL"}, "geometry": {"type": "Polygon", "coordinates": [[[91.7915358, 26.1799411], [91.7915245, 26.1798108], [91.7906813, 26.1798697], [91.7906866, 26.179931], [91.7906906, 26.1799979], [91.7915358, 26.1799411]]]}}, {"type": "Feature", "properties": {"element": "way", "id": 760830122, "height": null, "building:levels": null, "render_height": 5.614924521922329, "render_min_height": 0.0, "basin_id": "GHY_SILSAKO_BEEL"}, "geometry": {"type": "Polygon", "coordinates": [[[91.7906906, 26.1799979], [91.7907005, 26.1801173], [91.7907032, 26.1801598], [91.7907074, 26.1801994], [91.7903236, 26.1802251], [91.7903273, 26.1802808], [91.790331, 26.1803311], [91.7903369, 26.1803838], [91.7905443, 26.1803698], [91.7905518, 26.1804597], [91.7909535, 26.1804327], [91.7909456, 26.1803382], [91.7911763, 26.1803227], [91.7911819, 26.1803897], [91.7915969, 26.1803619], [91.7915867, 26.1802468], [91.7915835, 26.1802051], [91.7915803, 26.1801625], [91.7921392, 26.180125], [91.7921338, 26.1800606], [91.7921305, 26.1800212], [91.7921206, 26.1799019], [91.7915358, 26.1799411], [91.7906906, 26.1799979]]]}}, {"type": "Feature", "properties": {"element": "way", "id": 760830128, "height": null, "building:levels": null, "render_height": 11.434746158402957, "render_min_height": 0.0, "basin_id": "GHY_SILSAKO_BEEL"}, "geometry": {"type": "Polygon", "coordinates": [[[91.7886867, 26.1812919], [91.788855, 26.1812504], [91.7888389, 26.1811977], [91.7888198, 26.1812024], [91.7888156, 26.1811886], [91.7886663, 26.1812254], [91.7886867, 26.1812919]]]}}, {"type": "Feature", "properties": {"element": "way", "id": 760830129, "height": null, "building:levels": null, "render_height": 10.897086942523316, "render_min_height": 0.0, "basin_id": "GHY_SILSAKO_BEEL"}, "geometry": {"type": "Polygon", "coordinates": [[[91.7885648, 26.1809981], [91.7885204, 26.1809279], [91.78839, 26.1809943], [91.7884344, 26.1810646], [91.7885648, 26.1809981]]]}}, {"type": "Feature", "properties": {"element": "way", "id": 760830130, "height": null, "building:levels": null, "render_height": 9.554311368813268, "render_min_height": 0.0, "basin_id": "GHY_SILSAKO_BEEL"}, "geometry": {"type": "Polygon", "coordinates": [[[91.7881885, 26.1812279], [91.7883062, 26.1811613], [91.7882617, 26.1810979], [91.7881439, 26.1811644], [91.7881885, 26.1812279]]]}}, {"type": "Feature", "properties": {"element": "way", "id": 760830131, "height": null, "building:levels": null, "render_height": 7.7629455391517475, "render_min_height": 0.0, "basin_id": "GHY_SILSAKO_BEEL"}, "geometry": {"type": "Polygon", "coordinates": [[[91.7877547, 26.1814415], [91.7878794, 26.1813711], [91.7878371, 26.1813109], [91.7877125, 26.1813813], [91.7877547, 26.1814415]]]}}, {"type": "Feature", "properties": {"element": "way", "id": 760830132, "height": null, "building:levels": null, "render_height": 13.31337419908306, "render_min_height": 0.0, "basin_id": "GHY_SILSAKO_BEEL"}, "geometry": {"type": "Polygon", "coordinates": [[[91.787311, 26.1820203], [91.7873093, 26.1819968], [91.7875288, 26.181984], [91.7875249, 26.1819311], [91.7871215, 26.1819545], [91.787127, 26.182031], [91.787311, 26.1820203]]]}}, {"type": "Feature", "properties": {"element": "way", "id": 760830133, "height": null, "building:levels": null, "render_height": 5.57696797986205, "render_min_height": 0.0, "basin_id": "GHY_SILSAKO_BEEL"}, "geometry": {"type": "Polygon", "coordinates": [[[91.7866877, 26.1820744], [91.7866833, 26.1820352], [91.7868616, 26.1820193], [91.786866, 26.1820584], [91.7866877, 26.1820744]]]}}, {"type": "Feature", "properties": {"element": "way", "id": 760830137, "height": null, "building:levels": null, "render_height": 5.145363023349672, "render_min_height": 0.0, "basin_id": "GHY_SILSAKO_BEEL"}, "geometry": {"type": "Polygon", "coordinates": [[[91.7878716, 26.1816108], [91.7878558, 26.1815691], [91.7878396, 26.1815262], [91.7878114, 26.1814517], [91.7883408, 26.1812904], [91.7883827, 26.181401], [91.788401, 26.1814494], [91.7878716, 26.1816108]]]}}, {"type": "Feature", "properties": {"element": "way", "id": 761107598, "height": null, "building:levels": null, "render_height": 13.027792696557812, "render_min_height": 0.0, "basin_id": "GHY_BHARALU_CORE"}, "geometry": {"type": "Polygon", "coordinates": [[[91.7551336, 26.1821427], [91.7551414, 26.1821068], [91.75512, 26.182103], [91.7551371, 26.1820245], [91.7554584, 26.1820809], [91.7554711, 26.1820226], [91.7556351, 26.1820514], [91.7556081, 26.1821753], [91.7555076, 26.1821576], [91.7554969, 26.1822065], [91.7551336, 26.1821427]]]}}, {"type": "Feature", "properties": {"element": "way", "id": 761107599, "height": null, "building:levels": null, "render_height": 14.742514827016395, "render_min_height": 0.0, "basin_id": "GHY_BHARALU_CORE"}, "geometry": {"type": "Polygon", "coordinates": [[[91.7554937, 26.1822891], [91.7554987, 26.1822636], [91.7555101, 26.1822051], [91.7554969, 26.1822065], [91.7551336, 26.1821427], [91.7550967, 26.1821403], [91.7550878, 26.1821863], [91.7550804, 26.1822243], [91.7554937, 26.1822891]]]}}, {"type": "Feature", "properties": {"element": "way", "id": 761107602, "height": null, "building:levels": null, "render_height": 12.457067119148551, "render_min_height": 0.0, "basin_id": "GHY_BHARALU_CORE"}, "geometry": {"type": "Polygon", "coordinates": [[[91.7534594, 26.1819289], [91.7534676, 26.1818806], [91.7534782, 26.1818343], [91.7534915, 26.181786], [91.7546889, 26.1820022], [91.754703, 26.1819395], [91.7551039, 26.1820119], [91.7550659, 26.1821812], [91.7550578, 26.1822175], [91.7534594, 26.1819289]]]}}, {"type": "Feature", "properties": {"element": "way", "id": 761114395, "height": null, "building:levels": null, "render_height": 10.1507726028758, "render_min_height": 0.0, "basin_id": "GHY_BHARALU_CORE"}, "geometry": {"type": "Polygon", "coordinates": [[[91.7620037, 26.1827878], [91.762004, 26.1827439], [91.7620698, 26.1827443], [91.7620695, 26.1827882], [91.7620037, 26.1827878]]]}}, {"type": "Feature", "properties": {"element": "way", "id": 761851642, "height": null, "building:levels": null, "render_height": 5.476083287014802, "render_min_height": 0.0, "basin_id": "NONE"}, "geometry": {"type": "Polygon", "coordinates": [[[91.6835271, 26.1570497], [91.683513, 26.1569127], [91.6835413, 26.1569014], [91.6838924, 26.1569284], [91.6838645, 26.1569348], [91.6838782, 26.1570767], [91.6835271, 26.1570497]]]}}, {"type": "Feature", "properties": {"element": "way", "id": 761851649, "height": null, "building:levels": null, "render_height": 10.147818750904651, "render_min_height": 0.0, "basin_id": "NONE"}, "geometry": {"type": "Polygon", "coordinates": [[[91.6819876, 26.1567267], [91.6819607, 26.1567259], [91.6819565, 26.1567721], [91.6819525, 26.1568157], [91.6819666, 26.1569569], [91.6830244, 26.1570343], [91.6830113, 26.1568812], [91.6830153, 26.1568377], [91.6830192, 26.1567944], [91.6819876, 26.1567267]]]}}, {"type": "Feature", "properties": {"element": "way", "id": 765634452, "height": null, "building:levels": null, "render_height": 11.879475823029864, "render_min_height": 0.0, "basin_id": "GHY_BHARALU_CORE"}, "geometry": {"type": "Polygon", "coordinates": [[[91.7269322, 26.1655818], [91.7272387, 26.1655919], [91.7272454, 26.1654295], [91.7269389, 26.1654193], [91.7269322, 26.1655818]]]}}, {"type": "Feature", "properties": {"element": "way", "id": 765634474, "height": null, "building:levels": null, "render_height": 6.578126696167065, "render_min_height": 0.0, "basin_id": "NONE"}, "geometry": {"type": "Polygon", "coordinates": [[[91.6781482, 26.1636643], [91.6783788, 26.1636726], [91.6783815, 26.1636124], [91.6781509, 26.1636041], [91.6781482, 26.1636643]]]}}, {"type": "Feature", "properties": {"element": "way", "id": 765634495, "height": null, "building:levels": null, "render_height": 10.977676348028957, "render_min_height": 0.0, "basin_id": "NONE"}, "geometry": {"type": "Polygon", "coordinates": [[[91.6810691, 26.1417827], [91.68114, 26.141854], [91.6812271, 26.1417841], [91.6811563, 26.1417129], [91.6810691, 26.1417827]]]}}, {"type": "Feature", "properties": {"element": "way", "id": 765634513, "height": null, "building:levels": null, "render_height": 10.503273131661587, "render_min_height": 0.0, "basin_id": "NONE"}, "geometry": {"type": "Polygon", "coordinates": [[[91.6886497, 26.1607022], [91.6887699, 26.1607436], [91.6888453, 26.1606173], [91.6887042, 26.16057], [91.6886497, 26.1607022]]]}}, {"type": "Feature", "properties": {"element": "way", "id": 765634562, "height": null, "building:levels": null, "render_height": 7.332295252027922, "render_min_height": 0.0, "basin_id": "GHY_DEEPOR_BEEL"}, "geometry": {"type": "Polygon", "coordinates": [[[91.6420054, 26.1409857], [91.642106, 26.1410487], [91.6421677, 26.1409692], [91.6420671, 26.1409063], [91.6420054, 26.1409857]]]}}, {"type": "Feature", "properties": {"element": "way", "id": 765634566, "height": null, "building:levels": null, "render_height": 5.285523959622126, "render_min_height": 0.0, "basin_id": "NONE"}, "geometry": {"type": "Polygon", "coordinates": [[[91.6575053, 26.1580735], [91.657592, 26.1583193], [91.6576824, 26.1582936], [91.6575957, 26.1580478], [91.6575053, 26.1580735]]]}}, {"type": "Feature", "properties": {"element": "way", "id": 765634607, "height": null, "building:levels": null, "render_height": 9.14504358130397, "render_min_height": 0.0, "basin_id": "NONE"}, "geometry": {"type": "Polygon", "coordinates": [[[91.6734362, 26.1686087], [91.6735199, 26.1686072], [91.6735205, 26.1686343], [91.6736539, 26.1686319], [91.6736517, 26.1685317], [91.6735991, 26.1685327], [91.6736004, 26.1685926], [91.6735597, 26.1685933], [91.6735588, 26.1685537], [91.673435, 26.1685559], [91.6734362, 26.1686087]]]}}, {"type": "Feature", "properties": {"element": "way", "id": 765634614, "height": null, "building:levels": null, "render_height": 11.600342477436328, "render_min_height": 0.0, "basin_id": "GHY_BHARALU_CORE"}, "geometry": {"type": "Polygon", "coordinates": [[[91.7580485, 26.1761194], [91.7582263, 26.1761218], [91.7582276, 26.1760399], [91.7580499, 26.1760376], [91.7580485, 26.1761194]]]}}, {"type": "Feature", "properties": {"element": "way", "id": 765634631, "height": null, "building:levels": null, "render_height": 6.515116251907335, "render_min_height": 0.0, "basin_id": "GHY_BHARALU_CORE"}, "geometry": {"type": "Polygon", "coordinates": [[[91.7763929, 26.1868605], [91.7767842, 26.1867263], [91.7768165, 26.1868021], [91.7765674, 26.1868875], [91.7766012, 26.1869669], [91.7765137, 26.1869969], [91.7764849, 26.1869291], [91.7764302, 26.1869479], [91.7763929, 26.1868605]]]}}, {"type": "Feature", "properties": {"element": "way", "id": 765634650, "height": null, "building:levels": null, "render_height": 8.534183373043192, "render_min_height": 0.0, "basin_id": "GHY_BHARALU_CORE"}, "geometry": {"type": "Polygon", "coordinates": [[[91.7348783, 26.1626135], [91.7349341, 26.1626947], [91.7349971, 26.1626597], [91.7349413, 26.1625786], [91.7348783, 26.1626135]]]}}, {"type": "Feature", "properties": {"element": "way", "id": 765634654, "height": null, "building:levels": null, "render_height": 7.031759531320735, "render_min_height": 0.0, "basin_id": "GHY_DEEPOR_BEEL"}, "geometry": {"type": "Polygon", "coordinates": [[[91.6671377, 26.1495152], [91.6675232, 26.1496566], [91.6675862, 26.1495182], [91.6672008, 26.1493768], [91.6671377, 26.1495152]]]}}, {"type": "Feature", "properties": {"element": "way", "id": 765634671, "height": null, "building:levels": null, "render_height": 5.624052306759221, "render_min_height": 0.0, "basin_id": "NONE"}, "geometry": {"type": "Polygon", "coordinates": [[[91.7074557, 26.1650998], [91.7074273, 26.1650165], [91.7075997, 26.1649692], [91.7076362, 26.1650766], [91.7075113, 26.1651109], [91.7075031, 26.1650868], [91.7074557, 26.1650998]]]}}, {"type": "Feature", "properties": {"element": "way", "id": 765906561, "height": null, "building:levels": null, "render_height": 12.96383253422243, "render_min_height": 0.0, "basin_id": "GHY_BHARALU_CORE"}, "geometry": {"type": "Polygon", "coordinates": [[[91.7634016, 26.1949019], [91.7634973, 26.1949297], [91.763512, 26.1948888], [91.7634163, 26.194861], [91.7634016, 26.1949019]]]}}, {"type": "Feature", "properties": {"element": "way", "id": 765906565, "height": null, "building:levels": null, "render_height": 5.40345168172916, "render_min_height": 0.0, "basin_id": "GHY_SILSAKO_BEEL"}, "geometry": {"type": "Polygon", "coordinates": [[[91.7846654, 26.19408], [91.784769, 26.1941588], [91.7848361, 26.1940878], [91.7847325, 26.194009], [91.7846654, 26.19408]]]}}, {"type": "Feature", "properties": {"element": "way", "id": 765906803, "height": null, "building:levels": null, "render_height": 5.960211680315599, "render_min_height": 0.0, "basin_id": "GHY_SILSAKO_BEEL"}, "geometry": {"type": "Polygon", "coordinates": [[[91.7989388, 26.1975265], [91.7990817, 26.1975086], [91.7990562, 26.1973449], [91.7989133, 26.1973628], [91.7989388, 26.1975265]]]}}, {"type": "Feature", "properties": {"element": "way", "id": 796934752, "height": null, "building:levels": null, "render_height": 5.309077639657792, "render_min_height": 0.0, "basin_id": "GHY_BHARALU_CORE"}, "geometry": {"type": "Polygon", "coordinates": [[[91.7581378, 26.1790788], [91.7582922, 26.1784714], [91.7584707, 26.1785818], [91.758466, 26.1787662], [91.7586201, 26.178783], [91.7585968, 26.1788961], [91.7587658, 26.1789314], [91.7587649, 26.1791392], [91.7587513, 26.17915], [91.758706, 26.1791447], [91.7581378, 26.1790788]]]}}, {"type": "Feature", "properties": {"element": "way", "id": 806033507, "height": null, "building:levels": null, "render_height": 13.684957035843176, "render_min_height": 0.0, "basin_id": "GHY_BHARALU_CORE"}, "geometry": {"type": "Polygon", "coordinates": [[[91.7700072, 26.170471], [91.7700595, 26.1705969], [91.7702607, 26.1705295], [91.7702083, 26.1704036], [91.7700072, 26.170471]]]}}, {"type": "Feature", "properties": {"element": "way", "id": 806033511, "height": null, "building:levels": null, "render_height": 13.518590638979138, "render_min_height": 0.0, "basin_id": "GHY_BHARALU_CORE"}, "geometry": {"type": "Polygon", "coordinates": [[[91.7570011, 26.1898008], [91.7571379, 26.1898008], [91.7571379, 26.189684], [91.7570011, 26.189684], [91.7570011, 26.1898008]]]}}, {"type": "Feature", "properties": {"element": "way", "id": 806033512, "height": null, "building:levels": null, "render_height": 7.250833791916216, "render_min_height": 0.0, "basin_id": "GHY_BHARALU_CORE"}, "geometry": {"type": "Polygon", "coordinates": [[[91.7548415, 26.1868882], [91.7549728, 26.1868845], [91.7549696, 26.1867916], [91.7548382, 26.1867954], [91.7548415, 26.1868882]]]}}, {"type": "Feature", "properties": {"element": "way", "id": 806033513, "height": null, "building:levels": null, "render_height": 10.812275633977222, "render_min_height": 0.0, "basin_id": "GHY_BHARALU_CORE"}, "geometry": {"type": "Polygon", "coordinates": [[[91.7717358, 26.1733981], [91.7717961, 26.1735194], [91.7719315, 26.1734653], [91.7718713, 26.173344], [91.7717358, 26.1733981]]]}}, {"type": "Feature", "properties": {"element": "way", "id": 806033525, "height": null, "building:levels": null, "render_height": 13.090136599254812, "render_min_height": 0.0, "basin_id": "GHY_BHARALU_CORE"}, "geometry": {"type": "Polygon", "coordinates": [[[91.7733452, 26.1809685], [91.7734563, 26.1809632], [91.7734415, 26.1807141], [91.7733304, 26.1807194], [91.7733452, 26.1809685]]]}}, {"type": "Feature", "properties": {"element": "way", "id": 806033532, "height": null, "building:levels": null, "render_height": 13.76496066032501, "render_min_height": 0.0, "basin_id": "GHY_BHARALU_CORE"}, "geometry": {"type": "Polygon", "coordinates": [[[91.7520873, 26.18785], [91.7522626, 26.1878653], [91.7522827, 26.18768], [91.7521074, 26.1876647], [91.7520873, 26.18785]]]}}, {"type": "Feature", "properties": {"element": "way", "id": 806033535, "height": null, "building:levels": null, "render_height": 10.196442326700424, "render_min_height": 0.0, "basin_id": "GHY_BHARALU_CORE"}, "geometry": {"type": "Polygon", "coordinates": [[[91.7563815, 26.185277], [91.7564942, 26.1854932], [91.7566175, 26.1854415], [91.7565049, 26.1852252], [91.7563815, 26.185277]]]}}, {"type": "Feature", "properties": {"element": "way", "id": 806033536, "height": null, "building:levels": null, "render_height": 8.78886525564934, "render_min_height": 0.0, "basin_id": "GHY_BHARALU_CORE"}, "geometry": {"type": "Polygon", "coordinates": [[[91.755994, 26.1848052], [91.7560037, 26.1849339], [91.7563001, 26.1849158], [91.7562903, 26.1847872], [91.755994, 26.1848052]]]}}, {"type": "Feature", "properties": {"element": "way", "id": 806033538, "height": null, "building:levels": null, "render_height": 6.025417894278809, "render_min_height": 0.0, "basin_id": "GHY_BHARALU_CORE"}, "geometry": {"type": "Polygon", "coordinates": [[[91.7537852, 26.1917443], [91.7539879, 26.1917868], [91.7540174, 26.1916737], [91.7538147, 26.1916311], [91.7537852, 26.1917443]]]}}, {"type": "Feature", "properties": {"element": "way", "id": 806033543, "height": null, "building:levels": null, "render_height": 14.110368198592507, "render_min_height": 0.0, "basin_id": "GHY_BHARALU_CORE"}, "geometry": {"type": "Polygon", "coordinates": [[[91.7551738, 26.19083], [91.755326, 26.1908579], [91.7553572, 26.1907209], [91.755205, 26.190693], [91.7551738, 26.19083]]]}}, {"type": "Feature", "properties": {"element": "way", "id": 806033555, "height": null, "building:levels": null, "render_height": 6.060742925741086, "render_min_height": 0.0, "basin_id": "GHY_BHARALU_CORE"}, "geometry": {"type": "Polygon", "coordinates": [[[91.7707729, 26.172138], [91.7708153, 26.1722456], [91.7709481, 26.1722035], [91.7709057, 26.1720959], [91.7707729, 26.172138]]]}}, {"type": "Feature", "properties": {"element": "way", "id": 806033560, "height": null, "building:levels": null, "render_height": 13.848453420834954, "render_min_height": 0.0, "basin_id": "GHY_BHARALU_CORE"}, "geometry": {"type": "Polygon", "coordinates": [[[91.7684837, 26.1683767], [91.7684974, 26.1684423], [91.76859, 26.1684266], [91.7685762, 26.168361], [91.7684837, 26.1683767]]]}}, {"type": "Feature", "properties": {"element": "way", "id": 806033564, "height": null, "building:levels": null, "render_height": 12.700842459909191, "render_min_height": 0.0, "basin_id": "GHY_BHARALU_CORE"}, "geometry": {"type": "Polygon", "coordinates": [[[91.7708883, 26.171559], [91.7709561, 26.1717621], [91.7710903, 26.171726], [91.7710224, 26.1715229], [91.7708883, 26.171559]]]}}, {"type": "Feature", "properties": {"element": "way", "id": 806033570, "height": null, "building:levels": null, "render_height": 12.439305010801101, "render_min_height": 0.0, "basin_id": "GHY_BHARALU_CORE"}, "geometry": {"type": "Polygon", "coordinates": [[[91.7656164, 26.167055], [91.7657822, 26.1671884], [91.7658748, 26.1670957], [91.7657089, 26.1669624], [91.7656164, 26.167055]]]}}, {"type": "Feature", "properties": {"element": "way", "id": 806033588, "height": null, "building:levels": null, "render_height": 13.867342554401139, "render_min_height": 0.0, "basin_id": "GHY_BHARALU_CORE"}, "geometry": {"type": "Polygon", "coordinates": [[[91.7588344, 26.184987], [91.7590105, 26.184989], [91.7590118, 26.1848963], [91.7588358, 26.1848943], [91.7588344, 26.184987]]]}}, {"type": "Feature", "properties": {"element": "way", "id": 806033593, "height": null, "building:levels": null, "render_height": 10.555637094784561, "render_min_height": 0.0, "basin_id": "GHY_BHARALU_CORE"}, "geometry": {"type": "Polygon", "coordinates": [[[91.7552027, 26.1912677], [91.7553845, 26.1913204], [91.7554797, 26.1910556], [91.7552979, 26.191003], [91.7552756, 26.191065], [91.755264, 26.1910936], [91.7552027, 26.1912677]]]}}, {"type": "Feature", "properties": {"element": "way", "id": 806033602, "height": null, "building:levels": null, "render_height": 13.596142209696664, "render_min_height": 0.0, "basin_id": "GHY_BHARALU_CORE"}, "geometry": {"type": "Polygon", "coordinates": [[[91.7656325, 26.1678133], [91.7657428, 26.1679226], [91.7659426, 26.1677601], [91.7658323, 26.1676509], [91.7656325, 26.1678133]]]}}, {"type": "Feature", "properties": {"element": "way", "id": 806033603, "height": null, "building:levels": null, "render_height": 14.668319511538586, "render_min_height": 0.0, "basin_id": "GHY_BHARALU_CORE"}, "geometry": {"type": "Polygon", "coordinates": [[[91.7581043, 26.1849536], [91.7582304, 26.1849554], [91.7582327, 26.1848301], [91.7580472, 26.1848273], [91.7580459, 26.1848932], [91.7581054, 26.1848941], [91.7581043, 26.1849536]]]}}, {"type": "Feature", "properties": {"element": "way", "id": 806448387, "height": null, "building:levels": null, "render_height": 9.618980869627055, "render_min_height": 0.0, "basin_id": "GHY_BHARALU_CORE"}, "geometry": {"type": "Polygon", "coordinates": [[[91.7362824, 26.1669672], [91.736557, 26.16696], [91.7365529, 26.166836], [91.7362784, 26.1668432], [91.7362824, 26.1669672]]]}}, {"type": "Feature", "properties": {"element": "way", "id": 806448389, "height": null, "building:levels": null, "render_height": 5.751839092347096, "render_min_height": 0.0, "basin_id": "GHY_BHARALU_CORE"}, "geometry": {"type": "Polygon", "coordinates": [[[91.7583502, 26.1719804], [91.7585019, 26.1719499], [91.7584535, 26.1717563], [91.7583453, 26.1717781], [91.7583338, 26.1717319], [91.7582903, 26.1717407], [91.7583502, 26.1719804]]]}}, {"type": "Feature", "properties": {"element": "way", "id": 806448391, "height": null, "building:levels": null, "render_height": 6.384807986757059, "render_min_height": 0.0, "basin_id": "NONE"}, "geometry": {"type": "Polygon", "coordinates": [[[91.6859427, 26.1593237], [91.6860923, 26.1593248], [91.6860977, 26.1587301], [91.6859481, 26.1587291], [91.6859427, 26.1593237]]]}}, {"type": "Feature", "properties": {"element": "way", "id": 806448393, "height": null, "building:levels": null, "render_height": 14.68247470682686, "render_min_height": 0.0, "basin_id": "NONE"}, "geometry": {"type": "Polygon", "coordinates": [[[91.6849874, 26.1587269], [91.6850932, 26.1587315], [91.6851012, 26.1585835], [91.6849342, 26.1585762], [91.6849301, 26.1586521], [91.6849914, 26.1586548], [91.6849874, 26.1587269]]]}}, {"type": "Feature", "properties": {"element": "way", "id": 806448394, "height": null, "building:levels": null, "render_height": 12.780471420352935, "render_min_height": 0.0, "basin_id": "NONE"}, "geometry": {"type": "Polygon", "coordinates": [[[91.6850949, 26.1590773], [91.685215, 26.1590794], [91.6852206, 26.1588237], [91.6851005, 26.1588216], [91.6850949, 26.1590773]]]}}, {"type": "Feature", "properties": {"element": "way", "id": 806448395, "height": null, "building:levels": null, "render_height": 13.062840105403188, "render_min_height": 0.0, "basin_id": "NONE"}, "geometry": {"type": "Polygon", "coordinates": [[[91.6851689, 26.1598774], [91.6851689, 26.1601543], [91.6853566, 26.1601543], [91.6853566, 26.1598774], [91.6851689, 26.1598774]]]}}, {"type": "Feature", "properties": {"element": "way", "id": 806448398, "height": null, "building:levels": null, "render_height": 10.401036982792444, "render_min_height": 0.0, "basin_id": "GHY_BHARALU_CORE"}, "geometry": {"type": "Polygon", "coordinates": [[[91.7565009, 26.1732224], [91.7565665, 26.1733685], [91.7569058, 26.1732457], [91.7568402, 26.1730997], [91.7565009, 26.1732224]]]}}, {"type": "Feature", "properties": {"element": "way", "id": 806448399, "height": null, "building:levels": null, "render_height": 10.958653036870054, "render_min_height": 0.0, "basin_id": "NONE"}, "geometry": {"type": "Polygon", "coordinates": [[[91.6809444, 26.1261151], [91.6810124, 26.1263414], [91.6811666, 26.1263041], [91.6810986, 26.1260778], [91.6809444, 26.1261151]]]}}, {"type": "Feature", "properties": {"element": "way", "id": 806448401, "height": null, "building:levels": null, "render_height": 8.205376547201146, "render_min_height": 0.0, "basin_id": "GHY_BHARALU_CORE"}, "geometry": {"type": "Polygon", "coordinates": [[[91.7475517, 26.1699402], [91.7475889, 26.1700845], [91.747896, 26.1700207], [91.7478588, 26.1698764], [91.7475517, 26.1699402]]]}}, {"type": "Feature", "properties": {"element": "way", "id": 806448404, "height": null, "building:levels": null, "render_height": 9.594639506865796, "render_min_height": 0.0, "basin_id": "GHY_BHARALU_CORE"}, "geometry": {"type": "Polygon", "coordinates": [[[91.7335747, 26.1594248], [91.7337498, 26.1594233], [91.7337485, 26.1592981], [91.7335734, 26.1592996], [91.7335747, 26.1594248]]]}}, {"type": "Feature", "properties": {"element": "way", "id": 806448409, "height": null, "building:levels": null, "render_height": 7.611173381788365, "render_min_height": 0.0, "basin_id": "GHY_DEEPOR_BEEL"}, "geometry": {"type": "Polygon", "coordinates": [[[91.6408668, 26.1398685], [91.640991, 26.1399365], [91.6410581, 26.1398377], [91.6409339, 26.1397698], [91.6408668, 26.1398685]]]}}, {"type": "Feature", "properties": {"element": "way", "id": 806448411, "height": null, "building:levels": null, "render_height": 6.072467185111858, "render_min_height": 0.0, "basin_id": "NONE"}, "geometry": {"type": "Polygon", "coordinates": [[[91.6856674, 26.1604745], [91.6857823, 26.1604968], [91.685811, 26.1603777], [91.6856961, 26.1603554], [91.6856674, 26.1604745]]]}}, {"type": "Feature", "properties": {"element": "way", "id": 806448413, "height": null, "building:levels": null, "render_height": 14.001489123295519, "render_min_height": 0.0, "basin_id": "GHY_BHARALU_CORE"}, "geometry": {"type": "Polygon", "coordinates": [[[91.7349561, 26.1586965], [91.7350842, 26.1586862], [91.7350534, 26.1583792], [91.7349252, 26.1583896], [91.7349561, 26.1586965]]]}}, {"type": "Feature", "properties": {"element": "way", "id": 806448414, "height": null, "building:levels": null, "render_height": 6.146578247247886, "render_min_height": 0.0, "basin_id": "GHY_BHARALU_CORE"}, "geometry": {"type": "Polygon", "coordinates": [[[91.7329712, 26.1581657], [91.7330521, 26.158281], [91.7332076, 26.1581931], [91.7331268, 26.1580778], [91.7329712, 26.1581657]]]}}, {"type": "Feature", "properties": {"element": "way", "id": 806448416, "height": null, "building:levels": null, "render_height": 9.501687577965251, "render_min_height": 0.0, "basin_id": "GHY_BHARALU_CORE"}, "geometry": {"type": "Polygon", "coordinates": [[[91.7588785, 26.1724909], [91.7589908, 26.1725454], [91.7589709, 26.1725786], [91.7592044, 26.1726917], [91.7593548, 26.1724415], [91.7590089, 26.172274], [91.7588785, 26.1724909]]]}}, {"type": "Feature", "properties": {"element": "way", "id": 806448418, "height": null, "building:levels": null, "render_height": 10.560512138676891, "render_min_height": 0.0, "basin_id": "NONE"}, "geometry": {"type": "Polygon", "coordinates": [[[91.6943286, 26.1510224], [91.69468, 26.1510589], [91.6946987, 26.1509133], [91.6944788, 26.1508904], [91.6944832, 26.1508563], [91.6944136, 26.1508491], [91.6944092, 26.1508832], [91.6943474, 26.1508768], [91.6943286, 26.1510224]]]}}, {"type": "Feature", "properties": {"element": "way", "id": 806448420, "height": null, "building:levels": null, "render_height": 7.94244092554198, "render_min_height": 0.0, "basin_id": "GHY_DEEPOR_BEEL"}, "geometry": {"type": "Polygon", "coordinates": [[[91.6422428, 26.1425316], [91.6423663, 26.1425949], [91.6424414, 26.1424769], [91.6423179, 26.1424136], [91.6422428, 26.1425316]]]}}, {"type": "Feature", "properties": {"element": "way", "id": 806448422, "height": null, "building:levels": null, "render_height": 8.596480382817482, "render_min_height": 0.0, "basin_id": "GHY_BHARALU_CORE"}, "geometry": {"type": "Polygon", "coordinates": [[[91.7361751, 26.1695911], [91.7363443, 26.1695953], [91.736347, 26.1695074], [91.7361778, 26.1695033], [91.7361751, 26.1695911]]]}}, {"type": "Feature", "properties": {"element": "way", "id": 806448423, "height": null, "building:levels": null, "render_height": 14.868197885750636, "render_min_height": 0.0, "basin_id": "GHY_BHARALU_CORE"}, "geometry": {"type": "Polygon", "coordinates": [[[91.7356053, 26.1696055], [91.7357589, 26.1696052], [91.7357586, 26.1694908], [91.735605, 26.1694911], [91.7356053, 26.1696055]]]}}, {"type": "Feature", "properties": {"element": "way", "id": 806448424, "height": null, "building:levels": null, "render_height": 14.877887331590397, "render_min_height": 0.0, "basin_id": "GHY_BHARALU_CORE"}, "geometry": {"type": "Polygon", "coordinates": [[[91.7393804, 26.1803162], [91.7394845, 26.1803524], [91.7396361, 26.1801201], [91.7395373, 26.1800695], [91.7393804, 26.1803162]]]}}, {"type": "Feature", "properties": {"element": "way", "id": 806448425, "height": null, "building:levels": null, "render_height": 11.338747623879527, "render_min_height": 0.0, "basin_id": "GHY_BHARALU_CORE"}, "geometry": {"type": "Polygon", "coordinates": [[[91.7457533, 26.1629866], [91.7458387, 26.1630183], [91.7459218, 26.1628377], [91.7458364, 26.1628061], [91.7457533, 26.1629866]]]}}, {"type": "Feature", "properties": {"element": "way", "id": 806448426, "height": null, "building:levels": null, "render_height": 9.21068235873902, "render_min_height": 0.0, "basin_id": "GHY_BHARALU_CORE"}, "geometry": {"type": "Polygon", "coordinates": [[[91.7540051, 26.1726615], [91.7540521, 26.1727972], [91.7541728, 26.1727635], [91.7541258, 26.1726278], [91.7540051, 26.1726615]]]}}, {"type": "Feature", "properties": {"element": "way", "id": 806448427, "height": null, "building:levels": null, "render_height": 7.146022700337012, "render_min_height": 0.0, "basin_id": "NONE"}, "geometry": {"type": "Polygon", "coordinates": [[[91.6855659, 26.1601651], [91.685908, 26.1601951], [91.6859187, 26.1600964], [91.6855766, 26.1600664], [91.6855659, 26.1601651]]]}}, {"type": "Feature", "properties": {"element": "way", "id": 806448431, "height": null, "building:levels": null, "render_height": 6.45063356371998, "render_min_height": 0.0, "basin_id": "GHY_BHARALU_CORE"}, "geometry": {"type": "Polygon", "coordinates": [[[91.7556439, 26.1764673], [91.7557181, 26.176543], [91.755828, 26.1764564], [91.7557539, 26.1763806], [91.7556439, 26.1764673]]]}}, {"type": "Feature", "properties": {"element": "way", "id": 806448433, "height": null, "building:levels": null, "render_height": 6.161980154603297, "render_min_height": 0.0, "basin_id": "NONE"}, "geometry": {"type": "Polygon", "coordinates": [[[91.6589905, 26.1620814], [91.6591507, 26.1620414], [91.6591145, 26.1619247], [91.6589543, 26.1619647], [91.6589905, 26.1620814]]]}}, {"type": "Feature", "properties": {"element": "way", "id": 806448436, "height": null, "building:levels": null, "render_height": 10.350642727039297, "render_min_height": 0.0, "basin_id": "NONE"}, "geometry": {"type": "Polygon", "coordinates": [[[91.6947712, 26.1616349], [91.6949213, 26.1616618], [91.6949454, 26.1615535], [91.6947953, 26.1615265], [91.6947712, 26.1616349]]]}}, {"type": "Feature", "properties": {"element": "way", "id": 806448437, "height": null, "building:levels": null, "render_height": 12.697779527874198, "render_min_height": 0.0, "basin_id": "NONE"}, "geometry": {"type": "Polygon", "coordinates": [[[91.6852118, 26.1582572], [91.6853653, 26.1582648], [91.68538, 26.158024], [91.6852266, 26.1580164], [91.6852118, 26.1582572]]]}}, {"type": "Feature", "properties": {"element": "way", "id": 806448439, "height": null, "building:levels": null, "render_height": 13.077819739392341, "render_min_height": 0.0, "basin_id": "NONE"}, "geometry": {"type": "Polygon", "coordinates": [[[91.6845828, 26.1527716], [91.6847344, 26.1527709], [91.684733, 26.1525373], [91.6845815, 26.152538], [91.6845828, 26.1527716]]]}}, {"type": "Feature", "properties": {"element": "way", "id": 806448440, "height": null, "building:levels": null, "render_height": 10.940787579472246, "render_min_height": 0.0, "basin_id": "GHY_BHARALU_CORE"}, "geometry": {"type": "Polygon", "coordinates": [[[91.7327365, 26.1741492], [91.7328332, 26.1741517], [91.7328425, 26.1738629], [91.7327459, 26.1738603], [91.7327365, 26.1741492]]]}}, {"type": "Feature", "properties": {"element": "way", "id": 806448442, "height": null, "building:levels": null, "render_height": 10.51109756184616, "render_min_height": 0.0, "basin_id": "GHY_BHARALU_CORE"}, "geometry": {"type": "Polygon", "coordinates": [[[91.7478528, 26.1718566], [91.7479897, 26.1720983], [91.7480986, 26.1720486], [91.7479617, 26.1718069], [91.7478528, 26.1718566]]]}}, {"type": "Feature", "properties": {"element": "way", "id": 806448445, "height": null, "building:levels": null, "render_height": 8.60190656339077, "render_min_height": 0.0, "basin_id": "NONE"}, "geometry": {"type": "Polygon", "coordinates": [[[91.6959621, 26.1588458], [91.6961507, 26.1588423], [91.6961413, 26.1584366], [91.6959527, 26.1584402], [91.6959621, 26.1588458]]]}}, {"type": "Feature", "properties": {"element": "way", "id": 806448454, "height": null, "building:levels": null, "render_height": 14.960687175414767, "render_min_height": 0.0, "basin_id": "GHY_BHARALU_CORE"}, "geometry": {"type": "Polygon", "coordinates": [[[91.7495459, 26.178464], [91.7496628, 26.178465], [91.7496655, 26.1782279], [91.7495486, 26.1782269], [91.7495459, 26.178464]]]}}, {"type": "Feature", "properties": {"element": "way", "id": 806448455, "height": null, "building:levels": null, "render_height": 6.8916970884823545, "render_min_height": 0.0, "basin_id": "GHY_BHARALU_CORE"}, "geometry": {"type": "Polygon", "coordinates": [[[91.7573025, 26.1769785], [91.7577192, 26.1770081], [91.7577622, 26.1765195], [91.7573455, 26.17649], [91.7573025, 26.1769785]]]}}, {"type": "Feature", "properties": {"element": "way", "id": 806448456, "height": null, "building:levels": null, "render_height": 10.926736116552808, "render_min_height": 0.0, "basin_id": "NONE"}, "geometry": {"type": "Polygon", "coordinates": [[[91.6594022, 26.1632767], [91.659433, 26.163347], [91.6595524, 26.1633049], [91.6595216, 26.1632346], [91.6594022, 26.1632767]]]}}, {"type": "Feature", "properties": {"element": "way", "id": 806448459, "height": null, "building:levels": null, "render_height": 12.613037245340507, "render_min_height": 0.0, "basin_id": "GHY_BHARALU_CORE"}, "geometry": {"type": "Polygon", "coordinates": [[[91.7559953, 26.1723534], [91.7560839, 26.1724718], [91.7561818, 26.1724129], [91.7560932, 26.1722945], [91.7559953, 26.1723534]]]}}, {"type": "Feature", "properties": {"element": "way", "id": 806448467, "height": null, "building:levels": null, "render_height": 10.912880087984709, "render_min_height": 0.0, "basin_id": "GHY_BHARALU_CORE"}, "geometry": {"type": "Polygon", "coordinates": [[[91.7487265, 26.1731273], [91.7487579, 26.1732239], [91.7489188, 26.1731818], [91.7488874, 26.1730852], [91.7487265, 26.1731273]]]}}, {"type": "Feature", "properties": {"element": "way", "id": 806448469, "height": null, "building:levels": null, "render_height": 6.95799238168723, "render_min_height": 0.0, "basin_id": "GHY_BHARALU_CORE"}, "geometry": {"type": "Polygon", "coordinates": [[[91.7475866, 26.1709994], [91.7476675, 26.1711277], [91.7478002, 26.1710603], [91.7477193, 26.170932], [91.7475866, 26.1709994]]]}}, {"type": "Feature", "properties": {"element": "way", "id": 806448470, "height": null, "building:levels": null, "render_height": 8.10137796552692, "render_min_height": 0.0, "basin_id": "NONE"}, "geometry": {"type": "Polygon", "coordinates": [[[91.6889579, 26.1585406], [91.6890617, 26.15854], [91.6890596, 26.1582606], [91.6889558, 26.1582612], [91.6889579, 26.1585406]]]}}, {"type": "Feature", "properties": {"element": "way", "id": 806448473, "height": null, "building:levels": null, "render_height": 14.28628273218363, "render_min_height": 0.0, "basin_id": "GHY_BHARALU_CORE"}, "geometry": {"type": "Polygon", "coordinates": [[[91.738962, 26.1720849], [91.7389989, 26.172148], [91.739221, 26.1720435], [91.7391841, 26.1719803], [91.738962, 26.1720849]]]}}, {"type": "Feature", "properties": {"element": "way", "id": 806448474, "height": null, "building:levels": null, "render_height": 8.191433920640456, "render_min_height": 0.0, "basin_id": "GHY_BHARALU_CORE"}, "geometry": {"type": "Polygon", "coordinates": [[[91.7394675, 26.1721705], [91.7395564, 26.1722152], [91.7397294, 26.1719384], [91.7396405, 26.1718936], [91.7394675, 26.1721705]]]}}, {"type": "Feature", "properties": {"element": "way", "id": 806448476, "height": null, "building:levels": null, "render_height": 12.803509500414508, "render_min_height": 0.0, "basin_id": "GHY_BHARALU_CORE"}, "geometry": {"type": "Polygon", "coordinates": [[[91.7365935, 26.1685307], [91.7369181, 26.1685151], [91.7368484, 26.1682491], [91.7367209, 26.1682666], [91.7366821, 26.1682719], [91.7365935, 26.1685307]]]}}, {"type": "Feature", "properties": {"element": "way", "id": 806448477, "height": null, "building:levels": null, "render_height": 12.859782317338503, "render_min_height": 0.0, "basin_id": "GHY_BHARALU_CORE"}, "geometry": {"type": "Polygon", "coordinates": [[[91.7308496, 26.1733873], [91.7309783, 26.1734174], [91.7310154, 26.17329], [91.7308866, 26.1732599], [91.7308496, 26.1733873]]]}}, {"type": "Feature", "properties": {"element": "way", "id": 806448479, "height": null, "building:levels": null, "render_height": 11.569891335816495, "render_min_height": 0.0, "basin_id": "GHY_DEEPOR_BEEL"}, "geometry": {"type": "Polygon", "coordinates": [[[91.6459752, 26.1472051], [91.6460119, 26.1473084], [91.6460896, 26.1472861], [91.6460529, 26.1471829], [91.6459752, 26.1472051]]]}}, {"type": "Feature", "properties": {"element": "way", "id": 806448481, "height": null, "building:levels": null, "render_height": 13.90828165669748, "render_min_height": 0.0, "basin_id": "NONE"}, "geometry": {"type": "Polygon", "coordinates": [[[91.6882668, 26.1584221], [91.688433, 26.1584209], [91.6884315, 26.1582519], [91.6883511, 26.1582525], [91.6883499, 26.1581229], [91.6882642, 26.1581236], [91.6882668, 26.1584221]]]}}, {"type": "Feature", "properties": {"element": "way", "id": 806448482, "height": null, "building:levels": null, "render_height": 8.088490317345723, "render_min_height": 0.0, "basin_id": "NONE"}, "geometry": {"type": "Polygon", "coordinates": [[[91.6884506, 26.1584089], [91.6885428, 26.158412], [91.6885495, 26.1582531], [91.6884573, 26.15825], [91.6884506, 26.1584089]]]}}, {"type": "Feature", "properties": {"element": "way", "id": 806448483, "height": null, "building:levels": null, "render_height": 10.956814362994184, "render_min_height": 0.0, "basin_id": "NONE"}, "geometry": {"type": "Polygon", "coordinates": [[[91.6855739, 26.1597691], [91.6857818, 26.1597691], [91.6857818, 26.1596042], [91.6855739, 26.1596042], [91.6855739, 26.1597691]]]}}, {"type": "Feature", "properties": {"element": "way", "id": 806448484, "height": null, "building:levels": null, "render_height": 12.175589921297162, "render_min_height": 0.0, "basin_id": "GHY_BHARALU_CORE"}, "geometry": {"type": "Polygon", "coordinates": [[[91.7542402, 26.1768718], [91.7543122, 26.1769732], [91.754425, 26.1769086], [91.7543529, 26.1768072], [91.7542402, 26.1768718]]]}}, {"type": "Feature", "properties": {"element": "way", "id": 806448485, "height": null, "building:levels": null, "render_height": 13.768476630950802, "render_min_height": 0.0, "basin_id": "GHY_BHARALU_CORE"}, "geometry": {"type": "Polygon", "coordinates": [[[91.7571111, 26.1747979], [91.7571843, 26.1749012], [91.7572433, 26.1748675], [91.7571701, 26.1747642], [91.7571111, 26.1747979]]]}}, {"type": "Feature", "properties": {"element": "way", "id": 806448486, "height": null, "building:levels": null, "render_height": 14.888336659998817, "render_min_height": 0.0, "basin_id": "GHY_BHARALU_CORE"}, "geometry": {"type": "Polygon", "coordinates": [[[91.7567847, 26.1748269], [91.7569227, 26.1750961], [91.7570698, 26.1750354], [91.7569318, 26.1747662], [91.7567847, 26.1748269]]]}}, {"type": "Feature", "properties": {"element": "way", "id": 806448487, "height": null, "building:levels": null, "render_height": 7.496936463658189, "render_min_height": 0.0, "basin_id": "GHY_BHARALU_CORE"}, "geometry": {"type": "Polygon", "coordinates": [[[91.7521772, 26.1734668], [91.7523059, 26.1734437], [91.7522777, 26.1733173], [91.7522058, 26.1733302], [91.752216, 26.173376], [91.7521592, 26.1733862], [91.7521772, 26.1734668]]]}}, {"type": "Feature", "properties": {"element": "way", "id": 806448488, "height": null, "building:levels": null, "render_height": 9.223159801510283, "render_min_height": 0.0, "basin_id": "GHY_BHARALU_CORE"}, "geometry": {"type": "Polygon", "coordinates": [[[91.7368497, 26.1719286], [91.7369311, 26.1719367], [91.7369646, 26.1716671], [91.7368832, 26.1716589], [91.7368497, 26.1719286]]]}}, {"type": "Feature", "properties": {"element": "way", "id": 806448489, "height": null, "building:levels": null, "render_height": 5.303316382676496, "render_min_height": 0.0, "basin_id": "GHY_BHARALU_CORE"}, "geometry": {"type": "Polygon", "coordinates": [[[91.7368054, 26.1675558], [91.736898, 26.1675558], [91.736898, 26.1672958], [91.7368054, 26.1672958], [91.7368054, 26.1675558]]]}}, {"type": "Feature", "properties": {"element": "way", "id": 806448490, "height": null, "building:levels": null, "render_height": 12.67095675438747, "render_min_height": 0.0, "basin_id": "GHY_BHARALU_CORE"}, "geometry": {"type": "Polygon", "coordinates": [[[91.7581475, 26.1750358], [91.7583213, 26.1750098], [91.7582981, 26.1748847], [91.7581243, 26.1749107], [91.7581475, 26.1750358]]]}}, {"type": "Feature", "properties": {"element": "way", "id": 806448492, "height": null, "building:levels": null, "render_height": 13.44316862780808, "render_min_height": 0.0, "basin_id": "GHY_BHARALU_CORE"}, "geometry": {"type": "Polygon", "coordinates": [[[91.7325555, 26.1719334], [91.732744, 26.1720117], [91.7327856, 26.171931], [91.7325971, 26.1718527], [91.7325555, 26.1719334]]]}}, {"type": "Feature", "properties": {"element": "way", "id": 806448496, "height": null, "building:levels": null, "render_height": 12.609011661717485, "render_min_height": 0.0, "basin_id": "GHY_BHARALU_CORE"}, "geometry": {"type": "Polygon", "coordinates": [[[91.727318, 26.1457823], [91.7273444, 26.1459683], [91.7274175, 26.1459599], [91.7274055, 26.1458758], [91.7274925, 26.1458659], [91.7275044, 26.1459499], [91.7275839, 26.1459409], [91.7275575, 26.1457549], [91.727318, 26.1457823]]]}}, {"type": "Feature", "properties": {"element": "way", "id": 915229460, "height": null, "building:levels": null, "render_height": 10.271690089092324, "render_min_height": 0.0, "basin_id": "GHY_BHARALU_CORE"}, "geometry": {"type": "Polygon", "coordinates": [[[91.7549091, 26.1849843], [91.7550445, 26.1849732], [91.7550198, 26.1847315], [91.7548845, 26.1847426], [91.7549091, 26.1849843]]]}}, {"type": "Feature", "properties": {"element": "way", "id": 915229461, "height": null, "building:levels": null, "render_height": 9.262872583481748, "render_min_height": 0.0, "basin_id": "GHY_BHARALU_CORE"}, "geometry": {"type": "Polygon", "coordinates": [[[91.7550176, 26.1843936], [91.755219, 26.1843831], [91.7551908, 26.1839499], [91.7549895, 26.1839604], [91.7550176, 26.1843936]]]}}, {"type": "Feature", "properties": {"element": "way", "id": 915229462, "height": null, "building:levels": null, "render_height": 9.848528045247418, "render_min_height": 0.0, "basin_id": "GHY_BHARALU_CORE"}, "geometry": {"type": "Polygon", "coordinates": [[[91.7620802, 26.1826832], [91.762194, 26.1826832], [91.762194, 26.1825539], [91.7620802, 26.1825539], [91.7620802, 26.1826832]]]}}, {"type": "Feature", "properties": {"element": "way", "id": 915229463, "height": null, "building:levels": null, "render_height": 9.14336242309373, "render_min_height": 0.0, "basin_id": "GHY_BHARALU_CORE"}, "geometry": {"type": "Polygon", "coordinates": [[[91.7621238, 26.1828041], [91.7622642, 26.1828049], [91.7622649, 26.182708], [91.7621246, 26.1827072], [91.7621238, 26.1828041]]]}}, {"type": "Feature", "properties": {"element": "way", "id": 1024413498, "height": null, "building:levels": null, "render_height": 11.125581220613421, "render_min_height": 0.0, "basin_id": "NONE"}, "geometry": {"type": "Polygon", "coordinates": [[[91.6985212, 26.1508404], [91.698683, 26.1508955], [91.6987256, 26.1507949], [91.6985638, 26.1507398], [91.6985212, 26.1508404]]]}}, {"type": "Feature", "properties": {"element": "way", "id": 1024413499, "height": null, "building:levels": null, "render_height": 13.701418153954503, "render_min_height": 0.0, "basin_id": "NONE"}, "geometry": {"type": "Polygon", "coordinates": [[[91.6983143, 26.1507786], [91.69848, 26.1508233], [91.6985146, 26.1507203], [91.6983488, 26.1506755], [91.6983143, 26.1507786]]]}}, {"type": "Feature", "properties": {"element": "way", "id": 1024413500, "height": null, "building:levels": null, "render_height": 14.286363682892759, "render_min_height": 0.0, "basin_id": "NONE"}, "geometry": {"type": "Polygon", "coordinates": [[[91.6980914, 26.1507241], [91.6982589, 26.1507631], [91.698289, 26.150659], [91.6981215, 26.15062], [91.6980914, 26.1507241]]]}}, {"type": "Feature", "properties": {"element": "way", "id": 1024413501, "height": null, "building:levels": null, "render_height": 14.468888145228163, "render_min_height": 0.0, "basin_id": "NONE"}, "geometry": {"type": "Polygon", "coordinates": [[[91.6978843, 26.150676], [91.698052, 26.1507143], [91.6980815, 26.15061], [91.6979138, 26.1505717], [91.6978843, 26.150676]]]}}, {"type": "Feature", "properties": {"element": "way", "id": 1024413502, "height": null, "building:levels": null, "render_height": 12.651153850185906, "render_min_height": 0.0, "basin_id": "NONE"}, "geometry": {"type": "Polygon", "coordinates": [[[91.6976691, 26.1506322], [91.6978385, 26.1506637], [91.6978628, 26.1505583], [91.6976934, 26.1505268], [91.6976691, 26.1506322]]]}}, {"type": "Feature", "properties": {"element": "way", "id": 1024413503, "height": null, "building:levels": null, "render_height": 7.756301489133765, "render_min_height": 0.0, "basin_id": "NONE"}, "geometry": {"type": "Polygon", "coordinates": [[[91.6974447, 26.1505987], [91.6976157, 26.1506223], [91.6976339, 26.1505159], [91.6974629, 26.1504923], [91.6974447, 26.1505987]]]}}, {"type": "Feature", "properties": {"element": "way", "id": 1024413504, "height": null, "building:levels": null, "render_height": 11.741653512777575, "render_min_height": 0.0, "basin_id": "NONE"}, "geometry": {"type": "Polygon", "coordinates": [[[91.6972744, 26.1505554], [91.697331, 26.1505625], [91.697328, 26.1505819], [91.6973815, 26.1505886], [91.697399, 26.1504762], [91.6972889, 26.1504624], [91.6972744, 26.1505554]]]}}, {"type": "Feature", "properties": {"element": "way", "id": 1024413505, "height": null, "building:levels": null, "render_height": 6.785173300332054, "render_min_height": 0.0, "basin_id": "NONE"}, "geometry": {"type": "Polygon", "coordinates": [[[91.6968028, 26.1505157], [91.6968106, 26.1504053], [91.6969096, 26.1504109], [91.6969018, 26.1505214], [91.6968028, 26.1505157]]]}}, {"type": "Feature", "properties": {"element": "way", "id": 1024413506, "height": null, "building:levels": null, "render_height": 9.244846586082218, "render_min_height": 0.0, "basin_id": "NONE"}, "geometry": {"type": "Polygon", "coordinates": [[[91.6963874, 26.1508029], [91.6965028, 26.1508061], [91.6965063, 26.1507054], [91.6963909, 26.1507022], [91.6963874, 26.1508029]]]}}, {"type": "Feature", "properties": {"element": "way", "id": 1024413507, "height": null, "building:levels": null, "render_height": 8.177714977774926, "render_min_height": 0.0, "basin_id": "NONE"}, "geometry": {"type": "Polygon", "coordinates": [[[91.6968225, 26.1508121], [91.6968257, 26.1507119], [91.6969533, 26.1507152], [91.6969519, 26.1507578], [91.6969991, 26.150759], [91.6969973, 26.1508166], [91.6968225, 26.1508121]]]}}, {"type": "Feature", "properties": {"element": "way", "id": 1024413508, "height": null, "building:levels": null, "render_height": 6.609467968934579, "render_min_height": 0.0, "basin_id": "NONE"}, "geometry": {"type": "Polygon", "coordinates": [[[91.6970369, 26.1508223], [91.6970415, 26.1507646], [91.6970849, 26.1507673], [91.6970875, 26.1507346], [91.6971756, 26.1507402], [91.6971731, 26.1507721], [91.697197, 26.1507737], [91.6971924, 26.1508323], [91.6970369, 26.1508223]]]}}, {"type": "Feature", "properties": {"element": "way", "id": 1024413509, "height": null, "building:levels": null, "render_height": 8.479113176094987, "render_min_height": 0.0, "basin_id": "NONE"}, "geometry": {"type": "Polygon", "coordinates": [[[91.6972718, 26.1508446], [91.6972795, 26.1507789], [91.6973153, 26.1507823], [91.6973186, 26.1507546], [91.6973994, 26.1507622], [91.697395, 26.1507999], [91.6974106, 26.1508014], [91.6974041, 26.1508571], [91.6972718, 26.1508446]]]}}, {"type": "Feature", "properties": {"element": "way", "id": 1024413510, "height": null, "building:levels": null, "render_height": 13.489951753642178, "render_min_height": 0.0, "basin_id": "NONE"}, "geometry": {"type": "Polygon", "coordinates": [[[91.6974767, 26.1508602], [91.6974894, 26.1508035], [91.6975321, 26.1508112], [91.6975393, 26.150779], [91.6976259, 26.1507946], [91.6976188, 26.1508259], [91.6976424, 26.1508302], [91.6976295, 26.1508878], [91.6974767, 26.1508602]]]}}, {"type": "Feature", "properties": {"element": "way", "id": 1024413511, "height": null, "building:levels": null, "render_height": 7.7734570517484975, "render_min_height": 0.0, "basin_id": "NONE"}, "geometry": {"type": "Polygon", "coordinates": [[[91.6977127, 26.1508993], [91.6977313, 26.1508222], [91.6978161, 26.1508387], [91.6978254, 26.1508003], [91.6979103, 26.1508169], [91.6978825, 26.1509323], [91.6977127, 26.1508993]]]}}, {"type": "Feature", "properties": {"element": "way", "id": 1024413512, "height": null, "building:levels": null, "render_height": 10.30699764224018, "render_min_height": 0.0, "basin_id": "NONE"}, "geometry": {"type": "Polygon", "coordinates": [[[91.6979052, 26.1509356], [91.6979211, 26.1508747], [91.6979623, 26.1508833], [91.6979761, 26.1508304], [91.6980875, 26.1508538], [91.6980578, 26.1509677], [91.6979052, 26.1509356]]]}}, {"type": "Feature", "properties": {"element": "way", "id": 1024413513, "height": null, "building:levels": null, "render_height": 12.915584448049607, "render_min_height": 0.0, "basin_id": "NONE"}, "geometry": {"type": "Polygon", "coordinates": [[[91.6981503, 26.1509875], [91.6981665, 26.1509336], [91.6983054, 26.1509672], [91.6982893, 26.1510211], [91.6981503, 26.1509875]]]}}, {"type": "Feature", "properties": {"element": "way", "id": 1024413514, "height": null, "building:levels": null, "render_height": 5.113015073810643, "render_min_height": 0.0, "basin_id": "NONE"}, "geometry": {"type": "Polygon", "coordinates": [[[91.6984913, 26.151084], [91.6983273, 26.1510398], [91.6983623, 26.1509351], [91.6985263, 26.1509793], [91.6984913, 26.151084]]]}}, {"type": "Feature", "properties": {"element": "way", "id": 1024413515, "height": null, "building:levels": null, "render_height": 7.99216673568988, "render_min_height": 0.0, "basin_id": "NONE"}, "geometry": {"type": "Polygon", "coordinates": [[[91.6962162, 26.1508254], [91.6962235, 26.1507139], [91.6962926, 26.1507175], [91.6962853, 26.150829], [91.6962162, 26.1508254]]]}}, {"type": "Feature", "properties": {"element": "way", "id": 1024413516, "height": null, "building:levels": null, "render_height": 7.291203588355996, "render_min_height": 0.0, "basin_id": "NONE"}, "geometry": {"type": "Polygon", "coordinates": [[[91.6967489, 26.1508018], [91.6967308, 26.1508065], [91.6967289, 26.1508283], [91.6966943, 26.1508259], [91.6966972, 26.1507925], [91.696627, 26.1507875], [91.6966351, 26.1506947], [91.6967575, 26.1507033], [91.6967489, 26.1508018]]]}}, {"type": "Feature", "properties": {"element": "way", "id": 1024413517, "height": null, "building:levels": null, "render_height": 13.24978756183601, "render_min_height": 0.0, "basin_id": "NONE"}, "geometry": {"type": "Polygon", "coordinates": [[[91.6969599, 26.150553], [91.6971323, 26.1505662], [91.6971425, 26.150459], [91.6969701, 26.1504458], [91.6969599, 26.150553]]]}}, {"type": "Feature", "properties": {"element": "way", "id": 1024413520, "height": null, "building:levels": null, "render_height": 5.895553336920751, "render_min_height": 0.0, "basin_id": "NONE"}, "geometry": {"type": "Polygon", "coordinates": [[[91.6973001, 26.150159], [91.6973146, 26.1500517], [91.6974847, 26.1500703], [91.6974701, 26.1501776], [91.6973001, 26.150159]]]}}, {"type": "Feature", "properties": {"element": "way", "id": 1024413521, "height": null, "building:levels": null, "render_height": 11.465967069044414, "render_min_height": 0.0, "basin_id": "NONE"}, "geometry": {"type": "Polygon", "coordinates": [[[91.6975387, 26.1501822], [91.6975532, 26.1500749], [91.6977233, 26.1500934], [91.6977087, 26.1502008], [91.6975387, 26.1501822]]]}}, {"type": "Feature", "properties": {"element": "way", "id": 1024413522, "height": null, "building:levels": null, "render_height": 7.544142562397064, "render_min_height": 0.0, "basin_id": "NONE"}, "geometry": {"type": "Polygon", "coordinates": [[[91.6977657, 26.1502123], [91.6977857, 26.1501057], [91.6979546, 26.1501313], [91.6979346, 26.150238], [91.6977657, 26.1502123]]]}}, {"type": "Feature", "properties": {"element": "way", "id": 1024413523, "height": null, "building:levels": null, "render_height": 14.102608424500437, "render_min_height": 0.0, "basin_id": "NONE"}, "geometry": {"type": "Polygon", "coordinates": [[[91.6979914, 26.1502522], [91.6980274, 26.1501491], [91.6981908, 26.1501951], [91.6981548, 26.1502983], [91.6979914, 26.1502522]]]}}, {"type": "Feature", "properties": {"element": "way", "id": 1024413524, "height": null, "building:levels": null, "render_height": 5.14158279080209, "render_min_height": 0.0, "basin_id": "NONE"}, "geometry": {"type": "Polygon", "coordinates": [[[91.697997, 26.1500332], [91.6980115, 26.1499259], [91.6981816, 26.1499444], [91.6981671, 26.1500518], [91.697997, 26.1500332]]]}}, {"type": "Feature", "properties": {"element": "way", "id": 1024413525, "height": null, "building:levels": null, "render_height": 13.657534116618349, "render_min_height": 0.0, "basin_id": "NONE"}, "geometry": {"type": "Polygon", "coordinates": [[[91.6977859, 26.1500024], [91.6978004, 26.1498951], [91.6979705, 26.1499137], [91.6979559, 26.150021], [91.6977859, 26.1500024]]]}}, {"type": "Feature", "properties": {"element": "way", "id": 1024413526, "height": null, "building:levels": null, "render_height": 11.985438940018392, "render_min_height": 0.0, "basin_id": "NONE"}, "geometry": {"type": "Polygon", "coordinates": [[[91.6975549, 26.1499668], [91.6975695, 26.1498595], [91.6977395, 26.149878], [91.697725, 26.1499853], [91.6975549, 26.1499668]]]}}, {"type": "Feature", "properties": {"element": "way", "id": 1024413527, "height": null, "building:levels": null, "render_height": 12.00749207991544, "render_min_height": 0.0, "basin_id": "NONE"}, "geometry": {"type": "Polygon", "coordinates": [[[91.6993439, 26.151228], [91.6995369, 26.1512662], [91.6995519, 26.1512049], [91.6996043, 26.1512152], [91.6996351, 26.1510902], [91.6995251, 26.1510684], [91.6995107, 26.1511272], [91.6993753, 26.1511004], [91.6993439, 26.151228]]]}}, {"type": "Feature", "properties": {"element": "way", "id": 1024413528, "height": null, "building:levels": null, "render_height": 9.95446559147283, "render_min_height": 0.0, "basin_id": "NONE"}, "geometry": {"type": "Polygon", "coordinates": [[[91.6991885, 26.1504542], [91.6991496, 26.1503583], [91.6993226, 26.1503017], [91.6993615, 26.1503977], [91.6991885, 26.1504542]]]}}, {"type": "Feature", "properties": {"element": "way", "id": 1024413529, "height": null, "building:levels": null, "render_height": 11.181080905152086, "render_min_height": 0.0, "basin_id": "NONE"}, "geometry": {"type": "Polygon", "coordinates": [[[91.6994351, 26.1503871], [91.6994351, 26.1502831], [91.6995981, 26.1502832], [91.6995981, 26.1503871], [91.6994351, 26.1503871]]]}}, {"type": "Feature", "properties": {"element": "way", "id": 1024413530, "height": null, "building:levels": null, "render_height": 11.948680868034362, "render_min_height": 0.0, "basin_id": "NONE"}, "geometry": {"type": "Polygon", "coordinates": [[[91.7000227, 26.1508949], [91.7001003, 26.1508979], [91.700096, 26.15099], [91.7001653, 26.1509927], [91.7001725, 26.150841], [91.7000255, 26.1508354], [91.7000227, 26.1508949]]]}}, {"type": "Feature", "properties": {"element": "way", "id": 1024413531, "height": null, "building:levels": null, "render_height": 7.613819814850413, "render_min_height": 0.0, "basin_id": "NONE"}, "geometry": {"type": "Polygon", "coordinates": [[[91.700086, 26.1508084], [91.7000607, 26.1507248], [91.700026, 26.1507332], [91.7000135, 26.1506919], [91.7001111, 26.150668], [91.700149, 26.150793], [91.700086, 26.1508084]]]}}, {"type": "Feature", "properties": {"element": "way", "id": 1024413532, "height": null, "building:levels": null, "render_height": 12.496985535826527, "render_min_height": 0.0, "basin_id": "NONE"}, "geometry": {"type": "Polygon", "coordinates": [[[91.6999842, 26.1506521], [91.6999549, 26.1506057], [91.6999791, 26.1505934], [91.6999359, 26.150525], [91.7000045, 26.15049], [91.7000771, 26.1506047], [91.6999842, 26.1506521]]]}}, {"type": "Feature", "properties": {"element": "way", "id": 1024413533, "height": null, "building:levels": null, "render_height": 9.77650308444841, "render_min_height": 0.0, "basin_id": "NONE"}, "geometry": {"type": "Polygon", "coordinates": [[[91.6996895, 26.150401], [91.6996974, 26.1503164], [91.6998327, 26.1503266], [91.6998247, 26.1504113], [91.6996895, 26.150401]]]}}, {"type": "Feature", "properties": {"element": "way", "id": 1024413534, "height": null, "building:levels": null, "render_height": 13.376090817984693, "render_min_height": 0.0, "basin_id": "NONE"}, "geometry": {"type": "Polygon", "coordinates": [[[91.6988213, 26.1504455], [91.6987447, 26.1503701], [91.6988808, 26.1502587], [91.6989575, 26.1503342], [91.6988213, 26.1504455]]]}}, {"type": "Feature", "properties": {"element": "way", "id": 1024413535, "height": null, "building:levels": null, "render_height": 8.546990880685659, "render_min_height": 0.0, "basin_id": "NONE"}, "geometry": {"type": "Polygon", "coordinates": [[[91.6991478, 26.150204], [91.6991353, 26.1501025], [91.6993182, 26.1500842], [91.6993308, 26.1501857], [91.6991478, 26.150204]]]}}, {"type": "Feature", "properties": {"element": "way", "id": 1024413536, "height": null, "building:levels": null, "render_height": 12.577025412803602, "render_min_height": 0.0, "basin_id": "NONE"}, "geometry": {"type": "Polygon", "coordinates": [[[91.6993898, 26.1501538], [91.6993858, 26.1500517], [91.6995698, 26.1500458], [91.6995738, 26.1501479], [91.6993898, 26.1501538]]]}}, {"type": "Feature", "properties": {"element": "way", "id": 1024413537, "height": null, "building:levels": null, "render_height": 12.556901772313195, "render_min_height": 0.0, "basin_id": "NONE"}, "geometry": {"type": "Polygon", "coordinates": [[[91.7004067, 26.1511146], [91.7002931, 26.1511094], [91.7003025, 26.1509443], [91.7004162, 26.1509496], [91.7004067, 26.1511146]]]}}, {"type": "Feature", "properties": {"element": "way", "id": 1024413538, "height": null, "building:levels": null, "render_height": 10.859973076415642, "render_min_height": 0.0, "basin_id": "NONE"}, "geometry": {"type": "Polygon", "coordinates": [[[91.7004308, 26.150852], [91.70032, 26.150875], [91.7002784, 26.1507139], [91.7003893, 26.1506909], [91.7004308, 26.150852]]]}}, {"type": "Feature", "properties": {"element": "way", "id": 1024413539, "height": null, "building:levels": null, "render_height": 14.030154546533437, "render_min_height": 0.0, "basin_id": "NONE"}, "geometry": {"type": "Polygon", "coordinates": [[[91.7003027, 26.1504728], [91.7002029, 26.1505217], [91.7001147, 26.1503766], [91.7002146, 26.1503277], [91.7003027, 26.1504728]]]}}, {"type": "Feature", "properties": {"element": "way", "id": 1024413540, "height": null, "building:levels": null, "render_height": 10.070832031440904, "render_min_height": 0.0, "basin_id": "NONE"}, "geometry": {"type": "Polygon", "coordinates": [[[91.7003752, 26.1506363], [91.7002712, 26.1506669], [91.7002268, 26.1505452], [91.7003309, 26.1505146], [91.7003752, 26.1506363]]]}}, {"type": "Feature", "properties": {"element": "way", "id": 1024413541, "height": null, "building:levels": null, "render_height": 7.990505941778977, "render_min_height": 0.0, "basin_id": "NONE"}, "geometry": {"type": "Polygon", "coordinates": [[[91.698773, 26.1511444], [91.6988128, 26.1512131], [91.6988798, 26.1511818], [91.6989126, 26.1512384], [91.6989598, 26.1512164], [91.6988873, 26.1510911], [91.698773, 26.1511444]]]}}, {"type": "Feature", "properties": {"element": "way", "id": 1024413542, "height": null, "building:levels": null, "render_height": 14.94657113842954, "render_min_height": 0.0, "basin_id": "NONE"}, "geometry": {"type": "Polygon", "coordinates": [[[91.6989397, 26.1513906], [91.6990087, 26.151437], [91.699054, 26.1513827], [91.6991109, 26.151421], [91.6991428, 26.1513827], [91.6990169, 26.1512981], [91.6989397, 26.1513906]]]}}, {"type": "Feature", "properties": {"element": "way", "id": 1024413543, "height": null, "building:levels": null, "render_height": 9.490207049556789, "render_min_height": 0.0, "basin_id": "NONE"}, "geometry": {"type": "Polygon", "coordinates": [[[91.6991714, 26.1515449], [91.6992547, 26.1515651], [91.6992744, 26.1514996], [91.6993429, 26.1515163], [91.6993568, 26.1514701], [91.699205, 26.1514333], [91.6991714, 26.1515449]]]}}, {"type": "Feature", "properties": {"element": "way", "id": 1024413544, "height": null, "building:levels": null, "render_height": 6.4519602495070405, "render_min_height": 0.0, "basin_id": "NONE"}, "geometry": {"type": "Polygon", "coordinates": [[[91.6995431, 26.1515602], [91.6995463, 26.1514544], [91.6994023, 26.1514509], [91.6993989, 26.1515637], [91.6994578, 26.1515652], [91.6994599, 26.1514949], [91.6995055, 26.151496], [91.6995036, 26.1515593], [91.6995431, 26.1515602]]]}}, {"type": "Feature", "properties": {"element": "way", "id": 1025733617, "height": null, "building:levels": null, "render_height": 13.853681700406469, "render_min_height": 0.0, "basin_id": "GHY_BHARALU_CORE"}, "geometry": {"type": "Polygon", "coordinates": [[[91.7348443, 26.1708097], [91.7349525, 26.1708267], [91.7349742, 26.1707466], [91.7348646, 26.1707321], [91.7348443, 26.1708097]]]}}, {"type": "Feature", "properties": {"element": "way", "id": 1035078978, "height": null, "building:levels": null, "render_height": 12.32265414064186, "render_min_height": 0.0, "basin_id": "GHY_DEEPOR_BEEL"}, "geometry": {"type": "Polygon", "coordinates": [[[91.6697852, 26.1434647], [91.6697286, 26.142842], [91.6700224, 26.1428801], [91.6699445, 26.1434202], [91.669895, 26.1435092], [91.6697852, 26.1434647]]]}}, {"type": "Feature", "properties": {"element": "way", "id": 1035101341, "height": null, "building:levels": null, "render_height": 13.996859112596093, "render_min_height": 0.0, "basin_id": "GHY_DEEPOR_BEEL"}, "geometry": {"type": "Polygon", "coordinates": [[[91.6785981, 26.1472819], [91.6786378, 26.1471541], [91.6787965, 26.1472065], [91.6787452, 26.147326], [91.6786327, 26.1472935], [91.6785981, 26.1472819]]]}}, {"type": "Feature", "properties": {"element": "way", "id": 1035101342, "height": null, "building:levels": null, "render_height": 12.953899381834091, "render_min_height": 0.0, "basin_id": "GHY_DEEPOR_BEEL"}, "geometry": {"type": "Polygon", "coordinates": [[[91.6702302, 26.1435493], [91.6701253, 26.1433915], [91.6702764, 26.1433472], [91.6703381, 26.1434497], [91.6702302, 26.1435493]]]}}, {"type": "Feature", "properties": {"element": "way", "id": 1035101343, "height": null, "building:levels": null, "render_height": 10.848616179558793, "render_min_height": 0.0, "basin_id": "GHY_DEEPOR_BEEL"}, "geometry": {"type": "Polygon", "coordinates": [[[91.668721, 26.1421416], [91.6686861, 26.1420163], [91.668788, 26.1420043], [91.6688148, 26.1421295], [91.668721, 26.1421416]]]}}, {"type": "Feature", "properties": {"element": "way", "id": 1054721789, "height": null, "building:levels": null, "render_height": 10.584033180236224, "render_min_height": 0.0, "basin_id": "GHY_BHARALU_CORE"}, "geometry": {"type": "Polygon", "coordinates": [[[91.7561495, 26.1870113], [91.7562311, 26.1870113], [91.7562311, 26.1869254], [91.7561495, 26.1869254], [91.7561495, 26.1870113]]]}}, {"type": "Feature", "properties": {"element": "way", "id": 1054721790, "height": null, "building:levels": null, "render_height": 11.185009101849918, "render_min_height": 0.0, "basin_id": "GHY_BHARALU_CORE"}, "geometry": {"type": "Polygon", "coordinates": [[[91.7564359, 26.186899], [91.7564289, 26.1868237], [91.7563107, 26.1868326], [91.7563178, 26.1869079], [91.7564359, 26.186899]]]}}, {"type": "Feature", "properties": {"element": "way", "id": 1054721791, "height": null, "building:levels": null, "render_height": 8.245850538771538, "render_min_height": 0.0, "basin_id": "GHY_BHARALU_CORE"}, "geometry": {"type": "Polygon", "coordinates": [[[91.7563458, 26.1870054], [91.7564473, 26.1869977], [91.7564399, 26.1869191], [91.7563385, 26.1869268], [91.7563458, 26.1870054]]]}}, {"type": "Feature", "properties": {"element": "way", "id": 1054721792, "height": null, "building:levels": null, "render_height": 8.419350964348336, "render_min_height": 0.0, "basin_id": "GHY_BHARALU_CORE"}, "geometry": {"type": "Polygon", "coordinates": [[[91.7556811, 26.1852975], [91.7557841, 26.185286], [91.7557721, 26.1851988], [91.755669, 26.1852102], [91.7556811, 26.1852975]]]}}, {"type": "Feature", "properties": {"element": "way", "id": 1054721793, "height": null, "building:levels": null, "render_height": 10.545284776541362, "render_min_height": 0.0, "basin_id": "GHY_BHARALU_CORE"}, "geometry": {"type": "Polygon", "coordinates": [[[91.7559144, 26.1853128], [91.7558956, 26.1851768], [91.7558053, 26.1851869], [91.755824, 26.1853228], [91.7559144, 26.1853128]]]}}, {"type": "Feature", "properties": {"element": "way", "id": 1054721794, "height": null, "building:levels": null, "render_height": 13.325387405150426, "render_min_height": 0.0, "basin_id": "GHY_BHARALU_CORE"}, "geometry": {"type": "Polygon", "coordinates": [[[91.7559371, 26.1853111], [91.7560181, 26.1853021], [91.7560016, 26.1851826], [91.7559206, 26.1851916], [91.7559371, 26.1853111]]]}}, {"type": "Feature", "properties": {"element": "way", "id": 1054721795, "height": null, "building:levels": null, "render_height": 5.361937227852844, "render_min_height": 0.0, "basin_id": "GHY_BHARALU_CORE"}, "geometry": {"type": "Polygon", "coordinates": [[[91.7561998, 26.185586], [91.7562906, 26.1855759], [91.7562823, 26.1855153], [91.7561914, 26.1855254], [91.7561998, 26.185586]]]}}, {"type": "Feature", "properties": {"element": "way", "id": 1054721796, "height": null, "building:levels": null, "render_height": 10.885680781872415, "render_min_height": 0.0, "basin_id": "GHY_BHARALU_CORE"}, "geometry": {"type": "Polygon", "coordinates": [[[91.7561345, 26.1853655], [91.7562788, 26.1853495], [91.7562681, 26.1852717], [91.7561238, 26.1852877], [91.7561345, 26.1853655]]]}}, {"type": "Feature", "properties": {"element": "way", "id": 1054721797, "height": null, "building:levels": null, "render_height": 7.664278669544338, "render_min_height": 0.0, "basin_id": "GHY_BHARALU_CORE"}, "geometry": {"type": "Polygon", "coordinates": [[[91.7558404, 26.1856115], [91.7559123, 26.1856098], [91.7559056, 26.1853809], [91.7558337, 26.1853826], [91.7558404, 26.1856115]]]}}, {"type": "Feature", "properties": {"element": "way", "id": 1054721798, "height": null, "building:levels": null, "render_height": 13.679185704005405, "render_min_height": 0.0, "basin_id": "GHY_BHARALU_CORE"}, "geometry": {"type": "Polygon", "coordinates": [[[91.7558489, 26.1857451], [91.7560748, 26.1857389], [91.7560718, 26.1856506], [91.7558459, 26.1856568], [91.7558489, 26.1857451]]]}}, {"type": "Feature", "properties": {"element": "way", "id": 1054721799, "height": null, "building:levels": null, "render_height": 7.3146674899710975, "render_min_height": 0.0, "basin_id": "GHY_BHARALU_CORE"}, "geometry": {"type": "Polygon", "coordinates": [[[91.7558413, 26.1858225], [91.7560446, 26.185817], [91.7560424, 26.1857502], [91.7558391, 26.1857558], [91.7558413, 26.1858225]]]}}, {"type": "Feature", "properties": {"element": "way", "id": 1054721800, "height": null, "building:levels": null, "render_height": 11.254082185021964, "render_min_height": 0.0, "basin_id": "GHY_BHARALU_CORE"}, "geometry": {"type": "Polygon", "coordinates": [[[91.7558717, 26.1859], [91.756108, 26.1858935], [91.7561059, 26.185831], [91.7558696, 26.1858375], [91.7558717, 26.1859]]]}}, {"type": "Feature", "properties": {"element": "way", "id": 1054721801, "height": null, "building:levels": null, "render_height": 14.754315189571695, "render_min_height": 0.0, "basin_id": "GHY_BHARALU_CORE"}, "geometry": {"type": "Polygon", "coordinates": [[[91.7562083, 26.1860242], [91.7562618, 26.1860228], [91.7562576, 26.1859008], [91.7562042, 26.1859023], [91.7562083, 26.1860242]]]}}, {"type": "Feature", "properties": {"element": "way", "id": 1054721802, "height": null, "building:levels": null, "render_height": 11.649838035803313, "render_min_height": 0.0, "basin_id": "GHY_BHARALU_CORE"}, "geometry": {"type": "Polygon", "coordinates": [[[91.7561618, 26.1859763], [91.7561818, 26.1859757], [91.7561801, 26.1859271], [91.7561602, 26.1859277], [91.7558804, 26.1859353], [91.755884, 26.1860404], [91.7561638, 26.1860327], [91.7561618, 26.1859763]]]}}, {"type": "Feature", "properties": {"element": "way", "id": 1054721803, "height": null, "building:levels": null, "render_height": 14.710691747007289, "render_min_height": 0.0, "basin_id": "GHY_BHARALU_CORE"}, "geometry": {"type": "Polygon", "coordinates": [[[91.7561192, 26.1861825], [91.7561763, 26.18618], [91.7561734, 26.1861278], [91.7562832, 26.1861229], [91.7562802, 26.1860687], [91.7561704, 26.1860736], [91.7561133, 26.1860761], [91.7561192, 26.1861825]]]}}, {"type": "Feature", "properties": {"element": "way", "id": 1054721804, "height": null, "building:levels": null, "render_height": 10.090066419075495, "render_min_height": 0.0, "basin_id": "GHY_BHARALU_CORE"}, "geometry": {"type": "Polygon", "coordinates": [[[91.7559333, 26.1862046], [91.7560791, 26.1861981], [91.756076, 26.1861421], [91.7561059, 26.1861408], [91.7561026, 26.1860808], [91.7560727, 26.1860821], [91.7559269, 26.1860886], [91.7559333, 26.1862046]]]}}, {"type": "Feature", "properties": {"element": "way", "id": 1054721805, "height": null, "building:levels": null, "render_height": 11.853030775820525, "render_min_height": 0.0, "basin_id": "GHY_BHARALU_CORE"}, "geometry": {"type": "Polygon", "coordinates": [[[91.7560033, 26.1863597], [91.756242, 26.1863491], [91.7562351, 26.186224], [91.7559964, 26.1862346], [91.7560033, 26.1863597]]]}}, {"type": "Feature", "properties": {"element": "way", "id": 1054721806, "height": null, "building:levels": null, "render_height": 13.759651819741222, "render_min_height": 0.0, "basin_id": "GHY_BHARALU_CORE"}, "geometry": {"type": "Polygon", "coordinates": [[[91.7560395, 26.186568], [91.7560273, 26.186445], [91.7559362, 26.1864523], [91.7559484, 26.1865753], [91.7560395, 26.186568]]]}}, {"type": "Feature", "properties": {"element": "way", "id": 1054721807, "height": null, "building:levels": null, "render_height": 9.190390229523402, "render_min_height": 0.0, "basin_id": "GHY_BHARALU_CORE"}, "geometry": {"type": "Polygon", "coordinates": [[[91.7561237, 26.1865751], [91.7562641, 26.1865639], [91.7562493, 26.1864145], [91.7561089, 26.1864258], [91.7561237, 26.1865751]]]}}, {"type": "Feature", "properties": {"element": "way", "id": 1054721808, "height": null, "building:levels": null, "render_height": 8.352670168947837, "render_min_height": 0.0, "basin_id": "GHY_BHARALU_CORE"}, "geometry": {"type": "Polygon", "coordinates": [[[91.7562197, 26.1866659], [91.7562178, 26.1866003], [91.7559646, 26.1866063], [91.7559665, 26.1866718], [91.7562197, 26.1866659]]]}}, {"type": "Feature", "properties": {"element": "way", "id": 1054721809, "height": null, "building:levels": null, "render_height": 10.477012760019342, "render_min_height": 0.0, "basin_id": "GHY_BHARALU_CORE"}, "geometry": {"type": "Polygon", "coordinates": [[[91.7560567, 26.1867892], [91.7562282, 26.1867884], [91.7562278, 26.1867081], [91.7560562, 26.1867089], [91.7559788, 26.1867093], [91.7559807, 26.187053], [91.7560581, 26.1870527], [91.7560567, 26.1867892]]]}}, {"type": "Feature", "properties": {"element": "way", "id": 1054721810, "height": null, "building:levels": null, "render_height": 7.537893348706783, "render_min_height": 0.0, "basin_id": "GHY_BHARALU_CORE"}, "geometry": {"type": "Polygon", "coordinates": [[[91.7530922, 26.1888613], [91.7531109, 26.1887598], [91.7530495, 26.1887507], [91.7530308, 26.1888522], [91.7530922, 26.1888613]]]}}, {"type": "Feature", "properties": {"element": "way", "id": 1054721811, "height": null, "building:levels": null, "render_height": 6.729089821383285, "render_min_height": 0.0, "basin_id": "GHY_BHARALU_CORE"}, "geometry": {"type": "Polygon", "coordinates": [[[91.753151, 26.1888435], [91.7531826, 26.1888482], [91.7531918, 26.1887984], [91.7531602, 26.1887937], [91.753151, 26.1888435]]]}}, {"type": "Feature", "properties": {"element": "way", "id": 1054721812, "height": null, "building:levels": null, "render_height": 6.733767512389752, "render_min_height": 0.0, "basin_id": "GHY_BHARALU_CORE"}, "geometry": {"type": "Polygon", "coordinates": [[[91.7531634, 26.1886806], [91.7532152, 26.1886883], [91.7532603, 26.1886951], [91.7532695, 26.1886452], [91.7531726, 26.1886308], [91.7531634, 26.1886806]]]}}, {"type": "Feature", "properties": {"element": "way", "id": 1054721813, "height": null, "building:levels": null, "render_height": 12.39695267305427, "render_min_height": 0.0, "basin_id": "GHY_BHARALU_CORE"}, "geometry": {"type": "Polygon", "coordinates": [[[91.7532079, 26.1887277], [91.7532152, 26.1886883], [91.7531634, 26.1886806], [91.7531368, 26.1886767], [91.7531295, 26.1887161], [91.7532079, 26.1887277]]]}}, {"type": "Feature", "properties": {"element": "way", "id": 1054721814, "height": null, "building:levels": null, "render_height": 14.304353862365703, "render_min_height": 0.0, "basin_id": "GHY_BHARALU_CORE"}, "geometry": {"type": "Polygon", "coordinates": [[[91.7532999, 26.1887626], [91.7533875, 26.1887757], [91.7534127, 26.1886392], [91.7533251, 26.1886262], [91.7532999, 26.1887626]]]}}, {"type": "Feature", "properties": {"element": "way", "id": 1054721815, "height": null, "building:levels": null, "render_height": 6.675341443048504, "render_min_height": 0.0, "basin_id": "GHY_BHARALU_CORE"}, "geometry": {"type": "Polygon", "coordinates": [[[91.752928, 26.1888618], [91.7529708, 26.1888681], [91.7530008, 26.1887056], [91.7530979, 26.1887201], [91.7531127, 26.1886396], [91.7530157, 26.1886252], [91.7529729, 26.1886188], [91.7529746, 26.1886095], [91.752899, 26.1885982], [91.7528513, 26.1888562], [91.752927, 26.1888675], [91.752928, 26.1888618]]]}}, {"type": "Feature", "properties": {"element": "way", "id": 1054721816, "height": null, "building:levels": null, "render_height": 9.597256393073465, "render_min_height": 0.0, "basin_id": "GHY_BHARALU_CORE"}, "geometry": {"type": "Polygon", "coordinates": [[[91.7526951, 26.1886352], [91.7527119, 26.1885439], [91.7527127, 26.1885399], [91.752637, 26.1885286], [91.7526194, 26.1886239], [91.7526951, 26.1886352]]]}}, {"type": "Feature", "properties": {"element": "way", "id": 1054721817, "height": null, "building:levels": null, "render_height": 14.232346977779603, "render_min_height": 0.0, "basin_id": "GHY_BHARALU_CORE"}, "geometry": {"type": "Polygon", "coordinates": [[[91.7526588, 26.1888316], [91.7527342, 26.1888428], [91.7527873, 26.1885551], [91.7527119, 26.1885439], [91.7526951, 26.1886352], [91.7526588, 26.1888316]]]}}, {"type": "Feature", "properties": {"element": "way", "id": 1054721818, "height": null, "building:levels": null, "render_height": 10.096466805736, "render_min_height": 0.0, "basin_id": "GHY_BHARALU_CORE"}, "geometry": {"type": "Polygon", "coordinates": [[[91.752417, 26.1886392], [91.7525086, 26.1886507], [91.7525299, 26.1885133], [91.7524383, 26.1885019], [91.7524338, 26.188531], [91.7523942, 26.1885261], [91.75238, 26.1886182], [91.7524195, 26.1886231], [91.752417, 26.1886392]]]}}, {"type": "Feature", "properties": {"element": "way", "id": 1054721819, "height": null, "building:levels": null, "render_height": 13.454391842832413, "render_min_height": 0.0, "basin_id": "GHY_BHARALU_CORE"}, "geometry": {"type": "Polygon", "coordinates": [[[91.7522406, 26.1886495], [91.7523548, 26.1886637], [91.7523819, 26.1884886], [91.7522678, 26.1884744], [91.7522406, 26.1886495]]]}}, {"type": "Feature", "properties": {"element": "way", "id": 1054721820, "height": null, "building:levels": null, "render_height": 12.885181241717314, "render_min_height": 0.0, "basin_id": "GHY_BHARALU_CORE"}, "geometry": {"type": "Polygon", "coordinates": [[[91.7518708, 26.1885933], [91.7521913, 26.1886333], [91.7522152, 26.1884792], [91.7518947, 26.1884392], [91.7518708, 26.1885933]]]}}, {"type": "Feature", "properties": {"element": "way", "id": 1054721821, "height": null, "building:levels": null, "render_height": 10.332676961185339, "render_min_height": 0.0, "basin_id": "GHY_BHARALU_CORE"}, "geometry": {"type": "Polygon", "coordinates": [[[91.7519979, 26.1890315], [91.7521562, 26.1890579], [91.7521711, 26.1889859], [91.7520128, 26.1889595], [91.7519979, 26.1890315]]]}}, {"type": "Feature", "properties": {"element": "way", "id": 1054721822, "height": null, "building:levels": null, "render_height": 7.986816358820103, "render_min_height": 0.0, "basin_id": "GHY_BHARALU_CORE"}, "geometry": {"type": "Polygon", "coordinates": [[[91.7521572, 26.1888145], [91.7521721, 26.1887241], [91.7519429, 26.1886937], [91.751928, 26.1887842], [91.7521572, 26.1888145]]]}}, {"type": "Feature", "properties": {"element": "way", "id": 1054721823, "height": null, "building:levels": null, "render_height": 12.542656616006669, "render_min_height": 0.0, "basin_id": "GHY_BHARALU_CORE"}, "geometry": {"type": "Polygon", "coordinates": [[[91.7526285, 26.1889507], [91.7526418, 26.1888696], [91.7522179, 26.1888135], [91.7522046, 26.1888945], [91.7521991, 26.1889281], [91.7522329, 26.1889326], [91.7522311, 26.188943], [91.7522791, 26.1889494], [91.7522809, 26.1889389], [91.7523117, 26.188943], [91.7523173, 26.1889095], [91.7525102, 26.188935], [91.7524967, 26.1890171], [91.752615, 26.1890327], [91.7526285, 26.1889507]]]}}, {"type": "Feature", "properties": {"element": "way", "id": 1054721824, "height": null, "building:levels": null, "render_height": 8.999406019639709, "render_min_height": 0.0, "basin_id": "GHY_BHARALU_CORE"}, "geometry": {"type": "Polygon", "coordinates": [[[91.751917, 26.1891774], [91.7522322, 26.1892291], [91.7522554, 26.1891153], [91.7519402, 26.1890636], [91.751917, 26.1891774]]]}}, {"type": "Feature", "properties": {"element": "way", "id": 1054721825, "height": null, "building:levels": null, "render_height": 13.629702001959247, "render_min_height": 0.0, "basin_id": "GHY_BHARALU_CORE"}, "geometry": {"type": "Polygon", "coordinates": [[[91.7527385, 26.1899778], [91.7527903, 26.1899889], [91.7528039, 26.1899378], [91.7527521, 26.1899267], [91.7527385, 26.1899778]]]}}, {"type": "Feature", "properties": {"element": "way", "id": 1054721826, "height": null, "building:levels": null, "render_height": 7.709045740808058, "render_min_height": 0.0, "basin_id": "GHY_BHARALU_CORE"}, "geometry": {"type": "Polygon", "coordinates": [[[91.7527005, 26.1898901], [91.7528268, 26.1899172], [91.752839, 26.1898714], [91.7527128, 26.1898443], [91.7527005, 26.1898901]]]}}, {"type": "Feature", "properties": {"element": "way", "id": 1054721827, "height": null, "building:levels": null, "render_height": 13.399484413289697, "render_min_height": 0.0, "basin_id": "GHY_BHARALU_CORE"}, "geometry": {"type": "Polygon", "coordinates": [[[91.7526607, 26.1898238], [91.7526686, 26.1897942], [91.7526399, 26.189788], [91.752632, 26.1898176], [91.7526607, 26.1898238]]]}}, {"type": "Feature", "properties": {"element": "way", "id": 1054721828, "height": null, "building:levels": null, "render_height": 8.66998164206598, "render_min_height": 0.0, "basin_id": "GHY_BHARALU_CORE"}, "geometry": {"type": "Polygon", "coordinates": [[[91.752711, 26.1898297], [91.7528407, 26.1898576], [91.7528504, 26.1898212], [91.7527207, 26.1897934], [91.752711, 26.1898297]]]}}, {"type": "Feature", "properties": {"element": "way", "id": 1054721829, "height": null, "building:levels": null, "render_height": 6.313537507292502, "render_min_height": 0.0, "basin_id": "GHY_BHARALU_CORE"}, "geometry": {"type": "Polygon", "coordinates": [[[91.7527593, 26.1897123], [91.7527722, 26.1896642], [91.7526313, 26.189634], [91.7526185, 26.1896821], [91.7527593, 26.1897123]]]}}, {"type": "Feature", "properties": {"element": "way", "id": 1054721830, "height": null, "building:levels": null, "render_height": 9.1780461241564, "render_min_height": 0.0, "basin_id": "GHY_BHARALU_CORE"}, "geometry": {"type": "Polygon", "coordinates": [[[91.7528008, 26.1897324], [91.7528293, 26.1897386], [91.752887, 26.189751], [91.7529025, 26.1896927], [91.7528163, 26.1896742], [91.7528008, 26.1897324]]]}}, {"type": "Feature", "properties": {"element": "way", "id": 1054721831, "height": null, "building:levels": null, "render_height": 12.889416859069035, "render_min_height": 0.0, "basin_id": "GHY_BHARALU_CORE"}, "geometry": {"type": "Polygon", "coordinates": [[[91.7527148, 26.189714], [91.7526989, 26.1897737], [91.7528134, 26.1897982], [91.7528293, 26.1897386], [91.7528008, 26.1897324], [91.7527148, 26.189714]]]}}, {"type": "Feature", "properties": {"element": "way", "id": 1054721832, "height": null, "building:levels": null, "render_height": 13.756995196582242, "render_min_height": 0.0, "basin_id": "GHY_BHARALU_CORE"}, "geometry": {"type": "Polygon", "coordinates": [[[91.7526095, 26.1897633], [91.7526966, 26.189782], [91.7526989, 26.1897737], [91.7527148, 26.189714], [91.7526276, 26.1896953], [91.7526095, 26.1897633]]]}}, {"type": "Feature", "properties": {"element": "way", "id": 1054721833, "height": null, "building:levels": null, "render_height": 14.037030726593212, "render_min_height": 0.0, "basin_id": "GHY_BHARALU_CORE"}, "geometry": {"type": "Polygon", "coordinates": [[[91.7524881, 26.1896936], [91.7525118, 26.1896047], [91.7524512, 26.1895917], [91.7524275, 26.1896806], [91.7524881, 26.1896936]]]}}, {"type": "Feature", "properties": {"element": "way", "id": 1054721834, "height": null, "building:levels": null, "render_height": 12.178839575806009, "render_min_height": 0.0, "basin_id": "GHY_BHARALU_CORE"}, "geometry": {"type": "Polygon", "coordinates": [[[91.7525619, 26.1897597], [91.7525895, 26.1897656], [91.7526171, 26.1896621], [91.7525895, 26.1896562], [91.7525972, 26.1896272], [91.7525348, 26.1896138], [91.7524995, 26.1897463], [91.7525619, 26.1897597]]]}}, {"type": "Feature", "properties": {"element": "way", "id": 1054721835, "height": null, "building:levels": null, "render_height": 5.167076601033419, "render_min_height": 0.0, "basin_id": "GHY_BHARALU_CORE"}, "geometry": {"type": "Polygon", "coordinates": [[[91.7524142, 26.1897557], [91.752465, 26.1897666], [91.7524815, 26.1897046], [91.7524307, 26.1896937], [91.7524142, 26.1897557]]]}}, {"type": "Feature", "properties": {"element": "way", "id": 1054721836, "height": null, "building:levels": null, "render_height": 12.427171886292651, "render_min_height": 0.0, "basin_id": "GHY_BHARALU_CORE"}, "geometry": {"type": "Polygon", "coordinates": [[[91.7523531, 26.1895416], [91.7523117, 26.1895327], [91.75227, 26.1896893], [91.7523114, 26.1896982], [91.7523013, 26.1897361], [91.7523609, 26.1897489], [91.752371, 26.189711], [91.7524168, 26.1897208], [91.7524275, 26.1896806], [91.7524512, 26.1895917], [91.7524585, 26.1895642], [91.7524127, 26.1895544], [91.7524198, 26.1895276], [91.7523603, 26.1895149], [91.7523531, 26.1895416]]]}}, {"type": "Feature", "properties": {"element": "way", "id": 1054721837, "height": null, "building:levels": null, "render_height": 13.641400480115891, "render_min_height": 0.0, "basin_id": "GHY_BHARALU_CORE"}, "geometry": {"type": "Polygon", "coordinates": [[[91.7524853, 26.1895702], [91.7525969, 26.1896009], [91.7526086, 26.1895668], [91.7524969, 26.1895361], [91.7524853, 26.1895702]]]}}, {"type": "Feature", "properties": {"element": "way", "id": 1054721838, "height": null, "building:levels": null, "render_height": 13.752251864578446, "render_min_height": 0.0, "basin_id": "GHY_BHARALU_CORE"}, "geometry": {"type": "Polygon", "coordinates": [[[91.7525744, 26.1895438], [91.7526198, 26.1894108], [91.7525308, 26.1893864], [91.7524854, 26.1895193], [91.7525744, 26.1895438]]]}}, {"type": "Feature", "properties": {"element": "way", "id": 1054721839, "height": null, "building:levels": null, "render_height": 14.641046083841216, "render_min_height": 0.0, "basin_id": "GHY_BHARALU_CORE"}, "geometry": {"type": "Polygon", "coordinates": [[[91.7529405, 26.1895872], [91.7529658, 26.189513], [91.7529139, 26.1894987], [91.7528886, 26.1895729], [91.7529405, 26.1895872]]]}}, {"type": "Feature", "properties": {"element": "way", "id": 1054721840, "height": null, "building:levels": null, "render_height": 12.082154052470704, "render_min_height": 0.0, "basin_id": "GHY_BHARALU_CORE"}, "geometry": {"type": "Polygon", "coordinates": [[[91.7528523, 26.1896519], [91.7529004, 26.1896651], [91.7529206, 26.1896059], [91.7528725, 26.1895927], [91.7528523, 26.1896519]]]}}, {"type": "Feature", "properties": {"element": "way", "id": 1054721841, "height": null, "building:levels": null, "render_height": 11.077946828813024, "render_min_height": 0.0, "basin_id": "GHY_BHARALU_CORE"}, "geometry": {"type": "Polygon", "coordinates": [[[91.7528238, 26.1895132], [91.7526932, 26.1894773], [91.7526522, 26.1895974], [91.7527828, 26.1896333], [91.7527846, 26.1896281], [91.7528238, 26.1895132]]]}}, {"type": "Feature", "properties": {"element": "way", "id": 1054721842, "height": null, "building:levels": null, "render_height": 11.068010440394188, "render_min_height": 0.0, "basin_id": "GHY_BHARALU_CORE"}, "geometry": {"type": "Polygon", "coordinates": [[[91.7528399, 26.1896434], [91.7528792, 26.1895284], [91.7528238, 26.1895132], [91.7527846, 26.1896281], [91.7528399, 26.1896434]]]}}, {"type": "Feature", "properties": {"element": "way", "id": 1054721843, "height": null, "building:levels": null, "render_height": 10.510467981797282, "render_min_height": 0.0, "basin_id": "GHY_BHARALU_CORE"}, "geometry": {"type": "Polygon", "coordinates": [[[91.7526996, 26.1894017], [91.752762, 26.1892191], [91.7526493, 26.1891881], [91.752587, 26.1893707], [91.7526996, 26.1894017]]]}}, {"type": "Feature", "properties": {"element": "way", "id": 1054721844, "height": null, "building:levels": null, "render_height": 11.853703901119815, "render_min_height": 0.0, "basin_id": "GHY_BHARALU_CORE"}, "geometry": {"type": "Polygon", "coordinates": [[[91.7527518, 26.1894221], [91.7529333, 26.189472], [91.7529836, 26.1893248], [91.752802, 26.1892749], [91.7527518, 26.1894221]]]}}, {"type": "Feature", "properties": {"element": "way", "id": 1054721845, "height": null, "building:levels": null, "render_height": 12.760172483549923, "render_min_height": 0.0, "basin_id": "GHY_BHARALU_CORE"}, "geometry": {"type": "Polygon", "coordinates": [[[91.7539239, 26.1900765], [91.7539433, 26.1900177], [91.7538747, 26.1899995], [91.7538091, 26.189982], [91.7537897, 26.1900408], [91.7539239, 26.1900765]]]}}, {"type": "Feature", "properties": {"element": "way", "id": 1054721846, "height": null, "building:levels": null, "render_height": 13.838281297915087, "render_min_height": 0.0, "basin_id": "GHY_BHARALU_CORE"}, "geometry": {"type": "Polygon", "coordinates": [[[91.7538747, 26.1899995], [91.7539433, 26.1900177], [91.7539505, 26.1900196], [91.7539846, 26.1899165], [91.7539087, 26.1898964], [91.753905, 26.1899076], [91.7538747, 26.1899995]]]}}, {"type": "Feature", "properties": {"element": "way", "id": 1054721847, "height": null, "building:levels": null, "render_height": 12.511246077805087, "render_min_height": 0.0, "basin_id": "GHY_BHARALU_CORE"}, "geometry": {"type": "Polygon", "coordinates": [[[91.7538091, 26.189982], [91.7538747, 26.1899995], [91.753905, 26.1899076], [91.7538395, 26.1898901], [91.7538091, 26.189982]]]}}, {"type": "Feature", "properties": {"element": "way", "id": 1054721848, "height": null, "building:levels": null, "render_height": 8.810758782964497, "render_min_height": 0.0, "basin_id": "GHY_BHARALU_CORE"}, "geometry": {"type": "Polygon", "coordinates": [[[91.7537095, 26.1899548], [91.7537908, 26.1899689], [91.7537968, 26.1899412], [91.7537155, 26.1899271], [91.7537095, 26.1899548]]]}}, {"type": "Feature", "properties": {"element": "way", "id": 1054721849, "height": null, "building:levels": null, "render_height": 14.557165169774805, "render_min_height": 0.0, "basin_id": "GHY_BHARALU_CORE"}, "geometry": {"type": "Polygon", "coordinates": [[[91.7535825, 26.1899327], [91.7536342, 26.1899417], [91.7536421, 26.1899053], [91.753756, 26.189925], [91.7537666, 26.1898759], [91.7536526, 26.1898561], [91.7536009, 26.1898471], [91.7535825, 26.1899327]]]}}, {"type": "Feature", "properties": {"element": "way", "id": 1054721850, "height": null, "building:levels": null, "render_height": 10.996588064290698, "render_min_height": 0.0, "basin_id": "GHY_BHARALU_CORE"}, "geometry": {"type": "Polygon", "coordinates": [[[91.7536783, 26.1899617], [91.75361, 26.1899499], [91.7536005, 26.189994], [91.7536688, 26.1900058], [91.753664, 26.190028], [91.7537475, 26.1900425], [91.7537617, 26.1899762], [91.7536783, 26.1899617]]]}}, {"type": "Feature", "properties": {"element": "way", "id": 1054721851, "height": null, "building:levels": null, "render_height": 13.004867095552001, "render_min_height": 0.0, "basin_id": "GHY_BHARALU_CORE"}, "geometry": {"type": "Polygon", "coordinates": [[[91.7535578, 26.1902688], [91.7535736, 26.1902179], [91.7535405, 26.1902097], [91.7535322, 26.1902365], [91.7535247, 26.1902605], [91.7535578, 26.1902688]]]}}, {"type": "Feature", "properties": {"element": "way", "id": 1054721852, "height": null, "building:levels": null, "render_height": 14.020023956895132, "render_min_height": 0.0, "basin_id": "GHY_BHARALU_CORE"}, "geometry": {"type": "Polygon", "coordinates": [[[91.7535891, 26.1902101], [91.753624, 26.1900977], [91.7535256, 26.1900731], [91.7534907, 26.1901855], [91.7535051, 26.1901891], [91.7534933, 26.1902267], [91.7535322, 26.1902365], [91.7535405, 26.1902097], [91.7535439, 26.1901988], [91.7535891, 26.1902101]]]}}, {"type": "Feature", "properties": {"element": "way", "id": 1054721853, "height": null, "building:levels": null, "render_height": 5.271284468245778, "render_min_height": 0.0, "basin_id": "GHY_BHARALU_CORE"}, "geometry": {"type": "Polygon", "coordinates": [[[91.7536814, 26.1901917], [91.7536453, 26.1903079], [91.7535691, 26.1902888], [91.7535467, 26.1903608], [91.7536675, 26.190391], [91.7536899, 26.190319], [91.753726, 26.1902028], [91.7537917, 26.1902193], [91.7538233, 26.1901173], [91.7538283, 26.1901015], [91.7537589, 26.1900842], [91.7537539, 26.1901], [91.7536881, 26.1900835], [91.7536564, 26.1901854], [91.7536814, 26.1901917]]]}}, {"type": "Feature", "properties": {"element": "way", "id": 1054721854, "height": null, "building:levels": null, "render_height": 8.448384551121414, "render_min_height": 0.0, "basin_id": "GHY_BHARALU_CORE"}, "geometry": {"type": "Polygon", "coordinates": [[[91.7532686, 26.1900331], [91.7532863, 26.1899676], [91.7531924, 26.1899472], [91.7531747, 26.1900127], [91.7532686, 26.1900331]]]}}, {"type": "Feature", "properties": {"element": "way", "id": 1054721855, "height": null, "building:levels": null, "render_height": 5.35307014987659, "render_min_height": 0.0, "basin_id": "GHY_BHARALU_CORE"}, "geometry": {"type": "Polygon", "coordinates": [[[91.7529329, 26.1899523], [91.7529769, 26.1899647], [91.7529926, 26.1899199], [91.7529486, 26.1899075], [91.7529329, 26.1899523]]]}}, {"type": "Feature", "properties": {"element": "way", "id": 1054721856, "height": null, "building:levels": null, "render_height": 7.761777255207139, "render_min_height": 0.0, "basin_id": "GHY_BHARALU_CORE"}, "geometry": {"type": "Polygon", "coordinates": [[[91.7529708, 26.1901752], [91.7530276, 26.1900129], [91.752912, 26.1899803], [91.7528552, 26.1901426], [91.7529708, 26.1901752]]]}}, {"type": "Feature", "properties": {"element": "way", "id": 1054721857, "height": null, "building:levels": null, "render_height": 7.011724223305508, "render_min_height": 0.0, "basin_id": "GHY_BHARALU_CORE"}, "geometry": {"type": "Polygon", "coordinates": [[[91.7530495, 26.1902186], [91.7531145, 26.1900332], [91.7530448, 26.1900135], [91.7529798, 26.190199], [91.7530495, 26.1902186]]]}}, {"type": "Feature", "properties": {"element": "way", "id": 1054721858, "height": null, "building:levels": null, "render_height": 5.181033820479282, "render_min_height": 0.0, "basin_id": "GHY_BHARALU_CORE"}, "geometry": {"type": "Polygon", "coordinates": [[[91.7532001, 26.1901061], [91.75322, 26.1900493], [91.7531444, 26.190028], [91.7531245, 26.1900847], [91.7531406, 26.1900893], [91.7532001, 26.1901061]]]}}, {"type": "Feature", "properties": {"element": "way", "id": 1054721859, "height": null, "building:levels": null, "render_height": 6.532050092313783, "render_min_height": 0.0, "basin_id": "GHY_BHARALU_CORE"}, "geometry": {"type": "Polygon", "coordinates": [[[91.7530884, 26.1902382], [91.7531638, 26.1902594], [91.7532159, 26.1901105], [91.7532001, 26.1901061], [91.7531406, 26.1900893], [91.7530884, 26.1902382]]]}}, {"type": "Feature", "properties": {"element": "way", "id": 1054721860, "height": null, "building:levels": null, "render_height": 11.31636871236152, "render_min_height": 0.0, "basin_id": "GHY_BHARALU_CORE"}, "geometry": {"type": "Polygon", "coordinates": [[[91.753378, 26.1900868], [91.7533938, 26.1900186], [91.753324, 26.1900056], [91.7533082, 26.1900738], [91.7532951, 26.1900714], [91.753242, 26.1903011], [91.7533335, 26.1903182], [91.7533866, 26.1900884], [91.753378, 26.1900868]]]}}, {"type": "Feature", "properties": {"element": "way", "id": 1054721861, "height": null, "building:levels": null, "render_height": 5.679257750351704, "render_min_height": 0.0, "basin_id": "GHY_BHARALU_CORE"}, "geometry": {"type": "Polygon", "coordinates": [[[91.753441, 26.1898346], [91.7534032, 26.1900305], [91.7534651, 26.1900401], [91.7535028, 26.1898442], [91.7535244, 26.1897318], [91.7533433, 26.1897038], [91.7533217, 26.1898161], [91.753441, 26.1898346]]]}}, {"type": "Feature", "properties": {"element": "way", "id": 1054721862, "height": null, "building:levels": null, "render_height": 9.792078804586042, "render_min_height": 0.0, "basin_id": "GHY_BHARALU_CORE"}, "geometry": {"type": "Polygon", "coordinates": [[[91.7532924, 26.1898545], [91.7533098, 26.1897411], [91.7532695, 26.1897361], [91.7532522, 26.1898495], [91.7532924, 26.1898545]]]}}, {"type": "Feature", "properties": {"element": "way", "id": 1054721863, "height": null, "building:levels": null, "render_height": 10.75826092336425, "render_min_height": 0.0, "basin_id": "GHY_BHARALU_CORE"}, "geometry": {"type": "Polygon", "coordinates": [[[91.7531956, 26.189931], [91.7532792, 26.1899413], [91.7532924, 26.1898545], [91.7532522, 26.1898495], [91.7532088, 26.1898442], [91.7531956, 26.189931]]]}}, {"type": "Feature", "properties": {"element": "way", "id": 1054721864, "height": null, "building:levels": null, "render_height": 9.327556701731472, "render_min_height": 0.0, "basin_id": "GHY_BHARALU_CORE"}, "geometry": {"type": "Polygon", "coordinates": [[[91.7531023, 26.1899285], [91.753152, 26.1899407], [91.7531669, 26.1898922], [91.7531172, 26.1898799], [91.7531133, 26.1898928], [91.7531023, 26.1899285]]]}}, {"type": "Feature", "properties": {"element": "way", "id": 1054721865, "height": null, "building:levels": null, "render_height": 14.691234516080032, "render_min_height": 0.0, "basin_id": "GHY_BHARALU_CORE"}, "geometry": {"type": "Polygon", "coordinates": [[[91.7531133, 26.1898928], [91.7531172, 26.1898799], [91.7531669, 26.1898922], [91.7531817, 26.1898441], [91.753132, 26.1898319], [91.7530134, 26.1898026], [91.7529986, 26.1898506], [91.7529947, 26.1898635], [91.7529592, 26.1898548], [91.7529483, 26.1898904], [91.7531023, 26.1899285], [91.7531133, 26.1898928]]]}}, {"type": "Feature", "properties": {"element": "way", "id": 1054721866, "height": null, "building:levels": null, "render_height": 11.036042395061004, "render_min_height": 0.0, "basin_id": "GHY_BHARALU_CORE"}, "geometry": {"type": "Polygon", "coordinates": [[[91.7531079, 26.1896726], [91.7530117, 26.1896488], [91.7529792, 26.189755], [91.7530753, 26.1897788], [91.7531079, 26.1896726]]]}}, {"type": "Feature", "properties": {"element": "way", "id": 1054721867, "height": null, "building:levels": null, "render_height": 9.492409542368875, "render_min_height": 0.0, "basin_id": "GHY_BHARALU_CORE"}, "geometry": {"type": "Polygon", "coordinates": [[[91.753075, 26.1897797], [91.7531612, 26.189801], [91.7531941, 26.1896939], [91.7531079, 26.1896726], [91.7530753, 26.1897788], [91.753075, 26.1897797]]]}}, {"type": "Feature", "properties": {"element": "way", "id": 1054721871, "height": null, "building:levels": null, "render_height": 5.84944648588937, "render_min_height": 0.0, "basin_id": "GHY_BHARALU_CORE"}, "geometry": {"type": "Polygon", "coordinates": [[[91.7548854, 26.1896246], [91.7549055, 26.189535], [91.7547707, 26.1895106], [91.7547506, 26.1896003], [91.7548854, 26.1896246]]]}}, {"type": "Feature", "properties": {"element": "way", "id": 1054721872, "height": null, "building:levels": null, "render_height": 14.197018163004296, "render_min_height": 0.0, "basin_id": "GHY_BHARALU_CORE"}, "geometry": {"type": "Polygon", "coordinates": [[[91.7547707, 26.1897199], [91.7550865, 26.189777], [91.7551056, 26.1896919], [91.7547898, 26.1896349], [91.7547707, 26.1897199]]]}}, {"type": "Feature", "properties": {"element": "way", "id": 1054721886, "height": null, "building:levels": null, "render_height": 7.063952047455173, "render_min_height": 0.0, "basin_id": "GHY_BHARALU_CORE"}, "geometry": {"type": "Polygon", "coordinates": [[[91.7527944, 26.1861238], [91.7528959, 26.1861187], [91.7528646, 26.1856175], [91.7527631, 26.1856226], [91.7527944, 26.1861238]]]}}, {"type": "Feature", "properties": {"element": "way", "id": 1054721887, "height": null, "building:levels": null, "render_height": 11.068051305732444, "render_min_height": 0.0, "basin_id": "GHY_BHARALU_CORE"}, "geometry": {"type": "Polygon", "coordinates": [[[91.7530685, 26.1856081], [91.7530557, 26.1855384], [91.7529471, 26.1855545], [91.7529599, 26.1856242], [91.7530685, 26.1856081]]]}}, {"type": "Feature", "properties": {"element": "way", "id": 1054721888, "height": null, "building:levels": null, "render_height": 12.373665600334471, "render_min_height": 0.0, "basin_id": "GHY_BHARALU_CORE"}, "geometry": {"type": "Polygon", "coordinates": [[[91.7529613, 26.1857281], [91.7530973, 26.1857079], [91.7530808, 26.1856183], [91.7529448, 26.1856385], [91.7529613, 26.1857281]]]}}, {"type": "Feature", "properties": {"element": "way", "id": 1054721889, "height": null, "building:levels": null, "render_height": 6.740566327848426, "render_min_height": 0.0, "basin_id": "GHY_BHARALU_CORE"}, "geometry": {"type": "Polygon", "coordinates": [[[91.7530239, 26.1857282], [91.7529385, 26.1857409], [91.7529424, 26.1857621], [91.7530278, 26.1857495], [91.7530239, 26.1857282]]]}}, {"type": "Feature", "properties": {"element": "way", "id": 1054721890, "height": null, "building:levels": null, "render_height": 8.924457767194093, "render_min_height": 0.0, "basin_id": "GHY_BHARALU_CORE"}, "geometry": {"type": "Polygon", "coordinates": [[[91.7530533, 26.1857238], [91.7530647, 26.1857858], [91.7530649, 26.1857866], [91.7531206, 26.1857783], [91.7531091, 26.1857156], [91.7530533, 26.1857238]]]}}, {"type": "Feature", "properties": {"element": "way", "id": 1054721891, "height": null, "building:levels": null, "render_height": 6.685913549946182, "render_min_height": 0.0, "basin_id": "GHY_BHARALU_CORE"}, "geometry": {"type": "Polygon", "coordinates": [[[91.7530353, 26.1857902], [91.7530647, 26.1857858], [91.7530533, 26.1857238], [91.7530239, 26.1857282], [91.7530278, 26.1857495], [91.7530353, 26.1857902]]]}}, {"type": "Feature", "properties": {"element": "way", "id": 1054721892, "height": null, "building:levels": null, "render_height": 5.1521142449269295, "render_min_height": 0.0, "basin_id": "GHY_BHARALU_CORE"}, "geometry": {"type": "Polygon", "coordinates": [[[91.7530467, 26.1858404], [91.7530413, 26.1858114], [91.7529661, 26.1858225], [91.7529714, 26.1858516], [91.7530467, 26.1858404]]]}}, {"type": "Feature", "properties": {"element": "way", "id": 1054721893, "height": null, "building:levels": null, "render_height": 7.575401286102814, "render_min_height": 0.0, "basin_id": "GHY_BHARALU_CORE"}, "geometry": {"type": "Polygon", "coordinates": [[[91.752967, 26.1859468], [91.7530337, 26.1859369], [91.7530265, 26.185898], [91.7530704, 26.1858915], [91.753064, 26.1858569], [91.7530201, 26.1858634], [91.7529535, 26.1858733], [91.752967, 26.1859468]]]}}, {"type": "Feature", "properties": {"element": "way", "id": 1054721894, "height": null, "building:levels": null, "render_height": 13.675736478162017, "render_min_height": 0.0, "basin_id": "GHY_BHARALU_CORE"}, "geometry": {"type": "Polygon", "coordinates": [[[91.753064, 26.1858569], [91.7530704, 26.1858915], [91.7530775, 26.1859303], [91.7531387, 26.1859213], [91.7531213, 26.185827], [91.7530602, 26.1858361], [91.753064, 26.1858569]]]}}, {"type": "Feature", "properties": {"element": "way", "id": 1054721895, "height": null, "building:levels": null, "render_height": 14.998150898237526, "render_min_height": 0.0, "basin_id": "GHY_BHARALU_CORE"}, "geometry": {"type": "Polygon", "coordinates": [[[91.7529886, 26.1861291], [91.7529907, 26.1861408], [91.7530352, 26.1861342], [91.7530365, 26.1861409], [91.7531519, 26.1861238], [91.7531394, 26.1860556], [91.7530239, 26.1860727], [91.7529237, 26.1860876], [91.7529329, 26.1861374], [91.7529886, 26.1861291]]]}}, {"type": "Feature", "properties": {"element": "way", "id": 1054721896, "height": null, "building:levels": null, "render_height": 7.481716632972194, "render_min_height": 0.0, "basin_id": "GHY_BHARALU_CORE"}, "geometry": {"type": "Polygon", "coordinates": [[[91.7529462, 26.1860617], [91.7531643, 26.1860293], [91.753149, 26.1859466], [91.7529309, 26.185979], [91.7529462, 26.1860617]]]}}, {"type": "Feature", "properties": {"element": "way", "id": 1054721897, "height": null, "building:levels": null, "render_height": 10.931145771210344, "render_min_height": 0.0, "basin_id": "GHY_BHARALU_CORE"}, "geometry": {"type": "Polygon", "coordinates": [[[91.7532695, 26.1860957], [91.7534867, 26.186088], [91.75348, 26.1859349], [91.7532628, 26.1859425], [91.7532695, 26.1860957]]]}}, {"type": "Feature", "properties": {"element": "way", "id": 1054721898, "height": null, "building:levels": null, "render_height": 13.729432658232888, "render_min_height": 0.0, "basin_id": "GHY_BHARALU_CORE"}, "geometry": {"type": "Polygon", "coordinates": [[[91.7534412, 26.1863986], [91.7538584, 26.1864029], [91.7538602, 26.1862662], [91.7534429, 26.1862619], [91.7534412, 26.1863986]]]}}, {"type": "Feature", "properties": {"element": "way", "id": 1054721900, "height": null, "building:levels": null, "render_height": 8.642745285314131, "render_min_height": 0.0, "basin_id": "GHY_BHARALU_CORE"}, "geometry": {"type": "Polygon", "coordinates": [[[91.752473, 26.1862625], [91.7524758, 26.1862139], [91.7521885, 26.1862004], [91.7521856, 26.1862489], [91.752473, 26.1862625]]]}}, {"type": "Feature", "properties": {"element": "way", "id": 1054721901, "height": null, "building:levels": null, "render_height": 14.307417953603519, "render_min_height": 0.0, "basin_id": "GHY_BHARALU_CORE"}, "geometry": {"type": "Polygon", "coordinates": [[[91.7531327, 26.1862491], [91.7531354, 26.1862036], [91.7530937, 26.1862016], [91.753091, 26.1862471], [91.7530397, 26.1862447], [91.7530427, 26.1861933], [91.75295, 26.1861889], [91.752947, 26.1862403], [91.7529048, 26.1862383], [91.7529072, 26.186196], [91.7528555, 26.1861936], [91.752853, 26.1862359], [91.7528498, 26.1862918], [91.7531294, 26.186305], [91.7531327, 26.1862491]]]}}, {"type": "Feature", "properties": {"element": "way", "id": 1054721902, "height": null, "building:levels": null, "render_height": 6.5769838755462455, "render_min_height": 0.0, "basin_id": "GHY_BHARALU_CORE"}, "geometry": {"type": "Polygon", "coordinates": [[[91.752807, 26.1862409], [91.7528097, 26.1861954], [91.752768, 26.1861935], [91.7527653, 26.1862389], [91.752714, 26.1862365], [91.752717, 26.1861851], [91.7526243, 26.1861808], [91.7526213, 26.1862321], [91.7525791, 26.1862301], [91.7525815, 26.1861879], [91.7525298, 26.1861854], [91.7525273, 26.1862277], [91.7525241, 26.1862837], [91.7528037, 26.1862969], [91.752807, 26.1862409]]]}}, {"type": "Feature", "properties": {"element": "way", "id": 1054721903, "height": null, "building:levels": null, "render_height": 10.378898261468363, "render_min_height": 0.0, "basin_id": "GHY_BHARALU_CORE"}, "geometry": {"type": "Polygon", "coordinates": [[[91.7528417, 26.186412], [91.7528389, 26.1864574], [91.7528806, 26.1864595], [91.7528834, 26.186414], [91.7529347, 26.1864166], [91.7529316, 26.1864679], [91.7530243, 26.1864725], [91.7530274, 26.1864212], [91.7530696, 26.1864233], [91.753067, 26.1864655], [91.7531187, 26.1864681], [91.7531213, 26.1864258], [91.7531248, 26.1863699], [91.7528451, 26.186356], [91.7528417, 26.186412]]]}}, {"type": "Feature", "properties": {"element": "way", "id": 1054721904, "height": null, "building:levels": null, "render_height": 14.54847273720651, "render_min_height": 0.0, "basin_id": "GHY_BHARALU_CORE"}, "geometry": {"type": "Polygon", "coordinates": [[[91.7525185, 26.1864011], [91.7525157, 26.1864466], [91.7525574, 26.1864487], [91.7525602, 26.1864032], [91.7526115, 26.1864057], [91.7526084, 26.1864571], [91.7527011, 26.1864617], [91.7527042, 26.1864103], [91.7527464, 26.1864124], [91.7527438, 26.1864547], [91.7527955, 26.1864573], [91.7527981, 26.186415], [91.7528016, 26.186359], [91.7525219, 26.1863452], [91.7525185, 26.1864011]]]}}, {"type": "Feature", "properties": {"element": "way", "id": 1054721905, "height": null, "building:levels": null, "render_height": 12.041459758600396, "render_min_height": 0.0, "basin_id": "GHY_BHARALU_CORE"}, "geometry": {"type": "Polygon", "coordinates": [[[91.7521839, 26.1863848], [91.7521811, 26.1864303], [91.7522228, 26.1864323], [91.7522256, 26.1863868], [91.7522769, 26.1863894], [91.7522737, 26.1864407], [91.7523664, 26.1864453], [91.7523696, 26.186394], [91.7524118, 26.1863961], [91.7524092, 26.1864383], [91.7524609, 26.1864409], [91.7524635, 26.1863986], [91.7524669, 26.1863427], [91.7521873, 26.1863288], [91.7521839, 26.1863848]]]}}, {"type": "Feature", "properties": {"element": "way", "id": 1054721908, "height": null, "building:levels": null, "render_height": 13.854873495959149, "render_min_height": 0.0, "basin_id": "GHY_BHARALU_CORE"}, "geometry": {"type": "Polygon", "coordinates": [[[91.7543111, 26.1861553], [91.7542888, 26.1861554], [91.7542886, 26.1861099], [91.753989, 26.186111], [91.7539892, 26.1861494], [91.7539676, 26.1861495], [91.753968, 26.1862508], [91.7539897, 26.1862507], [91.7539898, 26.1862878], [91.7542894, 26.1862867], [91.7542893, 26.1862688], [91.7543116, 26.1862687], [91.7543117, 26.1862962], [91.7545308, 26.1862954], [91.75453, 26.1861255], [91.7543109, 26.1861264], [91.7543111, 26.1861553]]]}}, {"type": "Feature", "properties": {"element": "way", "id": 1054721909, "height": null, "building:levels": null, "render_height": 6.573983947557444, "render_min_height": 0.0, "basin_id": "GHY_BHARALU_CORE"}, "geometry": {"type": "Polygon", "coordinates": [[[91.7540306, 26.1861026], [91.7545241, 26.1860942], [91.75452, 26.1859003], [91.7540265, 26.1859087], [91.7540306, 26.1861026]]]}}, {"type": "Feature", "properties": {"element": "way", "id": 1054721913, "height": null, "building:levels": null, "render_height": 9.446223254949544, "render_min_height": 0.0, "basin_id": "GHY_BHARALU_CORE"}, "geometry": {"type": "Polygon", "coordinates": [[[91.7580272, 26.1855238], [91.7580275, 26.1854929], [91.7579693, 26.1854924], [91.757969, 26.1855233], [91.7580272, 26.1855238]]]}}, {"type": "Feature", "properties": {"element": "way", "id": 1054721914, "height": null, "building:levels": null, "render_height": 7.372341128653531, "render_min_height": 0.0, "basin_id": "GHY_BHARALU_CORE"}, "geometry": {"type": "Polygon", "coordinates": [[[91.7580414, 26.1854507], [91.7580417, 26.1854258], [91.7579703, 26.1854251], [91.75797, 26.18545], [91.7580414, 26.1854507]]]}}, {"type": "Feature", "properties": {"element": "way", "id": 1054721915, "height": null, "building:levels": null, "render_height": 9.56219243244128, "render_min_height": 0.0, "basin_id": "GHY_BHARALU_CORE"}, "geometry": {"type": "Polygon", "coordinates": [[[91.7579234, 26.1854788], [91.7580411, 26.1854799], [91.7580414, 26.1854507], [91.75797, 26.18545], [91.7579237, 26.1854496], [91.7579234, 26.1854788]]]}}, {"type": "Feature", "properties": {"element": "way", "id": 1054721916, "height": null, "building:levels": null, "render_height": 7.082503256311057, "render_min_height": 0.0, "basin_id": "GHY_BHARALU_CORE"}, "geometry": {"type": "Polygon", "coordinates": [[[91.7578261, 26.1854779], [91.7579234, 26.1854788], [91.7579237, 26.1854496], [91.7579238, 26.1854404], [91.7578266, 26.1854395], [91.7578261, 26.1854779]]]}}, {"type": "Feature", "properties": {"element": "way", "id": 1054721917, "height": null, "building:levels": null, "render_height": 12.609888621942398, "render_min_height": 0.0, "basin_id": "GHY_BHARALU_CORE"}, "geometry": {"type": "Polygon", "coordinates": [[[91.757627, 26.185483], [91.7577989, 26.1854846], [91.7577996, 26.1854277], [91.7576276, 26.1854261], [91.757627, 26.185483]]]}}, {"type": "Feature", "properties": {"element": "way", "id": 1054721918, "height": null, "building:levels": null, "render_height": 8.854956316675064, "render_min_height": 0.0, "basin_id": "GHY_BHARALU_CORE"}, "geometry": {"type": "Polygon", "coordinates": [[[91.7578631, 26.1852217], [91.7578639, 26.1851569], [91.7576953, 26.1851554], [91.7576945, 26.1852202], [91.7578631, 26.1852217]]]}}, {"type": "Feature", "properties": {"element": "way", "id": 1054721919, "height": null, "building:levels": null, "render_height": 10.18305231348932, "render_min_height": 0.0, "basin_id": "GHY_BHARALU_CORE"}, "geometry": {"type": "Polygon", "coordinates": [[[91.7579456, 26.1852328], [91.7579465, 26.1851558], [91.7578973, 26.1851554], [91.7578964, 26.1852324], [91.7579456, 26.1852328]]]}}, {"type": "Feature", "properties": {"element": "way", "id": 1054721920, "height": null, "building:levels": null, "render_height": 12.51907778662914, "render_min_height": 0.0, "basin_id": "GHY_BHARALU_CORE"}, "geometry": {"type": "Polygon", "coordinates": [[[91.7580471, 26.1852124], [91.7580477, 26.1851551], [91.7579835, 26.1851545], [91.7579829, 26.1852118], [91.7580471, 26.1852124]]]}}, {"type": "Feature", "properties": {"element": "way", "id": 1054721921, "height": null, "building:levels": null, "render_height": 5.440994467813203, "render_min_height": 0.0, "basin_id": "GHY_BHARALU_CORE"}, "geometry": {"type": "Polygon", "coordinates": [[[91.7580187, 26.1852932], [91.7580729, 26.1852937], [91.7580736, 26.1852269], [91.7580195, 26.1852264], [91.7580195, 26.1852291], [91.7580187, 26.1852932]]]}}, {"type": "Feature", "properties": {"element": "way", "id": 1054721922, "height": null, "building:levels": null, "render_height": 6.014472023252275, "render_min_height": 0.0, "basin_id": "GHY_BHARALU_CORE"}, "geometry": {"type": "Polygon", "coordinates": [[[91.7580186, 26.1853017], [91.7580187, 26.1852932], [91.7580195, 26.1852291], [91.7579598, 26.1852286], [91.757959, 26.1853012], [91.7580186, 26.1853017]]]}}, {"type": "Feature", "properties": {"element": "way", "id": 1054721923, "height": null, "building:levels": null, "render_height": 12.399205205784183, "render_min_height": 0.0, "basin_id": "GHY_BHARALU_CORE"}, "geometry": {"type": "Polygon", "coordinates": [[[91.7577939, 26.18538], [91.758035, 26.1853823], [91.7580357, 26.1853196], [91.7577946, 26.1853174], [91.7577939, 26.18538]]]}}, {"type": "Feature", "properties": {"element": "way", "id": 1054721924, "height": null, "building:levels": null, "render_height": 10.547388126127473, "render_min_height": 0.0, "basin_id": "GHY_BHARALU_CORE"}, "geometry": {"type": "Polygon", "coordinates": [[[91.7577275, 26.1853681], [91.7577858, 26.1853687], [91.7577863, 26.1853239], [91.757728, 26.1853233], [91.7577275, 26.1853681]]]}}, {"type": "Feature", "properties": {"element": "way", "id": 1054721925, "height": null, "building:levels": null, "render_height": 14.875646448722286, "render_min_height": 0.0, "basin_id": "GHY_BHARALU_CORE"}, "geometry": {"type": "Polygon", "coordinates": [[[91.7575616, 26.1852107], [91.7575597, 26.1853708], [91.7576355, 26.1853715], [91.7576374, 26.1852114], [91.7575616, 26.1852107]]]}}, {"type": "Feature", "properties": {"element": "way", "id": 1054721926, "height": null, "building:levels": null, "render_height": 12.891302670757211, "render_min_height": 0.0, "basin_id": "GHY_BHARALU_CORE"}, "geometry": {"type": "Polygon", "coordinates": [[[91.7573539, 26.1853034], [91.7574569, 26.1853044], [91.7574571, 26.1852914], [91.7575299, 26.1852921], [91.7575312, 26.1851783], [91.757376, 26.1851769], [91.7573759, 26.1851921], [91.7573552, 26.1851919], [91.7573539, 26.1853034]]]}}, {"type": "Feature", "properties": {"element": "way", "id": 1054721927, "height": null, "building:levels": null, "render_height": 11.811557090640385, "render_min_height": 0.0, "basin_id": "GHY_BHARALU_CORE"}, "geometry": {"type": "Polygon", "coordinates": [[[91.7571841, 26.1853358], [91.7573426, 26.1853372], [91.7573444, 26.1851809], [91.7571859, 26.1851794], [91.7571841, 26.1853358]]]}}, {"type": "Feature", "properties": {"element": "way", "id": 1054721928, "height": null, "building:levels": null, "render_height": 9.526521687492917, "render_min_height": 0.0, "basin_id": "GHY_BHARALU_CORE"}, "geometry": {"type": "Polygon", "coordinates": [[[91.7570751, 26.185312], [91.7571219, 26.1853124], [91.7571225, 26.1852575], [91.7570757, 26.1852571], [91.7570751, 26.185312]]]}}, {"type": "Feature", "properties": {"element": "way", "id": 1054721929, "height": null, "building:levels": null, "render_height": 6.901991303006071, "render_min_height": 0.0, "basin_id": "GHY_BHARALU_CORE"}, "geometry": {"type": "Polygon", "coordinates": [[[91.7571291, 26.1853588], [91.7571296, 26.185321], [91.7570713, 26.1853205], [91.7570708, 26.1853582], [91.7571291, 26.1853588]]]}}, {"type": "Feature", "properties": {"element": "way", "id": 1054721930, "height": null, "building:levels": null, "render_height": 6.220846975801163, "render_min_height": 0.0, "basin_id": "GHY_BHARALU_CORE"}, "geometry": {"type": "Polygon", "coordinates": [[[91.7570741, 26.1854821], [91.7571436, 26.1854828], [91.7571445, 26.1854002], [91.7570751, 26.1853996], [91.7570741, 26.1854821]]]}}, {"type": "Feature", "properties": {"element": "way", "id": 1054721931, "height": null, "building:levels": null, "render_height": 7.186262303737296, "render_min_height": 0.0, "basin_id": "GHY_BHARALU_CORE"}, "geometry": {"type": "Polygon", "coordinates": [[[91.7573766, 26.1854768], [91.75738, 26.1854074], [91.7572747, 26.1854034], [91.7572714, 26.1854727], [91.7573766, 26.1854768]]]}}, {"type": "Feature", "properties": {"element": "way", "id": 1054721932, "height": null, "building:levels": null, "render_height": 10.477648003994828, "render_min_height": 0.0, "basin_id": "GHY_BHARALU_CORE"}, "geometry": {"type": "Polygon", "coordinates": [[[91.7573403, 26.1861595], [91.7574645, 26.1861561], [91.757461, 26.186054], [91.7574288, 26.1860268], [91.7573359, 26.1860293], [91.7573327, 26.1859366], [91.7572401, 26.1859391], [91.7572477, 26.1861621], [91.7573403, 26.1861595]]]}}, {"type": "Feature", "properties": {"element": "way", "id": 1054721933, "height": null, "building:levels": null, "render_height": 9.552509060751701, "render_min_height": 0.0, "basin_id": "GHY_BHARALU_CORE"}, "geometry": {"type": "Polygon", "coordinates": [[[91.7573501, 26.1858225], [91.7573518, 26.1857867], [91.7572221, 26.1857817], [91.7572203, 26.1858175], [91.7573501, 26.1858225]]]}}, {"type": "Feature", "properties": {"element": "way", "id": 1054721934, "height": null, "building:levels": null, "render_height": 14.618532032482523, "render_min_height": 0.0, "basin_id": "GHY_BHARALU_CORE"}, "geometry": {"type": "Polygon", "coordinates": [[[91.7575609, 26.1857946], [91.7573741, 26.1857874], [91.7573709, 26.185854], [91.7575577, 26.1858612], [91.7575579, 26.1858569], [91.7575609, 26.1857946]]]}}, {"type": "Feature", "properties": {"element": "way", "id": 1054721935, "height": null, "building:levels": null, "render_height": 7.217000305215665, "render_min_height": 0.0, "basin_id": "GHY_BHARALU_CORE"}, "geometry": {"type": "Polygon", "coordinates": [[[91.7577284, 26.1858635], [91.7577313, 26.1858021], [91.757732, 26.1857874], [91.7575616, 26.1857808], [91.7575609, 26.1857946], [91.7575579, 26.1858569], [91.7577284, 26.1858635]]]}}, {"type": "Feature", "properties": {"element": "way", "id": 1054721936, "height": null, "building:levels": null, "render_height": 14.293794199860958, "render_min_height": 0.0, "basin_id": "GHY_BHARALU_CORE"}, "geometry": {"type": "Polygon", "coordinates": [[[91.7579636, 26.1858864], [91.7579672, 26.1858112], [91.757906, 26.1858088], [91.7577313, 26.1858021], [91.7577284, 26.1858635], [91.7577277, 26.1858773], [91.7579636, 26.1858864]]]}}, {"type": "Feature", "properties": {"element": "way", "id": 1054721937, "height": null, "building:levels": null, "render_height": 6.842309481091332, "render_min_height": 0.0, "basin_id": "GHY_BHARALU_CORE"}, "geometry": {"type": "Polygon", "coordinates": [[[91.7578819, 26.1856795], [91.7578772, 26.1857783], [91.7579665, 26.1857817], [91.7579712, 26.1856829], [91.7578819, 26.1856795]]]}}, {"type": "Feature", "properties": {"element": "way", "id": 1054721938, "height": null, "building:levels": null, "render_height": 7.469307706371122, "render_min_height": 0.0, "basin_id": "GHY_BHARALU_CORE"}, "geometry": {"type": "Polygon", "coordinates": [[[91.7577313, 26.1857757], [91.757877, 26.1857813], [91.7578772, 26.1857783], [91.7578819, 26.1856795], [91.757883, 26.1856557], [91.7577373, 26.1856501], [91.7577313, 26.1857757]]]}}, {"type": "Feature", "properties": {"element": "way", "id": 1054721939, "height": null, "building:levels": null, "render_height": 7.065704843248833, "render_min_height": 0.0, "basin_id": "GHY_BHARALU_CORE"}, "geometry": {"type": "Polygon", "coordinates": [[[91.7578064, 26.1855329], [91.757805, 26.1855629], [91.7578018, 26.1856296], [91.7580093, 26.1856376], [91.7580139, 26.1855409], [91.7579132, 26.185537], [91.7578688, 26.1855043], [91.7578079, 26.1855019], [91.7578064, 26.1855329]]]}}, {"type": "Feature", "properties": {"element": "way", "id": 1054721940, "height": null, "building:levels": null, "render_height": 12.270286274297062, "render_min_height": 0.0, "basin_id": "GHY_BHARALU_CORE"}, "geometry": {"type": "Polygon", "coordinates": [[[91.757805, 26.1855629], [91.7578064, 26.1855329], [91.7578071, 26.1855174], [91.7576274, 26.1855105], [91.7576253, 26.185556], [91.757805, 26.1855629]]]}}, {"type": "Feature", "properties": {"element": "way", "id": 1054721941, "height": null, "building:levels": null, "render_height": 7.251368044327497, "render_min_height": 0.0, "basin_id": "GHY_BHARALU_CORE"}, "geometry": {"type": "Polygon", "coordinates": [[[91.7576253, 26.185556], [91.7576228, 26.185607], [91.7576221, 26.1856227], [91.7578018, 26.1856296], [91.757805, 26.1855629], [91.7576253, 26.185556]]]}}, {"type": "Feature", "properties": {"element": "way", "id": 1054721942, "height": null, "building:levels": null, "render_height": 13.091436952315544, "render_min_height": 0.0, "basin_id": "GHY_BHARALU_CORE"}, "geometry": {"type": "Polygon", "coordinates": [[[91.7574979, 26.1856022], [91.7576228, 26.185607], [91.7576253, 26.185556], [91.7576274, 26.1855105], [91.7575025, 26.1855057], [91.7575, 26.1855586], [91.7574979, 26.1856022]]]}}, {"type": "Feature", "properties": {"element": "way", "id": 1054721943, "height": null, "building:levels": null, "render_height": 5.93848183824835, "render_min_height": 0.0, "basin_id": "GHY_BHARALU_CORE"}, "geometry": {"type": "Polygon", "coordinates": [[[91.7573963, 26.1855546], [91.757479, 26.1855578], [91.7574826, 26.1854828], [91.7573999, 26.1854796], [91.7573963, 26.1855546]]]}}, {"type": "Feature", "properties": {"element": "way", "id": 1054721944, "height": null, "building:levels": null, "render_height": 11.744964781146845, "render_min_height": 0.0, "basin_id": "GHY_BHARALU_CORE"}, "geometry": {"type": "Polygon", "coordinates": [[[91.7573932, 26.1856184], [91.757497, 26.1856224], [91.7574979, 26.1856022], [91.7575, 26.1855586], [91.757479, 26.1855578], [91.7573963, 26.1855546], [91.7573932, 26.1856184]]]}}, {"type": "Feature", "properties": {"element": "way", "id": 1054721945, "height": null, "building:levels": null, "render_height": 5.11144831838156, "render_min_height": 0.0, "basin_id": "GHY_BHARALU_CORE"}, "geometry": {"type": "Polygon", "coordinates": [[[91.7571996, 26.185611], [91.7573932, 26.1856184], [91.7573963, 26.1855546], [91.7573974, 26.1855309], [91.7572038, 26.1855235], [91.7571996, 26.185611]]]}}, {"type": "Feature", "properties": {"element": "way", "id": 1054721946, "height": null, "building:levels": null, "render_height": 10.38534206784419, "render_min_height": 0.0, "basin_id": "GHY_BHARALU_CORE"}, "geometry": {"type": "Polygon", "coordinates": [[[91.7572063, 26.1856826], [91.757209, 26.185627], [91.7571205, 26.1856236], [91.7571178, 26.1856792], [91.7572063, 26.1856826]]]}}, {"type": "Feature", "properties": {"element": "way", "id": 1054721947, "height": null, "building:levels": null, "render_height": 7.214185698186437, "render_min_height": 0.0, "basin_id": "GHY_BHARALU_CORE"}, "geometry": {"type": "Polygon", "coordinates": [[[91.7572204, 26.1857572], [91.7576898, 26.1857752], [91.7576957, 26.1856518], [91.7572263, 26.1856337], [91.7572204, 26.1857572]]]}}, {"type": "Feature", "properties": {"element": "way", "id": 1056710651, "height": null, "building:levels": null, "render_height": 10.11874879495382, "render_min_height": 0.0, "basin_id": "GHY_BHARALU_CORE"}, "geometry": {"type": "Polygon", "coordinates": [[[91.7619285, 26.1831453], [91.7619782, 26.1831489], [91.7619873, 26.1830483], [91.7619375, 26.1830447], [91.7619285, 26.1831453]]]}}, {"type": "Feature", "properties": {"element": "way", "id": 1056710652, "height": null, "building:levels": null, "render_height": 6.723650116899477, "render_min_height": 0.0, "basin_id": "GHY_BHARALU_CORE"}, "geometry": {"type": "Polygon", "coordinates": [[[91.7621238, 26.1830219], [91.7622087, 26.1830281], [91.7622139, 26.18297], [91.7621291, 26.1829639], [91.7621238, 26.1830219]]]}}, {"type": "Feature", "properties": {"element": "way", "id": 1056710653, "height": null, "building:levels": null, "render_height": 12.599331516863808, "render_min_height": 0.0, "basin_id": "GHY_BHARALU_CORE"}, "geometry": {"type": "Polygon", "coordinates": [[[91.761919, 26.1829819], [91.7620366, 26.1829905], [91.7620392, 26.1829618], [91.7619216, 26.1829533], [91.761919, 26.1829819]]]}}, {"type": "Feature", "properties": {"element": "way", "id": 1056710654, "height": null, "building:levels": null, "render_height": 14.718249954029275, "render_min_height": 0.0, "basin_id": "GHY_BHARALU_CORE"}, "geometry": {"type": "Polygon", "coordinates": [[[91.7623267, 26.1849737], [91.7624089, 26.1849692], [91.7624058, 26.1849244], [91.7623236, 26.1849289], [91.7623267, 26.1849737]]]}}, {"type": "Feature", "properties": {"element": "way", "id": 1056710655, "height": null, "building:levels": null, "render_height": 8.912624547524711, "render_min_height": 0.0, "basin_id": "GHY_BHARALU_CORE"}, "geometry": {"type": "Polygon", "coordinates": [[[91.7621805, 26.1849858], [91.7622839, 26.18498], [91.7622757, 26.1848606], [91.7621723, 26.1848663], [91.7621756, 26.1849155], [91.7621805, 26.1849858]]]}}, {"type": "Feature", "properties": {"element": "way", "id": 1056710656, "height": null, "building:levels": null, "render_height": 12.922876174428456, "render_min_height": 0.0, "basin_id": "GHY_BHARALU_CORE"}, "geometry": {"type": "Polygon", "coordinates": [[[91.7621014, 26.1849196], [91.7621058, 26.1849841], [91.7621062, 26.1849899], [91.7621805, 26.1849858], [91.7621756, 26.1849155], [91.7621014, 26.1849196]]]}}, {"type": "Feature", "properties": {"element": "way", "id": 1056710657, "height": null, "building:levels": null, "render_height": 12.6275765967815, "render_min_height": 0.0, "basin_id": "GHY_BHARALU_CORE"}, "geometry": {"type": "Polygon", "coordinates": [[[91.7619672, 26.1849918], [91.7621058, 26.1849841], [91.7621014, 26.1849196], [91.7619628, 26.1849272], [91.7619672, 26.1849918]]]}}, {"type": "Feature", "properties": {"element": "way", "id": 1056710658, "height": null, "building:levels": null, "render_height": 8.323304371972878, "render_min_height": 0.0, "basin_id": "GHY_BHARALU_CORE"}, "geometry": {"type": "Polygon", "coordinates": [[[91.7620035, 26.1848101], [91.7620009, 26.1847728], [91.7619579, 26.1847751], [91.7619604, 26.1848124], [91.7620035, 26.1848101]]]}}, {"type": "Feature", "properties": {"element": "way", "id": 1056710659, "height": null, "building:levels": null, "render_height": 14.7460899605048, "render_min_height": 0.0, "basin_id": "GHY_BHARALU_CORE"}, "geometry": {"type": "Polygon", "coordinates": [[[91.7620234, 26.184868], [91.7620213, 26.1848371], [91.762021, 26.1848321], [91.7619418, 26.1848365], [91.7619442, 26.1848724], [91.7620234, 26.184868]]]}}, {"type": "Feature", "properties": {"element": "way", "id": 1056710660, "height": null, "building:levels": null, "render_height": 6.006825047684515, "render_min_height": 0.0, "basin_id": "GHY_BHARALU_CORE"}, "geometry": {"type": "Polygon", "coordinates": [[[91.7620262, 26.1849087], [91.7621237, 26.1849033], [91.7621188, 26.1848317], [91.7620213, 26.1848371], [91.7620234, 26.184868], [91.7620262, 26.1849087]]]}}, {"type": "Feature", "properties": {"element": "way", "id": 1056710661, "height": null, "building:levels": null, "render_height": 13.396970864681762, "render_min_height": 0.0, "basin_id": "GHY_BHARALU_CORE"}, "geometry": {"type": "Polygon", "coordinates": [[[91.7619753, 26.1846933], [91.7622797, 26.1846765], [91.7622718, 26.1845607], [91.7619673, 26.1845776], [91.7619753, 26.1846933]]]}}, {"type": "Feature", "properties": {"element": "way", "id": 1056710662, "height": null, "building:levels": null, "render_height": 7.257587789541169, "render_min_height": 0.0, "basin_id": "GHY_BHARALU_CORE"}, "geometry": {"type": "Polygon", "coordinates": [[[91.762604, 26.1841217], [91.7625937, 26.1840471], [91.7625292, 26.1840543], [91.7625394, 26.1841288], [91.762604, 26.1841217]]]}}, {"type": "Feature", "properties": {"element": "way", "id": 1056710663, "height": null, "building:levels": null, "render_height": 6.200923966360971, "render_min_height": 0.0, "basin_id": "GHY_BHARALU_CORE"}, "geometry": {"type": "Polygon", "coordinates": [[[91.7619444, 26.1843347], [91.7622433, 26.1843117], [91.7622328, 26.1842011], [91.7619339, 26.1842241], [91.7619444, 26.1843347]]]}}, {"type": "Feature", "properties": {"element": "way", "id": 1056710664, "height": null, "building:levels": null, "render_height": 5.599989053717192, "render_min_height": 0.0, "basin_id": "GHY_BHARALU_CORE"}, "geometry": {"type": "Polygon", "coordinates": [[[91.7622663, 26.1844574], [91.7622581, 26.1843719], [91.7621791, 26.184378], [91.7621873, 26.1844635], [91.7621581, 26.1844658], [91.7621626, 26.1845136], [91.7622709, 26.1845053], [91.7622663, 26.1844574]]]}}, {"type": "Feature", "properties": {"element": "way", "id": 1056710665, "height": null, "building:levels": null, "render_height": 11.718605888521683, "render_min_height": 0.0, "basin_id": "GHY_BHARALU_CORE"}, "geometry": {"type": "Polygon", "coordinates": [[[91.7620946, 26.1845188], [91.7621626, 26.1845136], [91.7621581, 26.1844658], [91.7621563, 26.1844478], [91.7620884, 26.184453], [91.7620946, 26.1845188]]]}}, {"type": "Feature", "properties": {"element": "way", "id": 1056710666, "height": null, "building:levels": null, "render_height": 8.346059886701248, "render_min_height": 0.0, "basin_id": "GHY_BHARALU_CORE"}, "geometry": {"type": "Polygon", "coordinates": [[[91.7619324, 26.1845272], [91.7620262, 26.18452], [91.7620188, 26.1844421], [91.7619249, 26.1844493], [91.7619324, 26.1845272]]]}}, {"type": "Feature", "properties": {"element": "way", "id": 1056710668, "height": null, "building:levels": null, "render_height": 6.514486056717423, "render_min_height": 0.0, "basin_id": "GHY_BHARALU_CORE"}, "geometry": {"type": "Polygon", "coordinates": [[[91.7630415, 26.1844526], [91.763116, 26.1844474], [91.7631125, 26.1844069], [91.763038, 26.1844121], [91.7630415, 26.1844526]]]}}, {"type": "Feature", "properties": {"element": "way", "id": 1056710669, "height": null, "building:levels": null, "render_height": 14.715499435083853, "render_min_height": 0.0, "basin_id": "GHY_BHARALU_CORE"}, "geometry": {"type": "Polygon", "coordinates": [[[91.7630941, 26.1846952], [91.7630789, 26.1845192], [91.7625687, 26.1845547], [91.7625839, 26.1847307], [91.7630941, 26.1846952]]]}}, {"type": "Feature", "properties": {"element": "way", "id": 1056710670, "height": null, "building:levels": null, "render_height": 5.187138695880302, "render_min_height": 0.0, "basin_id": "GHY_BHARALU_CORE"}, "geometry": {"type": "Polygon", "coordinates": [[[91.7624425, 26.1846132], [91.7624808, 26.1846105], [91.7624792, 26.1845912], [91.7624755, 26.1845489], [91.7623401, 26.1845583], [91.7622881, 26.1845619], [91.7622918, 26.1846043], [91.7623438, 26.1846006], [91.7623454, 26.1846199], [91.7623846, 26.1846172], [91.7623868, 26.184642], [91.7624447, 26.184638], [91.7624425, 26.1846132]]]}}, {"type": "Feature", "properties": {"element": "way", "id": 1056710671, "height": null, "building:levels": null, "render_height": 11.317969432751738, "render_min_height": 0.0, "basin_id": "GHY_BHARALU_CORE"}, "geometry": {"type": "Polygon", "coordinates": [[[91.7623387, 26.1847439], [91.7624032, 26.1847394], [91.7623996, 26.1846974], [91.7623951, 26.1846452], [91.7623306, 26.1846497], [91.7623154, 26.1846507], [91.76232, 26.1847029], [91.7623351, 26.1847019], [91.7623387, 26.1847439]]]}}, {"type": "Feature", "properties": {"element": "way", "id": 1056710672, "height": null, "building:levels": null, "render_height": 8.14381457040884, "render_min_height": 0.0, "basin_id": "GHY_BHARALU_CORE"}, "geometry": {"type": "Polygon", "coordinates": [[[91.7624149, 26.1847944], [91.7624101, 26.1847389], [91.7624032, 26.1847394], [91.7623387, 26.1847439], [91.7623435, 26.1847993], [91.7624149, 26.1847944]]]}}, {"type": "Feature", "properties": {"element": "way", "id": 1056710673, "height": null, "building:levels": null, "render_height": 13.272029886324406, "render_min_height": 0.0, "basin_id": "GHY_BHARALU_CORE"}, "geometry": {"type": "Polygon", "coordinates": [[[91.7623977, 26.1849087], [91.7624938, 26.1849021], [91.7624862, 26.1848149], [91.7623902, 26.1848215], [91.7623977, 26.1849087]]]}}, {"type": "Feature", "properties": {"element": "way", "id": 1056710674, "height": null, "building:levels": null, "render_height": 14.24207454339887, "render_min_height": 0.0, "basin_id": "GHY_BHARALU_CORE"}, "geometry": {"type": "Polygon", "coordinates": [[[91.7628416, 26.1849352], [91.7629246, 26.1849294], [91.7629244, 26.184927], [91.7629181, 26.1848534], [91.7628351, 26.1848591], [91.7628416, 26.1849352]]]}}, {"type": "Feature", "properties": {"element": "way", "id": 1056710675, "height": null, "building:levels": null, "render_height": 8.489140485056502, "render_min_height": 0.0, "basin_id": "GHY_BHARALU_CORE"}, "geometry": {"type": "Polygon", "coordinates": [[[91.7631005, 26.1849148], [91.7630941, 26.1848411], [91.7629181, 26.1848534], [91.7629244, 26.184927], [91.7631005, 26.1849148]]]}}, {"type": "Feature", "properties": {"element": "way", "id": 1056710676, "height": null, "building:levels": null, "render_height": 13.047243813066139, "render_min_height": 0.0, "basin_id": "GHY_BHARALU_CORE"}, "geometry": {"type": "Polygon", "coordinates": [[[91.7627357, 26.1848413], [91.7629093, 26.1848293], [91.762908, 26.1848151], [91.7631192, 26.1848004], [91.7631132, 26.1847304], [91.762902, 26.1847451], [91.7627284, 26.1847571], [91.7627357, 26.1848413]]]}}, {"type": "Feature", "properties": {"element": "way", "id": 1056710677, "height": null, "building:levels": null, "render_height": 7.559524837473328, "render_min_height": 0.0, "basin_id": "GHY_BHARALU_CORE"}, "geometry": {"type": "Polygon", "coordinates": [[[91.7625208, 26.1848499], [91.7625278, 26.1849316], [91.7626208, 26.1849251], [91.762606, 26.1847542], [91.7625131, 26.1847607], [91.7624973, 26.1847618], [91.762505, 26.184851], [91.7625208, 26.1848499]]]}}, {"type": "Feature", "properties": {"element": "way", "id": 1056710678, "height": null, "building:levels": null, "render_height": 10.05722476683826, "render_min_height": 0.0, "basin_id": "GHY_BHARALU_CORE"}, "geometry": {"type": "Polygon", "coordinates": [[[91.7631944, 26.1836884], [91.7633227, 26.1836865], [91.7633204, 26.183562], [91.7631921, 26.1835639], [91.7631944, 26.1836884]]]}}, {"type": "Feature", "properties": {"element": "way", "id": 1056710679, "height": null, "building:levels": null, "render_height": 8.693812330199716, "render_min_height": 0.0, "basin_id": "GHY_BHARALU_CORE"}, "geometry": {"type": "Polygon", "coordinates": [[[91.7633781, 26.1836427], [91.7634764, 26.1836412], [91.7634746, 26.183544], [91.7633763, 26.1835454], [91.7633781, 26.1836427]]]}}, {"type": "Feature", "properties": {"element": "way", "id": 1056710680, "height": null, "building:levels": null, "render_height": 8.759389060457329, "render_min_height": 0.0, "basin_id": "GHY_BHARALU_CORE"}, "geometry": {"type": "Polygon", "coordinates": [[[91.7633097, 26.1838774], [91.763308, 26.183787], [91.7632158, 26.1837883], [91.7632174, 26.1838787], [91.7633097, 26.1838774]]]}}, {"type": "Feature", "properties": {"element": "way", "id": 1056710681, "height": null, "building:levels": null, "render_height": 13.345690640733785, "render_min_height": 0.0, "basin_id": "GHY_BHARALU_CORE"}, "geometry": {"type": "Polygon", "coordinates": [[[91.763389, 26.183742], [91.7633902, 26.1838063], [91.7634835, 26.183805], [91.7634808, 26.183657], [91.7633875, 26.1836583], [91.7633882, 26.1836979], [91.7632673, 26.1836997], [91.7632681, 26.1837438], [91.763389, 26.183742]]]}}, {"type": "Feature", "properties": {"element": "way", "id": 1056710682, "height": null, "building:levels": null, "render_height": 8.842412116674673, "render_min_height": 0.0, "basin_id": "GHY_BHARALU_CORE"}, "geometry": {"type": "Polygon", "coordinates": [[[91.7633453, 26.1839589], [91.7634233, 26.1839535], [91.7634202, 26.1839172], [91.7633421, 26.1839226], [91.7633423, 26.1839243], [91.7633453, 26.1839589]]]}}, {"type": "Feature", "properties": {"element": "way", "id": 1056710683, "height": null, "building:levels": null, "render_height": 12.159522979696531, "render_min_height": 0.0, "basin_id": "GHY_BHARALU_CORE"}, "geometry": {"type": "Polygon", "coordinates": [[[91.7631992, 26.1839342], [91.7632022, 26.1839688], [91.7633453, 26.1839589], [91.7633423, 26.1839243], [91.7631992, 26.1839342]]]}}, {"type": "Feature", "properties": {"element": "way", "id": 1056710684, "height": null, "building:levels": null, "render_height": 10.901735965326901, "render_min_height": 0.0, "basin_id": "GHY_BHARALU_CORE"}, "geometry": {"type": "Polygon", "coordinates": [[[91.7634495, 26.1839625], [91.7633621, 26.1839685], [91.7632226, 26.1839782], [91.7632256, 26.1840134], [91.7633651, 26.1840038], [91.7633676, 26.1840328], [91.7635354, 26.1840212], [91.7635299, 26.1839569], [91.7635233, 26.1838801], [91.7634429, 26.1838857], [91.7634495, 26.1839625]]]}}, {"type": "Feature", "properties": {"element": "way", "id": 1056710685, "height": null, "building:levels": null, "render_height": 11.64298308385478, "render_min_height": 0.0, "basin_id": "GHY_BHARALU_CORE"}, "geometry": {"type": "Polygon", "coordinates": [[[91.7632118, 26.1840819], [91.7633325, 26.1840651], [91.7633238, 26.1840152], [91.7632031, 26.184032], [91.7632118, 26.1840819]]]}}, {"type": "Feature", "properties": {"element": "way", "id": 1056710686, "height": null, "building:levels": null, "render_height": 13.56333234724487, "render_min_height": 0.0, "basin_id": "GHY_BHARALU_CORE"}, "geometry": {"type": "Polygon", "coordinates": [[[91.7631984, 26.1841542], [91.7633043, 26.1841289], [91.7632896, 26.1840791], [91.7631836, 26.1841043], [91.7631984, 26.1841542]]]}}, {"type": "Feature", "properties": {"element": "way", "id": 1056710687, "height": null, "building:levels": null, "render_height": 8.99627734115095, "render_min_height": 0.0, "basin_id": "GHY_BHARALU_CORE"}, "geometry": {"type": "Polygon", "coordinates": [[[91.7628068, 26.1841638], [91.7628082, 26.1842188], [91.7628483, 26.1842179], [91.7628469, 26.1841629], [91.7628068, 26.1841638]]]}}, {"type": "Feature", "properties": {"element": "way", "id": 1056710688, "height": null, "building:levels": null, "render_height": 9.625173331607593, "render_min_height": 0.0, "basin_id": "GHY_BHARALU_CORE"}, "geometry": {"type": "Polygon", "coordinates": [[[91.7630441, 26.1841241], [91.7630677, 26.1841229], [91.7630669, 26.1841108], [91.7630434, 26.184112], [91.7630441, 26.1841241]]]}}, {"type": "Feature", "properties": {"element": "way", "id": 1056710689, "height": null, "building:levels": null, "render_height": 11.591208002003059, "render_min_height": 0.0, "basin_id": "GHY_BHARALU_CORE"}, "geometry": {"type": "Polygon", "coordinates": [[[91.7631125, 26.1838713], [91.7629871, 26.1838773], [91.7629905, 26.1839351], [91.763116, 26.1839291], [91.7631125, 26.1838713]]]}}, {"type": "Feature", "properties": {"element": "way", "id": 1056710690, "height": null, "building:levels": null, "render_height": 10.614661789398866, "render_min_height": 0.0, "basin_id": "GHY_BHARALU_CORE"}, "geometry": {"type": "Polygon", "coordinates": [[[91.762961, 26.1838786], [91.7629871, 26.1838773], [91.7631125, 26.1838713], [91.7631096, 26.1838224], [91.7629581, 26.1838296], [91.762961, 26.1838786]]]}}, {"type": "Feature", "properties": {"element": "way", "id": 1056710691, "height": null, "building:levels": null, "render_height": 7.7419974542794865, "render_min_height": 0.0, "basin_id": "GHY_BHARALU_CORE"}, "geometry": {"type": "Polygon", "coordinates": [[[91.7628148, 26.1838076], [91.762868, 26.1838012], [91.7628631, 26.1837678], [91.7628099, 26.1837742], [91.7628148, 26.1838076]]]}}, {"type": "Feature", "properties": {"element": "way", "id": 1056710692, "height": null, "building:levels": null, "render_height": 12.610995017500652, "render_min_height": 0.0, "basin_id": "GHY_BHARALU_CORE"}, "geometry": {"type": "Polygon", "coordinates": [[[91.7626526, 26.1837511], [91.7627157, 26.1837436], [91.7627796, 26.183736], [91.7627719, 26.1836836], [91.7626449, 26.1836987], [91.7626526, 26.1837511]]]}}, {"type": "Feature", "properties": {"element": "way", "id": 1056710693, "height": null, "building:levels": null, "render_height": 9.056583396132613, "render_min_height": 0.0, "basin_id": "GHY_BHARALU_CORE"}, "geometry": {"type": "Polygon", "coordinates": [[[91.7630804, 26.1836956], [91.7631107, 26.1836928], [91.7631072, 26.1836619], [91.7630768, 26.1836648], [91.7630804, 26.1836956]]]}}, {"type": "Feature", "properties": {"element": "way", "id": 1056710694, "height": null, "building:levels": null, "render_height": 14.364941682194459, "render_min_height": 0.0, "basin_id": "GHY_BHARALU_CORE"}, "geometry": {"type": "Polygon", "coordinates": [[[91.7628859, 26.1837329], [91.7629979, 26.1837225], [91.7629905, 26.1836583], [91.7628785, 26.1836687], [91.7628795, 26.1836771], [91.7628859, 26.1837329]]]}}, {"type": "Feature", "properties": {"element": "way", "id": 1056710695, "height": null, "building:levels": null, "render_height": 8.14612733548643, "render_min_height": 0.0, "basin_id": "GHY_BHARALU_CORE"}, "geometry": {"type": "Polygon", "coordinates": [[[91.762796, 26.1836848], [91.7628025, 26.1837407], [91.7628859, 26.1837329], [91.7628795, 26.1836771], [91.7628429, 26.1836805], [91.762796, 26.1836848]]]}}, {"type": "Feature", "properties": {"element": "way", "id": 1056710696, "height": null, "building:levels": null, "render_height": 11.707267818762222, "render_min_height": 0.0, "basin_id": "GHY_BHARALU_CORE"}, "geometry": {"type": "Polygon", "coordinates": [[[91.762796, 26.1836848], [91.7628429, 26.1836805], [91.7628363, 26.1836234], [91.7627895, 26.1836278], [91.762796, 26.1836848]]]}}, {"type": "Feature", "properties": {"element": "way", "id": 1056710697, "height": null, "building:levels": null, "render_height": 14.424260214418947, "render_min_height": 0.0, "basin_id": "GHY_BHARALU_CORE"}, "geometry": {"type": "Polygon", "coordinates": [[[91.7624205, 26.18355], [91.7623532, 26.1835563], [91.7623575, 26.1835933], [91.7624248, 26.1835871], [91.7624205, 26.18355]]]}}, {"type": "Feature", "properties": {"element": "way", "id": 1056710698, "height": null, "building:levels": null, "render_height": 8.59257484316213, "render_min_height": 0.0, "basin_id": "GHY_BHARALU_CORE"}, "geometry": {"type": "Polygon", "coordinates": [[[91.7624205, 26.18355], [91.7624135, 26.1834888], [91.762273, 26.1835019], [91.7622801, 26.183563], [91.7623532, 26.1835563], [91.7624205, 26.18355]]]}}, {"type": "Feature", "properties": {"element": "way", "id": 1056710699, "height": null, "building:levels": null, "render_height": 11.074906165614191, "render_min_height": 0.0, "basin_id": "GHY_BHARALU_CORE"}, "geometry": {"type": "Polygon", "coordinates": [[[91.7625039, 26.1834518], [91.7624414, 26.1834576], [91.7624567, 26.1835909], [91.7625193, 26.1835851], [91.7625039, 26.1834518]]]}}, {"type": "Feature", "properties": {"element": "way", "id": 1056710700, "height": null, "building:levels": null, "render_height": 9.230146951127034, "render_min_height": 0.0, "basin_id": "GHY_BHARALU_CORE"}, "geometry": {"type": "Polygon", "coordinates": [[[91.7625613, 26.1834465], [91.7625714, 26.183534], [91.7626173, 26.1835297], [91.7626072, 26.1834423], [91.7625613, 26.1834465]]]}}, {"type": "Feature", "properties": {"element": "way", "id": 1056710701, "height": null, "building:levels": null, "render_height": 12.346851724425703, "render_min_height": 0.0, "basin_id": "GHY_BHARALU_CORE"}, "geometry": {"type": "Polygon", "coordinates": [[[91.7625225, 26.1836126], [91.7625799, 26.1836073], [91.7625714, 26.183534], [91.7625613, 26.1834465], [91.7625039, 26.1834518], [91.7625193, 26.1835851], [91.7625225, 26.1836126]]]}}, {"type": "Feature", "properties": {"element": "way", "id": 1056710702, "height": null, "building:levels": null, "render_height": 14.222100656344951, "render_min_height": 0.0, "basin_id": "GHY_BHARALU_CORE"}, "geometry": {"type": "Polygon", "coordinates": [[[91.7626257, 26.183603], [91.7627092, 26.1835952], [91.7626891, 26.1834207], [91.7626056, 26.1834285], [91.7626072, 26.1834423], [91.7626173, 26.1835297], [91.7626257, 26.183603]]]}}, {"type": "Feature", "properties": {"element": "way", "id": 1056710703, "height": null, "building:levels": null, "render_height": 11.926886093974044, "render_min_height": 0.0, "basin_id": "GHY_BHARALU_CORE"}, "geometry": {"type": "Polygon", "coordinates": [[[91.7628363, 26.1834513], [91.7628362, 26.1834199], [91.7627276, 26.18342], [91.7627277, 26.1834514], [91.7627987, 26.1834513], [91.7628363, 26.1834513]]]}}, {"type": "Feature", "properties": {"element": "way", "id": 1056710704, "height": null, "building:levels": null, "render_height": 6.263728992959379, "render_min_height": 0.0, "basin_id": "GHY_BHARALU_CORE"}, "geometry": {"type": "Polygon", "coordinates": [[[91.7627236, 26.183556], [91.7627853, 26.1835559], [91.7627855, 26.1835559], [91.7627853, 26.1834561], [91.7627235, 26.1834562], [91.7627236, 26.183556]]]}}, {"type": "Feature", "properties": {"element": "way", "id": 1056710705, "height": null, "building:levels": null, "render_height": 5.336354015009467, "render_min_height": 0.0, "basin_id": "GHY_BHARALU_CORE"}, "geometry": {"type": "Polygon", "coordinates": [[[91.7627853, 26.1835909], [91.7627853, 26.1835559], [91.7627236, 26.183556], [91.7627237, 26.183591], [91.7627853, 26.1835909]]]}}, {"type": "Feature", "properties": {"element": "way", "id": 1056710706, "height": null, "building:levels": null, "render_height": 14.846920946321648, "render_min_height": 0.0, "basin_id": "GHY_BHARALU_CORE"}, "geometry": {"type": "Polygon", "coordinates": [[[91.7628135, 26.1835224], [91.7628136, 26.183585], [91.7628687, 26.1835849], [91.7628686, 26.1835223], [91.7628135, 26.1835224]]]}}, {"type": "Feature", "properties": {"element": "way", "id": 1056710707, "height": null, "building:levels": null, "render_height": 13.752836560848348, "render_min_height": 0.0, "basin_id": "GHY_BHARALU_CORE"}, "geometry": {"type": "Polygon", "coordinates": [[[91.7628686, 26.1835223], [91.7628685, 26.1834512], [91.7628363, 26.1834513], [91.7627987, 26.1834513], [91.7627988, 26.1835224], [91.7628135, 26.1835224], [91.7628686, 26.1835223]]]}}, {"type": "Feature", "properties": {"element": "way", "id": 1056710708, "height": null, "building:levels": null, "render_height": 13.644476245680224, "render_min_height": 0.0, "basin_id": "GHY_BHARALU_CORE"}, "geometry": {"type": "Polygon", "coordinates": [[[91.7629089, 26.1835849], [91.7629557, 26.1835848], [91.7629556, 26.1835392], [91.7629088, 26.1835393], [91.7629089, 26.1835849]]]}}, {"type": "Feature", "properties": {"element": "way", "id": 1056710709, "height": null, "building:levels": null, "render_height": 12.863707319374853, "render_min_height": 0.0, "basin_id": "GHY_BHARALU_CORE"}, "geometry": {"type": "Polygon", "coordinates": [[[91.7629088, 26.1835393], [91.7629087, 26.1834802], [91.7629086, 26.1834501], [91.7628685, 26.1834501], [91.7628685, 26.1834512], [91.7628686, 26.1835223], [91.7628687, 26.1835849], [91.7629089, 26.1835849], [91.7629088, 26.1835393]]]}}, {"type": "Feature", "properties": {"element": "way", "id": 1056710710, "height": null, "building:levels": null, "render_height": 5.92440065555397, "render_min_height": 0.0, "basin_id": "GHY_BHARALU_CORE"}, "geometry": {"type": "Polygon", "coordinates": [[[91.7629851, 26.1835392], [91.762985, 26.1834801], [91.7629087, 26.1834802], [91.7629088, 26.1835393], [91.7629556, 26.1835392], [91.7629851, 26.1835392]]]}}, {"type": "Feature", "properties": {"element": "way", "id": 1056710711, "height": null, "building:levels": null, "render_height": 11.606967767629659, "render_min_height": 0.0, "basin_id": "GHY_BHARALU_CORE"}, "geometry": {"type": "Polygon", "coordinates": [[[91.7631152, 26.1835163], [91.7630617, 26.1835164], [91.7630575, 26.1835164], [91.7630576, 26.1835632], [91.7631153, 26.1835632], [91.7631152, 26.1835163]]]}}, {"type": "Feature", "properties": {"element": "way", "id": 1056710712, "height": null, "building:levels": null, "render_height": 7.626747564480145, "render_min_height": 0.0, "basin_id": "GHY_BHARALU_CORE"}, "geometry": {"type": "Polygon", "coordinates": [[[91.7630616, 26.1834381], [91.7630617, 26.1835164], [91.7631152, 26.1835163], [91.7631151, 26.183438], [91.763114, 26.183438], [91.7630616, 26.1834381]]]}}, {"type": "Feature", "properties": {"element": "way", "id": 1056710713, "height": null, "building:levels": null, "render_height": 14.499543943612462, "render_min_height": 0.0, "basin_id": "GHY_BHARALU_CORE"}, "geometry": {"type": "Polygon", "coordinates": [[[91.763114, 26.1834006], [91.7630615, 26.1834007], [91.7630616, 26.1834381], [91.763114, 26.183438], [91.763114, 26.1834006]]]}}, {"type": "Feature", "properties": {"element": "way", "id": 1056710714, "height": null, "building:levels": null, "render_height": 10.484289341292413, "render_min_height": 0.0, "basin_id": "GHY_BHARALU_CORE"}, "geometry": {"type": "Polygon", "coordinates": [[[91.7629771, 26.1834008], [91.7630615, 26.1834007], [91.763114, 26.1834006], [91.7631139, 26.1833562], [91.762977, 26.1833564], [91.7629771, 26.1834008]]]}}, {"type": "Feature", "properties": {"element": "way", "id": 1056710715, "height": null, "building:levels": null, "render_height": 10.77178208989588, "render_min_height": 0.0, "basin_id": "GHY_BHARALU_CORE"}, "geometry": {"type": "Polygon", "coordinates": [[[91.7626861, 26.183402], [91.7628337, 26.1834018], [91.7628336, 26.183325], [91.762686, 26.1833251], [91.7626861, 26.183402]]]}}, {"type": "Feature", "properties": {"element": "way", "id": 1056710716, "height": null, "building:levels": null, "render_height": 14.493845408964384, "render_min_height": 0.0, "basin_id": "GHY_BHARALU_CORE"}, "geometry": {"type": "Polygon", "coordinates": [[[91.7625119, 26.1834042], [91.7626405, 26.183404], [91.7626404, 26.1833413], [91.7625118, 26.1833415], [91.7625119, 26.1834042]]]}}, {"type": "Feature", "properties": {"element": "way", "id": 1056710717, "height": null, "building:levels": null, "render_height": 8.755583629504407, "render_min_height": 0.0, "basin_id": "GHY_BHARALU_CORE"}, "geometry": {"type": "Polygon", "coordinates": [[[91.7627495, 26.1832527], [91.7627474, 26.183215], [91.7626847, 26.1832178], [91.7626868, 26.1832555], [91.7627495, 26.1832527]]]}}, {"type": "Feature", "properties": {"element": "way", "id": 1056710718, "height": null, "building:levels": null, "render_height": 9.250274156641556, "render_min_height": 0.0, "basin_id": "GHY_BHARALU_CORE"}, "geometry": {"type": "Polygon", "coordinates": [[[91.7627448, 26.183167], [91.7627472, 26.1832114], [91.7627474, 26.183215], [91.7627495, 26.1832527], [91.7627504, 26.1832696], [91.7628368, 26.1832657], [91.762835, 26.1832336], [91.7629084, 26.1832303], [91.7629047, 26.1831637], [91.7628313, 26.183167], [91.7628261, 26.183072], [91.7627397, 26.1830758], [91.7627396, 26.1830732], [91.7626807, 26.1830758], [91.7626859, 26.1831696], [91.7627448, 26.183167]]]}}, {"type": "Feature", "properties": {"element": "way", "id": 1056710719, "height": null, "building:levels": null, "render_height": 5.114202775540198, "render_min_height": 0.0, "basin_id": "GHY_BHARALU_CORE"}, "geometry": {"type": "Polygon", "coordinates": [[[91.7624152, 26.182988], [91.7624123, 26.1831183], [91.7624104, 26.1832024], [91.7624634, 26.1832034], [91.7624651, 26.1831273], [91.7625994, 26.1831507], [91.7626284, 26.1830169], [91.7624682, 26.1829889], [91.7624152, 26.182988]]]}}, {"type": "Feature", "properties": {"element": "way", "id": 1056710720, "height": null, "building:levels": null, "render_height": 12.718786925676426, "render_min_height": 0.0, "basin_id": "GHY_BHARALU_CORE"}, "geometry": {"type": "Polygon", "coordinates": [[[91.762328, 26.1831167], [91.7624123, 26.1831183], [91.7624152, 26.182988], [91.7623309, 26.1829865], [91.762328, 26.1831167]]]}}, {"type": "Feature", "properties": {"element": "way", "id": 1056710721, "height": null, "building:levels": null, "render_height": 9.738276681306932, "render_min_height": 0.0, "basin_id": "GHY_BHARALU_CORE"}, "geometry": {"type": "Polygon", "coordinates": [[[91.7620167, 26.1832628], [91.7622063, 26.1832662], [91.7622085, 26.1831675], [91.7620189, 26.1831641], [91.7620167, 26.1832628]]]}}, {"type": "Feature", "properties": {"element": "way", "id": 1056710722, "height": null, "building:levels": null, "render_height": 5.254264699072532, "render_min_height": 0.0, "basin_id": "GHY_BHARALU_CORE"}, "geometry": {"type": "Polygon", "coordinates": [[[91.7621751, 26.1834125], [91.7621831, 26.1833197], [91.7619384, 26.1833027], [91.7619304, 26.1833955], [91.7621751, 26.1834125]]]}}, {"type": "Feature", "properties": {"element": "way", "id": 1056710723, "height": null, "building:levels": null, "render_height": 10.393383997521948, "render_min_height": 0.0, "basin_id": "GHY_BHARALU_CORE"}, "geometry": {"type": "Polygon", "coordinates": [[[91.7622585, 26.1833964], [91.7624248, 26.1833929], [91.7624212, 26.183254], [91.7622549, 26.1832575], [91.7622585, 26.1833964]]]}}, {"type": "Feature", "properties": {"element": "way", "id": 1056710724, "height": null, "building:levels": null, "render_height": 6.098477019352861, "render_min_height": 0.0, "basin_id": "GHY_BHARALU_CORE"}, "geometry": {"type": "Polygon", "coordinates": [[[91.761975, 26.1835496], [91.762213, 26.1835615], [91.7622194, 26.1834576], [91.7619814, 26.1834457], [91.761975, 26.1835496]]]}}, {"type": "Feature", "properties": {"element": "way", "id": 1056710725, "height": null, "building:levels": null, "render_height": 8.530851281798192, "render_min_height": 0.0, "basin_id": "GHY_BHARALU_CORE"}, "geometry": {"type": "Polygon", "coordinates": [[[91.7619256, 26.1836917], [91.7621049, 26.1837044], [91.7621132, 26.1836099], [91.761934, 26.1835972], [91.7619256, 26.1836917]]]}}, {"type": "Feature", "properties": {"element": "way", "id": 1056710726, "height": null, "building:levels": null, "render_height": 5.0112402981955215, "render_min_height": 0.0, "basin_id": "GHY_BHARALU_CORE"}, "geometry": {"type": "Polygon", "coordinates": [[[91.7623051, 26.1836928], [91.7623031, 26.1836789], [91.7622979, 26.1836437], [91.762231, 26.1836517], [91.7622383, 26.1837007], [91.7623051, 26.1836928]]]}}, {"type": "Feature", "properties": {"element": "way", "id": 1056710727, "height": null, "building:levels": null, "render_height": 12.669948699422338, "render_min_height": 0.0, "basin_id": "GHY_BHARALU_CORE"}, "geometry": {"type": "Polygon", "coordinates": [[[91.7623639, 26.1837212], [91.7623567, 26.1836725], [91.7623031, 26.1836789], [91.7623051, 26.1836928], [91.7623103, 26.1837276], [91.7623639, 26.1837212]]]}}, {"type": "Feature", "properties": {"element": "way", "id": 1056710728, "height": null, "building:levels": null, "render_height": 7.160618867565574, "render_min_height": 0.0, "basin_id": "GHY_BHARALU_CORE"}, "geometry": {"type": "Polygon", "coordinates": [[[91.7623552, 26.1836627], [91.7623567, 26.1836725], [91.7623639, 26.1837212], [91.7624264, 26.1837138], [91.7624177, 26.1836553], [91.7623552, 26.1836627]]]}}, {"type": "Feature", "properties": {"element": "way", "id": 1056710729, "height": null, "building:levels": null, "render_height": 9.87215871593069, "render_min_height": 0.0, "basin_id": "GHY_BHARALU_CORE"}, "geometry": {"type": "Polygon", "coordinates": [[[91.762377, 26.1838125], [91.762364, 26.1837244], [91.7622746, 26.1837351], [91.7622876, 26.1838232], [91.762377, 26.1838125]]]}}, {"type": "Feature", "properties": {"element": "way", "id": 1056710730, "height": null, "building:levels": null, "render_height": 5.995749826151719, "render_min_height": 0.0, "basin_id": "GHY_BHARALU_CORE"}, "geometry": {"type": "Polygon", "coordinates": [[[91.7624074, 26.1838363], [91.7625708, 26.1838169], [91.7625651, 26.1837778], [91.7624016, 26.1837973], [91.7624074, 26.1838363]]]}}, {"type": "Feature", "properties": {"element": "way", "id": 1056710731, "height": null, "building:levels": null, "render_height": 10.45892402632414, "render_min_height": 0.0, "basin_id": "GHY_BHARALU_CORE"}, "geometry": {"type": "Polygon", "coordinates": [[[91.7625627, 26.1837618], [91.7625547, 26.183708], [91.7623857, 26.1837281], [91.7623936, 26.1837819], [91.7625627, 26.1837618]]]}}, {"type": "Feature", "properties": {"element": "way", "id": 1056710732, "height": null, "building:levels": null, "render_height": 10.604643121868857, "render_min_height": 0.0, "basin_id": "GHY_BHARALU_CORE"}, "geometry": {"type": "Polygon", "coordinates": [[[91.7625627, 26.1837618], [91.7626188, 26.1837551], [91.7626096, 26.1836932], [91.7625535, 26.1836999], [91.7625547, 26.183708], [91.7625627, 26.1837618]]]}}, {"type": "Feature", "properties": {"element": "way", "id": 1056710733, "height": null, "building:levels": null, "render_height": 10.469718522834917, "render_min_height": 0.0, "basin_id": "GHY_BHARALU_CORE"}, "geometry": {"type": "Polygon", "coordinates": [[[91.762725, 26.1838063], [91.7627157, 26.1837436], [91.7626526, 26.1837511], [91.7626188, 26.1837551], [91.7625627, 26.1837618], [91.7625651, 26.1837778], [91.7625708, 26.1838169], [91.762572, 26.1838246], [91.762725, 26.1838063]]]}}, {"type": "Feature", "properties": {"element": "way", "id": 1056710734, "height": null, "building:levels": null, "render_height": 11.325981966518178, "render_min_height": 0.0, "basin_id": "GHY_BHARALU_CORE"}, "geometry": {"type": "Polygon", "coordinates": [[[91.7627535, 26.183845], [91.7627884, 26.1838409], [91.7627799, 26.1837835], [91.762745, 26.1837876], [91.7627535, 26.183845]]]}}, {"type": "Feature", "properties": {"element": "way", "id": 1056710735, "height": null, "building:levels": null, "render_height": 9.655584277009641, "render_min_height": 0.0, "basin_id": "GHY_BHARALU_CORE"}, "geometry": {"type": "Polygon", "coordinates": [[[91.7627625, 26.1840194], [91.7628189, 26.1840127], [91.7628081, 26.1839399], [91.7627518, 26.1839466], [91.7627625, 26.1840194]]]}}, {"type": "Feature", "properties": {"element": "way", "id": 1056710736, "height": null, "building:levels": null, "render_height": 6.724287657661751, "render_min_height": 0.0, "basin_id": "GHY_BHARALU_CORE"}, "geometry": {"type": "Polygon", "coordinates": [[[91.7628054, 26.1838388], [91.7628171, 26.1839181], [91.762819, 26.1839304], [91.7629006, 26.1839207], [91.7628871, 26.1838291], [91.7628054, 26.1838388]]]}}, {"type": "Feature", "properties": {"element": "way", "id": 1056710737, "height": null, "building:levels": null, "render_height": 10.818369584785284, "render_min_height": 0.0, "basin_id": "GHY_BHARALU_CORE"}, "geometry": {"type": "Polygon", "coordinates": [[[91.7627652, 26.1839243], [91.7628171, 26.1839181], [91.7628054, 26.1838388], [91.7627884, 26.1838409], [91.7627535, 26.183845], [91.7627652, 26.1839243]]]}}, {"type": "Feature", "properties": {"element": "way", "id": 1056710738, "height": null, "building:levels": null, "render_height": 5.072915548058377, "render_min_height": 0.0, "basin_id": "GHY_BHARALU_CORE"}, "geometry": {"type": "Polygon", "coordinates": [[[91.7627022, 26.1839869], [91.7627502, 26.1839812], [91.7627317, 26.1838557], [91.7626836, 26.1838614], [91.7627022, 26.1839869]]]}}, {"type": "Feature", "properties": {"element": "way", "id": 1056710739, "height": null, "building:levels": null, "render_height": 11.434555816473509, "render_min_height": 0.0, "basin_id": "GHY_BHARALU_CORE"}, "geometry": {"type": "Polygon", "coordinates": [[[91.7625968, 26.1840014], [91.7626816, 26.1839913], [91.7626713, 26.1839219], [91.7625865, 26.183932], [91.7625968, 26.1840014]]]}}, {"type": "Feature", "properties": {"element": "way", "id": 1056710740, "height": null, "building:levels": null, "render_height": 7.5021916064169165, "render_min_height": 0.0, "basin_id": "GHY_BHARALU_CORE"}, "geometry": {"type": "Polygon", "coordinates": [[[91.7625573, 26.1840061], [91.7625968, 26.1840014], [91.7625865, 26.183932], [91.7625788, 26.1838798], [91.7625393, 26.1838845], [91.7625573, 26.1840061]]]}}, {"type": "Feature", "properties": {"element": "way", "id": 1056710741, "height": null, "building:levels": null, "render_height": 8.1463297663469, "render_min_height": 0.0, "basin_id": "GHY_BHARALU_CORE"}, "geometry": {"type": "Polygon", "coordinates": [[[91.7624397, 26.1838865], [91.7625032, 26.183879], [91.7624983, 26.1838461], [91.7624349, 26.1838536], [91.7624397, 26.1838865]]]}}, {"type": "Feature", "properties": {"element": "way", "id": 1056710742, "height": null, "building:levels": null, "render_height": 9.885050719159416, "render_min_height": 0.0, "basin_id": "GHY_BHARALU_CORE"}, "geometry": {"type": "Polygon", "coordinates": [[[91.7624397, 26.1838865], [91.7624442, 26.1839167], [91.7624586, 26.1840142], [91.7625265, 26.1840061], [91.7625076, 26.1838784], [91.7625032, 26.183879], [91.7624397, 26.1838865]]]}}, {"type": "Feature", "properties": {"element": "way", "id": 1056710743, "height": null, "building:levels": null, "render_height": 8.1753193692451, "render_min_height": 0.0, "basin_id": "GHY_BHARALU_CORE"}, "geometry": {"type": "Polygon", "coordinates": [[[91.7624442, 26.1839167], [91.7623569, 26.1839271], [91.7623687, 26.184007], [91.762456, 26.1839966], [91.7624442, 26.1839167]]]}}, {"type": "Feature", "properties": {"element": "way", "id": 1056710744, "height": null, "building:levels": null, "render_height": 7.522258953391631, "render_min_height": 0.0, "basin_id": "GHY_BHARALU_CORE"}, "geometry": {"type": "Polygon", "coordinates": [[[91.7622915, 26.1839348], [91.7623569, 26.1839271], [91.7624442, 26.1839167], [91.7624397, 26.1838865], [91.7624349, 26.1838536], [91.7624339, 26.1838473], [91.7622813, 26.1838654], [91.7622915, 26.1839348]]]}}, {"type": "Feature", "properties": {"element": "way", "id": 1056710745, "height": null, "building:levels": null, "render_height": 9.375009926514341, "render_min_height": 0.0, "basin_id": "GHY_BHARALU_CORE"}, "geometry": {"type": "Polygon", "coordinates": [[[91.7623033, 26.1840148], [91.7623687, 26.184007], [91.7623569, 26.1839271], [91.7622915, 26.1839348], [91.7623033, 26.1840148]]]}}, {"type": "Feature", "properties": {"element": "way", "id": 1056710746, "height": null, "building:levels": null, "render_height": 13.528944084562365, "render_min_height": 0.0, "basin_id": "GHY_BHARALU_CORE"}, "geometry": {"type": "Polygon", "coordinates": [[[91.7620138, 26.1837498], [91.7620031, 26.1838485], [91.762002, 26.1838591], [91.7621697, 26.1838737], [91.7621816, 26.1837645], [91.7620138, 26.1837498]]]}}, {"type": "Feature", "properties": {"element": "way", "id": 1056710747, "height": null, "building:levels": null, "render_height": 8.335123062149828, "render_min_height": 0.0, "basin_id": "GHY_BHARALU_CORE"}, "geometry": {"type": "Polygon", "coordinates": [[[91.7619337, 26.1838425], [91.7620031, 26.1838485], [91.7620138, 26.1837498], [91.7619444, 26.1837438], [91.7619337, 26.1838425]]]}}, {"type": "Feature", "properties": {"element": "way", "id": 1056710748, "height": null, "building:levels": null, "render_height": 11.118294954921387, "render_min_height": 0.0, "basin_id": "GHY_BHARALU_CORE"}, "geometry": {"type": "Polygon", "coordinates": [[[91.7619214, 26.1839609], [91.761927, 26.1840482], [91.7622288, 26.1840326], [91.7622231, 26.1839453], [91.7619949, 26.1839571], [91.7619941, 26.1839435], [91.7619205, 26.1839474], [91.7619214, 26.1839609]]]}}, {"type": "Feature", "properties": {"element": "way", "id": 1056710749, "height": null, "building:levels": null, "render_height": 14.75961614371697, "render_min_height": 0.0, "basin_id": "GHY_BHARALU_CORE"}, "geometry": {"type": "Polygon", "coordinates": [[[91.7619887, 26.1840663], [91.7619384, 26.1840719], [91.7619525, 26.1841746], [91.7620028, 26.184169], [91.7619978, 26.1841322], [91.7619887, 26.1840663]]]}}, {"type": "Feature", "properties": {"element": "way", "id": 1056710750, "height": null, "building:levels": null, "render_height": 11.420216899397392, "render_min_height": 0.0, "basin_id": "GHY_BHARALU_CORE"}, "geometry": {"type": "Polygon", "coordinates": [[[91.7620383, 26.1841277], [91.7620293, 26.1840618], [91.7619887, 26.1840663], [91.7619978, 26.1841322], [91.7620383, 26.1841277]]]}}, {"type": "Feature", "properties": {"element": "way", "id": 1056710751, "height": null, "building:levels": null, "render_height": 11.219395040276384, "render_min_height": 0.0, "basin_id": "GHY_BHARALU_CORE"}, "geometry": {"type": "Polygon", "coordinates": [[[91.7621161, 26.1841927], [91.7622301, 26.18418], [91.7622256, 26.1841472], [91.7622127, 26.1840531], [91.7620986, 26.1840657], [91.7620629, 26.1840697], [91.7620759, 26.1841638], [91.7621116, 26.1841598], [91.7621161, 26.1841927]]]}}, {"type": "Feature", "properties": {"element": "way", "id": 1056710752, "height": null, "building:levels": null, "render_height": 11.922678162614556, "render_min_height": 0.0, "basin_id": "GHY_BHARALU_CORE"}, "geometry": {"type": "Polygon", "coordinates": [[[91.7622891, 26.1841866], [91.7623409, 26.1841809], [91.7623253, 26.1840675], [91.7622735, 26.1840732], [91.7622891, 26.1841866]]]}}, {"type": "Feature", "properties": {"element": "way", "id": 1056710753, "height": null, "building:levels": null, "render_height": 10.780234280222395, "render_min_height": 0.0, "basin_id": "GHY_BHARALU_CORE"}, "geometry": {"type": "Polygon", "coordinates": [[[91.7624407, 26.1842155], [91.7624345, 26.1841705], [91.7623409, 26.1841809], [91.7622891, 26.1841866], [91.7622953, 26.1842316], [91.7624407, 26.1842155]]]}}, {"type": "Feature", "properties": {"element": "way", "id": 1056710754, "height": null, "building:levels": null, "render_height": 9.156329385153956, "render_min_height": 0.0, "basin_id": "GHY_BHARALU_CORE"}, "geometry": {"type": "Polygon", "coordinates": [[[91.7624286, 26.1840543], [91.7623584, 26.184062], [91.7623723, 26.1841626], [91.7624424, 26.1841548], [91.7624286, 26.1840543]]]}}, {"type": "Feature", "properties": {"element": "way", "id": 1056710755, "height": null, "building:levels": null, "render_height": 9.656406452303742, "render_min_height": 0.0, "basin_id": "GHY_BHARALU_CORE"}, "geometry": {"type": "Polygon", "coordinates": [[[91.7624862, 26.1841939], [91.7624665, 26.1840501], [91.7624286, 26.1840543], [91.7624424, 26.1841548], [91.7624484, 26.1841981], [91.7624862, 26.1841939]]]}}, {"type": "Feature", "properties": {"element": "way", "id": 1056710756, "height": null, "building:levels": null, "render_height": 6.297034715333637, "render_min_height": 0.0, "basin_id": "GHY_BHARALU_CORE"}, "geometry": {"type": "Polygon", "coordinates": [[[91.7625023, 26.1841722], [91.7625081, 26.1842143], [91.7626163, 26.1842023], [91.7626105, 26.1841602], [91.7625023, 26.1841722]]]}}, {"type": "Feature", "properties": {"element": "way", "id": 1056710757, "height": null, "building:levels": null, "render_height": 11.23969228670074, "render_min_height": 0.0, "basin_id": "GHY_BHARALU_CORE"}, "geometry": {"type": "Polygon", "coordinates": [[[91.7626443, 26.1841392], [91.7627383, 26.1841288], [91.7627317, 26.1840807], [91.7626377, 26.1840912], [91.7626443, 26.1841392]]]}}, {"type": "Feature", "properties": {"element": "way", "id": 1056710758, "height": null, "building:levels": null, "render_height": 14.027300022344853, "render_min_height": 0.0, "basin_id": "GHY_BHARALU_CORE"}, "geometry": {"type": "Polygon", "coordinates": [[[91.7626069, 26.1841433], [91.7626443, 26.1841392], [91.7626377, 26.1840912], [91.7626309, 26.1840417], [91.7625935, 26.1840458], [91.7625937, 26.1840471], [91.762604, 26.1841217], [91.7626069, 26.1841433]]]}}, {"type": "Feature", "properties": {"element": "way", "id": 1056710759, "height": null, "building:levels": null, "render_height": 8.096164567199537, "render_min_height": 0.0, "basin_id": "GHY_BHARALU_CORE"}, "geometry": {"type": "Polygon", "coordinates": [[[91.7628068, 26.1841638], [91.762804, 26.1840555], [91.7627491, 26.1840567], [91.7627519, 26.1841649], [91.7628068, 26.1841638]]]}}, {"type": "Feature", "properties": {"element": "way", "id": 1056710760, "height": null, "building:levels": null, "render_height": 8.311351684935115, "render_min_height": 0.0, "basin_id": "GHY_BHARALU_CORE"}, "geometry": {"type": "Polygon", "coordinates": [[[91.7629548, 26.1840833], [91.7630187, 26.1840819], [91.7630175, 26.1840366], [91.7629537, 26.1840379], [91.7628618, 26.1840398], [91.7628644, 26.1841433], [91.7629563, 26.1841414], [91.7629548, 26.1840833]]]}}, {"type": "Feature", "properties": {"element": "way", "id": 1056710761, "height": null, "building:levels": null, "render_height": 8.53094232111975, "render_min_height": 0.0, "basin_id": "GHY_BHARALU_CORE"}, "geometry": {"type": "Polygon", "coordinates": [[[91.7629476, 26.1843359], [91.7631105, 26.184329], [91.7631072, 26.1842661], [91.7629443, 26.1842729], [91.7629476, 26.1843359]]]}}, {"type": "Feature", "properties": {"element": "way", "id": 1056710762, "height": null, "building:levels": null, "render_height": 7.498235336197586, "render_min_height": 0.0, "basin_id": "GHY_BHARALU_CORE"}, "geometry": {"type": "Polygon", "coordinates": [[[91.7626638, 26.1842516], [91.7626673, 26.184319], [91.7626675, 26.1843235], [91.7628309, 26.1843166], [91.7628272, 26.1842447], [91.7626638, 26.1842516]]]}}, {"type": "Feature", "properties": {"element": "way", "id": 1056710763, "height": null, "building:levels": null, "render_height": 13.678376601533476, "render_min_height": 0.0, "basin_id": "GHY_BHARALU_CORE"}, "geometry": {"type": "Polygon", "coordinates": [[[91.7625117, 26.1842276], [91.7625168, 26.1843254], [91.7626673, 26.184319], [91.7626638, 26.1842516], [91.7626622, 26.1842212], [91.7625117, 26.1842276]]]}}, {"type": "Feature", "properties": {"element": "way", "id": 1056710764, "height": null, "building:levels": null, "render_height": 10.25200806447485, "render_min_height": 0.0, "basin_id": "GHY_BHARALU_CORE"}, "geometry": {"type": "Polygon", "coordinates": [[[91.7623293, 26.1843419], [91.7625173, 26.184334], [91.7625168, 26.1843254], [91.7625117, 26.1842276], [91.7623238, 26.1842355], [91.7623293, 26.1843419]]]}}, {"type": "Feature", "properties": {"element": "way", "id": 1056710765, "height": null, "building:levels": null, "render_height": 12.859399703167561, "render_min_height": 0.0, "basin_id": "GHY_BHARALU_CORE"}, "geometry": {"type": "Polygon", "coordinates": [[[91.7623588, 26.1844815], [91.7628162, 26.1844622], [91.76281, 26.1843447], [91.7623527, 26.1843639], [91.7623588, 26.1844815]]]}}, {"type": "Feature", "properties": {"element": "way", "id": 1056710770, "height": null, "building:levels": null, "render_height": 10.099130646946819, "render_min_height": 0.0, "basin_id": "GHY_BHARALU_CORE"}, "geometry": {"type": "Polygon", "coordinates": [[[91.7616914, 26.1852932], [91.7617702, 26.1852879], [91.7617644, 26.18522], [91.7616857, 26.1852254], [91.7616914, 26.1852932]]]}}, {"type": "Feature", "properties": {"element": "way", "id": 1056710771, "height": null, "building:levels": null, "render_height": 6.924613265842952, "render_min_height": 0.0, "basin_id": "GHY_BHARALU_CORE"}, "geometry": {"type": "Polygon", "coordinates": [[[91.7615795, 26.1853137], [91.7616801, 26.1853068], [91.7616753, 26.1852507], [91.7615748, 26.1852575], [91.7615795, 26.1853137]]]}}, {"type": "Feature", "properties": {"element": "way", "id": 1056710772, "height": null, "building:levels": null, "render_height": 14.933408719715521, "render_min_height": 0.0, "basin_id": "GHY_BHARALU_CORE"}, "geometry": {"type": "Polygon", "coordinates": [[[91.7615492, 26.1855409], [91.7616881, 26.1855237], [91.7616663, 26.1853816], [91.7615274, 26.1853988], [91.7615492, 26.1855409]]]}}, {"type": "Feature", "properties": {"element": "way", "id": 1056710773, "height": null, "building:levels": null, "render_height": 12.914466962382866, "render_min_height": 0.0, "basin_id": "GHY_BHARALU_CORE"}, "geometry": {"type": "Polygon", "coordinates": [[[91.7617834, 26.1855383], [91.7619703, 26.1854949], [91.761955, 26.1854422], [91.7617682, 26.1854856], [91.7617834, 26.1855383]]]}}, {"type": "Feature", "properties": {"element": "way", "id": 1056710774, "height": null, "building:levels": null, "render_height": 10.56338876013998, "render_min_height": 0.0, "basin_id": "GHY_BHARALU_CORE"}, "geometry": {"type": "Polygon", "coordinates": [[[91.7618117, 26.1856398], [91.7619895, 26.1855985], [91.7619657, 26.185516], [91.7617879, 26.1855573], [91.7618117, 26.1856398]]]}}, {"type": "Feature", "properties": {"element": "way", "id": 1056710775, "height": null, "building:levels": null, "render_height": 5.270286840631594, "render_min_height": 0.0, "basin_id": "GHY_BHARALU_CORE"}, "geometry": {"type": "Polygon", "coordinates": [[[91.7619996, 26.1857026], [91.7619807, 26.1856243], [91.7618413, 26.1856515], [91.7618602, 26.1857297], [91.7619996, 26.1857026]]]}}, {"type": "Feature", "properties": {"element": "way", "id": 1056710776, "height": null, "building:levels": null, "render_height": 10.670847337437797, "render_min_height": 0.0, "basin_id": "GHY_BHARALU_CORE"}, "geometry": {"type": "Polygon", "coordinates": [[[91.7619977, 26.1857885], [91.7619808, 26.1857185], [91.7618717, 26.1857398], [91.7618887, 26.1858098], [91.7619977, 26.1857885]]]}}, {"type": "Feature", "properties": {"element": "way", "id": 1056710777, "height": null, "building:levels": null, "render_height": 7.434620282126927, "render_min_height": 0.0, "basin_id": "GHY_BHARALU_CORE"}, "geometry": {"type": "Polygon", "coordinates": [[[91.7620311, 26.1861047], [91.7621551, 26.1860906], [91.7621464, 26.1860288], [91.7620904, 26.1859493], [91.7620812, 26.1858838], [91.7620011, 26.1858929], [91.7620021, 26.1858996], [91.7619171, 26.1859093], [91.7619462, 26.1861144], [91.7620311, 26.1861047]]]}}, {"type": "Feature", "properties": {"element": "way", "id": 1056710778, "height": null, "building:levels": null, "render_height": 8.665488318803758, "render_min_height": 0.0, "basin_id": "GHY_BHARALU_CORE"}, "geometry": {"type": "Polygon", "coordinates": [[[91.7619513, 26.1862293], [91.7621751, 26.1862038], [91.7621611, 26.1861052], [91.7619373, 26.1861307], [91.7619513, 26.1862293]]]}}, {"type": "Feature", "properties": {"element": "way", "id": 1056710781, "height": null, "building:levels": null, "render_height": 7.369561121543593, "render_min_height": 0.0, "basin_id": "GHY_BHARALU_CORE"}, "geometry": {"type": "Polygon", "coordinates": [[[91.7620978, 26.1858249], [91.7621011, 26.1858574], [91.7621272, 26.1858553], [91.7621239, 26.1858227], [91.7621902, 26.1858166], [91.7622206, 26.1858149], [91.7622148, 26.1857578], [91.7620148, 26.185774], [91.7620206, 26.1858311], [91.7620978, 26.1858249]]]}}, {"type": "Feature", "properties": {"element": "way", "id": 1056710782, "height": null, "building:levels": null, "render_height": 14.284974246456649, "render_min_height": 0.0, "basin_id": "GHY_BHARALU_CORE"}, "geometry": {"type": "Polygon", "coordinates": [[[91.7622431, 26.1859254], [91.762233, 26.1858254], [91.7621741, 26.1858302], [91.7621842, 26.1859302], [91.7622187, 26.1859274], [91.7622431, 26.1859254]]]}}, {"type": "Feature", "properties": {"element": "way", "id": 1056710783, "height": null, "building:levels": null, "render_height": 9.089443591104171, "render_min_height": 0.0, "basin_id": "GHY_BHARALU_CORE"}, "geometry": {"type": "Polygon", "coordinates": [[[91.7623012, 26.1858166], [91.7623076, 26.1858802], [91.7623571, 26.1858761], [91.7623507, 26.1858126], [91.7623012, 26.1858166]]]}}, {"type": "Feature", "properties": {"element": "way", "id": 1056710784, "height": null, "building:levels": null, "render_height": 9.213646223113106, "render_min_height": 0.0, "basin_id": "GHY_BHARALU_CORE"}, "geometry": {"type": "Polygon", "coordinates": [[[91.7622431, 26.1859254], [91.7622988, 26.1859209], [91.7622879, 26.1858132], [91.7622322, 26.1858177], [91.762233, 26.1858254], [91.7622431, 26.1859254]]]}}, {"type": "Feature", "properties": {"element": "way", "id": 1056710785, "height": null, "building:levels": null, "render_height": 14.822030120683856, "render_min_height": 0.0, "basin_id": "GHY_BHARALU_CORE"}, "geometry": {"type": "Polygon", "coordinates": [[[91.7622244, 26.1859834], [91.7623893, 26.18597], [91.7624122, 26.1859681], [91.7624075, 26.185922], [91.7623847, 26.1859239], [91.7623837, 26.185914], [91.7622988, 26.1859209], [91.7622431, 26.1859254], [91.7622187, 26.1859274], [91.7622197, 26.1859373], [91.7622244, 26.1859834]]]}}, {"type": "Feature", "properties": {"element": "way", "id": 1056710786, "height": null, "building:levels": null, "render_height": 5.407109805177029, "render_min_height": 0.0, "basin_id": "GHY_BHARALU_CORE"}, "geometry": {"type": "Polygon", "coordinates": [[[91.7624269, 26.1859204], [91.762414, 26.1857927], [91.7623718, 26.1857961], [91.7623837, 26.185914], [91.7623847, 26.1859239], [91.7624075, 26.185922], [91.7624269, 26.1859204]]]}}, {"type": "Feature", "properties": {"element": "way", "id": 1056710787, "height": null, "building:levels": null, "render_height": 10.162927812680424, "render_min_height": 0.0, "basin_id": "GHY_BHARALU_CORE"}, "geometry": {"type": "Polygon", "coordinates": [[[91.762433, 26.1858481], [91.7624774, 26.1858474], [91.7624766, 26.1858013], [91.7624322, 26.1858019], [91.762433, 26.1858481]]]}}, {"type": "Feature", "properties": {"element": "way", "id": 1056710788, "height": null, "building:levels": null, "render_height": 12.594935593462397, "render_min_height": 0.0, "basin_id": "GHY_BHARALU_CORE"}, "geometry": {"type": "Polygon", "coordinates": [[[91.7624918, 26.1858932], [91.7624912, 26.1858611], [91.7624463, 26.1858617], [91.7624468, 26.1858938], [91.7624918, 26.1858932]]]}}, {"type": "Feature", "properties": {"element": "way", "id": 1056710789, "height": null, "building:levels": null, "render_height": 14.055207807076567, "render_min_height": 0.0, "basin_id": "GHY_BHARALU_CORE"}, "geometry": {"type": "Polygon", "coordinates": [[[91.7625598, 26.1858778], [91.7625591, 26.1858379], [91.7625583, 26.1857904], [91.7625117, 26.1857911], [91.7625132, 26.1858784], [91.7625598, 26.1858778]]]}}, {"type": "Feature", "properties": {"element": "way", "id": 1056710790, "height": null, "building:levels": null, "render_height": 9.663158705537304, "render_min_height": 0.0, "basin_id": "GHY_BHARALU_CORE"}, "geometry": {"type": "Polygon", "coordinates": [[[91.7625591, 26.1858379], [91.7626588, 26.1858365], [91.7626577, 26.1857749], [91.762558, 26.1857763], [91.7625583, 26.1857904], [91.7625591, 26.1858379]]]}}, {"type": "Feature", "properties": {"element": "way", "id": 1056710791, "height": null, "building:levels": null, "render_height": 9.24151172113784, "render_min_height": 0.0, "basin_id": "GHY_BHARALU_CORE"}, "geometry": {"type": "Polygon", "coordinates": [[[91.7626739, 26.1858889], [91.7626729, 26.1858363], [91.7626588, 26.1858365], [91.7625591, 26.1858379], [91.7625598, 26.1858778], [91.76256, 26.1858905], [91.7626739, 26.1858889]]]}}, {"type": "Feature", "properties": {"element": "way", "id": 1056710792, "height": null, "building:levels": null, "render_height": 9.086610821734826, "render_min_height": 0.0, "basin_id": "GHY_BHARALU_CORE"}, "geometry": {"type": "Polygon", "coordinates": [[[91.7627621, 26.1857689], [91.7627632, 26.1858359], [91.7628295, 26.185835], [91.7628283, 26.185768], [91.7627621, 26.1857689]]]}}, {"type": "Feature", "properties": {"element": "way", "id": 1056710793, "height": null, "building:levels": null, "render_height": 10.343444986786077, "render_min_height": 0.0, "basin_id": "GHY_BHARALU_CORE"}, "geometry": {"type": "Polygon", "coordinates": [[[91.7626852, 26.185837], [91.7627632, 26.1858359], [91.7627621, 26.1857689], [91.7626841, 26.18577], [91.7626852, 26.185837]]]}}, {"type": "Feature", "properties": {"element": "way", "id": 1056710794, "height": null, "building:levels": null, "render_height": 7.709567395965272, "render_min_height": 0.0, "basin_id": "GHY_BHARALU_CORE"}, "geometry": {"type": "Polygon", "coordinates": [[[91.7628303, 26.1858821], [91.7628295, 26.185835], [91.7627632, 26.1858359], [91.7626852, 26.185837], [91.7626861, 26.1858841], [91.7628303, 26.1858821]]]}}, {"type": "Feature", "properties": {"element": "way", "id": 1056710795, "height": null, "building:levels": null, "render_height": 8.88064444262682, "render_min_height": 0.0, "basin_id": "GHY_BHARALU_CORE"}, "geometry": {"type": "Polygon", "coordinates": [[[91.7627741, 26.1859911], [91.7628441, 26.1859901], [91.7628427, 26.1859102], [91.7627727, 26.1859112], [91.7627739, 26.1859815], [91.7627132, 26.1859824], [91.7627137, 26.1860089], [91.7627744, 26.1860081], [91.7627741, 26.1859911]]]}}, {"type": "Feature", "properties": {"element": "way", "id": 1056710796, "height": null, "building:levels": null, "render_height": 9.05348828587689, "render_min_height": 0.0, "basin_id": "GHY_BHARALU_CORE"}, "geometry": {"type": "Polygon", "coordinates": [[[91.7625605, 26.1860223], [91.7625632, 26.1860419], [91.7626227, 26.1860353], [91.7626072, 26.1859232], [91.7625477, 26.1859298], [91.762551, 26.1859532], [91.7624728, 26.1859619], [91.7624823, 26.186031], [91.7625605, 26.1860223]]]}}, {"type": "Feature", "properties": {"element": "way", "id": 1056710797, "height": null, "building:levels": null, "render_height": 5.168616872887988, "render_min_height": 0.0, "basin_id": "GHY_BHARALU_CORE"}, "geometry": {"type": "Polygon", "coordinates": [[[91.7624748, 26.1861823], [91.7625193, 26.1861774], [91.7625905, 26.1861695], [91.76258, 26.1860931], [91.7624643, 26.186106], [91.7624748, 26.1861823]]]}}, {"type": "Feature", "properties": {"element": "way", "id": 1056710798, "height": null, "building:levels": null, "render_height": 5.217362293636935, "render_min_height": 0.0, "basin_id": "GHY_BHARALU_CORE"}, "geometry": {"type": "Polygon", "coordinates": [[[91.7624807, 26.1862247], [91.762487, 26.186271], [91.7625866, 26.1862599], [91.7625802, 26.1862137], [91.7625251, 26.1862198], [91.7625235, 26.1862078], [91.7626056, 26.1861987], [91.7626014, 26.1861683], [91.7625905, 26.1861695], [91.7625193, 26.1861774], [91.7624748, 26.1861823], [91.7624807, 26.1862247]]]}}, {"type": "Feature", "properties": {"element": "way", "id": 1056710799, "height": null, "building:levels": null, "render_height": 10.722203618799155, "render_min_height": 0.0, "basin_id": "GHY_BHARALU_CORE"}, "geometry": {"type": "Polygon", "coordinates": [[[91.7626046, 26.1864751], [91.7626283, 26.186471], [91.7626686, 26.186464], [91.7626511, 26.1863825], [91.7625871, 26.1863936], [91.7626046, 26.1864751]]]}}, {"type": "Feature", "properties": {"element": "way", "id": 1056710800, "height": null, "building:levels": null, "render_height": 9.856192630327055, "render_min_height": 0.0, "basin_id": "GHY_BHARALU_CORE"}, "geometry": {"type": "Polygon", "coordinates": [[[91.7625079, 26.1864089], [91.7625499, 26.1864016], [91.762572, 26.1863978], [91.762562, 26.186351], [91.7624979, 26.1863621], [91.7625079, 26.1864089]]]}}, {"type": "Feature", "properties": {"element": "way", "id": 1056710801, "height": null, "building:levels": null, "render_height": 8.552322393996267, "render_min_height": 0.0, "basin_id": "GHY_BHARALU_CORE"}, "geometry": {"type": "Polygon", "coordinates": [[[91.7625671, 26.1864816], [91.7625499, 26.1864016], [91.7625079, 26.1864089], [91.7625251, 26.1864889], [91.7625671, 26.1864816]]]}}, {"type": "Feature", "properties": {"element": "way", "id": 1056710802, "height": null, "building:levels": null, "render_height": 11.90545687250624, "render_min_height": 0.0, "basin_id": "GHY_BHARALU_CORE"}, "geometry": {"type": "Polygon", "coordinates": [[[91.7627071, 26.1865927], [91.762679, 26.1864622], [91.7626686, 26.186464], [91.7626283, 26.186471], [91.7626046, 26.1864751], [91.7625671, 26.1864816], [91.7625251, 26.1864889], [91.7625208, 26.1864896], [91.7625373, 26.1865663], [91.7626448, 26.1865477], [91.7626564, 26.1866014], [91.7627071, 26.1865927]]]}}, {"type": "Feature", "properties": {"element": "way", "id": 1056710803, "height": null, "building:levels": null, "render_height": 11.85672092372358, "render_min_height": 0.0, "basin_id": "GHY_BHARALU_CORE"}, "geometry": {"type": "Polygon", "coordinates": [[[91.7627905, 26.1865135], [91.7627714, 26.1864248], [91.7626966, 26.1864378], [91.7627157, 26.1865265], [91.7627905, 26.1865135]]]}}, {"type": "Feature", "properties": {"element": "way", "id": 1056710804, "height": null, "building:levels": null, "render_height": 7.091663084719392, "render_min_height": 0.0, "basin_id": "GHY_BHARALU_CORE"}, "geometry": {"type": "Polygon", "coordinates": [[[91.7628616, 26.1864991], [91.7629591, 26.1864822], [91.7629375, 26.1863816], [91.76284, 26.1863985], [91.7628616, 26.1864991]]]}}, {"type": "Feature", "properties": {"element": "way", "id": 1056710805, "height": null, "building:levels": null, "render_height": 6.55003814780245, "render_min_height": 0.0, "basin_id": "GHY_BHARALU_CORE"}, "geometry": {"type": "Polygon", "coordinates": [[[91.7628161, 26.1865042], [91.7628489, 26.1864985], [91.7628281, 26.1864015], [91.7627952, 26.1864072], [91.7628161, 26.1865042]]]}}, {"type": "Feature", "properties": {"element": "way", "id": 1056710806, "height": null, "building:levels": null, "render_height": 6.551557886557377, "render_min_height": 0.0, "basin_id": "GHY_BHARALU_CORE"}, "geometry": {"type": "Polygon", "coordinates": [[[91.7627118, 26.1863842], [91.7628624, 26.1863428], [91.7628408, 26.1862795], [91.7626902, 26.1863209], [91.7627118, 26.1863842]]]}}, {"type": "Feature", "properties": {"element": "way", "id": 1056710807, "height": null, "building:levels": null, "render_height": 12.77158971994557, "render_min_height": 0.0, "basin_id": "GHY_BHARALU_CORE"}, "geometry": {"type": "Polygon", "coordinates": [[[91.7628645, 26.1861374], [91.7628427, 26.1860736], [91.7626786, 26.1861187], [91.7627004, 26.1861825], [91.7628645, 26.1861374]]]}}, {"type": "Feature", "properties": {"element": "way", "id": 1056710808, "height": null, "building:levels": null, "render_height": 7.135088364563456, "render_min_height": 0.0, "basin_id": "GHY_BHARALU_CORE"}, "geometry": {"type": "Polygon", "coordinates": [[[91.7627099, 26.186294], [91.7628986, 26.1862421], [91.7628699, 26.1861581], [91.7626812, 26.18621], [91.7627099, 26.186294]]]}}, {"type": "Feature", "properties": {"element": "way", "id": 1056873675, "height": null, "building:levels": null, "render_height": 7.032003730943071, "render_min_height": 0.0, "basin_id": "GHY_BHARALU_CORE"}, "geometry": {"type": "Polygon", "coordinates": [[[91.7579607, 26.1796218], [91.7581726, 26.1796512], [91.7581815, 26.1795994], [91.75819, 26.1795503], [91.7579781, 26.1795208], [91.757971, 26.179562], [91.7579607, 26.1796218]]]}}, {"type": "Feature", "properties": {"element": "way", "id": 1056873676, "height": null, "building:levels": null, "render_height": 13.644715629914984, "render_min_height": 0.0, "basin_id": "GHY_BHARALU_CORE"}, "geometry": {"type": "Polygon", "coordinates": [[[91.7567946, 26.1793437], [91.7568364, 26.1790264], [91.7567074, 26.1790128], [91.7566657, 26.1793301], [91.7567946, 26.1793437]]]}}, {"type": "Feature", "properties": {"element": "way", "id": 1056873677, "height": null, "building:levels": null, "render_height": 9.994161689559087, "render_min_height": 0.0, "basin_id": "GHY_BHARALU_CORE"}, "geometry": {"type": "Polygon", "coordinates": [[[91.7573213, 26.1791005], [91.7572904, 26.1793354], [91.7573914, 26.1793461], [91.7574223, 26.1791112], [91.7573213, 26.1791005]]]}}, {"type": "Feature", "properties": {"element": "way", "id": 1056873678, "height": null, "building:levels": null, "render_height": 14.67660432577179, "render_min_height": 0.0, "basin_id": "GHY_BHARALU_CORE"}, "geometry": {"type": "Polygon", "coordinates": [[[91.7572747, 26.1794545], [91.7572904, 26.1793354], [91.7573213, 26.1791005], [91.7573245, 26.1790766], [91.7568591, 26.1790272], [91.7568094, 26.1794051], [91.7572747, 26.1794545]]]}}, {"type": "Feature", "properties": {"element": "way", "id": 1056873679, "height": null, "building:levels": null, "render_height": 5.338040882985232, "render_min_height": 0.0, "basin_id": "GHY_BHARALU_CORE"}, "geometry": {"type": "Polygon", "coordinates": [[[91.7575885, 26.1791271], [91.7575604, 26.1794123], [91.7575583, 26.1794337], [91.7576677, 26.1794424], [91.7576979, 26.1791358], [91.7575885, 26.1791271]]]}}, {"type": "Feature", "properties": {"element": "way", "id": 1056873680, "height": null, "building:levels": null, "render_height": 7.561883960771678, "render_min_height": 0.0, "basin_id": "GHY_BHARALU_CORE"}, "geometry": {"type": "Polygon", "coordinates": [[[91.7575604, 26.1794123], [91.7575885, 26.1791271], [91.7574322, 26.1791147], [91.757404, 26.1793999], [91.7575604, 26.1794123]]]}}, {"type": "Feature", "properties": {"element": "way", "id": 1056873684, "height": null, "building:levels": null, "render_height": 9.553481095336593, "render_min_height": 0.0, "basin_id": "GHY_BHARALU_CORE"}, "geometry": {"type": "Polygon", "coordinates": [[[91.759016, 26.1793773], [91.7589842, 26.1796005], [91.7589781, 26.1796429], [91.7592233, 26.1796711], [91.7592612, 26.1794055], [91.759016, 26.1793773]]]}}, {"type": "Feature", "properties": {"element": "way", "id": 1056873685, "height": null, "building:levels": null, "render_height": 12.456617598859967, "render_min_height": 0.0, "basin_id": "GHY_BHARALU_CORE"}, "geometry": {"type": "Polygon", "coordinates": [[[91.7584714, 26.1792708], [91.7583944, 26.179262], [91.7583597, 26.179505], [91.7583563, 26.1795283], [91.7584334, 26.1795372], [91.7589779, 26.1795997], [91.7589842, 26.1796005], [91.759016, 26.1793773], [91.7590222, 26.1793341], [91.7584714, 26.1792708]]]}}, {"type": "Feature", "properties": {"element": "way", "id": 1056873686, "height": null, "building:levels": null, "render_height": 5.965604049669283, "render_min_height": 0.0, "basin_id": "GHY_BHARALU_CORE"}, "geometry": {"type": "Polygon", "coordinates": [[[91.7589672, 26.1796747], [91.7589779, 26.1795997], [91.7584334, 26.1795372], [91.7584227, 26.1796121], [91.7589672, 26.1796747]]]}}, {"type": "Feature", "properties": {"element": "way", "id": 1056876369, "height": null, "building:levels": null, "render_height": 14.056565028078522, "render_min_height": 0.0, "basin_id": "GHY_BHARALU_CORE"}, "geometry": {"type": "Polygon", "coordinates": [[[91.7441907, 26.1871199], [91.7439259, 26.1870257], [91.7438785, 26.187133], [91.7441433, 26.1872272], [91.7441238, 26.1872715], [91.7441962, 26.1872973], [91.7442157, 26.187253], [91.7445006, 26.1873543], [91.744548, 26.187247], [91.7442631, 26.1871457], [91.7442724, 26.1871247], [91.7441999, 26.187099], [91.7441907, 26.1871199]]]}}, {"type": "Feature", "properties": {"element": "way", "id": 1056876370, "height": null, "building:levels": null, "render_height": 10.43938260023721, "render_min_height": 0.0, "basin_id": "GHY_BHARALU_CORE"}, "geometry": {"type": "Polygon", "coordinates": [[[91.7445007, 26.1874894], [91.7444611, 26.1876171], [91.7445875, 26.1876487], [91.7446566, 26.1874261], [91.7445302, 26.1873945], [91.7445115, 26.1874546], [91.7444927, 26.1874499], [91.7444819, 26.1874847], [91.7445007, 26.1874894]]]}}, {"type": "Feature", "properties": {"element": "way", "id": 1056876371, "height": null, "building:levels": null, "render_height": 13.432806411463558, "render_min_height": 0.0, "basin_id": "GHY_BHARALU_CORE"}, "geometry": {"type": "Polygon", "coordinates": [[[91.7442953, 26.1877296], [91.7445153, 26.1877853], [91.7445515, 26.1876702], [91.7443315, 26.1876145], [91.7442953, 26.1877296]]]}}, {"type": "Feature", "properties": {"element": "way", "id": 1056876372, "height": null, "building:levels": null, "render_height": 14.582450521627116, "render_min_height": 0.0, "basin_id": "GHY_BHARALU_CORE"}, "geometry": {"type": "Polygon", "coordinates": [[[91.7440303, 26.1873912], [91.7440406, 26.1873657], [91.74389, 26.1873168], [91.7438797, 26.1873423], [91.743806, 26.1875251], [91.7441989, 26.1876526], [91.7442726, 26.1874698], [91.7442836, 26.1874426], [91.7441466, 26.1873981], [91.7441356, 26.1874254], [91.7440303, 26.1873912]]]}}, {"type": "Feature", "properties": {"element": "way", "id": 1056888164, "height": null, "building:levels": null, "render_height": 5.47683023866739, "render_min_height": 0.0, "basin_id": "GHY_BHARALU_CORE"}, "geometry": {"type": "Polygon", "coordinates": [[[91.7650361, 26.1896229], [91.7650054, 26.1895531], [91.7648489, 26.1896084], [91.7648796, 26.1896783], [91.7650361, 26.1896229]]]}}, {"type": "Feature", "properties": {"element": "way", "id": 1056888165, "height": null, "building:levels": null, "render_height": 5.565785826253381, "render_min_height": 0.0, "basin_id": "GHY_BHARALU_CORE"}, "geometry": {"type": "Polygon", "coordinates": [[[91.7650028, 26.1897383], [91.7650843, 26.1896973], [91.7650569, 26.1896536], [91.7649754, 26.1896946], [91.7650028, 26.1897383]]]}}, {"type": "Feature", "properties": {"element": "way", "id": 1056888166, "height": null, "building:levels": null, "render_height": 12.842743023595201, "render_min_height": 0.0, "basin_id": "GHY_BHARALU_CORE"}, "geometry": {"type": "Polygon", "coordinates": [[[91.764909, 26.1897855], [91.7650028, 26.1897383], [91.7649754, 26.1896946], [91.7649544, 26.1896609], [91.7648607, 26.189708], [91.764909, 26.1897855]]]}}, {"type": "Feature", "properties": {"element": "way", "id": 1056888167, "height": null, "building:levels": null, "render_height": 11.199179081456975, "render_min_height": 0.0, "basin_id": "GHY_BHARALU_CORE"}, "geometry": {"type": "Polygon", "coordinates": [[[91.7650579, 26.1899412], [91.7650925, 26.189929], [91.7650807, 26.1899021], [91.7650461, 26.1899143], [91.7650579, 26.1899412]]]}}, {"type": "Feature", "properties": {"element": "way", "id": 1056888168, "height": null, "building:levels": null, "render_height": 9.446602856832783, "render_min_height": 0.0, "basin_id": "GHY_BHARALU_CORE"}, "geometry": {"type": "Polygon", "coordinates": [[[91.765112, 26.1899327], [91.7652419, 26.1898867], [91.7652192, 26.1898352], [91.7650893, 26.1898812], [91.765112, 26.1899327]]]}}, {"type": "Feature", "properties": {"element": "way", "id": 1056888169, "height": null, "building:levels": null, "render_height": 8.649657969335385, "render_min_height": 0.0, "basin_id": "GHY_BHARALU_CORE"}, "geometry": {"type": "Polygon", "coordinates": [[[91.765112, 26.1900195], [91.7653158, 26.1899667], [91.7652938, 26.189898], [91.7650899, 26.1899508], [91.765112, 26.1900195]]]}}, {"type": "Feature", "properties": {"element": "way", "id": 1056888170, "height": null, "building:levels": null, "render_height": 10.969782657012983, "render_min_height": 0.0, "basin_id": "GHY_BHARALU_CORE"}, "geometry": {"type": "Polygon", "coordinates": [[[91.7649982, 26.1900484], [91.765044, 26.1900306], [91.7650276, 26.1899965], [91.7649817, 26.1900144], [91.7649982, 26.1900484]]]}}, {"type": "Feature", "properties": {"element": "way", "id": 1056888171, "height": null, "building:levels": null, "render_height": 14.321983902334868, "render_min_height": 0.0, "basin_id": "GHY_BHARALU_CORE"}, "geometry": {"type": "Polygon", "coordinates": [[[91.7650238, 26.1900876], [91.7650696, 26.1900697], [91.7650588, 26.1900476], [91.765013, 26.1900654], [91.7650238, 26.1900876]]]}}, {"type": "Feature", "properties": {"element": "way", "id": 1056888172, "height": null, "building:levels": null, "render_height": 8.904169373293158, "render_min_height": 0.0, "basin_id": "GHY_BHARALU_CORE"}, "geometry": {"type": "Polygon", "coordinates": [[[91.7650503, 26.1901241], [91.7651155, 26.1900988], [91.7651023, 26.1900715], [91.7650371, 26.1900968], [91.7650503, 26.1901241]]]}}, {"type": "Feature", "properties": {"element": "way", "id": 1056888173, "height": null, "building:levels": null, "render_height": 5.356827808951859, "render_min_height": 0.0, "basin_id": "GHY_BHARALU_CORE"}, "geometry": {"type": "Polygon", "coordinates": [[[91.7652163, 26.1901301], [91.765322, 26.190089], [91.7653688, 26.1900707], [91.7653547, 26.1900416], [91.7653079, 26.1900598], [91.7652921, 26.1900271], [91.7651864, 26.1900683], [91.7652163, 26.1901301]]]}}, {"type": "Feature", "properties": {"element": "way", "id": 1056888174, "height": null, "building:levels": null, "render_height": 5.3864893875571305, "render_min_height": 0.0, "basin_id": "GHY_BHARALU_CORE"}, "geometry": {"type": "Polygon", "coordinates": [[[91.7651442, 26.1901582], [91.7652013, 26.190136], [91.7651594, 26.1900493], [91.7651023, 26.1900715], [91.7651155, 26.1900988], [91.7651442, 26.1901582]]]}}, {"type": "Feature", "properties": {"element": "way", "id": 1056888175, "height": null, "building:levels": null, "render_height": 9.332662856172867, "render_min_height": 0.0, "basin_id": "GHY_BHARALU_CORE"}, "geometry": {"type": "Polygon", "coordinates": [[[91.7654135, 26.190159], [91.7654718, 26.1901364], [91.7654391, 26.1900688], [91.7653809, 26.1900915], [91.7653834, 26.1900968], [91.7654135, 26.190159]]]}}, {"type": "Feature", "properties": {"element": "way", "id": 1056888176, "height": null, "building:levels": null, "render_height": 9.964515486948654, "render_min_height": 0.0, "basin_id": "GHY_BHARALU_CORE"}, "geometry": {"type": "Polygon", "coordinates": [[[91.7652276, 26.1902314], [91.7654135, 26.190159], [91.7653834, 26.1900968], [91.7651976, 26.1901692], [91.7652276, 26.1902314]]]}}, {"type": "Feature", "properties": {"element": "way", "id": 1056888177, "height": null, "building:levels": null, "render_height": 9.983316754622738, "render_min_height": 0.0, "basin_id": "GHY_BHARALU_CORE"}, "geometry": {"type": "Polygon", "coordinates": [[[91.7654533, 26.190245], [91.7654276, 26.1901785], [91.7652362, 26.1902382], [91.7652619, 26.1903047], [91.7654533, 26.190245]]]}}, {"type": "Feature", "properties": {"element": "way", "id": 1056888178, "height": null, "building:levels": null, "render_height": 11.418667114163519, "render_min_height": 0.0, "basin_id": "GHY_BHARALU_CORE"}, "geometry": {"type": "Polygon", "coordinates": [[[91.7654628, 26.1903131], [91.7655346, 26.1902907], [91.7655169, 26.190245], [91.7654451, 26.1902674], [91.7654628, 26.1903131]]]}}, {"type": "Feature", "properties": {"element": "way", "id": 1056888179, "height": null, "building:levels": null, "render_height": 8.152489604053091, "render_min_height": 0.0, "basin_id": "GHY_BHARALU_CORE"}, "geometry": {"type": "Polygon", "coordinates": [[[91.7654628, 26.1903131], [91.7654451, 26.1902674], [91.7654414, 26.1902578], [91.7652859, 26.1903063], [91.7653073, 26.1903616], [91.7654628, 26.1903131]]]}}, {"type": "Feature", "properties": {"element": "way", "id": 1056888181, "height": null, "building:levels": null, "render_height": 11.440315505778754, "render_min_height": 0.0, "basin_id": "GHY_BHARALU_CORE"}, "geometry": {"type": "Polygon", "coordinates": [[[91.765552, 26.1904012], [91.7655495, 26.1903725], [91.7654514, 26.1903794], [91.7654539, 26.190408], [91.765552, 26.1904012]]]}}, {"type": "Feature", "properties": {"element": "way", "id": 1056888182, "height": null, "building:levels": null, "render_height": 11.100611866078442, "render_min_height": 0.0, "basin_id": "GHY_BHARALU_CORE"}, "geometry": {"type": "Polygon", "coordinates": [[[91.765367, 26.1904645], [91.7655728, 26.1904501], [91.7655685, 26.1904], [91.765552, 26.1904012], [91.7654539, 26.190408], [91.7653627, 26.1904145], [91.765367, 26.1904645]]]}}, {"type": "Feature", "properties": {"element": "way", "id": 1056888183, "height": null, "building:levels": null, "render_height": 6.495360881969728, "render_min_height": 0.0, "basin_id": "GHY_BHARALU_CORE"}, "geometry": {"type": "Polygon", "coordinates": [[[91.7659749, 26.1910364], [91.7661598, 26.1910517], [91.7661691, 26.1909615], [91.7659842, 26.1909462], [91.7659749, 26.1910364]]]}}, {"type": "Feature", "properties": {"element": "way", "id": 1056888184, "height": null, "building:levels": null, "render_height": 11.71306014929137, "render_min_height": 0.0, "basin_id": "GHY_BHARALU_CORE"}, "geometry": {"type": "Polygon", "coordinates": [[[91.7660194, 26.1911299], [91.766013, 26.1911949], [91.7660362, 26.1911967], [91.7660425, 26.1911318], [91.7660194, 26.1911299]]]}}, {"type": "Feature", "properties": {"element": "way", "id": 1056888185, "height": null, "building:levels": null, "render_height": 9.918825435716798, "render_min_height": 0.0, "basin_id": "GHY_BHARALU_CORE"}, "geometry": {"type": "Polygon", "coordinates": [[[91.7659168, 26.1911853], [91.766008, 26.1911925], [91.7660137, 26.1911341], [91.7659225, 26.1911269], [91.7659168, 26.1911853]]]}}, {"type": "Feature", "properties": {"element": "way", "id": 1056888186, "height": null, "building:levels": null, "render_height": 14.198447414629152, "render_min_height": 0.0, "basin_id": "GHY_BHARALU_CORE"}, "geometry": {"type": "Polygon", "coordinates": [[[91.7654595, 26.1910499], [91.7656171, 26.1910505], [91.7656174, 26.1909699], [91.7654599, 26.1909693], [91.7654595, 26.1910499]]]}}, {"type": "Feature", "properties": {"element": "way", "id": 1056888187, "height": null, "building:levels": null, "render_height": 13.150823288777115, "render_min_height": 0.0, "basin_id": "GHY_BHARALU_CORE"}, "geometry": {"type": "Polygon", "coordinates": [[[91.7654776, 26.190873], [91.7656244, 26.1908718], [91.7656238, 26.1908066], [91.7654769, 26.1908078], [91.7654776, 26.190873]]]}}, {"type": "Feature", "properties": {"element": "way", "id": 1056888189, "height": null, "building:levels": null, "render_height": 11.276919951144889, "render_min_height": 0.0, "basin_id": "GHY_BHARALU_CORE"}, "geometry": {"type": "Polygon", "coordinates": [[[91.7653602, 26.1908892], [91.7654274, 26.1908871], [91.7654241, 26.1908017], [91.7653569, 26.1908038], [91.7653602, 26.1908892]]]}}, {"type": "Feature", "properties": {"element": "way", "id": 1056888193, "height": null, "building:levels": null, "render_height": 10.567417608800369, "render_min_height": 0.0, "basin_id": "GHY_BHARALU_CORE"}, "geometry": {"type": "Polygon", "coordinates": [[[91.7650625, 26.1909963], [91.7651243, 26.1909966], [91.765125, 26.1908751], [91.7650632, 26.1908748], [91.7650625, 26.1909963]]]}}, {"type": "Feature", "properties": {"element": "way", "id": 1056888194, "height": null, "building:levels": null, "render_height": 12.450409485250926, "render_min_height": 0.0, "basin_id": "GHY_BHARALU_CORE"}, "geometry": {"type": "Polygon", "coordinates": [[[91.7652997, 26.1909034], [91.7652596, 26.1908659], [91.7652018, 26.1908649], [91.76516, 26.1909008], [91.7651588, 26.1909528], [91.7651989, 26.1909902], [91.7652568, 26.1909913], [91.7652985, 26.1909553], [91.7654445, 26.190958], [91.765445, 26.1909357], [91.7654455, 26.190914], [91.7654457, 26.1909061], [91.7652997, 26.1909034]]]}}, {"type": "Feature", "properties": {"element": "way", "id": 1057107139, "height": null, "building:levels": null, "render_height": 6.031142338483935, "render_min_height": 0.0, "basin_id": "GHY_BHARALU_CORE"}, "geometry": {"type": "Polygon", "coordinates": [[[91.7631616, 26.1892453], [91.7632136, 26.189233], [91.7632239, 26.1892676], [91.7633414, 26.1892397], [91.7633311, 26.1892051], [91.7632352, 26.1888796], [91.7630656, 26.1889198], [91.7630134, 26.1889322], [91.7631166, 26.1892821], [91.7631688, 26.1892697], [91.7631616, 26.1892453]]]}}, {"type": "Feature", "properties": {"element": "way", "id": 1057107140, "height": null, "building:levels": null, "render_height": 7.151727520798294, "render_min_height": 0.0, "basin_id": "GHY_BHARALU_CORE"}, "geometry": {"type": "Polygon", "coordinates": [[[91.7628343, 26.1892936], [91.7628483, 26.189341], [91.7629823, 26.1893092], [91.7629683, 26.1892618], [91.7628771, 26.1889525], [91.7628642, 26.1889555], [91.7628363, 26.1888609], [91.7625919, 26.1889189], [91.7626198, 26.1890136], [91.7625989, 26.1890185], [91.7626901, 26.1893278], [91.7628343, 26.1892936]]]}}, {"type": "Feature", "properties": {"element": "way", "id": 1057181498, "height": null, "building:levels": null, "render_height": 14.681186043946376, "render_min_height": 0.0, "basin_id": "GHY_BHARALU_CORE"}, "geometry": {"type": "Polygon", "coordinates": [[[91.775524, 26.1883694], [91.7754575, 26.188375], [91.7754506, 26.18831], [91.7757232, 26.1882869], [91.7757093, 26.1881546], [91.7751659, 26.1882005], [91.7751631, 26.1881744], [91.7751184, 26.1881782], [91.7751143, 26.1881394], [91.7750671, 26.1881434], [91.775074, 26.1882083], [91.7750879, 26.1883407], [91.7753474, 26.1883187], [91.7753542, 26.1883838], [91.7752707, 26.1883908], [91.7753052, 26.1887195], [91.7753077, 26.1887431], [91.7754989, 26.188727], [91.7754964, 26.1887033], [91.7755585, 26.188698], [91.775524, 26.1883694]]]}}, {"type": "Feature", "properties": {"element": "way", "id": 1080486553, "height": null, "building:levels": "3", "render_height": 9.0, "render_min_height": 0.0, "basin_id": "GHY_BHARALU_CORE"}, "geometry": {"type": "Polygon", "coordinates": [[[91.7584047, 26.1750201], [91.7584981, 26.1750177], [91.7584964, 26.1748757], [91.7583951, 26.1748814], [91.7584047, 26.1750201]]]}}, {"type": "Feature", "properties": {"element": "way", "id": 1136378419, "height": null, "building:levels": null, "render_height": 14.672620819580246, "render_min_height": 0.0, "basin_id": "GHY_DEEPOR_BEEL"}, "geometry": {"type": "Polygon", "coordinates": [[[91.6721138, 26.148723], [91.6721964, 26.1487565], [91.6723088, 26.1485331], [91.6722261, 26.1484996], [91.6721138, 26.148723]]]}}, {"type": "Feature", "properties": {"element": "way", "id": 1136386631, "height": null, "building:levels": null, "render_height": 5.258440208112905, "render_min_height": 0.0, "basin_id": "GHY_BHARALU_CORE"}, "geometry": {"type": "Polygon", "coordinates": [[[91.7464823, 26.1831922], [91.7466384, 26.1832114], [91.7466697, 26.1830058], [91.7465137, 26.1829867], [91.7464823, 26.1831922]]]}}, {"type": "Feature", "properties": {"element": "way", "id": 1136386784, "height": null, "building:levels": null, "render_height": 10.767106335340497, "render_min_height": 0.0, "basin_id": "GHY_BHARALU_CORE"}, "geometry": {"type": "Polygon", "coordinates": [[[91.7487891, 26.1806234], [91.7489919, 26.1806156], [91.7489933, 26.1803885], [91.7489108, 26.1803881], [91.7489108, 26.1803805], [91.7488811, 26.1803804], [91.7488809, 26.1804037], [91.7487987, 26.1804033], [91.7487979, 26.1805432], [91.7487891, 26.1806234]]]}}, {"type": "Feature", "properties": {"element": "way", "id": 1136387714, "height": null, "building:levels": null, "render_height": 13.511507740025543, "render_min_height": 0.0, "basin_id": "GHY_SILSAKO_BEEL"}, "geometry": {"type": "Polygon", "coordinates": [[[91.7991914, 26.1908844], [91.7993078, 26.1908569], [91.799282, 26.1907693], [91.7991657, 26.1907968], [91.7991914, 26.1908844]]]}}, {"type": "Feature", "properties": {"element": "way", "id": 1136387715, "height": null, "building:levels": null, "render_height": 9.650072439794286, "render_min_height": 0.0, "basin_id": "GHY_SILSAKO_BEEL"}, "geometry": {"type": "Polygon", "coordinates": [[[91.8004885, 26.1901316], [91.8006905, 26.1898564], [91.8006551, 26.1898355], [91.8007253, 26.1897397], [91.8008739, 26.1898275], [91.8008061, 26.1899199], [91.8009834, 26.1900246], [91.8009525, 26.1900667], [91.8010486, 26.1901235], [91.8008174, 26.1904385], [91.8005946, 26.1903068], [91.8006522, 26.1902284], [91.8004885, 26.1901316]]]}}, {"type": "Feature", "properties": {"element": "way", "id": 1155205311, "height": null, "building:levels": null, "render_height": 6.286596980977585, "render_min_height": 0.0, "basin_id": "GHY_BHARALU_CORE"}, "geometry": {"type": "Polygon", "coordinates": [[[91.7648601, 26.1703504], [91.7649579, 26.170345], [91.7649523, 26.1702635], [91.7648964, 26.1702666], [91.7648948, 26.1702432], [91.7648528, 26.1702456], [91.7648601, 26.1703504]]]}}, {"type": "Feature", "properties": {"element": "way", "id": 1155205402, "height": null, "building:levels": null, "render_height": 10.808339649661928, "render_min_height": 0.0, "basin_id": "GHY_BHARALU_CORE"}, "geometry": {"type": "Polygon", "coordinates": [[[91.7626254, 26.1720535], [91.762615, 26.1718417], [91.7629092, 26.17183], [91.7629196, 26.1720419], [91.7626254, 26.1720535]]]}}, {"type": "Feature", "properties": {"element": "way", "id": 1190391782, "height": null, "building:levels": null, "render_height": 7.67402789371504, "render_min_height": 0.0, "basin_id": "GHY_SILSAKO_BEEL"}, "geometry": {"type": "Polygon", "coordinates": [[[91.7836912, 26.1867563], [91.7837307, 26.1869131], [91.7836759, 26.1869299], [91.7836396, 26.1867678], [91.7836912, 26.1867563]]]}}, {"type": "Feature", "properties": {"element": "way", "id": 1225015793, "height": null, "building:levels": "3", "render_height": 9.0, "render_min_height": 0.0, "basin_id": "GHY_BHARALU_CORE"}, "geometry": {"type": "Polygon", "coordinates": [[[91.7602193, 26.1909448], [91.7602727, 26.1909453], [91.7602722, 26.1908358], [91.760264, 26.1908234], [91.7601227, 26.1908215], [91.7601295, 26.1909201], [91.7602158, 26.1909171], [91.7602193, 26.1909448]]]}}, {"type": "Feature", "properties": {"element": "way", "id": 1225015797, "height": null, "building:levels": "6", "render_height": 18.0, "render_min_height": 0.0, "basin_id": "GHY_BHARALU_CORE"}, "geometry": {"type": "Polygon", "coordinates": [[[91.7587984, 26.1912958], [91.7587984, 26.1913954], [91.7590387, 26.1914811], [91.759239, 26.1914645], [91.7593653, 26.1914838], [91.7595286, 26.1914396], [91.7597258, 26.1914313], [91.7597505, 26.1913981], [91.7597474, 26.1912958], [91.7596673, 26.1912378], [91.7595225, 26.1912184], [91.7594547, 26.1911991], [91.759353, 26.191188], [91.7591959, 26.1911299], [91.759088, 26.1911134], [91.7590295, 26.1910995], [91.7589925, 26.1911797], [91.758971, 26.1912322], [91.7588754, 26.1912322], [91.7588231, 26.1912156], [91.7587799, 26.1912405], [91.7587738, 26.1912848], [91.7587984, 26.1912958]]]}}, {"type": "Feature", "properties": {"element": "way", "id": 1225015802, "height": null, "building:levels": null, "render_height": 12.65693248261254, "render_min_height": 0.0, "basin_id": "GHY_BHARALU_CORE"}, "geometry": {"type": "Polygon", "coordinates": [[[91.7600194, 26.1907292], [91.7600164, 26.1905655], [91.7600012, 26.1904643], [91.7599676, 26.1904515], [91.7599107, 26.1904387], [91.7599103, 26.190488], [91.7599097, 26.1905482], [91.759927, 26.1906868], [91.7599399, 26.1907147], [91.7599462, 26.1907285], [91.7600194, 26.1907292]]]}}, {"type": "Feature", "properties": {"element": "way", "id": 1225015803, "height": null, "building:levels": "2", "render_height": 6.0, "render_min_height": 0.0, "basin_id": "GHY_BHARALU_CORE"}, "geometry": {"type": "Polygon", "coordinates": [[[91.7599462, 26.1907285], [91.7598752, 26.1907278], [91.759864, 26.1906959], [91.7598589, 26.1906366], [91.7598548, 26.1905828], [91.7598376, 26.1905847], [91.7598376, 26.1905473], [91.7598558, 26.1905418], [91.7598457, 26.1904962], [91.7598741, 26.1904853], [91.7599103, 26.190488], [91.7599097, 26.1905482], [91.759927, 26.1906868], [91.7599399, 26.1907147], [91.7599462, 26.1907285]]]}}, {"type": "Feature", "properties": {"element": "way", "id": 1225015804, "height": null, "building:levels": "4", "render_height": 12.0, "render_min_height": 0.0, "basin_id": "GHY_BHARALU_CORE"}, "geometry": {"type": "Polygon", "coordinates": [[[91.7603977, 26.1906349], [91.7603216, 26.1906357], [91.7603287, 26.1905841], [91.7603243, 26.1905468], [91.760311, 26.1905357], [91.7602995, 26.190442], [91.7603605, 26.1904293], [91.7603694, 26.1904611], [91.7603809, 26.1904595], [91.7604092, 26.1904595], [91.7604411, 26.1904571], [91.7604358, 26.1905174], [91.7604101, 26.1905214], [91.7604304, 26.1905595], [91.760395, 26.1905857], [91.7603933, 26.1906048], [91.7603977, 26.1906349]]]}}, {"type": "Feature", "properties": {"element": "way", "id": 1225015805, "height": null, "building:levels": "3", "render_height": 9.0, "render_min_height": 0.0, "basin_id": "GHY_BHARALU_CORE"}, "geometry": {"type": "Polygon", "coordinates": [[[91.7601457, 26.1906928], [91.7602476, 26.1906988], [91.7602047, 26.1904196], [91.7601055, 26.1904353], [91.7601256, 26.1906663], [91.7601457, 26.1906928]]]}}, {"type": "Feature", "properties": {"element": "way", "id": 1225015806, "height": null, "building:levels": "3", "render_height": 9.0, "render_min_height": 0.0, "basin_id": "GHY_BHARALU_CORE"}, "geometry": {"type": "Polygon", "coordinates": [[[91.7601297, 26.1911478], [91.7602615, 26.1911704], [91.7602338, 26.1910736], [91.7603046, 26.1910708], [91.7602831, 26.1909865], [91.7602353, 26.1909672], [91.7602193, 26.1909448], [91.7601083, 26.1909439], [91.7601297, 26.1911478]]]}}, {"type": "Feature", "properties": {"element": "way", "id": 1225015807, "height": null, "building:levels": "1", "render_height": 3.0, "render_min_height": 0.0, "basin_id": "GHY_BHARALU_CORE"}, "geometry": {"type": "Polygon", "coordinates": [[[91.760337, 26.1911621], [91.7603832, 26.1911828], [91.7604356, 26.1911939], [91.7604572, 26.1911524], [91.7604695, 26.191122], [91.7604818, 26.1910957], [91.7604803, 26.1910625], [91.760431, 26.1910487], [91.7603339, 26.191075], [91.7603339, 26.1911234], [91.76032, 26.1911372], [91.760337, 26.1911621]]]}}, {"type": "Feature", "properties": {"element": "way", "id": 1252324635, "height": null, "building:levels": null, "render_height": 14.015947405376167, "render_min_height": 0.0, "basin_id": "NONE"}, "geometry": {"type": "Polygon", "coordinates": [[[91.6602492, 26.1585177], [91.6603717, 26.1585193], [91.6603735, 26.1582802], [91.6602367, 26.1582673], [91.6602492, 26.1585177]]]}}, {"type": "Feature", "properties": {"element": "way", "id": 1271125610, "height": null, "building:levels": null, "render_height": 8.860474579359654, "render_min_height": 0.0, "basin_id": "GHY_BHARALU_CORE"}, "geometry": {"type": "Polygon", "coordinates": [[[91.7607674, 26.172945], [91.7607537, 26.1730835], [91.7603226, 26.1730493], [91.760336, 26.1729132], [91.7604132, 26.1729193], [91.7604108, 26.1729432], [91.7604762, 26.1729483], [91.7604788, 26.1729221], [91.7607674, 26.172945]]]}}, {"type": "Feature", "properties": {"element": "way", "id": 1274995202, "height": null, "building:levels": null, "render_height": 6.286096064250285, "render_min_height": 0.0, "basin_id": "NONE"}, "geometry": {"type": "Polygon", "coordinates": [[[91.6740206, 26.1639738], [91.6740198, 26.1638439], [91.6740979, 26.1638436], [91.6740986, 26.1639734], [91.6740206, 26.1639738]]]}}, {"type": "Feature", "properties": {"element": "way", "id": 1274995203, "height": null, "building:levels": null, "render_height": 9.31543979868842, "render_min_height": 0.0, "basin_id": "NONE"}, "geometry": {"type": "Polygon", "coordinates": [[[91.6739345, 26.1639742], [91.6739307, 26.1638423], [91.6740118, 26.1638404], [91.6740156, 26.1639723], [91.6739345, 26.1639742]]]}}, {"type": "Feature", "properties": {"element": "way", "id": 1274995204, "height": null, "building:levels": null, "render_height": 13.94398606239212, "render_min_height": 0.0, "basin_id": "NONE"}, "geometry": {"type": "Polygon", "coordinates": [[[91.6737337, 26.1640517], [91.6737368, 26.1639903], [91.6738447, 26.1639948], [91.6738416, 26.1640561], [91.6737337, 26.1640517]]]}}, {"type": "Feature", "properties": {"element": "way", "id": 1274995205, "height": null, "building:levels": null, "render_height": 7.337229056253292, "render_min_height": 0.0, "basin_id": "NONE"}, "geometry": {"type": "Polygon", "coordinates": [[[91.6738522, 26.1640432], [91.6738536, 26.1640024], [91.6739403, 26.1640047], [91.673939, 26.1640455], [91.6738522, 26.1640432]]]}}, {"type": "Feature", "properties": {"element": "way", "id": 1274995206, "height": null, "building:levels": null, "render_height": 8.511503844771955, "render_min_height": 0.0, "basin_id": "NONE"}, "geometry": {"type": "Polygon", "coordinates": [[[91.6738255, 26.1639697], [91.6738245, 26.1638448], [91.6739255, 26.1638442], [91.6739265, 26.163969], [91.6738255, 26.1639697]]]}}, {"type": "Feature", "properties": {"element": "way", "id": 1274995207, "height": null, "building:levels": null, "render_height": 10.073484680683064, "render_min_height": 0.0, "basin_id": "NONE"}, "geometry": {"type": "Polygon", "coordinates": [[[91.6743414, 26.1641245], [91.6743496, 26.1639997], [91.6744431, 26.1640046], [91.6744348, 26.1641295], [91.6743414, 26.1641245]]]}}, {"type": "Feature", "properties": {"element": "way", "id": 1274995208, "height": null, "building:levels": null, "render_height": 11.67421408179891, "render_min_height": 0.0, "basin_id": "NONE"}, "geometry": {"type": "Polygon", "coordinates": [[[91.6762532, 26.1634027], [91.6762912, 26.1632843], [91.676498, 26.1633378], [91.67646, 26.1634562], [91.6762532, 26.1634027]]]}}, {"type": "Feature", "properties": {"element": "way", "id": 1275367490, "height": null, "building:levels": null, "render_height": 14.496913185435204, "render_min_height": 0.0, "basin_id": "NONE"}, "geometry": {"type": "Polygon", "coordinates": [[[91.6734904, 26.1627427], [91.6735115, 26.1625865], [91.6736746, 26.1626043], [91.6736535, 26.1627605], [91.6734904, 26.1627427]]]}}, {"type": "Feature", "properties": {"element": "way", "id": 1275367491, "height": null, "building:levels": null, "render_height": 5.838890437296841, "render_min_height": 0.0, "basin_id": "NONE"}, "geometry": {"type": "Polygon", "coordinates": [[[91.6735109, 26.1628541], [91.6735233, 26.1627539], [91.6736312, 26.1627647], [91.6736187, 26.1628649], [91.6735109, 26.1628541]]]}}, {"type": "Feature", "properties": {"element": "way", "id": 1275367492, "height": null, "building:levels": null, "render_height": 14.610962852953604, "render_min_height": 0.0, "basin_id": "NONE"}, "geometry": {"type": "Polygon", "coordinates": [[[91.674054, 26.1630243], [91.6740631, 26.1629159], [91.6741636, 26.1629226], [91.6741545, 26.1630311], [91.674054, 26.1630243]]]}}, {"type": "Feature", "properties": {"element": "way", "id": 1275367493, "height": null, "building:levels": null, "render_height": 7.603876744805637, "render_min_height": 0.0, "basin_id": "NONE"}, "geometry": {"type": "Polygon", "coordinates": [[[91.6741601, 26.1631364], [91.6741681, 26.1629246], [91.6742391, 26.1629267], [91.6742312, 26.1631385], [91.6741601, 26.1631364]]]}}, {"type": "Feature", "properties": {"element": "way", "id": 1275367494, "height": null, "building:levels": null, "render_height": 12.624450983545854, "render_min_height": 0.0, "basin_id": "NONE"}, "geometry": {"type": "Polygon", "coordinates": [[[91.6748084, 26.1637632], [91.6748133, 26.1636781], [91.6749214, 26.1636831], [91.6749166, 26.1637682], [91.6748084, 26.1637632]]]}}, {"type": "Feature", "properties": {"element": "way", "id": 1275367495, "height": null, "building:levels": null, "render_height": 10.279600927128424, "render_min_height": 0.0, "basin_id": "NONE"}, "geometry": {"type": "Polygon", "coordinates": [[[91.6743766, 26.1639653], [91.6743737, 26.1638332], [91.6744568, 26.1638318], [91.6744597, 26.1639638], [91.6743766, 26.1639653]]]}}, {"type": "Feature", "properties": {"element": "way", "id": 1275367496, "height": null, "building:levels": null, "render_height": 13.32409713676772, "render_min_height": 0.0, "basin_id": "NONE"}, "geometry": {"type": "Polygon", "coordinates": [[[91.6743172, 26.1639662], [91.6743156, 26.1638353], [91.6743726, 26.1638348], [91.6743742, 26.1639657], [91.6743172, 26.1639662]]]}}, {"type": "Feature", "properties": {"element": "way", "id": 1286472106, "height": null, "building:levels": null, "render_height": 10.77215263571795, "render_min_height": 0.0, "basin_id": "NONE"}, "geometry": {"type": "Polygon", "coordinates": [[[91.662778, 26.1590736], [91.6627744, 26.1593408], [91.6626913, 26.1593399], [91.6626948, 26.1590727], [91.662778, 26.1590736]]]}}, {"type": "Feature", "properties": {"element": "way", "id": 1286472107, "height": null, "building:levels": null, "render_height": 10.990823687977231, "render_min_height": 0.0, "basin_id": "NONE"}, "geometry": {"type": "Polygon", "coordinates": [[[91.662795, 26.1593342], [91.6628065, 26.1591857], [91.6628973, 26.1591913], [91.662902, 26.1591301], [91.6629634, 26.159134], [91.6629564, 26.1592239], [91.6629805, 26.1592254], [91.6629714, 26.1593428], [91.6628779, 26.159337], [91.6628778, 26.1593394], [91.662795, 26.1593342]]]}}, {"type": "Feature", "properties": {"element": "way", "id": 1304571623, "height": null, "building:levels": null, "render_height": 14.148563491982202, "render_min_height": 0.0, "basin_id": "NONE"}, "geometry": {"type": "Polygon", "coordinates": [[[91.7043963, 26.1588855], [91.7045602, 26.1589034], [91.7046323, 26.1583703], [91.7044684, 26.1583525], [91.7043963, 26.1588855]]]}}, {"type": "Feature", "properties": {"element": "way", "id": 1304571624, "height": null, "building:levels": null, "render_height": 8.232460010237562, "render_min_height": 0.0, "basin_id": "NONE"}, "geometry": {"type": "Polygon", "coordinates": [[[91.7022908, 26.1586279], [91.7024228, 26.1586423], [91.7024758, 26.15825], [91.7023439, 26.1582356], [91.7022908, 26.1586279]]]}}, {"type": "Feature", "properties": {"element": "way", "id": 1304571625, "height": null, "building:levels": null, "render_height": 7.008463405570742, "render_min_height": 0.0, "basin_id": "NONE"}, "geometry": {"type": "Polygon", "coordinates": [[[91.7030284, 26.158717], [91.7030238, 26.1587507], [91.7026732, 26.1587124], [91.7027494, 26.1581488], [91.7026127, 26.1581339], [91.7025364, 26.1586975], [91.7023176, 26.1586737], [91.7023003, 26.1588017], [91.7030065, 26.1588787], [91.7030028, 26.1589059], [91.7033905, 26.1589481], [91.7033942, 26.158921], [91.7040893, 26.1589967], [91.7041066, 26.1588687], [91.7038871, 26.1588448], [91.7039698, 26.1582331], [91.7038303, 26.1582179], [91.7037475, 26.1588295], [91.7034115, 26.1587929], [91.703416, 26.1587593], [91.7032895, 26.1587455], [91.7033422, 26.1583559], [91.703209, 26.1583414], [91.7031563, 26.158731], [91.7030284, 26.158717]]]}}, {"type": "Feature", "properties": {"element": "way", "id": 1304571626, "height": null, "building:levels": null, "render_height": 14.10935745912272, "render_min_height": 0.0, "basin_id": "NONE"}, "geometry": {"type": "Polygon", "coordinates": [[[91.7027655, 26.1582524], [91.7036902, 26.1583532], [91.7037097, 26.158209], [91.702785, 26.1581082], [91.7027655, 26.1582524]]]}}, {"type": "Feature", "properties": {"element": "way", "id": 1304574999, "height": null, "building:levels": null, "render_height": 12.299576767142586, "render_min_height": 0.0, "basin_id": "NONE"}, "geometry": {"type": "Polygon", "coordinates": [[[91.6895208, 26.1562156], [91.6899981, 26.1562442], [91.6900089, 26.1560976], [91.6895317, 26.1560691], [91.6895208, 26.1562156]]]}}, {"type": "Feature", "properties": {"element": "way", "id": 1304575000, "height": null, "building:levels": null, "render_height": 8.369391415912883, "render_min_height": 0.0, "basin_id": "NONE"}, "geometry": {"type": "Polygon", "coordinates": [[[91.6884345, 26.1561386], [91.6889173, 26.1561675], [91.6889257, 26.156054], [91.6884429, 26.1560251], [91.6884345, 26.1561386]]]}}, {"type": "Feature", "properties": {"element": "way", "id": 1334976115, "height": null, "building:levels": null, "render_height": 6.478092921235442, "render_min_height": 0.0, "basin_id": "GHY_BHARALU_CORE"}, "geometry": {"type": "Polygon", "coordinates": [[[91.745267, 26.1853568], [91.745636, 26.1854323], [91.745706, 26.1852186], [91.745239, 26.1851012], [91.745169, 26.1853317], [91.745267, 26.1853568]]]}}, {"type": "Feature", "properties": {"element": "way", "id": 1334976116, "height": null, "building:levels": null, "render_height": 11.509213252939938, "render_min_height": 0.0, "basin_id": "GHY_BHARALU_CORE"}, "geometry": {"type": "Polygon", "coordinates": [[[91.7452203, 26.1847618], [91.7453091, 26.1847618], [91.745239, 26.1851012], [91.745169, 26.1853317], [91.7450569, 26.1852982], [91.7451316, 26.1850048], [91.7452203, 26.1847618]]]}}, {"type": "Feature", "properties": {"element": "way", "id": 1334976117, "height": null, "building:levels": null, "render_height": 11.87817354340868, "render_min_height": 0.0, "basin_id": "GHY_BHARALU_CORE"}, "geometry": {"type": "Polygon", "coordinates": [[[91.7450455, 26.1843857], [91.7455303, 26.1844842], [91.7455521, 26.1843906], [91.7450734, 26.1842838], [91.7450455, 26.1843857]]]}}, {"type": "Feature", "properties": {"element": "way", "id": 1334976118, "height": null, "building:levels": null, "render_height": 8.840517164016415, "render_min_height": 0.0, "basin_id": "GHY_BHARALU_CORE"}, "geometry": {"type": "Polygon", "coordinates": [[[91.7460145, 26.1849082], [91.7460705, 26.1848285], [91.7460401, 26.1847992], [91.7457249, 26.1847217], [91.7457016, 26.1848369], [91.7458837, 26.1848809], [91.7460145, 26.1849082]]]}}, {"type": "Feature", "properties": {"element": "way", "id": 1334976119, "height": null, "building:levels": null, "render_height": 12.334541675235732, "render_min_height": 0.0, "basin_id": "GHY_BHARALU_CORE"}, "geometry": {"type": "Polygon", "coordinates": [[[91.7446961, 26.1853017], [91.7448455, 26.1853373], [91.7448946, 26.1852053], [91.7448432, 26.1851529], [91.7447498, 26.1851781], [91.7446961, 26.1853017]]]}}, {"type": "Feature", "properties": {"element": "way", "id": 1334976120, "height": null, "building:levels": null, "render_height": 10.443680834088319, "render_min_height": 0.0, "basin_id": "GHY_BHARALU_CORE"}, "geometry": {"type": "Polygon", "coordinates": [[[91.7440028, 26.184219], [91.7442853, 26.1842546], [91.7442994, 26.1841561], [91.7440192, 26.18411], [91.7440028, 26.184219]]]}}, {"type": "Feature", "properties": {"element": "way", "id": 1334976121, "height": null, "building:levels": null, "render_height": 9.818312596571717, "render_min_height": 0.0, "basin_id": "GHY_BHARALU_CORE"}, "geometry": {"type": "Polygon", "coordinates": [[[91.7451913, 26.1838523], [91.7453011, 26.1838712], [91.7454131, 26.1839152], [91.7454598, 26.1839068], [91.7454669, 26.1838817], [91.7455252, 26.1838837], [91.7454879, 26.1840137], [91.745168, 26.183955], [91.7451913, 26.1838523]]]}}, {"type": "Feature", "properties": {"element": "way", "id": 1334976122, "height": null, "building:levels": null, "render_height": 12.723615164345933, "render_min_height": 0.0, "basin_id": "GHY_BHARALU_CORE"}, "geometry": {"type": "Polygon", "coordinates": [[[91.7456443, 26.1843049], [91.7457354, 26.1843196], [91.7457611, 26.1841876], [91.7457237, 26.1841457], [91.745712, 26.18411], [91.7456466, 26.1841163], [91.7456186, 26.1842274], [91.7456443, 26.1843049]]]}}, {"type": "Feature", "properties": {"element": "way", "id": 1334976123, "height": null, "building:levels": null, "render_height": 9.319340900157176, "render_min_height": 0.0, "basin_id": "GHY_BHARALU_CORE"}, "geometry": {"type": "Polygon", "coordinates": [[[91.7467333, 26.1854322], [91.7469178, 26.1854574], [91.7469692, 26.1852101], [91.7468874, 26.1851808], [91.74678, 26.1851703], [91.7467333, 26.1854322]]]}}, {"type": "Feature", "properties": {"element": "way", "id": 1334976124, "height": null, "building:levels": null, "render_height": 8.243358828779252, "render_min_height": 0.0, "basin_id": "GHY_BHARALU_CORE"}, "geometry": {"type": "Polygon", "coordinates": [[[91.7472216, 26.185235], [91.7472551, 26.1852435], [91.747239, 26.1853422], [91.7472336, 26.1853879], [91.7472122, 26.1854709], [91.7471505, 26.1854697], [91.7471719, 26.1853722], [91.7471907, 26.185288], [91.7472041, 26.1852543], [91.7472216, 26.185235]]]}}, {"type": "Feature", "properties": {"element": "way", "id": 1334976125, "height": null, "building:levels": null, "render_height": 10.575574573271165, "render_min_height": 0.0, "basin_id": "GHY_BHARALU_CORE"}, "geometry": {"type": "Polygon", "coordinates": [[[91.7444009, 26.1869904], [91.7445334, 26.187043], [91.7446196, 26.1868466], [91.7445087, 26.1868107], [91.7444009, 26.1869904]]]}}, {"type": "Feature", "properties": {"element": "way", "id": 1334976126, "height": null, "building:levels": null, "render_height": 13.476322505309536, "render_min_height": 0.0, "basin_id": "GHY_BHARALU_CORE"}, "geometry": {"type": "Polygon", "coordinates": [[[91.7448908, 26.18649], [91.7449493, 26.1864872], [91.7452451, 26.1865951], [91.7451681, 26.1868079], [91.7447829, 26.1866752], [91.7448908, 26.18649]]]}}, {"type": "Feature", "properties": {"element": "way", "id": 1334976127, "height": null, "building:levels": null, "render_height": 9.893044096435567, "render_min_height": 0.0, "basin_id": "GHY_BHARALU_CORE"}, "geometry": {"type": "Polygon", "coordinates": [[[91.7458644, 26.1866614], [91.7460647, 26.1867084], [91.7461787, 26.1865785], [91.746191, 26.1865287], [91.7461232, 26.18649], [91.7461232, 26.1864402], [91.7460462, 26.1864319], [91.7460061, 26.1864651], [91.7459137, 26.1864872], [91.7458367, 26.1865563], [91.745772, 26.1865895], [91.7457812, 26.1866393], [91.7458644, 26.1866614]]]}}, {"type": "Feature", "properties": {"element": "way", "id": 1334976128, "height": null, "building:levels": null, "render_height": 8.147221773896868, "render_min_height": 0.0, "basin_id": "GHY_BHARALU_CORE"}, "geometry": {"type": "Polygon", "coordinates": [[[91.7483227, 26.1866314], [91.7483756, 26.186843], [91.7481235, 26.1868065], [91.748156, 26.1866898], [91.7482211, 26.1866715], [91.7483227, 26.1866314]]]}}, {"type": "Feature", "properties": {"element": "way", "id": 1334976129, "height": null, "building:levels": null, "render_height": 6.4717284798146535, "render_min_height": 0.0, "basin_id": "GHY_BHARALU_CORE"}, "geometry": {"type": "Polygon", "coordinates": [[[91.7481102, 26.186219], [91.7484418, 26.1862818], [91.7486613, 26.1862651], [91.748792, 26.1862274], [91.7489134, 26.1862525], [91.7489134, 26.1861603], [91.748792, 26.1860849], [91.7484371, 26.1860891], [91.7482596, 26.1861393], [91.7480868, 26.1861393], [91.7481102, 26.186219]]]}}, {"type": "Feature", "properties": {"element": "way", "id": 1334976130, "height": null, "building:levels": null, "render_height": 5.4000929160848266, "render_min_height": 0.0, "basin_id": "GHY_BHARALU_CORE"}, "geometry": {"type": "Polygon", "coordinates": [[[91.7538523, 26.1849627], [91.7541388, 26.1849489], [91.7541173, 26.1848065], [91.7539817, 26.1847982], [91.7539586, 26.1847705], [91.7538846, 26.1848037], [91.7538323, 26.1848618], [91.7538523, 26.1849627]]]}}, {"type": "Feature", "properties": {"element": "way", "id": 1334976131, "height": null, "building:levels": null, "render_height": 6.757837953854972, "render_min_height": 0.0, "basin_id": "GHY_BHARALU_CORE"}, "geometry": {"type": "Polygon", "coordinates": [[[91.7500271, 26.1839956], [91.750101, 26.1839873], [91.7501226, 26.183885], [91.7502027, 26.1839016], [91.7502243, 26.1838214], [91.7503136, 26.1838159], [91.7503783, 26.1834647], [91.7503229, 26.1834399], [91.7502736, 26.1835035], [91.7502212, 26.1836832], [91.7501103, 26.1836776], [91.750064, 26.1838463], [91.7500271, 26.1839956]]]}}, {"type": "Feature", "properties": {"element": "way", "id": 1334976132, "height": null, "building:levels": null, "render_height": 8.212045769386725, "render_min_height": 0.0, "basin_id": "GHY_BHARALU_CORE"}, "geometry": {"type": "Polygon", "coordinates": [[[91.7496593, 26.1875885], [91.7499138, 26.1876283], [91.7499255, 26.1875152], [91.7496733, 26.1874795], [91.7496593, 26.1875885]]]}}, {"type": "Feature", "properties": {"element": "way", "id": 1334976135, "height": null, "building:levels": null, "render_height": 11.80748252969552, "render_min_height": 0.0, "basin_id": "GHY_BHARALU_CORE"}, "geometry": {"type": "Polygon", "coordinates": [[[91.7405236, 26.1816768], [91.7405488, 26.1817233], [91.7405703, 26.1817631], [91.740576, 26.1817736], [91.7407516, 26.1818068], [91.7409088, 26.1817211], [91.7409088, 26.1816768], [91.740804, 26.181522], [91.740519, 26.1816294], [91.7404878, 26.1816456], [91.7405012, 26.1816573], [91.7405236, 26.1816768]]]}}, {"type": "Feature", "properties": {"element": "way", "id": 1334976136, "height": null, "building:levels": null, "render_height": 6.070822590719346, "render_min_height": 0.0, "basin_id": "GHY_BHARALU_CORE"}, "geometry": {"type": "Polygon", "coordinates": [[[91.7406792, 26.1823733], [91.7408374, 26.1823564], [91.7408347, 26.1822337], [91.7407525, 26.1822393], [91.7406926, 26.1822433], [91.7406792, 26.1823733]]]}}, {"type": "Feature", "properties": {"element": "way", "id": 1334976137, "height": null, "building:levels": null, "render_height": 10.766193370465658, "render_min_height": 0.0, "basin_id": "GHY_BHARALU_CORE"}, "geometry": {"type": "Polygon", "coordinates": [[[91.741583, 26.1817046], [91.7417063, 26.1816949], [91.7417197, 26.1815457], [91.7416312, 26.181524], [91.7415079, 26.1815385], [91.7414837, 26.1816637], [91.741583, 26.1817046]]]}}, {"type": "Feature", "properties": {"element": "way", "id": 1334976138, "height": null, "building:levels": null, "render_height": 11.636360282275835, "render_min_height": 0.0, "basin_id": "GHY_BHARALU_CORE"}, "geometry": {"type": "Polygon", "coordinates": [[[91.7459698, 26.1806626], [91.7460282, 26.1806123], [91.7460585, 26.1806752], [91.7460585, 26.180738], [91.7460772, 26.1808009], [91.7461659, 26.1807967], [91.7461683, 26.180891], [91.7459441, 26.1808826], [91.7459698, 26.1806626]]]}}, {"type": "Feature", "properties": {"element": "way", "id": 1334976139, "height": null, "building:levels": null, "render_height": 5.417561681022596, "render_min_height": 0.0, "basin_id": "GHY_BHARALU_CORE"}, "geometry": {"type": "Polygon", "coordinates": [[[91.7445238, 26.179936], [91.7445469, 26.1798932], [91.7444725, 26.1798344], [91.7444655, 26.1798646], [91.7444354, 26.179909], [91.7443947, 26.1798836], [91.7443752, 26.1799217], [91.7444796, 26.1799789], [91.7445238, 26.179936]]]}}, {"type": "Feature", "properties": {"element": "way", "id": 1334976141, "height": null, "building:levels": null, "render_height": 7.439164111512148, "render_min_height": 0.0, "basin_id": "GHY_BHARALU_CORE"}, "geometry": {"type": "Polygon", "coordinates": [[[91.7495954, 26.1774456], [91.7497865, 26.1776392], [91.7496632, 26.1777387], [91.7496139, 26.1778659], [91.7493674, 26.1776889], [91.7494414, 26.1775175], [91.7495954, 26.1774456]]]}}, {"type": "Feature", "properties": {"element": "way", "id": 1334976142, "height": null, "building:levels": null, "render_height": 7.780201759760197, "render_min_height": 0.0, "basin_id": "GHY_BHARALU_CORE"}, "geometry": {"type": "Polygon", "coordinates": [[[91.7497805, 26.1778572], [91.7501964, 26.1778295], [91.7502919, 26.1776139], [91.7502457, 26.1775447], [91.7502149, 26.1773484], [91.7500578, 26.1773678], [91.7499592, 26.1774203], [91.7498514, 26.1774231], [91.7497928, 26.1774784], [91.7498082, 26.1775558], [91.7498483, 26.1776277], [91.7497959, 26.1777328], [91.7497805, 26.1778572]]]}}, {"type": "Feature", "properties": {"element": "way", "id": 1334976143, "height": null, "building:levels": null, "render_height": 5.632087665771687, "render_min_height": 0.0, "basin_id": "GHY_BHARALU_CORE"}, "geometry": {"type": "Polygon", "coordinates": [[[91.7541378, 26.1768479], [91.7542086, 26.1769321], [91.7541378, 26.176967], [91.7540723, 26.1768956], [91.7541378, 26.1768479]]]}}, {"type": "Feature", "properties": {"element": "way", "id": 1334976144, "height": null, "building:levels": null, "render_height": 8.690361534859754, "render_min_height": 0.0, "basin_id": "GHY_BHARALU_CORE"}, "geometry": {"type": "Polygon", "coordinates": [[[91.7503414, 26.1784853], [91.7504634, 26.1784671], [91.7504268, 26.1783467], [91.7502926, 26.1784233], [91.7503414, 26.1784853]]]}}, {"type": "Feature", "properties": {"element": "way", "id": 1334976145, "height": null, "building:levels": null, "render_height": 14.170225499406751, "render_min_height": 0.0, "basin_id": "GHY_BHARALU_CORE"}, "geometry": {"type": "Polygon", "coordinates": [[[91.7478781, 26.1790413], [91.748183, 26.1787896], [91.747744, 26.1785743], [91.7475569, 26.17864], [91.7474025, 26.1788698], [91.7478781, 26.1790413]]]}}, {"type": "Feature", "properties": {"element": "way", "id": 1334976146, "height": null, "building:levels": null, "render_height": 9.334009931555123, "render_min_height": 0.0, "basin_id": "GHY_BHARALU_CORE"}, "geometry": {"type": "Polygon", "coordinates": [[[91.7400928, 26.180628], [91.7399994, 26.1807496], [91.7399293, 26.1806364], [91.7400928, 26.180628]]]}}, {"type": "Feature", "properties": {"element": "way", "id": 1334976159, "height": null, "building:levels": null, "render_height": 9.920620852659466, "render_min_height": 0.0, "basin_id": "GHY_BHARALU_CORE"}, "geometry": {"type": "Polygon", "coordinates": [[[91.7428092, 26.1868741], [91.7428942, 26.1869059], [91.7429099, 26.1868476], [91.7429099, 26.1868266], [91.7428375, 26.1867952], [91.7428092, 26.1868741]]]}}, {"type": "Feature", "properties": {"element": "way", "id": 1334976162, "height": null, "building:levels": null, "render_height": 9.9478964139852, "render_min_height": 0.0, "basin_id": "GHY_BHARALU_CORE"}, "geometry": {"type": "Polygon", "coordinates": [[[91.7322102, 26.1734079], [91.7321612, 26.1735357], [91.7320795, 26.1735147], [91.7321308, 26.17341], [91.7322102, 26.1734079]]]}}, {"type": "Feature", "properties": {"element": "way", "id": 1334976163, "height": null, "building:levels": null, "render_height": 12.41612402066389, "render_min_height": 0.0, "basin_id": "GHY_BHARALU_CORE"}, "geometry": {"type": "Polygon", "coordinates": [[[91.7549977, 26.1726592], [91.7552132, 26.172641], [91.7551969, 26.1723017], [91.7550018, 26.1723126], [91.7549611, 26.1723637], [91.7549977, 26.1726592]]]}}, {"type": "Feature", "properties": {"element": "way", "id": 1334976164, "height": null, "building:levels": null, "render_height": 10.442544405263444, "render_min_height": 0.0, "basin_id": "GHY_BHARALU_CORE"}, "geometry": {"type": "Polygon", "coordinates": [[[91.7557539, 26.1723637], [91.7560059, 26.1723017], [91.755945, 26.1720207], [91.7561401, 26.1719623], [91.7560913, 26.1718529], [91.7558108, 26.1718784], [91.7557823, 26.171769], [91.7555872, 26.171904], [91.7557539, 26.1723637]]]}}, {"type": "Feature", "properties": {"element": "way", "id": 1334976167, "height": null, "building:levels": null, "render_height": 14.47943523017848, "render_min_height": 0.0, "basin_id": "GHY_BHARALU_CORE"}, "geometry": {"type": "Polygon", "coordinates": [[[91.7647264, 26.1697259], [91.7650159, 26.1696547], [91.7648618, 26.1691224], [91.7646657, 26.1691077], [91.7644368, 26.1692125], [91.7647264, 26.1697259]]]}}, {"type": "Feature", "properties": {"element": "way", "id": 1334976168, "height": null, "building:levels": null, "render_height": 13.060379627657321, "render_min_height": 0.0, "basin_id": "GHY_BHARALU_CORE"}, "geometry": {"type": "Polygon", "coordinates": [[[91.7670323, 26.1704286], [91.7673453, 26.1704103], [91.7672966, 26.1700783], [91.767012, 26.1701111], [91.7670323, 26.1704286]]]}}, {"type": "Feature", "properties": {"element": "way", "id": 1334976169, "height": null, "building:levels": null, "render_height": 6.961925674338001, "render_min_height": 0.0, "basin_id": "GHY_BHARALU_CORE"}, "geometry": {"type": "Polygon", "coordinates": [[[91.7594698, 26.1711311], [91.7599714, 26.1711142], [91.7599124, 26.1712611], [91.7594484, 26.1712659], [91.7594698, 26.1711311]]]}}, {"type": "Feature", "properties": {"element": "way", "id": 1334976170, "height": null, "building:levels": null, "render_height": 9.746274221345082, "render_min_height": 0.0, "basin_id": "GHY_BHARALU_CORE"}, "geometry": {"type": "Polygon", "coordinates": [[[91.7600304, 26.1710781], [91.7602235, 26.1711287], [91.7601699, 26.1712514], [91.759966, 26.1712562], [91.7600304, 26.1710781]]]}}, {"type": "Feature", "properties": {"element": "way", "id": 1334976171, "height": null, "building:levels": null, "render_height": 8.306192829489241, "render_min_height": 0.0, "basin_id": "GHY_BHARALU_CORE"}, "geometry": {"type": "Polygon", "coordinates": [[[91.759494, 26.1709818], [91.7597622, 26.1710035], [91.7598051, 26.1708181], [91.7595449, 26.1708109], [91.759494, 26.1709818]]]}}, {"type": "Feature", "properties": {"element": "way", "id": 1334976172, "height": null, "building:levels": null, "render_height": 9.979007823279991, "render_min_height": 0.0, "basin_id": "GHY_BHARALU_CORE"}, "geometry": {"type": "Polygon", "coordinates": [[[91.7596335, 26.1699034], [91.7597246, 26.1699973], [91.7595879, 26.1702067], [91.7594913, 26.1701489], [91.759561, 26.1699948], [91.7595852, 26.1699226], [91.7596335, 26.1699034]]]}}, {"type": "Feature", "properties": {"element": "way", "id": 1334976173, "height": null, "building:levels": null, "render_height": 14.315254223128065, "render_min_height": 0.0, "basin_id": "GHY_BHARALU_CORE"}, "geometry": {"type": "Polygon", "coordinates": [[[91.7594055, 26.1701513], [91.7595369, 26.1699395], [91.7595557, 26.1698793], [91.7593438, 26.1698047], [91.7592606, 26.1700382], [91.7592553, 26.1700887], [91.7594055, 26.1701513]]]}}, {"type": "Feature", "properties": {"element": "way", "id": 1334976175, "height": null, "building:levels": null, "render_height": 13.585618636212452, "render_min_height": 0.0, "basin_id": "GHY_BHARALU_CORE"}, "geometry": {"type": "Polygon", "coordinates": [[[91.7582381, 26.1697651], [91.7586047, 26.1697596], [91.7586078, 26.1695688], [91.7582566, 26.1695605], [91.7582381, 26.1697651]]]}}, {"type": "Feature", "properties": {"element": "way", "id": 1334983852, "height": null, "building:levels": null, "render_height": 13.858074284397562, "render_min_height": 0.0, "basin_id": "GHY_BHARALU_CORE"}, "geometry": {"type": "Polygon", "coordinates": [[[91.7519521, 26.1788105], [91.752213, 26.1790852], [91.7523259, 26.1790041], [91.7520671, 26.1787349], [91.7519521, 26.1788105]]]}}, {"type": "Feature", "properties": {"element": "way", "id": 1334983853, "height": null, "building:levels": null, "render_height": 9.911626658368604, "render_min_height": 0.0, "basin_id": "GHY_BHARALU_CORE"}, "geometry": {"type": "Polygon", "coordinates": [[[91.7527655, 26.1787734], [91.7528799, 26.1789226], [91.7529818, 26.1788536], [91.7528799, 26.1787012], [91.7527655, 26.1787734]]]}}, {"type": "Feature", "properties": {"element": "way", "id": 1334983854, "height": null, "building:levels": null, "render_height": 8.419943813873143, "render_min_height": 0.0, "basin_id": "GHY_BHARALU_CORE"}, "geometry": {"type": "Polygon", "coordinates": [[[91.7536621, 26.1761188], [91.7538739, 26.176351], [91.7540087, 26.1762521], [91.7537969, 26.1760198], [91.7536621, 26.1761188]]]}}, {"type": "Feature", "properties": {"element": "way", "id": 1334983855, "height": null, "building:levels": null, "render_height": 14.118777675536613, "render_min_height": 0.0, "basin_id": "GHY_BHARALU_CORE"}, "geometry": {"type": "Polygon", "coordinates": [[[91.7537463, 26.1750804], [91.7539209, 26.1750638], [91.7538996, 26.1748082], [91.7538613, 26.1747227], [91.7536991, 26.1747412], [91.7537463, 26.1750804]]]}}, {"type": "Feature", "properties": {"element": "way", "id": 1334983856, "height": null, "building:levels": null, "render_height": 14.590720145954945, "render_min_height": 0.0, "basin_id": "GHY_BHARALU_CORE"}, "geometry": {"type": "Polygon", "coordinates": [[[91.7541587, 26.1749618], [91.7542955, 26.1749618], [91.7542837, 26.174695], [91.754128, 26.1747204], [91.7541587, 26.1749618]]]}}, {"type": "Feature", "properties": {"element": "way", "id": 1334983857, "height": null, "building:levels": null, "render_height": 12.586082897191917, "render_min_height": 0.0, "basin_id": "GHY_BHARALU_CORE"}, "geometry": {"type": "Polygon", "coordinates": [[[91.7543828, 26.1749067], [91.7545315, 26.1749004], [91.7545079, 26.1746696], [91.7543474, 26.1746844], [91.7543828, 26.1749067]]]}}, {"type": "Feature", "properties": {"element": "way", "id": 1334983858, "height": null, "building:levels": null, "render_height": 8.352302069565964, "render_min_height": 0.0, "basin_id": "GHY_BHARALU_CORE"}, "geometry": {"type": "Polygon", "coordinates": [[[91.7542565, 26.1758353], [91.7542958, 26.1758219], [91.7542579, 26.1756905], [91.7542171, 26.1757147], [91.7542565, 26.1758353]]]}}, {"type": "Feature", "properties": {"element": "way", "id": 1334983859, "height": null, "building:levels": null, "render_height": 5.815309222875929, "render_min_height": 0.0, "basin_id": "GHY_BHARALU_CORE"}, "geometry": {"type": "Polygon", "coordinates": [[[91.7544453, 26.1756446], [91.7544885, 26.1756741], [91.7546595, 26.1754726], [91.7546163, 26.175443], [91.7544453, 26.1756446]]]}}, {"type": "Feature", "properties": {"element": "way", "id": 1334983860, "height": null, "building:levels": null, "render_height": 8.161391868116327, "render_min_height": 0.0, "basin_id": "GHY_BHARALU_CORE"}, "geometry": {"type": "Polygon", "coordinates": [[[91.7551179, 26.1761569], [91.7552709, 26.1763126], [91.7553457, 26.1762534], [91.7551927, 26.1760977], [91.7551179, 26.1761569]]]}}, {"type": "Feature", "properties": {"element": "way", "id": 1334983861, "height": null, "building:levels": null, "render_height": 11.925993308598168, "render_min_height": 0.0, "basin_id": "GHY_BHARALU_CORE"}, "geometry": {"type": "Polygon", "coordinates": [[[91.7544718, 26.1764368], [91.7545962, 26.176559], [91.7547337, 26.1764462], [91.7546093, 26.176324], [91.7544718, 26.1764368]]]}}, {"type": "Feature", "properties": {"element": "way", "id": 1334983862, "height": null, "building:levels": null, "render_height": 13.259922795287233, "render_min_height": 0.0, "basin_id": "GHY_BHARALU_CORE"}, "geometry": {"type": "Polygon", "coordinates": [[[91.7549859, 26.1759163], [91.7550976, 26.1760318], [91.7551859, 26.1759629], [91.7550743, 26.1758474], [91.7549859, 26.1759163]]]}}, {"type": "Feature", "properties": {"element": "way", "id": 1334983863, "height": null, "building:levels": null, "render_height": 7.958551921502872, "render_min_height": 0.0, "basin_id": "GHY_BHARALU_CORE"}, "geometry": {"type": "Polygon", "coordinates": [[[91.7535275, 26.1755098], [91.7535946, 26.1756825], [91.7536742, 26.1756576], [91.7536072, 26.1754849], [91.7535275, 26.1755098]]]}}, {"type": "Feature", "properties": {"element": "way", "id": 1334983864, "height": null, "building:levels": null, "render_height": 9.005550563011292, "render_min_height": 0.0, "basin_id": "GHY_BHARALU_CORE"}, "geometry": {"type": "Polygon", "coordinates": [[[91.753629, 26.1760442], [91.7538391, 26.1759109], [91.7537544, 26.1758034], [91.7535443, 26.1759367], [91.753629, 26.1760442]]]}}, {"type": "Feature", "properties": {"element": "way", "id": 1334983865, "height": null, "building:levels": null, "render_height": 9.022396082021046, "render_min_height": 0.0, "basin_id": "GHY_BHARALU_CORE"}, "geometry": {"type": "Polygon", "coordinates": [[[91.7554893, 26.1754031], [91.7555136, 26.1754472], [91.7556391, 26.1753916], [91.7555836, 26.1752907], [91.7553664, 26.175387], [91.7553977, 26.1754438], [91.7554893, 26.1754031]]]}}, {"type": "Feature", "properties": {"element": "way", "id": 1334983866, "height": null, "building:levels": null, "render_height": 12.894905316363538, "render_min_height": 0.0, "basin_id": "GHY_BHARALU_CORE"}, "geometry": {"type": "Polygon", "coordinates": [[[91.7534805, 26.1762643], [91.7535265, 26.1763299], [91.7536514, 26.1762593], [91.7536054, 26.1761937], [91.7534805, 26.1762643]]]}}, {"type": "Feature", "properties": {"element": "way", "id": 1334983867, "height": null, "building:levels": null, "render_height": 11.4755402204062, "render_min_height": 0.0, "basin_id": "GHY_BHARALU_CORE"}, "geometry": {"type": "Polygon", "coordinates": [[[91.7552305, 26.1750026], [91.7552758, 26.1750915], [91.7554828, 26.1750066], [91.7554376, 26.1749178], [91.7552305, 26.1750026]]]}}, {"type": "Feature", "properties": {"element": "way", "id": 1334983869, "height": null, "building:levels": null, "render_height": 8.417214787691233, "render_min_height": 0.0, "basin_id": "GHY_BHARALU_CORE"}, "geometry": {"type": "Polygon", "coordinates": [[[91.7539531, 26.1750835], [91.754121, 26.175069], [91.7541059, 26.174928], [91.753938, 26.1749425], [91.7539531, 26.1750835]]]}}, {"type": "Feature", "properties": {"element": "way", "id": 1334983870, "height": null, "building:levels": null, "render_height": 7.137596837868562, "render_min_height": 0.0, "basin_id": "GHY_BHARALU_CORE"}, "geometry": {"type": "Polygon", "coordinates": [[[91.7549515, 26.1750794], [91.7550039, 26.1751568], [91.7550862, 26.1751119], [91.7550339, 26.1750346], [91.7549515, 26.1750794]]]}}, {"type": "Feature", "properties": {"element": "way", "id": 1334983871, "height": null, "building:levels": null, "render_height": 9.60027513295795, "render_min_height": 0.0, "basin_id": "GHY_BHARALU_CORE"}, "geometry": {"type": "Polygon", "coordinates": [[[91.7546999, 26.1750121], [91.7547613, 26.1750909], [91.7549065, 26.1749997], [91.7548452, 26.1749209], [91.7546999, 26.1750121]]]}}, {"type": "Feature", "properties": {"element": "way", "id": 1334983872, "height": null, "building:levels": null, "render_height": 13.78508039184537, "render_min_height": 0.0, "basin_id": "GHY_BHARALU_CORE"}, "geometry": {"type": "Polygon", "coordinates": [[[91.7545494, 26.1753018], [91.7545974, 26.1753835], [91.7547311, 26.1753202], [91.7546831, 26.1752385], [91.7545494, 26.1753018]]]}}, {"type": "Feature", "properties": {"element": "way", "id": 1334983873, "height": null, "building:levels": null, "render_height": 11.096297986043997, "render_min_height": 0.0, "basin_id": "GHY_BHARALU_CORE"}, "geometry": {"type": "Polygon", "coordinates": [[[91.7531198, 26.1773871], [91.7532293, 26.1775049], [91.7533506, 26.1774142], [91.7532411, 26.1772963], [91.7531198, 26.1773871]]]}}, {"type": "Feature", "properties": {"element": "way", "id": 1334983874, "height": null, "building:levels": null, "render_height": 12.270998843471343, "render_min_height": 0.0, "basin_id": "GHY_BHARALU_CORE"}, "geometry": {"type": "Polygon", "coordinates": [[[91.7535715, 26.1772949], [91.753656, 26.1774003], [91.7537315, 26.1773515], [91.7536469, 26.1772461], [91.7535715, 26.1772949]]]}}, {"type": "Feature", "properties": {"element": "way", "id": 1334983875, "height": null, "building:levels": null, "render_height": 8.645164238917783, "render_min_height": 0.0, "basin_id": "GHY_BHARALU_CORE"}, "geometry": {"type": "Polygon", "coordinates": [[[91.752621, 26.1763021], [91.7527278, 26.1764411], [91.7527911, 26.176402], [91.7526843, 26.1762629], [91.752621, 26.1763021]]]}}, {"type": "Feature", "properties": {"element": "way", "id": 1334983876, "height": null, "building:levels": null, "render_height": 8.559465147005973, "render_min_height": 0.0, "basin_id": "GHY_BHARALU_CORE"}, "geometry": {"type": "Polygon", "coordinates": [[[91.7525925, 26.1769406], [91.7526591, 26.1770051], [91.7526987, 26.1769723], [91.7526321, 26.1769077], [91.7525925, 26.1769406]]]}}, {"type": "Feature", "properties": {"element": "way", "id": 1334983877, "height": null, "building:levels": null, "render_height": 7.270820181003349, "render_min_height": 0.0, "basin_id": "GHY_BHARALU_CORE"}, "geometry": {"type": "Polygon", "coordinates": [[[91.7530944, 26.1763054], [91.7531493, 26.1763745], [91.7532533, 26.1763079], [91.7531984, 26.1762388], [91.7530944, 26.1763054]]]}}, {"type": "Feature", "properties": {"element": "way", "id": 1334983878, "height": null, "building:levels": null, "render_height": 11.37901680039616, "render_min_height": 0.0, "basin_id": "GHY_BHARALU_CORE"}, "geometry": {"type": "Polygon", "coordinates": [[[91.7542632, 26.1756648], [91.7543115, 26.1758021], [91.7543277, 26.1758159], [91.7543043, 26.1758381], [91.7543043, 26.1758657], [91.754358, 26.1759242], [91.7542931, 26.1759722], [91.7543368, 26.1760198], [91.7544694, 26.1759219], [91.7544537, 26.1759047], [91.7545052, 26.1758667], [91.7544098, 26.1757627], [91.7543963, 26.1757104], [91.754327, 26.1756603], [91.7542995, 26.175691], [91.7542632, 26.1756648]]]}}, {"type": "Feature", "properties": {"element": "way", "id": 1334983880, "height": null, "building:levels": null, "render_height": 7.835187244628255, "render_min_height": 0.0, "basin_id": "GHY_BHARALU_CORE"}, "geometry": {"type": "Polygon", "coordinates": [[[91.7530768, 26.1768101], [91.7531262, 26.1768562], [91.7532069, 26.1767863], [91.7531574, 26.1767403], [91.7530768, 26.1768101]]]}}, {"type": "Feature", "properties": {"element": "way", "id": 1334983881, "height": null, "building:levels": null, "render_height": 6.337305374553214, "render_min_height": 0.0, "basin_id": "GHY_BHARALU_CORE"}, "geometry": {"type": "Polygon", "coordinates": [[[91.7528615, 26.1768958], [91.7529802, 26.1769851], [91.7531085, 26.1768476], [91.7529898, 26.1767584], [91.7528615, 26.1768958]]]}}, {"type": "Feature", "properties": {"element": "way", "id": 1334983882, "height": null, "building:levels": null, "render_height": 8.776437447315235, "render_min_height": 0.0, "basin_id": "GHY_BHARALU_CORE"}, "geometry": {"type": "Polygon", "coordinates": [[[91.7539526, 26.1756847], [91.7539661, 26.1757402], [91.754104, 26.1757131], [91.7540905, 26.1756576], [91.7539526, 26.1756847]]]}}, {"type": "Feature", "properties": {"element": "way", "id": 1334983883, "height": null, "building:levels": null, "render_height": 5.871479974653422, "render_min_height": 0.0, "basin_id": "GHY_BHARALU_CORE"}, "geometry": {"type": "Polygon", "coordinates": [[[91.7554179, 26.17604], [91.7555, 26.176124], [91.7556063, 26.1760402], [91.7555242, 26.1759562], [91.7554179, 26.17604]]]}}, {"type": "Feature", "properties": {"element": "way", "id": 1334983884, "height": null, "building:levels": null, "render_height": 5.978614211903364, "render_min_height": 0.0, "basin_id": "GHY_BHARALU_CORE"}, "geometry": {"type": "Polygon", "coordinates": [[[91.755596, 26.1756746], [91.7557114, 26.1758704], [91.7559033, 26.1757793], [91.755788, 26.1755835], [91.755596, 26.1756746]]]}}, {"type": "Feature", "properties": {"element": "way", "id": 1334983885, "height": null, "building:levels": null, "render_height": 5.167256658028298, "render_min_height": 0.0, "basin_id": "GHY_BHARALU_CORE"}, "geometry": {"type": "Polygon", "coordinates": [[[91.7553599, 26.1759401], [91.7554305, 26.176016], [91.755538, 26.1759356], [91.7554674, 26.1758597], [91.7553599, 26.1759401]]]}}, {"type": "Feature", "properties": {"element": "way", "id": 1334983886, "height": null, "building:levels": null, "render_height": 13.915823758941452, "render_min_height": 0.0, "basin_id": "GHY_BHARALU_CORE"}, "geometry": {"type": "Polygon", "coordinates": [[[91.7546357, 26.1758504], [91.7546492, 26.1759903], [91.7547096, 26.1759856], [91.7546961, 26.1758457], [91.7546357, 26.1758504]]]}}, {"type": "Feature", "properties": {"element": "way", "id": 1334983887, "height": null, "building:levels": null, "render_height": 8.188301963204946, "render_min_height": 0.0, "basin_id": "GHY_BHARALU_CORE"}, "geometry": {"type": "Polygon", "coordinates": [[[91.7534857, 26.1777473], [91.7535459, 26.1778226], [91.7536312, 26.1777678], [91.753571, 26.1776924], [91.7534857, 26.1777473]]]}}, {"type": "Feature", "properties": {"element": "way", "id": 1334983888, "height": null, "building:levels": null, "render_height": 8.707679314727244, "render_min_height": 0.0, "basin_id": "GHY_BHARALU_CORE"}, "geometry": {"type": "Polygon", "coordinates": [[[91.7532992, 26.1766412], [91.7533393, 26.176687], [91.7534375, 26.1766176], [91.7533974, 26.1765719], [91.7532992, 26.1766412]]]}}, {"type": "Feature", "properties": {"element": "way", "id": 1335028677, "height": null, "building:levels": null, "render_height": 9.14890943510404, "render_min_height": 0.0, "basin_id": "GHY_BHARALU_CORE"}, "geometry": {"type": "Polygon", "coordinates": [[[91.7469566, 26.1802224], [91.7471247, 26.1802287], [91.7472204, 26.1800778], [91.7471877, 26.1796315], [91.7470943, 26.179554], [91.7469402, 26.1797027], [91.7469566, 26.1799814], [91.7469566, 26.1802224]]]}}, {"type": "Feature", "properties": {"element": "way", "id": 1360622246, "height": null, "building:levels": null, "render_height": 13.730114500475457, "render_min_height": 0.0, "basin_id": "GHY_BHARALU_CORE"}, "geometry": {"type": "Polygon", "coordinates": [[[91.7557705, 26.1805669], [91.7557798, 26.1803916], [91.75611, 26.1804417], [91.7560728, 26.1806087], [91.7557705, 26.1805669]]]}}, {"type": "Feature", "properties": {"element": "way", "id": 1360643949, "height": null, "building:levels": null, "render_height": 6.591612992960849, "render_min_height": 0.0, "basin_id": "GHY_BHARALU_CORE"}, "geometry": {"type": "Polygon", "coordinates": [[[91.7564431, 26.1780558], [91.7565742, 26.1780455], [91.7565598, 26.1779032], [91.7564402, 26.1779161], [91.7564431, 26.1780558]]]}}, {"type": "Feature", "properties": {"element": "way", "id": 1416503682, "height": null, "building:levels": null, "render_height": 12.66505609830213, "render_min_height": 0.0, "basin_id": "NONE"}, "geometry": {"type": "Polygon", "coordinates": [[[91.7040451, 26.1601675], [91.7042065, 26.1601619], [91.7042238, 26.15985], [91.7040512, 26.1598445], [91.7040451, 26.1601675]]]}}, {"type": "Feature", "properties": {"element": "way", "id": 1462477210, "height": null, "building:levels": null, "render_height": 5.8521112961420485, "render_min_height": 0.0, "basin_id": "GHY_BHARALU_CORE"}, "geometry": {"type": "Polygon", "coordinates": [[[91.7535616, 26.1787962], [91.753651, 26.178907], [91.753854, 26.1787752], [91.7537645, 26.1786643], [91.7535616, 26.1787962]]]}}, {"type": "Feature", "properties": {"element": "way", "id": 1462477428, "height": null, "building:levels": null, "render_height": 5.212568897976148, "render_min_height": 0.0, "basin_id": "GHY_BHARALU_CORE"}, "geometry": {"type": "Polygon", "coordinates": [[[91.7530361, 26.1787293], [91.7531215, 26.1788247], [91.7532717, 26.1787165], [91.7531531, 26.178584], [91.7530238, 26.1786773], [91.753057, 26.1787143], [91.7530361, 26.1787293]]]}}, {"type": "Feature", "properties": {"element": "way", "id": 1462477498, "height": null, "building:levels": null, "render_height": 10.053035085048663, "render_min_height": 0.0, "basin_id": "GHY_BHARALU_CORE"}, "geometry": {"type": "Polygon", "coordinates": [[[91.752274, 26.1791573], [91.7523002, 26.1791828], [91.7522831, 26.179197], [91.7523994, 26.1793102], [91.7524223, 26.1792912], [91.7524487, 26.1793168], [91.7525645, 26.179221], [91.7523956, 26.1790567], [91.752274, 26.1791573]]]}}, {"type": "Feature", "properties": {"element": "way", "id": 1462477747, "height": null, "building:levels": null, "render_height": 13.638284354789684, "render_min_height": 0.0, "basin_id": "GHY_BHARALU_CORE"}, "geometry": {"type": "Polygon", "coordinates": [[[91.7557256, 26.1782468], [91.7557224, 26.1779947], [91.7560548, 26.1779914], [91.756058, 26.1782434], [91.7557256, 26.1782468]]]}}, {"type": "Feature", "properties": {"element": "way", "id": 1462478586, "height": null, "building:levels": null, "render_height": 6.373639176363726, "render_min_height": 0.0, "basin_id": "GHY_BHARALU_CORE"}, "geometry": {"type": "Polygon", "coordinates": [[[91.753871, 26.1786317], [91.7540468, 26.1784621], [91.7542909, 26.1786659], [91.7541742, 26.1787785], [91.7540555, 26.1786794], [91.7540237, 26.1787101], [91.7540025, 26.1786923], [91.7539751, 26.1787187], [91.753871, 26.1786317]]]}}, {"type": "Feature", "properties": {"element": "way", "id": 1462478972, "height": null, "building:levels": null, "render_height": 14.312475440553508, "render_min_height": 0.0, "basin_id": "GHY_BHARALU_CORE"}, "geometry": {"type": "Polygon", "coordinates": [[[91.7546216, 26.1785867], [91.7547229, 26.1786883], [91.7547831, 26.1786557], [91.754689, 26.1785284], [91.7546216, 26.1785867]]]}}, {"type": "Feature", "properties": {"element": "way", "id": 1462479124, "height": null, "building:levels": null, "render_height": 10.644379295162366, "render_min_height": 0.0, "basin_id": "GHY_BHARALU_CORE"}, "geometry": {"type": "Polygon", "coordinates": [[[91.7543913, 26.1785984], [91.7544806, 26.178664], [91.75459, 26.178544], [91.7545007, 26.1784785], [91.7543913, 26.1785984]]]}}, {"type": "Feature", "properties": {"element": "way", "id": 1462479199, "height": null, "building:levels": null, "render_height": 9.279705587051854, "render_min_height": 0.0, "basin_id": "GHY_BHARALU_CORE"}, "geometry": {"type": "Polygon", "coordinates": [[[91.754056, 26.1782556], [91.754134, 26.1783171], [91.7542699, 26.1781908], [91.7543802, 26.1782566], [91.7545012, 26.1781384], [91.7543874, 26.1780651], [91.7544082, 26.1780502], [91.7543814, 26.1780309], [91.7544023, 26.1780106], [91.754354, 26.1779737], [91.754056, 26.1782556]]]}}, {"type": "Feature", "properties": {"element": "way", "id": 1462479392, "height": null, "building:levels": null, "render_height": 9.759333983421524, "render_min_height": 0.0, "basin_id": "GHY_BHARALU_CORE"}, "geometry": {"type": "Polygon", "coordinates": [[[91.7544273, 26.1783006], [91.7546128, 26.1784388], [91.7546475, 26.1784014], [91.7546127, 26.1783754], [91.7546532, 26.1783317], [91.7545664, 26.1782669], [91.754583, 26.1782491], [91.7545191, 26.1782014], [91.7544273, 26.1783006]]]}}, {"type": "Feature", "properties": {"element": "way", "id": 1462479508, "height": null, "building:levels": null, "render_height": 10.995948162046052, "render_min_height": 0.0, "basin_id": "GHY_BHARALU_CORE"}, "geometry": {"type": "Polygon", "coordinates": [[[91.7541634, 26.1783871], [91.7543836, 26.1785494], [91.7544801, 26.178444], [91.7542599, 26.1782817], [91.7541634, 26.1783871]]]}}, {"type": "Feature", "properties": {"element": "way", "id": 1462479548, "height": null, "building:levels": null, "render_height": 12.723551024986076, "render_min_height": 0.0, "basin_id": "GHY_BHARALU_CORE"}, "geometry": {"type": "Polygon", "coordinates": [[[91.7545255, 26.1786899], [91.7549183, 26.1790071], [91.754988, 26.1789391], [91.7547758, 26.1786952], [91.7547377, 26.1787246], [91.7546143, 26.1786144], [91.7545255, 26.1786899]]]}}, {"type": "Feature", "properties": {"element": "way", "id": 1462479642, "height": null, "building:levels": null, "render_height": 7.773722468259125, "render_min_height": 0.0, "basin_id": "GHY_BHARALU_CORE"}, "geometry": {"type": "Polygon", "coordinates": [[[91.7550602, 26.1795897], [91.7550637, 26.1794445], [91.7552939, 26.1794489], [91.7552905, 26.1795941], [91.7550602, 26.1795897]]]}}, {"type": "Feature", "properties": {"element": "way", "id": 1462479851, "height": null, "building:levels": null, "render_height": 11.63318746770613, "render_min_height": 0.0, "basin_id": "GHY_BHARALU_CORE"}, "geometry": {"type": "Polygon", "coordinates": [[[91.755069, 26.1794174], [91.7551053, 26.1791606], [91.7553258, 26.1792098], [91.7553253, 26.179282], [91.7552114, 26.1792772], [91.7551995, 26.179442], [91.755069, 26.1794174]]]}}, {"type": "Feature", "properties": {"element": "way", "id": 1462479895, "height": null, "building:levels": null, "render_height": 9.287631168124268, "render_min_height": 0.0, "basin_id": "GHY_BHARALU_CORE"}, "geometry": {"type": "Polygon", "coordinates": [[[91.7541299, 26.1811758], [91.7542571, 26.1812936], [91.7544509, 26.1811251], [91.7543237, 26.1810073], [91.7541299, 26.1811758]]]}}, {"type": "Feature", "properties": {"element": "way", "id": 1462479966, "height": null, "building:levels": null, "render_height": 14.28121820090659, "render_min_height": 0.0, "basin_id": "GHY_BHARALU_CORE"}, "geometry": {"type": "Polygon", "coordinates": [[[91.7538597, 26.1810643], [91.7539327, 26.181128], [91.7540277, 26.1810401], [91.7539546, 26.1809765], [91.7538597, 26.1810643]]]}}, {"type": "Feature", "properties": {"element": "way", "id": 1462480006, "height": null, "building:levels": null, "render_height": 6.622080518631028, "render_min_height": 0.0, "basin_id": "GHY_BHARALU_CORE"}, "geometry": {"type": "Polygon", "coordinates": [[[91.7552359, 26.1815597], [91.7554925, 26.1815759], [91.7555215, 26.1812076], [91.7552648, 26.1811914], [91.7552359, 26.1815597]]]}}, {"type": "Feature", "properties": {"element": "way", "id": 1462480068, "height": null, "building:levels": null, "render_height": 5.828862909896193, "render_min_height": 0.0, "basin_id": "GHY_BHARALU_CORE"}, "geometry": {"type": "Polygon", "coordinates": [[[91.7555625, 26.1811858], [91.7555696, 26.1811263], [91.7560286, 26.1811754], [91.7560125, 26.1812522], [91.7555625, 26.1811858]]]}}, {"type": "Feature", "properties": {"element": "way", "id": 1501288033, "height": null, "building:levels": null, "render_height": 10.785568042622646, "render_min_height": 0.0, "basin_id": "GHY_BHARALU_CORE"}, "geometry": {"type": "Polygon", "coordinates": [[[91.749045, 26.1806143], [91.7490488, 26.1805947], [91.7490274, 26.180591], [91.7490636, 26.1804079], [91.7491762, 26.1804264], [91.7491873, 26.1803694], [91.7492317, 26.1803747], [91.7492019, 26.1805461], [91.7492245, 26.1805493], [91.7492258, 26.1805418], [91.7492951, 26.1805513], [91.7492808, 26.1806358], [91.7492233, 26.1806291], [91.7492215, 26.1806413], [91.749045, 26.1806143]]]}}, {"type": "Feature", "properties": {"element": "way", "id": 1556495808, "height": null, "building:levels": "3", "render_height": 9.0, "render_min_height": 0.0, "basin_id": "NONE"}, "geometry": {"type": "Polygon", "coordinates": [[[91.692177, 26.1652922], [91.6917072, 26.1654304], [91.6918151, 26.1656242], [91.6922433, 26.1654685], [91.692177, 26.1652922]]]}}, {"type": "Feature", "properties": {"element": "way", "id": 1556495809, "height": null, "building:levels": "4", "render_height": 12.0, "render_min_height": 0.0, "basin_id": "NONE"}, "geometry": {"type": "Polygon", "coordinates": [[[91.6913771, 26.1654463], [91.6911453, 26.165544], [91.6912807, 26.1658314], [91.6915134, 26.1657425], [91.6913771, 26.1654463]]]}}, {"type": "Feature", "properties": {"element": "way", "id": 1556495810, "height": null, "building:levels": "1", "render_height": 3.0, "render_min_height": 0.0, "basin_id": "NONE"}, "geometry": {"type": "Polygon", "coordinates": [[[91.6922044, 26.1653089], [91.6926477, 26.165139], [91.6926937, 26.1652533], [91.6922717, 26.1654701], [91.6922044, 26.1653089]]]}}, {"type": "Feature", "properties": {"element": "way", "id": 1556497432, "height": null, "building:levels": "3", "render_height": 9.0, "render_min_height": 0.0, "basin_id": "GHY_BHARALU_CORE"}, "geometry": {"type": "Polygon", "coordinates": [[[91.7231241, 26.1403493], [91.7231204, 26.1402083], [91.7232727, 26.1401937], [91.7232833, 26.1403301], [91.7231241, 26.1403493]]]}}, {"type": "Feature", "properties": {"element": "way", "id": 1556497433, "height": null, "building:levels": null, "render_height": 6.040038582473927, "render_min_height": 0.0, "basin_id": "GHY_BHARALU_CORE"}, "geometry": {"type": "Polygon", "coordinates": [[[91.7232833, 26.1403301], [91.7234152, 26.1403168], [91.7234031, 26.1401446], [91.7232703, 26.1401627], [91.7232727, 26.1401937], [91.7232833, 26.1403301]]]}}, {"type": "Feature", "properties": {"element": "way", "id": 1556497434, "height": null, "building:levels": null, "render_height": 13.810302147740844, "render_min_height": 0.0, "basin_id": "GHY_BHARALU_CORE"}, "geometry": {"type": "Polygon", "coordinates": [[[91.7234152, 26.1403168], [91.7235412, 26.1403003], [91.7235258, 26.1401185], [91.7234002, 26.1401323], [91.7234031, 26.1401446], [91.7234152, 26.1403168]]]}}, {"type": "Feature", "properties": {"element": "way", "id": 1556497435, "height": null, "building:levels": "1", "render_height": 3.0, "render_min_height": 0.0, "basin_id": "GHY_BHARALU_CORE"}, "geometry": {"type": "Polygon", "coordinates": [[[91.7252704, 26.1399069], [91.725084, 26.1399442], [91.7251788, 26.1401316], [91.7252373, 26.1401143], [91.7252281, 26.140079], [91.7252966, 26.1400424], [91.7252704, 26.1399069]]]}}, {"type": "Feature", "properties": {"element": "way", "id": 1556851130, "height": null, "building:levels": "1", "render_height": 3.0, "render_min_height": 0.0, "basin_id": "GHY_BHARALU_CORE"}, "geometry": {"type": "Polygon", "coordinates": [[[91.7227027, 26.1413831], [91.7226913, 26.1412946], [91.7228152, 26.1412707], [91.722795, 26.1413587], [91.7227027, 26.1413831]]]}}, {"type": "Feature", "properties": {"element": "way", "id": 1558035714, "height": null, "building:levels": null, "render_height": 9.367815786699335, "render_min_height": 0.0, "basin_id": "GHY_BHARALU_CORE"}, "geometry": {"type": "Polygon", "coordinates": [[[91.7722775, 26.1843576], [91.7728996, 26.1842756], [91.7728426, 26.1839636], [91.7722288, 26.1840731], [91.7722775, 26.1843576]]]}}]}