{
"type": "FeatureCollection",
"name": "guwahati_modern_wards_clean",
"crs": { "type": "name", "properties": { "name": "urn:ogc:def:crs:OGC:1.3:CRS84" } },
"features": [
{ "type": "Feature", "properties": { "ward_number": 1, "ward_lgd_name": "Guwahati (M Corp.) - Ward No.1" }, "geometry": { "type": "MultiPolygon", "coordinates": [ [ [ [ 91.636795626776106, 26.139487989124198 ], [ 91.636701834575703, 26.139624812767 ], [ 91.6366471226833, 26.1397090121622 ], [ 91.636545515139801, 26.1397616362493 ], [ 91.636377470892896, 26.139754619436999 ], [ 91.6360140278003, 26.139645862419901 ], [ 91.635591964245506, 26.139530088475599 ], [ 91.6354825404607, 26.139452905782299 ], [ 91.635408288414297, 26.139368707008799 ], [ 91.635384840588699, 26.139291524208801 ], [ 91.635384840588699, 26.139200307666702 ], [ 91.635380932018904, 26.139123125561898 ], [ 91.635341852609102, 26.1390740092105 ], [ 91.635259784321406, 26.138993317383299 ], [ 91.635115188798295, 26.138926659226001 ], [ 91.635013581254896, 26.1389021014148 ], [ 91.634833813095199, 26.138916134335201 ], [ 91.634704849156293, 26.139035417719501 ], [ 91.634689217572102, 26.139238899103301 ], [ 91.634724389310406, 26.1396388464069 ], [ 91.634779101202795, 26.139905476375102 ], [ 91.634814272941099, 26.140115973033701 ], [ 91.634845537007905, 26.1402527967469 ], [ 91.6348299054237, 26.140322962133101 ], [ 91.634798641356795, 26.140466800760901 ], [ 91.634740020894597, 26.1406527397708 ], [ 91.634724389310406, 26.140842185648602 ], [ 91.634794732787, 26.141108812868602 ], [ 91.634888524987502, 26.1413263248823 ], [ 91.634904157470103, 26.141536818978899 ], [ 91.634845537007905, 26.141740296809498 ], [ 91.634775193531297, 26.141947282222599 ], [ 91.634822089182407, 26.142098136327402 ], [ 91.635001857342104, 26.142270039417099 ], [ 91.635291048388297, 26.142522630084301 ], [ 91.635490356701993, 26.142722598282699 ], [ 91.635638859896602, 26.142855910224601 ], [ 91.635771731506907, 26.1430418446229 ], [ 91.635861616035896, 26.1431225328454 ], [ 91.6360140278003, 26.143185680707099 ], [ 91.636170347236103, 26.143234795328599 ], [ 91.636264139436605, 26.143273385431499 ], [ 91.636361839308606, 26.143350564792499 ], [ 91.636439999026507, 26.143462827056499 ], [ 91.636572870636797, 26.143715415949199 ], [ 91.636674479078593, 26.1438803000928 ], [ 91.636779994293605, 26.143978528730699 ], [ 91.636897234319605, 26.144038167448599 ], [ 91.637162978438596, 26.144213575550499 ], [ 91.637276309894801, 26.144374951126199 ], [ 91.637331021787205, 26.144511769041301 ], [ 91.637354469612703, 26.144620521525201 ], [ 91.637350561941204, 26.144894156619401 ], [ 91.637444354141707, 26.145062546941599 ], [ 91.637647569228704, 26.1452905759053 ], [ 91.637878141609306, 26.1454554578239 ], [ 91.638370548640694, 26.1458659072884 ], [ 91.638718360148999, 26.1461605879411 ], [ 91.638827783933806, 26.146237766199501 ], [ 91.638945023959806, 26.146399138170299 ], [ 91.639073987898698, 26.146564018522898 ], [ 91.639187319354903, 26.146655229311101 ], [ 91.639308467052402, 26.146767487590299 ], [ 91.639429615648297, 26.1468446654474 ], [ 91.639621106822403, 26.146999021008501 ], [ 91.639761794674001, 26.1471639005137 ], [ 91.639879034700101, 26.147279666886998 ], [ 91.639984550813296, 26.147398940919 ], [ 91.640070526772604, 26.147532247520001 ], [ 91.640394889557001, 26.147893577040701 ], [ 91.641055340835393, 26.148781109946398 ], [ 91.641637632395799, 26.149528316523199 ], [ 91.641778320247397, 26.149801940111001 ], [ 91.641872112447899, 26.149970323352498 ], [ 91.641958087508797, 26.150114150898499 ], [ 91.642110500171498, 26.150264993641802 ], [ 91.642325439171202, 26.150485996273801 ], [ 91.642528655156497, 26.150745586119498 ], [ 91.642794399275402, 26.150980619311301 ], [ 91.642931178557205, 26.151106905691201 ], [ 91.643052326254704, 26.151285810826 ], [ 91.6432164619318, 26.1515313666841 ], [ 91.643368873696204, 26.151738334734102 ], [ 91.643540825614593, 26.151973366732701 ], [ 91.643677605794693, 26.1521873500641 ], [ 91.643779213338206, 26.152411856678 ], [ 91.643876913210207, 26.152681965083701 ], [ 91.643943349015402, 26.152920502789101 ], [ 91.644013693390306, 26.153137991984501 ], [ 91.644158288913403, 26.1533063704121 ], [ 91.644373228811403, 26.153460717426501 ], [ 91.644498285078697, 26.153558938000899 ], [ 91.6446350643605, 26.153657158492699 ], [ 91.644713224078501, 26.153741347765401 ], [ 91.644791384694699, 26.153934280782298 ], [ 91.645057127915294, 26.154369255794801 ], [ 91.645193908095393, 26.154632344557498 ], [ 91.645272067813295, 26.154839307107 ], [ 91.6452681592435, 26.154962080958398 ], [ 91.6453033318802, 26.155140980988602 ], [ 91.6453658591155, 26.155256739448401 ], [ 91.645447927403296, 26.155400559672 ], [ 91.645545627275197, 26.1555513963878 ], [ 91.645643327147198, 26.1556531227276 ], [ 91.645748843260506, 26.155737310560099 ], [ 91.645842634562698, 26.155793435747999 ], [ 91.645893438783602, 26.155867099310601 ], [ 91.645948150675906, 26.1559512869886 ], [ 91.645955966917299, 26.1560915988441 ], [ 91.645924702850394, 26.156354683722899 ], [ 91.645952058347405, 26.156530073312599 ], [ 91.645998954896896, 26.1566493386958 ], [ 91.646061483030493, 26.156765094852599 ], [ 91.6461709068153, 26.1568878674837 ], [ 91.646295962184297, 26.157017654954199 ], [ 91.646452282518496, 26.157122888302901 ], [ 91.646565613974701, 26.157210582553201 ], [ 91.646632049779896, 26.157280737744699 ], [ 91.646678945430907, 26.1573929866085 ], [ 91.646721933410504, 26.157554343153102 ], [ 91.646780553872702, 26.157768316249001 ], [ 91.646835265765105, 26.158034905606598 ], [ 91.646897793898802, 26.158206784415501 ], [ 91.647018941596301, 26.1584032182969 ], [ 91.647159629447899, 26.158634727821401 ], [ 91.647194801186203, 26.158722420935199 ], [ 91.647271397835596, 26.158831441576499 ], [ 91.647348932326096, 26.1589257285051 ], [ 91.647468985875506, 26.159076139772498 ], [ 91.647579034887798, 26.159199610648798 ], [ 91.647694086617705, 26.159388185447298 ], [ 91.647745828679803, 26.1595327028657 ], [ 91.647808356813499, 26.1597501797349 ], [ 91.647835712310496, 26.159953625809401 ], [ 91.647859160136093, 26.160090425459199 ], [ 91.647894331874397, 26.160290362748199 ], [ 91.647937319853995, 26.160381562806801 ], [ 91.647999847987606, 26.160518361954701 ], [ 91.6480858239469, 26.160641129829401 ], [ 91.648195247731607, 26.160841066980701 ], [ 91.648304671516399, 26.161037495619802 ], [ 91.648339844153, 26.161191832405901 ], [ 91.648367199650096, 26.161367214722901 ], [ 91.648378923562802, 26.161528565770102 ], [ 91.648394556045403, 26.161756562556398 ], [ 91.6484219115424, 26.161889852754001 ], [ 91.648492255917404, 26.162068741353799 ], [ 91.648545967086505, 26.162155702200099 ], [ 91.648595589124497, 26.162204550827099 ], [ 91.648629204082496, 26.1622275379348 ], [ 91.648670823029605, 26.162256273022599 ], [ 91.648742855338995, 26.162280696914401 ], [ 91.648795678074293, 26.162285007297001 ], [ 91.648872512777103, 26.162287880885401 ], [ 91.6490053718111, 26.162287880885401 ], [ 91.649083807311797, 26.162285007297001 ], [ 91.649184652185596, 26.162285007297001 ], [ 91.649248680505707, 26.1622835705029 ], [ 91.649338320693005, 26.162300811225599 ], [ 91.649403949811003, 26.1623237983144 ], [ 91.649451971949503, 26.162355406158799 ], [ 91.649509597078307, 26.1624100018728 ], [ 91.649557618318497, 26.1624990781443 ], [ 91.649589633376905, 26.1625737872488 ], [ 91.649597636467803, 26.162639876373198 ], [ 91.649581629387697, 26.162720332542801 ], [ 91.649488787604795, 26.1628625672917 ], [ 91.649373536448806, 26.1630306623872 ], [ 91.649309508128596, 26.163178643084201 ], [ 91.649272691575007, 26.1632921432549 ], [ 91.649253482899297, 26.163363978289599 ], [ 91.649250281303594, 26.163411389630198 ], [ 91.649253482899297, 26.163477478280001 ], [ 91.649283896261494, 26.163575174406201 ], [ 91.649288698654999, 26.1640665257416 ], [ 91.649282295463706, 26.164180025048299 ], [ 91.649251882101396, 26.164260480155502 ], [ 91.649194256074296, 26.164315074171402 ], [ 91.649151037227597, 26.164348118244899 ], [ 91.649048591555996, 26.164394092417201 ], [ 91.648944545086493, 26.164421389397098 ], [ 91.648830893830095, 26.1644371930362 ], [ 91.648517154522096, 26.164455870207998 ], [ 91.648369888307698, 26.1644371930362 ], [ 91.648249834758204, 26.164385471807801 ], [ 91.648174600853096, 26.164335188131702 ], [ 91.648107370937296, 26.164256169845899 ], [ 91.648062551292796, 26.1642231257463 ], [ 91.648008126861299, 26.164185771325201 ], [ 91.647947300136806, 26.1641656581454 ], [ 91.647515106280593, 26.1641469809271 ], [ 91.647449477162496, 26.1641584742902 ], [ 91.647393452831494, 26.164184334554399 ], [ 91.647324621219497, 26.164234619101801 ], [ 91.647266996090707, 26.164264789658699 ], [ 91.647167752014695, 26.164286340397101 ], [ 91.647062104747405, 26.1642705367377 ], [ 91.646970863762306, 26.164228872827401 ], [ 91.646878021979404, 26.1641828985899 ], [ 91.646841205425801, 26.164167094916401 ], [ 91.6468300007392, 26.164224562516601 ], [ 91.646821997648402, 26.164480293639201 ], [ 91.646862014899298, 26.164566495603601 ], [ 91.646951655086596, 26.164688614205101 ], [ 91.647062104747405, 26.164816479730899 ], [ 91.647356435953597, 26.1650609855742 ], [ 91.647889173747998, 26.165449339052099 ], [ 91.649192519630802, 26.166309379794399 ], [ 91.649424556265302, 26.166468313308201 ], [ 91.6497359752249, 26.166709452814398 ], [ 91.650114562116499, 26.166961552784102 ], [ 91.651934221895402, 26.167821977432801 ], [ 91.652154046831896, 26.167920624511002 ], [ 91.652422721255306, 26.167975428048901 ], [ 91.652764671256406, 26.168041193227999 ], [ 91.653314232699501, 26.168183682709401 ], [ 91.653894326082394, 26.168353573693601 ], [ 91.654480525314298, 26.168468661956201 ], [ 91.655170530267199, 26.168539906054299 ], [ 91.656623815750706, 26.1686440333301 ], [ 91.660113533474302, 26.1689896371483 ], [ 91.660724157898798, 26.1689896371483 ], [ 91.661210748338704, 26.169126645494998 ], [ 91.662050356922407, 26.169169460570298 ], [ 91.662288882088205, 26.169178023583498 ], [ 91.662641899333593, 26.1693321577131 ], [ 91.663452884897396, 26.169434913686398 ], [ 91.664788624927695, 26.1694092247015 ], [ 91.665485118411794, 26.169469165657301 ], [ 91.666210234915894, 26.169597610458801 ], [ 91.667269285753804, 26.169785995911599 ], [ 91.667994402257904, 26.169897314445301 ], [ 91.668442829569599, 26.170008632872602 ], [ 91.668881715874704, 26.170188454723 ], [ 91.669339683294794, 26.1703168987321 ], [ 91.669654536513605, 26.170334024589302 ], [ 91.669893061679502, 26.1703168987321 ], [ 91.670570473150406, 26.170608037155901 ], [ 91.671247884621295, 26.1707450436008 ], [ 91.671715393048004, 26.170787858081798 ], [ 91.672450050558695, 26.1708049838699 ], [ 91.672792333834707, 26.165546180504201 ], [ 91.673001043916301, 26.161973633749799 ], [ 91.673045767441096, 26.161625739442702 ], [ 91.673135213592204, 26.161210941462102 ], [ 91.673254476624294, 26.160689096199999 ], [ 91.673567540399105, 26.160060202219501 ], [ 91.673971650224601, 26.159338025399901 ], [ 91.674283068285803, 26.158965330975999 ], [ 91.674692186219005, 26.158444652877701 ], [ 91.675144048688395, 26.157852721872001 ], [ 91.675217323367804, 26.1577650281044 ], [ 91.672042077079098, 26.157545792993801 ], [ 91.671387165711195, 26.157518143657899 ], [ 91.670976982376004, 26.157486714310899 ], [ 91.6705768035782, 26.157428345155601 ], [ 91.670251658361096, 26.157374465537298 ], [ 91.668799662858305, 26.157052513697899 ], [ 91.667920364010499, 26.156800392309702 ], [ 91.666857878014895, 26.1564222092058 ], [ 91.663731482111402, 26.155304094415801 ], [ 91.659591449699107, 26.153769410842798 ], [ 91.655579648200401, 26.152179895343401 ], [ 91.655304867928095, 26.152097678087902 ], [ 91.654700349352495, 26.151829102821601 ], [ 91.653527950888702, 26.151253581505699 ], [ 91.649937480817798, 26.149537963126701 ], [ 91.648783400799303, 26.148940505203399 ], [ 91.648307114035603, 26.14866095999 ], [ 91.648034238191698, 26.148475069217099 ], [ 91.647736605676798, 26.148246065111898 ], [ 91.647423965906796, 26.1479609316291 ], [ 91.647191362435294, 26.1477341706773 ], [ 91.646926243543803, 26.147440055241098 ], [ 91.646583591060207, 26.147026945396 ], [ 91.646265948572307, 26.1466362855999 ], [ 91.645663179915005, 26.145872922927101 ], [ 91.644992880406207, 26.145051180721399 ], [ 91.644185645308795, 26.143968004295299 ], [ 91.6440215096316, 26.1437083993744 ], [ 91.6439042696055, 26.143462827056499 ], [ 91.643787029579499, 26.1431365660649 ], [ 91.643661973312206, 26.142855910224601 ], [ 91.643517377789095, 26.1426594509769 ], [ 91.643298530219596, 26.142431416873301 ], [ 91.642974166536803, 26.1421928585352 ], [ 91.642650614032704, 26.142051213888099 ], [ 91.642122224084304, 26.141873609873201 ], [ 91.641450048893105, 26.141659607631599 ], [ 91.640887297486799, 26.141421046909802 ], [ 91.637624121403107, 26.139919509174899 ], [ 91.636795626776106, 26.139487989124198 ] ] ] ] } },
{ "type": "Feature", "properties": { "ward_number": 2, "ward_lgd_name": "Guwahati (M Corp.) - Ward No.2" }, "geometry": { "type": "MultiPolygon", "coordinates": [ [ [ [ 91.643433604498995, 26.130724745349401 ], [ 91.643429506384606, 26.130798325533899 ], [ 91.643433604498995, 26.130886621048901 ], [ 91.643421311054297, 26.131070570361601 ], [ 91.643409017609599, 26.131155187238601 ], [ 91.643413114825606, 26.131232445581801 ], [ 91.643413114825606, 26.131298667784598 ], [ 91.643388527936295, 26.1313428153613 ], [ 91.643327060713005, 26.131379605264598 ], [ 91.643224615041404, 26.131386962921301 ], [ 91.643150854373403, 26.131386962921301 ], [ 91.643077092807104, 26.1313832836898 ], [ 91.643011527469397, 26.1314311104646 ], [ 91.642958256474799, 26.131497332554801 ], [ 91.642921375242494, 26.131552516929201 ], [ 91.642855809904802, 26.131615058919898 ], [ 91.642810734240499, 26.131644491097401 ], [ 91.642655016675903, 26.1316959961806 ], [ 91.642544375673907, 26.131729107558598 ], [ 91.642417342214699, 26.1317364651932 ], [ 91.642290309653703, 26.131718070702501 ], [ 91.642167375207094, 26.131651848737398 ], [ 91.642060831421105, 26.131530443182601 ], [ 91.641909211970798, 26.1313575314853 ], [ 91.641814961629507, 26.131291309315898 ], [ 91.641741200961505, 26.131228767151899 ], [ 91.641708417843603, 26.1311257557442 ], [ 91.641712515957906, 26.1310301019248 ], [ 91.641675635623898, 26.130905016477101 ], [ 91.641634657175601, 26.1307946462838 ], [ 91.641560896507599, 26.1307321030474 ], [ 91.641413374273299, 26.130669560584 ], [ 91.641052765365501, 26.1305040053245 ], [ 91.640925732804504, 26.13045617817 ], [ 91.640749525566605, 26.130389956296 ], [ 91.640593808001995, 26.130378919313301 ], [ 91.640364329769398, 26.1304341042161 ], [ 91.640212710319105, 26.130492968352598 ], [ 91.640016014306198, 26.1305518324594 ], [ 91.639835709852306, 26.130647486670401 ], [ 91.639675894173294, 26.1307026714464 ], [ 91.639577546615996, 26.130724745349401 ], [ 91.639413633721105, 26.1307137083984 ], [ 91.639159567700801, 26.130724745349401 ], [ 91.638991556691494, 26.1307504984999 ], [ 91.638897306350302, 26.130820399418901 ], [ 91.638835839126997, 26.130930768781301 ], [ 91.638807154123299, 26.1310190650027 ], [ 91.638819447567897, 26.1311294341773 ], [ 91.6388686222449, 26.1311993348695 ], [ 91.638999752920199, 26.1313538522529 ], [ 91.639069415473898, 26.131475257991301 ], [ 91.639069415473898, 26.131604022053001 ], [ 91.639053023914897, 26.1317364651932 ], [ 91.638991556691494, 26.131909376329499 ], [ 91.638901404464605, 26.132119076880102 ], [ 91.638815350351905, 26.1322993458556 ], [ 91.638667828117704, 26.132394997829 ], [ 91.638553089001405, 26.132468576961099 ], [ 91.638508013337002, 26.132564229602401 ], [ 91.638512110553094, 26.132670918932401 ], [ 91.638594067449702, 26.132704029227501 ], [ 91.638696513121303, 26.132755533843401 ], [ 91.638782567234003, 26.132796002488799 ], [ 91.638844035355604, 26.132880617309201 ], [ 91.638909600693196, 26.132987306350199 ], [ 91.638930089468204, 26.133086637744501 ], [ 91.639028437025502, 26.133244830997398 ], [ 91.639110393922195, 26.133325767128699 ], [ 91.639167763929507, 26.1333809506392 ], [ 91.639229231152797, 26.1334103823717 ], [ 91.639307089935102, 26.133406703203899 ], [ 91.639368557158406, 26.133421419067901 ], [ 91.639417730937097, 26.133439813290401 ], [ 91.639475100944395, 26.133483960057699 ], [ 91.639516079392706, 26.133531785972298 ], [ 91.639516079392706, 26.133616401066 ], [ 91.639524274723001, 26.1336973369398 ], [ 91.639475100944395, 26.133767236095 ], [ 91.6394218290514, 26.133807704389898 ], [ 91.639380850603104, 26.133910713432002 ], [ 91.639294796490404, 26.134028438170802 ], [ 91.639200546149098, 26.1341903092911 ], [ 91.639114492036498, 26.134293317995699 ], [ 91.638913697909203, 26.134429436415399 ], [ 91.6388686222449, 26.134550839763001 ], [ 91.638876817575294, 26.134639132440899 ], [ 91.638925991353901, 26.134716388479401 ], [ 91.639040730470199, 26.134775250457501 ], [ 91.639175959259802, 26.134819396720001 ], [ 91.639307089935102, 26.1348709012094 ], [ 91.639380850603104, 26.1348929743247 ], [ 91.639454611271105, 26.134948157094499 ], [ 91.639483296274705, 26.135051165937099 ], [ 91.639520176608698, 26.135124742589301 ], [ 91.639589840060694, 26.1352608600398 ], [ 91.639712774507302, 26.1353601895003 ], [ 91.639860296741602, 26.1354264085561 ], [ 91.640034864554096, 26.135487625059799 ], [ 91.640210579515198, 26.135586512383899 ], [ 91.640239428012293, 26.135716007409101 ], [ 91.640184353200496, 26.135836084397901 ], [ 91.640103052074096, 26.135930262484301 ], [ 91.639992902450601, 26.135977351902199 ], [ 91.639832923278206, 26.136033858372201 ], [ 91.639722773654697, 26.136088010749901 ], [ 91.6396047556876, 26.136186897565601 ], [ 91.639528700722394, 26.136297557021098 ], [ 91.639489360801207, 26.136382316886699 ], [ 91.639473625910696, 26.136460013712099 ], [ 91.639426418544204, 26.136558900212702 ], [ 91.639329381628897, 26.136657786629598 ], [ 91.639135308696595, 26.136857913261601 ], [ 91.638935990501295, 26.137039204766499 ], [ 91.638760275540207, 26.1372110782081 ], [ 91.638678974413693, 26.137366469897799 ], [ 91.638592428024296, 26.137561887244701 ], [ 91.638526862686604, 26.137794974404599 ], [ 91.638516372160794, 26.137891505746101 ], [ 91.6384639204297, 26.138018644189 ], [ 91.638408845617903, 26.138072795646199 ], [ 91.638357417966205, 26.138091014136499 ], [ 91.637640297366502, 26.138154242945401 ], [ 91.637166486359703, 26.138769284953302 ], [ 91.636795626776106, 26.139487989124198 ], [ 91.637624121403107, 26.139919509174899 ], [ 91.640887297486799, 26.141421046909802 ], [ 91.641450048893105, 26.141659607631599 ], [ 91.642122224084304, 26.141873609873201 ], [ 91.642650614032704, 26.142051213888099 ], [ 91.642974166536803, 26.1421928585352 ], [ 91.643298530219596, 26.142431416873301 ], [ 91.643517377789095, 26.1426594509769 ], [ 91.643661973312206, 26.142855910224601 ], [ 91.643787029579499, 26.1431365660649 ], [ 91.6439042696055, 26.143462827056499 ], [ 91.6440215096316, 26.1437083993744 ], [ 91.644185645308795, 26.143968004295299 ], [ 91.644992880406207, 26.145051180721399 ], [ 91.645663179915005, 26.145872922927101 ], [ 91.646265948572307, 26.1466362855999 ], [ 91.646583591060207, 26.147026945396 ], [ 91.646926243543803, 26.147440055241098 ], [ 91.647191362435294, 26.1477341706773 ], [ 91.647423965906796, 26.1479609316291 ], [ 91.647736605676798, 26.148246065111898 ], [ 91.648034238191698, 26.148475069217099 ], [ 91.648307114035603, 26.14866095999 ], [ 91.648783400799303, 26.148940505203399 ], [ 91.649937480817798, 26.149537963126701 ], [ 91.653527950888702, 26.151253581505699 ], [ 91.654700349352495, 26.151829102821601 ], [ 91.655304867928095, 26.152097678087902 ], [ 91.655579648200401, 26.152179895343401 ], [ 91.659591449699107, 26.153769410842798 ], [ 91.663731482111402, 26.155304094415801 ], [ 91.666857878014895, 26.1564222092058 ], [ 91.667920364010499, 26.156800392309702 ], [ 91.668799662858305, 26.157052513697899 ], [ 91.670251658361096, 26.157374465537298 ], [ 91.6705768035782, 26.157428345155601 ], [ 91.670976982376004, 26.157486714310899 ], [ 91.671387165711195, 26.157518143657899 ], [ 91.672042077079098, 26.157545792993801 ], [ 91.675217323367804, 26.1577650281044 ], [ 91.675574035384003, 26.1573048715982 ], [ 91.676294356681097, 26.156703217842701 ], [ 91.676804584491094, 26.1563979001977 ], [ 91.6772147678263, 26.156218300593199 ], [ 91.677684977487004, 26.156083600910002 ], [ 91.678035134496497, 26.1559848212585 ], [ 91.678395295145094, 26.155948901877501 ], [ 91.678835491193894, 26.1559309417798 ], [ 91.680146076599499, 26.155993801303499 ], [ 91.680926425120603, 26.1560387015186 ], [ 91.683107398984802, 26.156200340536898 ], [ 91.687370534726995, 26.1564638484897 ], [ 91.687284479715998, 26.156004074693598 ], [ 91.687198425603398, 26.1554817691081 ], [ 91.687179257351801, 26.155244575147599 ], [ 91.687126467854199, 26.154773783641001 ], [ 91.687152694168901, 26.154053435125199 ], [ 91.687192058344607, 26.1533575304998 ], [ 91.686872074847201, 26.152737492624901 ], [ 91.686775037931895, 26.152551518034599 ], [ 91.686709472594202, 26.152513851850401 ], [ 91.6866150587595, 26.1524973732941 ], [ 91.686476060638995, 26.152471477378601 ], [ 91.685993500041405, 26.152384375459 ], [ 91.686085290795404, 26.151941799618299 ], [ 91.686293049561101, 26.151065095966398 ], [ 91.686498904796693, 26.149809648989599 ], [ 91.686906614171505, 26.149894311956899 ], [ 91.686986816658404, 26.149522656612199 ], [ 91.6870127950381, 26.149419409757201 ], [ 91.6870667415658, 26.149250310469 ], [ 91.687089454569502, 26.1491943377636 ], [ 91.687109224692307, 26.149159012201601 ], [ 91.687134591319307, 26.149134491217101 ], [ 91.687151435629104, 26.149111152370001 ], [ 91.687159667790397, 26.149095459546899 ], [ 91.687289070107099, 26.148530614887701 ], [ 91.687392723114499, 26.147818443248699 ], [ 91.687808908093999, 26.147861765295499 ], [ 91.688085958409104, 26.147415453256901 ], [ 91.688107120920606, 26.147352894731799 ], [ 91.688227964089293, 26.1469956672431 ], [ 91.688178134540394, 26.146958000072001 ], [ 91.688078475442794, 26.146875601732098 ], [ 91.687973571082296, 26.146795557989499 ], [ 91.687900138299298, 26.146708451027099 ], [ 91.687839818224603, 26.146593093733301 ], [ 91.687787365595199, 26.146496569587001 ], [ 91.687535594770495, 26.146068097019299 ], [ 91.687467407250594, 26.145957447631101 ], [ 91.687333654393001, 26.145893882749899 ], [ 91.687173675220706, 26.1458585690912 ], [ 91.687026316479802, 26.145859157759801 ], [ 91.6869525558118, 26.145844443463499 ], [ 91.686886990474093, 26.145815015671602 ], [ 91.686837816695501, 26.145767194788501 ], [ 91.686764056027499, 26.145693624036699 ], [ 91.686714881350497, 26.145623732021502 ], [ 91.6866329253522, 26.1455317688647 ], [ 91.686522283451893, 26.145403020162199 ], [ 91.686432131225004, 26.1452963424661 ], [ 91.686341978998001, 26.145163915513098 ], [ 91.68626821833, 26.145031487603301 ], [ 91.686231337996006, 26.144961595191599 ], [ 91.686132989540397, 26.144902738349 ], [ 91.685977272874098, 26.144854917092101 ], [ 91.685727304968196, 26.144792382193099 ], [ 91.685444554842604, 26.144726167643 ], [ 91.685219173826098, 26.144685703938901 ], [ 91.685094058269897, 26.1446513850168 ], [ 91.685047608183197, 26.144628636367202 ], [ 91.684965108704105, 26.144571668761699 ], [ 91.684797097694897, 26.144431883345899 ], [ 91.684772323955997, 26.1444096443017 ], [ 91.684676842922698, 26.144346001968898 ], [ 91.684631709766194, 26.144320365520201 ], [ 91.684566384278796, 26.144300025541099 ], [ 91.684489760679995, 26.1442847401126 ], [ 91.684243890888396, 26.144218526081001 ], [ 91.6840267052022, 26.144126561817099 ], [ 91.683757908607902, 26.144041039067101 ], [ 91.683707510425506, 26.144030517056599 ], [ 91.6836413450132, 26.144024399645701 ], [ 91.683432519947402, 26.144027239814601 ], [ 91.683059617594793, 26.1439904547026 ], [ 91.682625248018994, 26.143927918534001 ], [ 91.682145924051397, 26.1438855417511 ], [ 91.682007119068601, 26.143865418620301 ], [ 91.681736018295695, 26.143813882616602 ], [ 91.681600790404303, 26.143758704036902 ], [ 91.681531126952393, 26.143696167744199 ], [ 91.681522931621998, 26.143622595687098 ], [ 91.681498344732702, 26.1431517355201 ], [ 91.6814655616148, 26.142747088357599 ], [ 91.681428681280707, 26.1425852290999 ], [ 91.681309844050105, 26.142416011850099 ], [ 91.681215594607195, 26.142301974455702 ], [ 91.681035290153204, 26.142118042835602 ], [ 91.680867279143897, 26.141772250540701 ], [ 91.680736148468696, 26.1414080634508 ], [ 91.680655332432394, 26.141201481908301 ], [ 91.680512661999003, 26.141043269596999 ], [ 91.6803414583772, 26.140876016187701 ], [ 91.679911769922299, 26.140559590468602 ], [ 91.679473688507699, 26.1402522048243 ], [ 91.679072534139493, 26.1400276925614 ], [ 91.678756982031302, 26.139911669000501 ], [ 91.678547172411896, 26.139830301958099 ], [ 91.678426322955005, 26.139770029649998 ], [ 91.678317222563706, 26.139700717142599 ], [ 91.678194694155593, 26.1396027752231 ], [ 91.677786825778995, 26.139221553361399 ], [ 91.677560232036797, 26.1389970391166 ], [ 91.677239643973095, 26.1386941694816 ], [ 91.677110401556504, 26.1385691035333 ], [ 91.677033192256204, 26.1384500656388 ], [ 91.676892200774006, 26.138210481427599 ], [ 91.676833453649394, 26.1381004834601 ], [ 91.676726031311105, 26.137868432392601 ], [ 91.676658893023401, 26.137790077633898 ], [ 91.676551470685098, 26.1377087091129 ], [ 91.676459154416605, 26.137651449420801 ], [ 91.676328233947103, 26.137603230838302 ], [ 91.676187242464906, 26.137577614683 ], [ 91.676009324834695, 26.137571587256598 ], [ 91.675792802105093, 26.137548984808301 ], [ 91.675650131671702, 26.1375098073283 ], [ 91.675522568206404, 26.137464602403401 ], [ 91.675400039798305, 26.137401315962801 ], [ 91.675200301191495, 26.137295837410502 ], [ 91.674794111766104, 26.137039675736901 ], [ 91.674512128801794, 26.1368829650546 ], [ 91.674364423311204, 26.1368015950951 ], [ 91.674273870435599, 26.1367544656866 ], [ 91.674196011653294, 26.1365116642536 ], [ 91.6740894687657, 26.1363571536946 ], [ 91.673921457756407, 26.136198964657801 ], [ 91.673782130852501, 26.1360407746003 ], [ 91.673638706732504, 26.1359193736081 ], [ 91.673478891951902, 26.135908337147999 ], [ 91.673487087282197, 26.1359635194381 ], [ 91.673783235780306, 26.136640336471 ], [ 91.672932856396301, 26.137188204720999 ], [ 91.671712310928299, 26.1377809776398 ], [ 91.670171622960893, 26.138715037852201 ], [ 91.668861037555203, 26.139451502577401 ], [ 91.668500876906606, 26.139559277532999 ], [ 91.668184495653506, 26.139480429561701 ], [ 91.667213309931796, 26.138825615073799 ], [ 91.666733863793297, 26.138446704369699 ], [ 91.666340472665794, 26.137986859591201 ], [ 91.665889711530994, 26.137037732983799 ], [ 91.665621535672599, 26.136243461192901 ], [ 91.665355128597, 26.135660973391801 ], [ 91.664109032347199, 26.134083226982099 ], [ 91.663060591511098, 26.132802497923301 ], [ 91.661436369205504, 26.130943100948201 ], [ 91.660353543555203, 26.129790276845501 ], [ 91.659763455516497, 26.1292604953622 ], [ 91.658681628792905, 26.128421670370901 ], [ 91.658105574235506, 26.1279666897514 ], [ 91.657952453700304, 26.127859238802401 ], [ 91.657859173539507, 26.127816574712199 ], [ 91.657771173675997, 26.127767589907201 ], [ 91.657665573121093, 26.1277249257835 ], [ 91.657600453347797, 26.1277154443274 ], [ 91.657517732883207, 26.127707543650999 ], [ 91.657442052515506, 26.127710704405501 ], [ 91.657392772735605, 26.127723345809699 ], [ 91.657318852167506, 26.1277549485078 ], [ 91.657257251993499, 26.127800773372599 ], [ 91.6572062115157, 26.1278766209123 ], [ 91.656965091117002, 26.128342765681801 ], [ 91.656896450846205, 26.128482016283801 ], [ 91.656863451234202, 26.128556085822499 ], [ 91.656824951237795, 26.128615341258399 ], [ 91.656747951244895, 26.128664720899799 ], [ 91.656690200351903, 26.128682003688599 ], [ 91.656588449976297, 26.1287116309752 ], [ 91.656467450500799, 26.128723976280501 ], [ 91.656296949361504, 26.1287387903227 ], [ 91.656162199373995, 26.1287412590607 ], [ 91.655972449134794, 26.128691879451701 ], [ 91.655834948505799, 26.128635092794902 ], [ 91.655744198000903, 26.128536333466201 ], [ 91.655650697752904, 26.128385725571199 ], [ 91.655592947758194, 26.128193145520999 ], [ 91.655581947887597, 26.128005501853899 ], [ 91.655557087910395, 26.1279572083149 ], [ 91.655516608027, 26.127890842270102 ], [ 91.655442687458901, 26.1278418574963 ], [ 91.655344127000902, 26.127780231305199 ], [ 91.655280767027307, 26.1277897119496 ], [ 91.655169887073498, 26.127843437468499 ], [ 91.655101246802602, 26.127906643597601 ], [ 91.655050206324802, 26.1279556283442 ], [ 91.655013246040795, 26.128009353786801 ], [ 91.655000926545, 26.1280409564074 ], [ 91.654978046454602, 26.1280773005398 ], [ 91.654958685963607, 26.1281152238228 ], [ 91.654953406564701, 26.1281484071894 ], [ 91.654939326370993, 26.128198971802 ], [ 91.654930526474402, 26.128241635752602 ], [ 91.6549252461772, 26.128360146913302 ], [ 91.654844286410594, 26.129245027306599 ], [ 91.654798526229996, 26.130439605365201 ], [ 91.654782686236501, 26.130515450385001 ], [ 91.654759806146302, 26.1305865563568 ], [ 91.6547298859591, 26.130619739021299 ], [ 91.6546788454813, 26.130648181067301 ], [ 91.654597885714594, 26.1307066450718 ], [ 91.654523965146495, 26.130742987568201 ], [ 91.654464124772204, 26.130760369249099 ], [ 91.654386684604802, 26.1307888112607 ], [ 91.654323324631207, 26.130803032264001 ], [ 91.654238844366901, 26.1308251537316 ], [ 91.654196604683904, 26.1308251537316 ], [ 91.654119164516501, 26.1308251537316 ], [ 91.654036444051897, 26.1308283144017 ], [ 91.653953723587307, 26.130817253265501 ], [ 91.653837563336197, 26.130768269718999 ], [ 91.653753083072004, 26.130698744597801 ], [ 91.653392598131603, 26.1303220092753 ], [ 91.652911347277694, 26.129731776895898 ], [ 91.652447283890098, 26.129068243391298 ], [ 91.652129314415504, 26.1286670355952 ], [ 91.652013297894896, 26.1285397288942 ], [ 91.651905876454904, 26.128412422054399 ], [ 91.651819938224904, 26.128346839395601 ], [ 91.651622281913006, 26.128261968044299 ], [ 91.651287124073804, 26.128165523105501 ], [ 91.650492200387205, 26.127995780077899 ], [ 91.649662901768096, 26.1279417715409 ], [ 91.648790634034, 26.127988064919801 ], [ 91.6468830435618, 26.128140806566901 ], [ 91.646526175238805, 26.1281693814853 ], [ 91.646487502765794, 26.128547444015801 ], [ 91.646328518028497, 26.128809773173099 ], [ 91.646092189243504, 26.129079816827701 ], [ 91.645825782168004, 26.129361433266599 ], [ 91.645490625226998, 26.129739491938899 ], [ 91.645284374732697, 26.129870654849299 ], [ 91.645052342589807, 26.130059684320798 ], [ 91.6448589829198, 26.130198561884299 ], [ 91.644704294824507, 26.1302525701843 ], [ 91.644502341870606, 26.130279574324899 ], [ 91.644175778213693, 26.1302988626474 ], [ 91.643746089758693, 26.1303374400891 ], [ 91.643604292487794, 26.130383732518599 ], [ 91.643505464331795, 26.1305148955121 ], [ 91.643463015341396, 26.1306285693958 ], [ 91.643447967661999, 26.130668864574201 ], [ 91.643433604498995, 26.130724745349401 ] ] ] ] } },
{ "type": "Feature", "properties": { "ward_number": 3, "ward_lgd_name": "Guwahati (M Corp.) - Ward No.3" }, "geometry": { "type": "MultiPolygon", "coordinates": [ [ [ [ 91.686319875950403, 26.172547686938199 ], [ 91.686248801245199, 26.1714024322035 ], [ 91.686328837543698, 26.170899619081201 ], [ 91.686488909242499, 26.170199267841198 ], [ 91.6867190118042, 26.168852426275301 ], [ 91.6871382510557, 26.167147647913499 ], [ 91.687013208263096, 26.166959662129099 ], [ 91.686754825837994, 26.167225821711298 ], [ 91.686328837543698, 26.167613319003902 ], [ 91.6857723806325, 26.1680127796437 ], [ 91.685227369156394, 26.168340105456199 ], [ 91.684526641014003, 26.1683548169154 ], [ 91.684227499329396, 26.1683548169154 ], [ 91.684227499329396, 26.168237126801898 ], [ 91.684166032106106, 26.168163571025399 ], [ 91.684108662098794, 26.168145181469299 ], [ 91.683809520414201, 26.1683253948013 ], [ 91.683612824401294, 26.168020135797299 ], [ 91.683473498395699, 26.168023813874001 ], [ 91.683166161380797, 26.168233448732 ], [ 91.683104694157507, 26.168303327203098 ], [ 91.682580171456294, 26.168270227007199 ], [ 91.682604758345704, 26.167935545646301 ], [ 91.681752409854596, 26.1680127796437 ], [ 91.681498344732702, 26.167994390870099 ], [ 91.681227888051794, 26.167895089991202 ], [ 91.680633702796996, 26.167497884017699 ], [ 91.680342756442798, 26.1672772135373 ], [ 91.6800682016476, 26.167207334451401 ], [ 91.680051810986896, 26.167104354796699 ], [ 91.680031321313606, 26.1662363791174 ], [ 91.6800682016476, 26.166177533006401 ], [ 91.680277191105205, 26.166030417196001 ], [ 91.680551745900402, 26.165920081022701 ], [ 91.680408321780405, 26.165519190166201 ], [ 91.680293582664106, 26.165099908701499 ], [ 91.680289321056406, 26.164827595696298 ], [ 91.679835608955898, 26.164820534434 ], [ 91.679389765198906, 26.164792287768002 ], [ 91.678936053996694, 26.164804057616099 ], [ 91.678912449864299, 26.164676948353598 ], [ 91.678880979184896, 26.164538069885001 ], [ 91.678844262344299, 26.164373297977502 ], [ 91.678807545503702, 26.1642909127427 ], [ 91.678752470691904, 26.164234419147299 ], [ 91.678623963097294, 26.1642132344451 ], [ 91.6784508703185, 26.1641802798292 ], [ 91.678364324827399, 26.164159095117199 ], [ 91.678424644003698, 26.163537668198199 ], [ 91.677855537915093, 26.1634694050626 ], [ 91.677045150629297, 26.163391726217899 ], [ 91.676927133560497, 26.1633776027127 ], [ 91.676798625965901, 26.163354064339899 ], [ 91.676670117472895, 26.1633116938056 ], [ 91.676546855141197, 26.163250492701799 ], [ 91.676455063488802, 26.163191645084101 ], [ 91.6763921212318, 26.1631610445048 ], [ 91.675998729205901, 26.1631586901796 ], [ 91.674758233952005, 26.1631186739003 ], [ 91.673562323882194, 26.1631186739003 ], [ 91.672934573076901, 26.163111444022899 ], [ 91.6729273407405, 26.163235243619301 ], [ 91.672792333834707, 26.165546180504201 ], [ 91.672450050558695, 26.1708049838699 ], [ 91.672627205519206, 26.1708044840117 ], [ 91.672662453614393, 26.1708135225762 ], [ 91.672684273692596, 26.170833105727301 ], [ 91.672724556844898, 26.170866246312901 ], [ 91.672801766145199, 26.170926501752501 ], [ 91.672860513269896, 26.170965668819601 ], [ 91.6729276515576, 26.1709988093676 ], [ 91.673023324830297, 26.1710455073231 ], [ 91.673115640200507, 26.171080154675401 ], [ 91.673207956469, 26.1711087763234 ], [ 91.673312021803099, 26.171138903984399 ], [ 91.673432871259905, 26.171161499926601 ], [ 91.673667857063506, 26.171161499926601 ], [ 91.673844096640806, 26.171149448543002 ], [ 91.673973339057298, 26.171125346578201 ], [ 91.674055584313194, 26.1710937120869 ], [ 91.674107616531003, 26.1710681032834 ], [ 91.674137829569005, 26.171034962755101 ], [ 91.674439954558594, 26.171034962755101 ], [ 91.674527234871604, 26.171092206066199 ], [ 91.674611158180397, 26.171144929676899 ], [ 91.674688367480798, 26.1711675256179 ], [ 91.674740400597003, 26.1711825898449 ], [ 91.674829359861306, 26.171184095864401 ], [ 91.674911604218806, 26.171184095864401 ], [ 91.674956923326505, 26.171178070173902 ], [ 91.674995528425896, 26.171159993906802 ], [ 91.675024062512506, 26.171149448543002 ], [ 91.675072737726197, 26.171128359424898 ], [ 91.675091200800296, 26.171128359424898 ], [ 91.675107985821299, 26.171147942523 ], [ 91.675123091891194, 26.1711690316376 ], [ 91.675154982982093, 26.171191627573901 ], [ 91.6752523343077, 26.171226274882802 ], [ 91.675475571045695, 26.171253389670099 ], [ 91.676412157255896, 26.1712789984329 ], [ 91.676949753139397, 26.171330128063602 ], [ 91.677355438609894, 26.171366905361999 ], [ 91.677560329953096, 26.1714110377822 ], [ 91.677757025966102, 26.171462525315999 ], [ 91.678027482646996, 26.171510335666699 ], [ 91.678203689884896, 26.171543434942802 ], [ 91.678404483113795, 26.171572857051 ], [ 91.678662646350105, 26.171591245260299 ], [ 91.678658548235703, 26.171690543797499 ], [ 91.678674939794703, 26.171734676095198 ], [ 91.678777385466304, 26.1718155855331 ], [ 91.678994570254304, 26.171892816960401 ], [ 91.679146190602907, 26.1719406271346 ], [ 91.679912484083005, 26.171959016092099 ], [ 91.679986245649204, 26.1719148830731 ], [ 91.680076397876206, 26.1718450067665 ], [ 91.680154256658497, 26.1717861634861 ], [ 91.680256702330198, 26.1717273209822 ], [ 91.680391930221504, 26.171716287102399 ], [ 91.680576332789698, 26.171734676095198 ], [ 91.680838594140297, 26.1717898414439 ], [ 91.681473757843406, 26.1718302965539 ], [ 91.681977790871201, 26.171892816960401 ], [ 91.682690813356601, 26.171999470337099 ], [ 91.682985856926805, 26.172050958417199 ], [ 91.683264508938095, 26.172058313509901 ], [ 91.683412031172395, 26.172109801564002 ], [ 91.685391282949695, 26.172591577854501 ], [ 91.686333783667706, 26.172771784314001 ], [ 91.686319875950403, 26.172547686938199 ] ] ] ] } },
{ "type": "Feature", "properties": { "ward_number": 5, "ward_lgd_name": "Guwahati (M Corp.) - Ward No.5" }, "geometry": { "type": "MultiPolygon", "coordinates": [ [ [ [ 91.688132187510305, 26.162684151582699 ], [ 91.688272197133799, 26.162657029158801 ], [ 91.688487309508403, 26.162598888348999 ], [ 91.688517864804396, 26.162586821567398 ], [ 91.688658420603701, 26.162631798260101 ], [ 91.688698754061605, 26.162641671151 ], [ 91.688923643699795, 26.1621589886084 ], [ 91.689116755434696, 26.161792587384902 ], [ 91.6894540889936, 26.161217752187 ], [ 91.689806915796098, 26.1606226189494 ], [ 91.689923289846206, 26.160469956889798 ], [ 91.690147086234703, 26.160223554689001 ], [ 91.690309647165094, 26.160066975922 ], [ 91.690643314699301, 26.159766389575399 ], [ 91.690905732356796, 26.159527052309301 ], [ 91.690981903204602, 26.159466805493 ], [ 91.691028942586101, 26.159436136207098 ], [ 91.691086746479698, 26.159404321964601 ], [ 91.691131222967797, 26.1593829630302 ], [ 91.691183047674798, 26.159361852433001 ], [ 91.691249183442693, 26.159337161043901 ], [ 91.691300418854894, 26.159324344870001 ], [ 91.691383982837607, 26.159303442288198 ], [ 91.691600316920898, 26.159250784278299 ], [ 91.691864317409895, 26.159212388133799 ], [ 91.692202874474205, 26.159190447013302 ], [ 91.693047431876707, 26.159176185927901 ], [ 91.693730655447496, 26.159173991976601 ], [ 91.693814989286395, 26.159165215364801 ], [ 91.693838211634798, 26.159146565566399 ], [ 91.693868766930905, 26.159105975435001 ], [ 91.694339324239706, 26.159079646388498 ], [ 91.695418548543898, 26.159028085657798 ], [ 91.696434962643494, 26.159003915070802 ], [ 91.696515873901106, 26.1590017791702 ], [ 91.696878501323397, 26.158992205916501 ], [ 91.696915800272293, 26.1585151306565 ], [ 91.696925125683293, 26.157774403105801 ], [ 91.696959440428799, 26.157081882213699 ], [ 91.695675013964205, 26.157105077554601 ], [ 91.694407419233102, 26.157013532249099 ], [ 91.693270954279001, 26.156941602995701 ], [ 91.687370534726995, 26.1564638484897 ], [ 91.683107398984802, 26.156200340536898 ], [ 91.680926425120603, 26.1560387015186 ], [ 91.680146076599499, 26.155993801303499 ], [ 91.678835491193894, 26.1559309417798 ], [ 91.678395295145094, 26.155948901877501 ], [ 91.678035134496497, 26.1559848212585 ], [ 91.677684977487004, 26.156083600910002 ], [ 91.6772147678263, 26.156218300593199 ], [ 91.676804584491094, 26.1563979001977 ], [ 91.676294356681097, 26.156703217842701 ], [ 91.675574035384003, 26.1573048715982 ], [ 91.675217323367804, 26.1577650281044 ], [ 91.675144048688395, 26.157852721872001 ], [ 91.674692186219005, 26.158444652877701 ], [ 91.674283068285803, 26.158965330975999 ], [ 91.673971650224601, 26.159338025399901 ], [ 91.673567540399105, 26.160060202219501 ], [ 91.673465489087903, 26.160265207129399 ], [ 91.673875987731705, 26.160311938409901 ], [ 91.674082439448597, 26.160367680019299 ], [ 91.674131115560598, 26.160325497073298 ], [ 91.674414777476102, 26.160439994181701 ], [ 91.674523877867401, 26.160477657000602 ], [ 91.674580946040805, 26.1603797325172 ], [ 91.675322829599594, 26.1604656053191 ], [ 91.675598099453794, 26.160513813650098 ], [ 91.675777696035297, 26.1598117680862 ], [ 91.675675588130204, 26.159764364151702 ], [ 91.675647056738498, 26.159724457977301 ], [ 91.675851188107004, 26.1597452605026 ], [ 91.675862353267703, 26.159413569438598 ], [ 91.676447196043497, 26.159430047017999 ], [ 91.676426214991693, 26.1595171444839 ], [ 91.676900907245795, 26.1595477460193 ], [ 91.676882549274595, 26.159641904973501 ], [ 91.677160545515704, 26.159688984825301 ], [ 91.677273318219804, 26.159698399987001 ], [ 91.677307411979797, 26.159698399987001 ], [ 91.677359864609301, 26.159691338414198 ], [ 91.677409694158101, 26.159688984825301 ], [ 91.678023384532594, 26.1597219399039 ], [ 91.678015517087402, 26.159820806696601 ], [ 91.678263511394604, 26.1598449118041 ], [ 91.678537102297497, 26.1598629898252 ], [ 91.678899651566397, 26.159896134334701 ], [ 91.679190027490407, 26.1599172254842 ], [ 91.679433405355397, 26.1599277710575 ], [ 91.679638179019406, 26.159929278028599 ], [ 91.679953731127497, 26.159939823600801 ], [ 91.680406918611993, 26.1599624217131 ], [ 91.680658689436598, 26.159966941012499 ], [ 91.680702889243605, 26.1599717957316 ], [ 91.680702889243605, 26.160577088364501 ], [ 91.680705873446897, 26.161238621368 ], [ 91.680684985819994, 26.161356464482498 ], [ 91.680652162277795, 26.161562691057402 ], [ 91.680619338735596, 26.161693925447601 ], [ 91.680562643363103, 26.161905506767202 ], [ 91.680861038547604, 26.161985854595098 ], [ 91.680992331818004, 26.162004602306101 ], [ 91.6810488457308, 26.161856214558298 ], [ 91.681377624633299, 26.1618671840621 ], [ 91.681610009814094, 26.161892115994601 ], [ 91.6819233242189, 26.1619188983444 ], [ 91.682129216285404, 26.161943002212102 ], [ 91.682418659758099, 26.161969784550099 ], [ 91.682887139263698, 26.162023350014199 ], [ 91.683358602972504, 26.162082271593 ], [ 91.683752484580197, 26.162125123118599 ], [ 91.684146366187903, 26.162130479255801 ], [ 91.684659605150699, 26.162135836199099 ], [ 91.684931144301601, 26.1621760100406 ], [ 91.684832673675103, 26.162596492892199 ], [ 91.685325025010897, 26.162687552467599 ], [ 91.685548821399394, 26.162738439144299 ], [ 91.685793505414793, 26.1627812904288 ], [ 91.685874191195296, 26.162796074348101 ], [ 91.685914295582805, 26.162796074348101 ], [ 91.685956309788693, 26.1627755061876 ], [ 91.685998323994497, 26.162753223069 ], [ 91.6860632542232, 26.162722370009298 ], [ 91.686105268429102, 26.1626932302844 ], [ 91.686134525659597, 26.1626756783959 ], [ 91.686221302915996, 26.162759050850401 ], [ 91.686311747993699, 26.162833646909402 ], [ 91.686380192431898, 26.162881914732399 ], [ 91.686464526270697, 26.1629290859983 ], [ 91.686502415412804, 26.162948831729 ], [ 91.686567192927896, 26.162981742347601 ], [ 91.686623415786599, 26.1630080697071 ], [ 91.686688193301805, 26.163024525009199 ], [ 91.686761527269994, 26.163042076845201 ], [ 91.6868348603399, 26.163053047043601 ], [ 91.686935082681202, 26.1630585321425 ], [ 91.687070749848701, 26.1630585321425 ], [ 91.687191750222496, 26.163044270723699 ], [ 91.687343305892398, 26.163005875827899 ], [ 91.687464306266193, 26.1629619958163 ], [ 91.687608528988406, 26.162906049039599 ], [ 91.687742973548794, 26.162819386269302 ], [ 91.687845641104303, 26.162754663082499 ], [ 91.687932418360703, 26.162732722628402 ], [ 91.6881023077473, 26.162689939859799 ], [ 91.688132187510305, 26.162684151582699 ] ] ] ] } },
{ "type": "Feature", "properties": { "ward_number": 6, "ward_lgd_name": "Guwahati (M Corp.) - Ward No.6" }, "geometry": { "type": "MultiPolygon", "coordinates": [ [ [ [ 91.685227369156394, 26.168340105456199 ], [ 91.6857723806325, 26.1680127796437 ], [ 91.686328837543698, 26.167613319003902 ], [ 91.686754825837994, 26.167225821711298 ], [ 91.687013208263096, 26.166959662129099 ], [ 91.6871382510557, 26.167147647913499 ], [ 91.687198774149707, 26.1672246623272 ], [ 91.687425445146999, 26.166447047580299 ], [ 91.687442737716196, 26.166403368008002 ], [ 91.687539473695907, 26.1661590230052 ], [ 91.687501279126707, 26.166128170846498 ], [ 91.687420017526094, 26.166017271998999 ], [ 91.687382160723303, 26.165965608715499 ], [ 91.687472069506896, 26.165644647293199 ], [ 91.688222427772104, 26.1628722982582 ], [ 91.688272197133799, 26.162657029158801 ], [ 91.688132187510305, 26.162684151582699 ], [ 91.6881023077473, 26.162689939859799 ], [ 91.687932418360703, 26.162732722628402 ], [ 91.687845641104303, 26.162754663082499 ], [ 91.687742973548794, 26.162819386269302 ], [ 91.687608528988406, 26.162906049039599 ], [ 91.687464306266193, 26.1629619958163 ], [ 91.687343305892398, 26.163005875827899 ], [ 91.687191750222496, 26.163044270723699 ], [ 91.687070749848701, 26.1630585321425 ], [ 91.686935082681202, 26.1630585321425 ], [ 91.6868348603399, 26.163053047043601 ], [ 91.686761527269994, 26.163042076845201 ], [ 91.686688193301805, 26.163024525009199 ], [ 91.686623415786599, 26.1630080697071 ], [ 91.686567192927896, 26.162981742347601 ], [ 91.686502415412804, 26.162948831729 ], [ 91.686464526270697, 26.1629290859983 ], [ 91.686380192431898, 26.162881914732399 ], [ 91.686311747993699, 26.162833646909402 ], [ 91.686221302915996, 26.162759050850401 ], [ 91.686134525659597, 26.1626756783959 ], [ 91.686105268429102, 26.1626932302844 ], [ 91.6860632542232, 26.162722370009298 ], [ 91.685998323994497, 26.162753223069 ], [ 91.685956309788693, 26.1627755061876 ], [ 91.685914295582805, 26.162796074348101 ], [ 91.685874191195296, 26.162796074348101 ], [ 91.685793505414793, 26.1627812904288 ], [ 91.685548821399394, 26.162738439144299 ], [ 91.685325025010897, 26.162687552467599 ], [ 91.684832673675103, 26.162596492892199 ], [ 91.684931144301601, 26.1621760100406 ], [ 91.684659605150699, 26.162135836199099 ], [ 91.684146366187903, 26.162130479255801 ], [ 91.683752484580197, 26.162125123118599 ], [ 91.683358602972504, 26.162082271593 ], [ 91.682887139263698, 26.162023350014199 ], [ 91.682418659758099, 26.161969784550099 ], [ 91.682129216285404, 26.161943002212102 ], [ 91.6819233242189, 26.1619188983444 ], [ 91.681610009814094, 26.161892115994601 ], [ 91.681377624633299, 26.1618671840621 ], [ 91.6810488457308, 26.161856214558298 ], [ 91.680992331818004, 26.162004602306101 ], [ 91.680861038547604, 26.161985854595098 ], [ 91.680562643363103, 26.161905506767202 ], [ 91.680619338735596, 26.161693925447601 ], [ 91.680652162277795, 26.161562691057402 ], [ 91.680684985819994, 26.161356464482498 ], [ 91.680705873446897, 26.161238621368 ], [ 91.680702889243605, 26.160577088364501 ], [ 91.680702889243605, 26.1599717957316 ], [ 91.680658689436598, 26.159966941012499 ], [ 91.680406918611993, 26.1599624217131 ], [ 91.679953731127497, 26.159939823600801 ], [ 91.679638179019406, 26.159929278028599 ], [ 91.679433405355397, 26.1599277710575 ], [ 91.679190027490407, 26.1599172254842 ], [ 91.678899651566397, 26.159896134334701 ], [ 91.678537102297497, 26.1598629898252 ], [ 91.678263511394604, 26.1598449118041 ], [ 91.678015517087402, 26.159820806696601 ], [ 91.678023384532594, 26.1597219399039 ], [ 91.677409694158101, 26.159688984825301 ], [ 91.677359864609301, 26.159691338414198 ], [ 91.677307411979797, 26.159698399987001 ], [ 91.677273318219804, 26.159698399987001 ], [ 91.677160545515704, 26.159688984825301 ], [ 91.676882549274595, 26.159641904973501 ], [ 91.676900907245795, 26.1595477460193 ], [ 91.676426214991693, 26.1595171444839 ], [ 91.676447196043497, 26.159430047017999 ], [ 91.675862353267703, 26.159413569438598 ], [ 91.675851188107004, 26.1597452605026 ], [ 91.675647056738498, 26.159724457977301 ], [ 91.675675588130204, 26.159764364151702 ], [ 91.675777696035297, 26.1598117680862 ], [ 91.675598099453794, 26.160513813650098 ], [ 91.675322829599594, 26.1604656053191 ], [ 91.674580946040805, 26.1603797325172 ], [ 91.674523877867401, 26.160477657000602 ], [ 91.674414777476102, 26.160439994181701 ], [ 91.674131115560598, 26.160325497073298 ], [ 91.674082439448597, 26.160367680019299 ], [ 91.673875987731705, 26.160311938409901 ], [ 91.673465489087903, 26.160265207129399 ], [ 91.673254476624294, 26.160689096199999 ], [ 91.673135213592204, 26.161210941462102 ], [ 91.673045767441096, 26.161625739442702 ], [ 91.673001043916301, 26.161973633749799 ], [ 91.672934573076901, 26.163111444022899 ], [ 91.673562323882194, 26.1631186739003 ], [ 91.674758233952005, 26.1631186739003 ], [ 91.675998729205901, 26.1631586901796 ], [ 91.6763921212318, 26.1631610445048 ], [ 91.676455063488802, 26.163191645084101 ], [ 91.676546855141197, 26.163250492701799 ], [ 91.676670117472895, 26.1633116938056 ], [ 91.676798625965901, 26.163354064339899 ], [ 91.676927133560497, 26.1633776027127 ], [ 91.677045150629297, 26.163391726217899 ], [ 91.677855537915093, 26.1634694050626 ], [ 91.678424644003698, 26.163537668198199 ], [ 91.678364324827399, 26.164159095117199 ], [ 91.6784508703185, 26.1641802798292 ], [ 91.678623963097294, 26.1642132344451 ], [ 91.678752470691904, 26.164234419147299 ], [ 91.678807545503702, 26.1642909127427 ], [ 91.678844262344299, 26.164373297977502 ], [ 91.678880979184896, 26.164538069885001 ], [ 91.678912449864299, 26.164676948353598 ], [ 91.678936053996694, 26.164804057616099 ], [ 91.679389765198906, 26.164792287768002 ], [ 91.679835608955898, 26.164820534434 ], [ 91.680289321056406, 26.164827595696298 ], [ 91.680293582664106, 26.165099908701499 ], [ 91.680408321780405, 26.165519190166201 ], [ 91.680551745900402, 26.165920081022701 ], [ 91.680277191105205, 26.166030417196001 ], [ 91.6800682016476, 26.166177533006401 ], [ 91.680031321313606, 26.1662363791174 ], [ 91.680051810986896, 26.167104354796699 ], [ 91.6800682016476, 26.167207334451401 ], [ 91.680342756442798, 26.1672772135373 ], [ 91.680633702796996, 26.167497884017699 ], [ 91.681227888051794, 26.167895089991202 ], [ 91.681498344732702, 26.167994390870099 ], [ 91.681752409854596, 26.1680127796437 ], [ 91.682604758345704, 26.167935545646301 ], [ 91.682580171456294, 26.168270227007199 ], [ 91.683104694157507, 26.168303327203098 ], [ 91.683166161380797, 26.168233448732 ], [ 91.683473498395699, 26.168023813874001 ], [ 91.683612824401294, 26.168020135797299 ], [ 91.683809520414201, 26.1683253948013 ], [ 91.684108662098794, 26.168145181469299 ], [ 91.684166032106106, 26.168163571025399 ], [ 91.684227499329396, 26.168237126801898 ], [ 91.684227499329396, 26.1683548169154 ], [ 91.684526641014003, 26.1683548169154 ], [ 91.685227369156394, 26.168340105456199 ] ] ] ] } },
{ "type": "Feature", "properties": { "ward_number": 4, "ward_lgd_name": "Guwahati (M Corp.) - Ward No.4" }, "geometry": { "type": "MultiPolygon", "coordinates": [ [ [ [ 91.694425948782495, 26.162746366475901 ], [ 91.694466053170103, 26.162564675480301 ], [ 91.694544352126897, 26.162216719239801 ], [ 91.694582546696097, 26.161944180999502 ], [ 91.694586213619104, 26.161875960470599 ], [ 91.694595990882604, 26.161793684739099 ], [ 91.694611880283404, 26.161705923787299 ], [ 91.6946387695548, 26.161601707269 ], [ 91.694671769166703, 26.1615040731864 ], [ 91.694730436341302, 26.161302222236099 ], [ 91.694811103257194, 26.1610926926367 ], [ 91.695031810339401, 26.160700289156601 ], [ 91.695204878863706, 26.160330686390001 ], [ 91.695480118175198, 26.1598495585032 ], [ 91.695569876041702, 26.159739855071599 ], [ 91.695673000839705, 26.1596318665372 ], [ 91.696001474314897, 26.159323325704001 ], [ 91.696434962643494, 26.159003915070802 ], [ 91.695418548543898, 26.159028085657798 ], [ 91.694339324239706, 26.159079646388498 ], [ 91.693868766930905, 26.159105975435001 ], [ 91.693838211634798, 26.159146565566399 ], [ 91.693814989286395, 26.159165215364801 ], [ 91.693730655447496, 26.159173991976601 ], [ 91.693047431876707, 26.159176185927901 ], [ 91.692202874474205, 26.159190447013302 ], [ 91.691864317409895, 26.159212388133799 ], [ 91.691600316920898, 26.159250784278299 ], [ 91.691383982837607, 26.159303442288198 ], [ 91.691300418854894, 26.159324344870001 ], [ 91.691249183442693, 26.159337161043901 ], [ 91.691183047674798, 26.159361852433001 ], [ 91.691131222967797, 26.1593829630302 ], [ 91.691086746479698, 26.159404321964601 ], [ 91.691028942586101, 26.159436136207098 ], [ 91.690981903204602, 26.159466805493 ], [ 91.690905732356796, 26.159527052309301 ], [ 91.690643314699301, 26.159766389575399 ], [ 91.690309647165094, 26.160066975922 ], [ 91.690147086234703, 26.160223554689001 ], [ 91.689923289846206, 26.160469956889798 ], [ 91.689806915796098, 26.1606226189494 ], [ 91.6894540889936, 26.161217752187 ], [ 91.689116755434696, 26.161792587384902 ], [ 91.688923643699795, 26.1621589886084 ], [ 91.688698754061605, 26.162641671151 ], [ 91.688658420603701, 26.162631798260101 ], [ 91.688517864804396, 26.162586821567398 ], [ 91.688487309508403, 26.162598888348999 ], [ 91.688272197133799, 26.162657029158801 ], [ 91.688222427772104, 26.1628722982582 ], [ 91.687472069506896, 26.165644647293199 ], [ 91.687382160723303, 26.165965608715499 ], [ 91.687420017526094, 26.166017271998999 ], [ 91.687501279126707, 26.166128170846498 ], [ 91.687539473695907, 26.1661590230052 ], [ 91.687701800166096, 26.166047612214498 ], [ 91.688039821834494, 26.165937914612599 ], [ 91.688435135356698, 26.165792223156998 ], [ 91.689298331903103, 26.1654614160189 ], [ 91.689684097232202, 26.165303725999699 ], [ 91.690516737584204, 26.164978059822602 ], [ 91.691078197213201, 26.164751806834499 ], [ 91.691242434399996, 26.164700386482501 ], [ 91.691406670688394, 26.164655820976598 ], [ 91.691674032673106, 26.164600971534 ], [ 91.692023512352904, 26.164522125969299 ], [ 91.692441742796404, 26.164407285367101 ], [ 91.692844694693505, 26.164290730526101 ], [ 91.693033757721494, 26.164217026325701 ], [ 91.693230460022605, 26.1641296098617 ], [ 91.693398515947607, 26.164031909362301 ], [ 91.693715530513103, 26.163843363840801 ], [ 91.693910322995904, 26.163678815095398 ], [ 91.694057371818104, 26.1635416906948 ], [ 91.694149038604607, 26.163409708548901 ], [ 91.694219698288194, 26.163293152710999 ], [ 91.6942769901421, 26.16318516666 ], [ 91.694362928372101, 26.162953768564201 ], [ 91.694425948782495, 26.162746366475901 ] ] ] ] } },
{ "type": "Feature", "properties": { "ward_number": 7, "ward_lgd_name": "Guwahati (M Corp.) - Ward No.7" }, "geometry": { "type": "MultiPolygon", "coordinates": [ [ [ [ 91.698501306985904, 26.1701269032943 ], [ 91.698742163279903, 26.170124470905701 ], [ 91.698845226094093, 26.170126359090698 ], [ 91.699075729304397, 26.170080387178299 ], [ 91.699210189136096, 26.170005682882799 ], [ 91.699299829323394, 26.169902245342801 ], [ 91.699351052159201, 26.169706864416 ], [ 91.699319037999103, 26.1695517084801 ], [ 91.699222994620499, 26.1693275936276 ], [ 91.699111646644397, 26.169094413847599 ], [ 91.699051307705105, 26.1689854019934 ], [ 91.699034120238807, 26.168950693550901 ], [ 91.698986854481802, 26.168881277441201 ], [ 91.698986854481802, 26.168858139266298 ], [ 91.698986854481802, 26.168856736415002 ], [ 91.698986854481802, 26.168835000280499 ], [ 91.698995448664107, 26.168781009833399 ], [ 91.699004041948101, 26.168765584101902 ], [ 91.699021230312795, 26.1687501583684 ], [ 91.699047011063101, 26.168676885904901 ], [ 91.699134740533793, 26.168535686201601 ], [ 91.699466303315205, 26.168252987167001 ], [ 91.699728820685607, 26.168017377642901 ], [ 91.699882489193101, 26.167890952352 ], [ 91.699965726189006, 26.1677760199305 ], [ 91.699946517513297, 26.1676036214891 ], [ 91.699844071841696, 26.167477195749601 ], [ 91.699767238037097, 26.167327783775001 ], [ 91.699696806525594, 26.167172624673402 ], [ 91.699671194658507, 26.1670232123086 ], [ 91.699716015201304, 26.166856558899401 ], [ 91.699812057681598, 26.166678412944801 ], [ 91.699991338056094, 26.166557733168499 ], [ 91.700356301098097, 26.166402573042198 ], [ 91.700842918487496, 26.166189945299799 ], [ 91.701201478338206, 26.165977317976001 ], [ 91.701444787032997, 26.165799169871899 ], [ 91.701553634997595, 26.1656037820701 ], [ 91.701553634997595, 26.165477354162402 ], [ 91.701457592517301, 26.165368166387001 ], [ 91.700970975127902, 26.164908427688101 ], [ 91.700746875108905, 26.164609596158801 ], [ 91.700612415277206, 26.1644544334405 ], [ 91.700503566414199, 26.164310763863799 ], [ 91.700426732609699, 26.164161347832302 ], [ 91.7003691065825, 26.163965956480101 ], [ 91.700241049043797, 26.163678616752499 ], [ 91.700145006563503, 26.163437250866401 ], [ 91.699991338056094, 26.1632361111714 ], [ 91.699484711592007, 26.1625939015093 ], [ 91.699344648967894, 26.162378394043198 ], [ 91.699204586343697, 26.162198803646302 ], [ 91.699064523719599, 26.162073090445801 ], [ 91.6987843993696, 26.161929418741899 ], [ 91.698644336745403, 26.161803705251099 ], [ 91.698414233285405, 26.161624113969399 ], [ 91.698174126186402, 26.1614714620897 ], [ 91.697833974612493, 26.161237993268902 ], [ 91.697632304627803, 26.1611297166634 ], [ 91.697574554633107, 26.1610951606905 ], [ 91.697525053867693, 26.1610704777313 ], [ 91.6974893045127, 26.161026048714 ], [ 91.697434304261094, 26.160991491904099 ], [ 91.697343553756099, 26.160902633792499 ], [ 91.697313303887299, 26.160868077752401 ], [ 91.697296803632099, 26.160833521701999 ], [ 91.697272053249407, 26.160803901761302 ], [ 91.697266553763299, 26.1607594726425 ], [ 91.697258303635707, 26.16072491656 ], [ 91.697258303635707, 26.160697765460199 ], [ 91.697258303635707, 26.160673082416899 ], [ 91.697258303635707, 26.160660740490101 ], [ 91.697255553892603, 26.160636057439 ], [ 91.697255553892603, 26.160626184378302 ], [ 91.697244553123596, 26.160589160191801 ], [ 91.6972363038944, 26.160569413255399 ], [ 91.697228053766807, 26.160544730184899 ], [ 91.697189553770301, 26.160510174038698 ], [ 91.697153803516997, 26.1604879598287 ], [ 91.697120803006698, 26.160460807867501 ], [ 91.697085052753295, 26.160438593647999 ], [ 91.697068553396505, 26.160379354364899 ], [ 91.697065802755105, 26.160357139323601 ], [ 91.697060527847796, 26.1603097896325 ], [ 91.697057552627598, 26.160283089961698 ], [ 91.697057552627598, 26.160236192572601 ], [ 91.697052053141405, 26.160201635528701 ], [ 91.697038302629295, 26.1601572061805 ], [ 91.697030053400098, 26.1601251179939 ], [ 91.697008052760495, 26.160080688616599 ], [ 91.696983303276099, 26.160053537366899 ], [ 91.696939302895103, 26.160004171002299 ], [ 91.696884302643497, 26.159954804616898 ], [ 91.696834802776493, 26.159920248296 ], [ 91.696685334791297, 26.159777479414199 ], [ 91.696648021469301, 26.159722676055399 ], [ 91.696566064572707, 26.159553483655099 ], [ 91.6965315117736, 26.159480510195099 ], [ 91.696507551908297, 26.1594043695364 ], [ 91.696521301522097, 26.159174814406001 ], [ 91.696518602983005, 26.159088793100199 ], [ 91.696515873901106, 26.1590017791702 ], [ 91.696434962643494, 26.159003915070802 ], [ 91.696001474314897, 26.159323325704001 ], [ 91.695673000839705, 26.1596318665372 ], [ 91.695569876041702, 26.159739855071599 ], [ 91.695480118175198, 26.1598495585032 ], [ 91.695204878863706, 26.160330686390001 ], [ 91.695031810339401, 26.160700289156601 ], [ 91.694811103257194, 26.1610926926367 ], [ 91.694730436341302, 26.161302222236099 ], [ 91.694671769166703, 26.1615040731864 ], [ 91.6946387695548, 26.161601707269 ], [ 91.694611880283404, 26.161705923787299 ], [ 91.694595990882604, 26.161793684739099 ], [ 91.694586213619104, 26.161875960470599 ], [ 91.694582546696097, 26.161944180999502 ], [ 91.694544352126897, 26.162216719239801 ], [ 91.694466053170103, 26.162564675480301 ], [ 91.694425948782495, 26.162746366475901 ], [ 91.694362928372101, 26.162953768564201 ], [ 91.6942769901421, 26.16318516666 ], [ 91.694219698288194, 26.163293152710999 ], [ 91.694149038604607, 26.163409708548901 ], [ 91.694057371818104, 26.1635416906948 ], [ 91.693910322995904, 26.163678815095398 ], [ 91.693715530513103, 26.163843363840801 ], [ 91.693398515947607, 26.164031909362301 ], [ 91.693230460022605, 26.1641296098617 ], [ 91.693033757721494, 26.164217026325701 ], [ 91.692844694693505, 26.164290730526101 ], [ 91.692441742796404, 26.164407285367101 ], [ 91.692023512352904, 26.164522125969299 ], [ 91.691674032673106, 26.164600971534 ], [ 91.691406670688394, 26.164655820976598 ], [ 91.691242434399996, 26.164700386482501 ], [ 91.691078197213201, 26.164751806834499 ], [ 91.690516737584204, 26.164978059822602 ], [ 91.689684097232202, 26.165303725999699 ], [ 91.689298331903103, 26.1654614160189 ], [ 91.688435135356698, 26.165792223156998 ], [ 91.688039821834494, 26.165937914612599 ], [ 91.687701800166096, 26.166047612214498 ], [ 91.687539473695907, 26.1661590230052 ], [ 91.687442737716196, 26.166403368008002 ], [ 91.6874931772211, 26.166423444520401 ], [ 91.687612189623195, 26.166456318683501 ], [ 91.687753525160105, 26.1664960435665 ], [ 91.687904300194006, 26.166527013340701 ], [ 91.687972166117106, 26.1665362142936 ], [ 91.688090959330296, 26.166547320420101 ], [ 91.6882621629521, 26.16653376248 ], [ 91.688242130521303, 26.1667972664386 ], [ 91.688240370721601, 26.166828858558102 ], [ 91.688228050327496, 26.1668572917809 ], [ 91.688213971032098, 26.166868349501701 ], [ 91.688199890838305, 26.1668873052466 ], [ 91.6881875704442, 26.166903101295301 ], [ 91.688175250049994, 26.166920476784998 ], [ 91.688178770547594, 26.166955228563101 ], [ 91.688184050844896, 26.166975763736399 ], [ 91.688203410437595, 26.167007356613802 ], [ 91.688224530728206, 26.1670405289243 ], [ 91.688272050708406, 26.167078439548899 ], [ 91.688298450397994, 26.167130567544501 ], [ 91.688298450397994, 26.167182694710601 ], [ 91.688303730695196, 26.167215866971201 ], [ 91.6883142912897, 26.1672632557834 ], [ 91.688328211583396, 26.167290257811501 ], [ 91.688338557480506, 26.167310324496299 ], [ 91.688372370966107, 26.1673564531064 ], [ 91.688451570933097, 26.167358033349998 ], [ 91.688502611410897, 26.167328020005399 ], [ 91.688526934195593, 26.167288725135499 ], [ 91.688535189712994, 26.167278578514001 ], [ 91.688538880890505, 26.167272780789599 ], [ 91.688544417207595, 26.167267811887299 ], [ 91.688551798664307, 26.1672636710008 ], [ 91.688560103589097, 26.167262428573601 ], [ 91.688571177121602, 26.167261186952601 ], [ 91.688581805988093, 26.167260935403402 ], [ 91.688588708642698, 26.1672607725414 ], [ 91.688623095253504, 26.167265626150702 ], [ 91.688649294618699, 26.167268602815899 ], [ 91.688680259546601, 26.1672721204731 ], [ 91.688685888390097, 26.1672743263657 ], [ 91.688692071494202, 26.167277561029898 ], [ 91.688695982759, 26.167280416757801 ], [ 91.688708714581495, 26.167289711175901 ], [ 91.688714850074902, 26.167294688946001 ], [ 91.688722403109793, 26.1673003689572 ], [ 91.688730271453394, 26.1673062851984 ], [ 91.688738563801806, 26.167312252233 ], [ 91.6887418112115, 26.167314637111701 ], [ 91.688750374851097, 26.1673178169499 ], [ 91.6887566163457, 26.167319351238 ], [ 91.688760814173094, 26.167319715661598 ], [ 91.688763367185103, 26.167319937379599 ], [ 91.688770748641801, 26.167319937379599 ], [ 91.688779902474494, 26.167318347460501 ], [ 91.688784375186302, 26.167317860487302 ], [ 91.688801162902394, 26.167314371856399 ], [ 91.688812352317498, 26.167311217818 ], [ 91.688820873736304, 26.167307838836599 ], [ 91.688847749532997, 26.167302523249401 ], [ 91.688853756567298, 26.167302386187401 ], [ 91.688856397614202, 26.167302752223598 ], [ 91.688862301342297, 26.167304974240601 ], [ 91.688887747919296, 26.167317575075799 ], [ 91.688891908017396, 26.1673196350369 ], [ 91.688896587341702, 26.1673219521908 ], [ 91.688905088099304, 26.167327740237699 ], [ 91.688923070574603, 26.1673410755613 ], [ 91.688963062672698, 26.167374678312601 ], [ 91.688982751947194, 26.1674004757826 ], [ 91.6889885191313, 26.167410827986402 ], [ 91.688991402723303, 26.1674172981133 ], [ 91.688997169907495, 26.167426356290399 ], [ 91.689003657540397, 26.167432826416398 ], [ 91.689015191908695, 26.1674412371766 ], [ 91.689023122235994, 26.167443825226702 ], [ 91.689038981992397, 26.1674522367924 ], [ 91.689067817912999, 26.167460000941901 ], [ 91.689116055647105, 26.167473112920199 ], [ 91.689159657176006, 26.1674857346996 ], [ 91.6891889287796, 26.167491057534601 ], [ 91.689200463147799, 26.167492351559101 ], [ 91.689213680060604, 26.167489385380801 ], [ 91.6892148811082, 26.1674891160947 ], [ 91.689227135925293, 26.1674832933872 ], [ 91.689234344905401, 26.167473587799101 ], [ 91.689248042416807, 26.167456765476501 ], [ 91.689261018581107, 26.167435414466699 ], [ 91.689282645521601, 26.167406945910098 ], [ 91.689302109318803, 26.167384947475199 ], [ 91.689315085483102, 26.167372007217502 ], [ 91.689323015810501, 26.167359713568199 ], [ 91.689333828831593, 26.1673493613599 ], [ 91.689346084546997, 26.167341597202999 ], [ 91.689354735323107, 26.167335127071901 ], [ 91.689369153283394, 26.167330598383 ], [ 91.689397989204096, 26.1673215401986 ], [ 91.689418894797399, 26.167324774861399 ], [ 91.689429708716801, 26.167335774488201 ], [ 91.689436196349703, 26.1673474207238 ], [ 91.689444847125898, 26.167360360984301 ], [ 91.689444847125898, 26.167367477723801 ], [ 91.689444847125898, 26.167377183320799 ], [ 91.689441963533895, 26.167384947475199 ], [ 91.689436196349703, 26.167390770187701 ], [ 91.689426103777507, 26.167397240315701 ], [ 91.689410244021204, 26.167407592519702 ], [ 91.689397989204096, 26.167418592138699 ], [ 91.689384291692605, 26.167431532391198 ], [ 91.689378524508498, 26.167437355101299 ], [ 91.689372036875497, 26.1674515893768 ], [ 91.689385733488606, 26.167471647165101 ], [ 91.689403756388202, 26.167494292192799 ], [ 91.689413848960399, 26.1675104679009 ], [ 91.689424661981505, 26.167524054752199 ], [ 91.689437951657794, 26.167530733690398 ], [ 91.689442684881001, 26.167533112920999 ], [ 91.6894816133739, 26.1675557587429 ], [ 91.689528471295702, 26.167591343989098 ], [ 91.689567399788601, 26.167624988592902 ], [ 91.689579655504005, 26.167638576237199 ], [ 91.689591910321099, 26.167647634396999 ], [ 91.689602002893295, 26.167654751118999 ], [ 91.689610653669504, 26.1676605746242 ], [ 91.689626513425793, 26.167666397322801 ], [ 91.689694085599797, 26.167690229910701 ], [ 91.689785152311799, 26.167716351421198 ], [ 91.6898081222336, 26.167722894093099 ], [ 91.689811778376793, 26.1677239881665 ], [ 91.689823347779296, 26.167727449372801 ], [ 91.689825069849704, 26.1677278008952 ], [ 91.689833497843694, 26.1677295198078 ], [ 91.689842263604206, 26.1677311758333 ], [ 91.689846416515806, 26.1677311758333 ], [ 91.689858873453801, 26.1677311758333 ], [ 91.689867330193906, 26.167730283320999 ], [ 91.689874559835303, 26.1677295198078 ], [ 91.689895886738498, 26.1677236688938 ], [ 91.689911389863695, 26.167720077881999 ], [ 91.689925592228306, 26.167713345742499 ], [ 91.689936153721106, 26.167704344024902 ], [ 91.689980915873406, 26.167620781606999 ], [ 91.690015552215797, 26.1675728987118 ], [ 91.690069037009494, 26.167518038547499 ], [ 91.690168697005404, 26.167475669525999 ], [ 91.690517503847104, 26.167336794390501 ], [ 91.690622408207702, 26.1672920718676 ], [ 91.690727312568299, 26.167289718432102 ], [ 91.690769603455195, 26.1673036358705 ], [ 91.690795088659797, 26.167313776039901 ], [ 91.690804460783198, 26.167322186808601 ], [ 91.690811669763306, 26.1673318924094 ], [ 91.690821040988396, 26.167359713568199 ], [ 91.690836900744699, 26.167402416417801 ], [ 91.690836900744699, 26.167414710062602 ], [ 91.690837622091905, 26.167421826798801 ], [ 91.690840505683994, 26.167436061076199 ], [ 91.690840505683994, 26.167448354717401 ], [ 91.690840505683994, 26.167459353526301 ], [ 91.690841226132804, 26.167471647165101 ], [ 91.690844109724793, 26.167481351947099 ], [ 91.690849156460104, 26.167493645583601 ], [ 91.690855644093105, 26.167503350363798 ], [ 91.690869341604596, 26.167514996582799 ], [ 91.690877992380706, 26.167524054752199 ], [ 91.6908902471978, 26.167533112920999 ], [ 91.690906106954202, 26.167542818504099 ], [ 91.690927733894696, 26.1675544647191 ], [ 91.690967383734701, 26.1675803451927 ], [ 91.691004870431499, 26.167597814105999 ], [ 91.691022892432699, 26.1676049316372 ], [ 91.691042357128296, 26.167621753938398 ], [ 91.691043651600594, 26.167622598883099 ], [ 91.691058216884599, 26.1676321061226 ], [ 91.691069029905705, 26.167640516868399 ], [ 91.691079122477902, 26.167645692959699 ], [ 91.691097865826293, 26.1676528104881 ], [ 91.691120214113994, 26.1676605746242 ], [ 91.6911440032993, 26.167666397322801 ], [ 91.691172118771107, 26.167673514849898 ], [ 91.691224743877001, 26.1676845136375 ], [ 91.691273764942096, 26.167692277771501 ], [ 91.691302600862699, 26.1676961598384 ], [ 91.691355226867003, 26.167699395296999 ], [ 91.691427316668594, 26.167698101274802 ], [ 91.691456152589197, 26.1676968072526 ], [ 91.691501568714997, 26.167693571793802 ], [ 91.691522475206597, 26.167689043118902 ], [ 91.691548588333603, 26.167681751443901 ], [ 91.691554915168197, 26.167679984962199 ], [ 91.691612858300601, 26.167646396811399 ], [ 91.691679320156894, 26.167609836831801 ], [ 91.691868148724595, 26.167456838844899 ], [ 91.691933714062202, 26.1673862245697 ], [ 91.692054354211606, 26.167315610251901 ], [ 91.692214333383902, 26.167287364190202 ], [ 91.692374312556197, 26.167244995891199 ], [ 91.692442500076197, 26.167172027243598 ], [ 91.692523801202697, 26.167061397063399 ], [ 91.692641819169793, 26.166913106049499 ], [ 91.692712628872002, 26.166842491445099 ], [ 91.692817534130896, 26.166774230243998 ], [ 91.692914570147906, 26.166717738657901 ], [ 91.692964399696706, 26.166680077047701 ], [ 91.693029965034398, 26.1666447696803 ], [ 91.6931374924755, 26.166625938865 ], [ 91.693244367739794, 26.166634659284099 ], [ 91.693285880685707, 26.166639303293898 ], [ 91.693323052073893, 26.166644357685701 ], [ 91.693324600769401, 26.166644572148702 ], [ 91.693352338948799, 26.166648401844 ], [ 91.693391763311695, 26.1666524460021 ], [ 91.693406405850794, 26.166657500393399 ], [ 91.6934356927257, 26.166669632060099 ], [ 91.693459347163795, 26.166681763725698 ], [ 91.6934784956523, 26.166706027052999 ], [ 91.693492012602405, 26.166725235180898 ], [ 91.693507782527305, 26.166748487460399 ], [ 91.693513414065805, 26.166765673504301 ], [ 91.693526931015896, 26.166780838275098 ], [ 91.693539321478596, 26.1667960022377 ], [ 91.693558470865497, 26.1668111670045 ], [ 91.693578745841407, 26.1668192545031 ], [ 91.693603526766907, 26.166831386153 ], [ 91.693626054717498, 26.166832397191001 ], [ 91.693628445134493, 26.166832863203702 ], [ 91.693677869543095, 26.166842506763899 ], [ 91.693706029032299, 26.166846550915299 ], [ 91.693748832857295, 26.166846550915299 ], [ 91.693776992346599, 26.166847561146898 ], [ 91.693811910759905, 26.166847561146898 ], [ 91.693837818172796, 26.166847561146898 ], [ 91.693855841072306, 26.1668505942603 ], [ 91.693886253536206, 26.166854638411401 ], [ 91.693913287436402, 26.166861714869299 ], [ 91.693926804386507, 26.166868792132998 ], [ 91.693927135864797, 26.166868949351802 ], [ 91.693962849287203, 26.166896087727402 ], [ 91.694028180164594, 26.166986063571699 ], [ 91.694084783909005, 26.167072932870301 ], [ 91.694126177378905, 26.167176123789702 ], [ 91.694143073791096, 26.167225660461799 ], [ 91.694158843715897, 26.167268120679999 ], [ 91.694168981203902, 26.167320690414201 ], [ 91.694216290080007, 26.167534003016002 ], [ 91.694303130218501, 26.1679643035149 ], [ 91.694305598789001, 26.167977150989099 ], [ 91.694395238976199, 26.168626514586801 ], [ 91.694388836683203, 26.168856377639798 ], [ 91.694331210656003, 26.1689828010777 ], [ 91.694356821624794, 26.1691437046095 ], [ 91.694395238976199, 26.169241395988799 ], [ 91.694440059518996, 26.169379312663999 ], [ 91.694529698807898, 26.169488496683499 ], [ 91.694657756346601, 26.1695632013104 ], [ 91.694920273717102, 26.1696321598812 ], [ 91.695272430376406, 26.169637905889399 ], [ 91.695682213961206, 26.1696608923382 ], [ 91.696059982487697, 26.169689624788202 ], [ 91.696380124987002, 26.169718357231002 ], [ 91.696668254224505, 26.16978731571 ], [ 91.697128288667997, 26.169979836809201 ], [ 91.6973497413518, 26.1700536316959 ], [ 91.697452866149803, 26.1700960521855 ], [ 91.697560288488106, 26.170146185031602 ], [ 91.697598960961102, 26.170161610580401 ], [ 91.697663414184404, 26.170177036933399 ], [ 91.697762242340403, 26.170192462478202 ], [ 91.697809508097393, 26.1702040310307 ], [ 91.697895445428998, 26.1702040310307 ], [ 91.6979935423564, 26.1702040310307 ], [ 91.698007164409304, 26.1702040310307 ], [ 91.698136071754305, 26.170173179942299 ], [ 91.698346618890596, 26.170138472659598 ], [ 91.698501306985904, 26.1701269032943 ] ] ] ] } },
{ "type": "Feature", "properties": { "ward_number": 8, "ward_lgd_name": "Guwahati (M Corp.) - Ward No.8" }, "geometry": { "type": "MultiPolygon", "coordinates": [ [ [ [ 91.690548286416998, 26.173278006868301 ], [ 91.690619786923705, 26.173248390088499 ], [ 91.690732537169893, 26.173208902111998 ], [ 91.690795787549106, 26.173189157312599 ], [ 91.690897537026402, 26.173139796508501 ], [ 91.690966287790005, 26.1731003084953 ], [ 91.691048788167393, 26.172959630122101 ], [ 91.691167037899802, 26.1727547829712 ], [ 91.691392538392293, 26.172379639422498 ], [ 91.691461289155995, 26.1723055976945 ], [ 91.691582289529805, 26.172290789182 ], [ 91.691750039129303, 26.172280917108001 ], [ 91.691884790015195, 26.1723154697663 ], [ 91.69204979077, 26.172345086783199 ], [ 91.692690541994196, 26.172350022414399 ], [ 91.693061793243203, 26.172389511488099 ], [ 91.693199292973901, 26.1723747029862 ], [ 91.6933395433459, 26.172362363104099 ], [ 91.693435794235299, 26.172320406205099 ], [ 91.693534793969505, 26.172268577215899 ], [ 91.693633794601993, 26.1722241516587 ], [ 91.693721794465603, 26.1721624505428 ], [ 91.693818044456705, 26.172115557124702 ], [ 91.693911544704704, 26.172110621483501 ], [ 91.694062795845795, 26.172118025751399 ], [ 91.694384546329402, 26.172140237746099 ], [ 91.694442296324098, 26.1721575140974 ], [ 91.694491796191102, 26.172192067598498 ], [ 91.694582546696097, 26.1722488322572 ], [ 91.694670546559607, 26.1723006612551 ], [ 91.694783297704205, 26.1723722351711 ], [ 91.694887797822901, 26.1724117242373 ], [ 91.695036298322506, 26.1724462768568 ], [ 91.696045550154295, 26.172732570287302 ], [ 91.696295801029507, 26.172784399070199 ], [ 91.696485551268694, 26.172809079549999 ], [ 91.696653301766503, 26.172791803295301 ], [ 91.696790802395498, 26.172759718585102 ], [ 91.6969338025106, 26.172705421983199 ], [ 91.697324303757895, 26.1725153820652 ], [ 91.697475554000604, 26.1724610853495 ], [ 91.697637804113995, 26.1724166598657 ], [ 91.697758804487805, 26.172394447923701 ], [ 91.698306056362298, 26.172431468362198 ], [ 91.698506806471997, 26.1724660209759 ], [ 91.698627806845906, 26.1724808294661 ], [ 91.698762557731797, 26.1724610853495 ], [ 91.698867057850407, 26.1724166598657 ], [ 91.699076058087797, 26.1723524910362 ], [ 91.699480308948793, 26.1722192160221 ], [ 91.699590309452006, 26.1722192160221 ], [ 91.699705809441298, 26.172184663335301 ], [ 91.6998048100739, 26.172118025751399 ], [ 91.699975310314798, 26.172039047406798 ], [ 91.700079810433493, 26.171999559020701 ], [ 91.700181560809099, 26.171984750469299 ], [ 91.700313561053505, 26.171940325610201 ], [ 91.700374061689601, 26.1719131763154 ], [ 91.700511561420299, 26.171836666464799 ], [ 91.701100063034204, 26.171397350606501 ], [ 91.7011605636703, 26.171350456880599 ], [ 91.701226563792602, 26.171340584727002 ], [ 91.701339314038805, 26.171367733348902 ], [ 91.701463064155703, 26.1714146270679 ], [ 91.701523564791799, 26.171436840002801 ], [ 91.701573064658902, 26.171478797219802 ], [ 91.701617064141502, 26.171525690087901 ], [ 91.701677564777597, 26.171570115911202 ], [ 91.701787565280796, 26.171604668780201 ], [ 91.701881065528795, 26.1716589658947 ], [ 91.701977315519898, 26.171710795154802 ], [ 91.7020598158973, 26.171762624391899 ], [ 91.702117565891896, 26.171819390065899 ], [ 91.702211066139995, 26.1718786235379 ], [ 91.702315566258704, 26.1719452612586 ], [ 91.7024063167636, 26.171967474092501 ], [ 91.702546567135698, 26.1719798140164 ], [ 91.702744567502407, 26.171955133360999 ], [ 91.702871067362395, 26.171960069815 ], [ 91.703038817860204, 26.1719699419161 ], [ 91.703201068871905, 26.171999559020701 ], [ 91.703740069720496, 26.172113089304101 ], [ 91.703883070733895, 26.172140237746099 ], [ 91.703979320724997, 26.1721624505428 ], [ 91.704053570974807, 26.172221683840501 ], [ 91.704119571097095, 26.172263640775 ], [ 91.704199320833098, 26.1723154697663 ], [ 91.704336821461993, 26.172362363104099 ], [ 91.704504571959902, 26.1723747029862 ], [ 91.7046750722008, 26.172377171607501 ], [ 91.704798822317699, 26.172354958851699 ], [ 91.7049913231982, 26.172310534133601 ], [ 91.705148073825399, 26.1722858535482 ], [ 91.7059538258044, 26.172263640775 ], [ 91.706256326289804, 26.172251300881101 ], [ 91.706454326656498, 26.172214279579201 ], [ 91.706572577287204, 26.172164918362402 ], [ 91.706693577661099, 26.172098280767202 ], [ 91.706861328158894, 26.171994622568398 ], [ 91.707018077887795, 26.1719279848759 ], [ 91.707194078513197, 26.171873687886698 ], [ 91.707370079138599, 26.171851475034899 ], [ 91.707590080144897, 26.171789773721802 ], [ 91.707755080001405, 26.1717453479821 ], [ 91.707823830764994, 26.171698455202399 ], [ 91.707870580888994, 26.1716342851714 ], [ 91.707898080116493, 26.171594795841902 ], [ 91.707961330495607, 26.1715824558772 ], [ 91.708021831131703, 26.171607136611499 ], [ 91.708134581378005, 26.171654030234201 ], [ 91.708181331502004, 26.171671306657501 ], [ 91.708219831498397, 26.171705859496502 ], [ 91.708233581112196, 26.171755220907698 ], [ 91.708233581112196, 26.171824326525702 ], [ 91.708230831369093, 26.171935389155401 ], [ 91.708241831239803, 26.172029175311501 ], [ 91.708266581622496, 26.172150110638199 ], [ 91.708274831750003, 26.1721945354174 ], [ 91.708321581874003, 26.1722661085924 ], [ 91.708343581615395, 26.172310534133601 ], [ 91.708365581356603, 26.172357426667102 ], [ 91.708404081353095, 26.172414192051502 ], [ 91.708448081734005, 26.1724635531627 ], [ 91.708497581601094, 26.172500573579399 ], [ 91.708574582492304, 26.172552402465399 ], [ 91.708648832742199, 26.172599295707801 ], [ 91.708736832605695, 26.172621508416999 ], [ 91.7089320832293, 26.172658528783501 ], [ 91.709053083603195, 26.172663465207702 ], [ 91.709171333335604, 26.172646188931399 ], [ 91.709344584217902, 26.172611636371101 ], [ 91.709509584972693, 26.172582019421998 ], [ 91.709630585346503, 26.172552402465399 ], [ 91.709828585713197, 26.172500573579399 ], [ 91.710257586058603, 26.172337682529701 ], [ 91.710576587697503, 26.172206875317301 ], [ 91.710683837559301, 26.1721575140974 ], [ 91.710774588064197, 26.172135302106 ], [ 91.710931337793099, 26.172122961392301 ], [ 91.711676590034202, 26.1720415160352 ], [ 91.712608842771502, 26.1719452612586 ], [ 91.712952592996402, 26.171932921330999 ], [ 91.713057094013394, 26.171905772034499 ], [ 91.7130928433685, 26.171890964277399 ], [ 91.7131093436236, 26.1718638149712 ], [ 91.713147843620007, 26.171824326525702 ], [ 91.713252343738702, 26.171809517952099 ], [ 91.713370594369493, 26.171787305088099 ], [ 91.713568594736202, 26.171742880153701 ], [ 91.713722595620297, 26.1717009230318 ], [ 91.713997595979905, 26.171567647272902 ], [ 91.714203846474206, 26.171483732887701 ], [ 91.714302847106694, 26.171444244313498 ], [ 91.714393596713407, 26.171439307837701 ], [ 91.714863848594902, 26.171446712148299 ], [ 91.715009598453094, 26.171436840002801 ], [ 91.715127849083899, 26.1714121592324 ], [ 91.715218598690498, 26.171385010620899 ], [ 91.715325849450593, 26.1713529255235 ], [ 91.715427599826199, 26.1713060317798 ], [ 91.715545849558595, 26.171261606662 ], [ 91.715738350439196, 26.1712122450419 ], [ 91.715952851061004, 26.171170287728899 ], [ 91.716233351805101, 26.1711110538971 ], [ 91.7167338526572, 26.170960500937799 ], [ 91.716918103410194, 26.170901266999401 ], [ 91.717168354285405, 26.1708099477841 ], [ 91.717572605146501, 26.170632245649202 ], [ 91.717663355651396, 26.170575479397201 ], [ 91.717754105257995, 26.170513777408701 ], [ 91.717798105638906, 26.170469351989102 ], [ 91.717831106149205, 26.170437266639698 ], [ 91.717858605376705, 26.170400244761701 ], [ 91.717902605757601, 26.170343479203002 ], [ 91.717935606267901, 26.1703015215774 ], [ 91.717968605879904, 26.170242286497999 ], [ 91.7179823563919, 26.170187988723701 ], [ 91.717990606519507, 26.1701484989044 ], [ 91.718081356126106, 26.1700744565657 ], [ 91.718191356629305, 26.169995476836799 ], [ 91.718246356880897, 26.169943646814101 ], [ 91.718342606872, 26.169881944491301 ], [ 91.718485606987201, 26.169817773460501 ], [ 91.7185956074903, 26.169778283515701 ], [ 91.718774357858806, 26.1697313899449 ], [ 91.719038358347802, 26.169704240135701 ], [ 91.719198063533895, 26.169700287993699 ], [ 91.719122183740197, 26.169530623910301 ], [ 91.7189903945998, 26.169247560451598 ], [ 91.718901408386103, 26.169033240771899 ], [ 91.719024608734003, 26.1690008276958 ], [ 91.719140768985099, 26.168953439589799 ], [ 91.719218209152501, 26.1689060514645 ], [ 91.719316769610501, 26.168836549060799 ], [ 91.719420609467505, 26.168721237833701 ], [ 91.719461090249098, 26.168680168098199 ], [ 91.719491009538004, 26.168631200441698 ], [ 91.719519169925505, 26.168579073923201 ], [ 91.719529729621698, 26.168492195265401 ], [ 91.719540290216102, 26.168398998850201 ], [ 91.719549090112693, 26.1683168591377 ], [ 91.719549090112693, 26.1682568337405 ], [ 91.719559649808801, 26.1682078659063 ], [ 91.719564930106102, 26.168163637137202 ], [ 91.719575489802196, 26.168124146632199 ], [ 91.719587810196401, 26.168084656113901 ], [ 91.719601890390095, 26.168043586960401 ], [ 91.719735650434203, 26.167672377238901 ], [ 91.719763810821803, 26.1676060329679 ], [ 91.719793731008906, 26.167525472938198 ], [ 91.719869720397099, 26.1673926801856 ], [ 91.719968548553098, 26.167276984563099 ], [ 91.7200330017764, 26.167199854890502 ], [ 91.720050726435304, 26.167042566315299 ], [ 91.717952637427402, 26.1655831861857 ], [ 91.716368580594704, 26.164594562527 ], [ 91.714847466019094, 26.163408204041499 ], [ 91.713246844252595, 26.1621762664385 ], [ 91.711973591033498, 26.161388886939999 ], [ 91.711660089779102, 26.161265472402398 ], [ 91.711379589035005, 26.161191423617201 ], [ 91.7111705887976, 26.1611297166634 ], [ 91.710895588438007, 26.1610803507544 ], [ 91.710054086205702, 26.1608582047113 ], [ 91.709193333975193, 26.160581755191799 ], [ 91.707898080116493, 26.160228787550299 ], [ 91.7072628292768, 26.160085625573199 ], [ 91.706809077650405, 26.160006639079199 ], [ 91.706160076298701, 26.159922716374599 ], [ 91.704540322213205, 26.159774617858599 ], [ 91.703896820347694, 26.159695631153902 ], [ 91.702596067002801, 26.159547532349599 ], [ 91.701661064522497, 26.1594512672599 ], [ 91.700420811813601, 26.159295763063799 ], [ 91.699384058957705, 26.159184687589502 ], [ 91.698578306978803, 26.159098296197499 ], [ 91.697899054859803, 26.159041524330998 ], [ 91.696878501323397, 26.158992205916501 ], [ 91.696515873901106, 26.1590017791702 ], [ 91.696518602983005, 26.159088793100199 ], [ 91.696521301522097, 26.159174814406001 ], [ 91.696507551908297, 26.1594043695364 ], [ 91.6965315117736, 26.159480510195099 ], [ 91.696566064572707, 26.159553483655099 ], [ 91.696648021469301, 26.159722676055399 ], [ 91.696685334791297, 26.159777479414199 ], [ 91.696834802776493, 26.159920248296 ], [ 91.696884302643497, 26.159954804616898 ], [ 91.696939302895103, 26.160004171002299 ], [ 91.696983303276099, 26.160053537366899 ], [ 91.697008052760495, 26.160080688616599 ], [ 91.697030053400098, 26.1601251179939 ], [ 91.697038302629295, 26.1601572061805 ], [ 91.697052053141405, 26.160201635528701 ], [ 91.697057552627598, 26.160236192572601 ], [ 91.697057552627598, 26.160283089961698 ], [ 91.697060527847796, 26.1603097896325 ], [ 91.697065802755105, 26.160357139323601 ], [ 91.697068553396505, 26.160379354364899 ], [ 91.697085052753295, 26.160438593647999 ], [ 91.697120803006698, 26.160460807867501 ], [ 91.697153803516997, 26.1604879598287 ], [ 91.697189553770301, 26.160510174038698 ], [ 91.697228053766807, 26.160544730184899 ], [ 91.6972363038944, 26.160569413255399 ], [ 91.697244553123596, 26.160589160191801 ], [ 91.697255553892603, 26.160626184378302 ], [ 91.697255553892603, 26.160636057439 ], [ 91.697258303635707, 26.160660740490101 ], [ 91.697258303635707, 26.160673082416899 ], [ 91.697258303635707, 26.160697765460199 ], [ 91.697258303635707, 26.16072491656 ], [ 91.697266553763299, 26.1607594726425 ], [ 91.697272053249407, 26.160803901761302 ], [ 91.697296803632099, 26.160833521701999 ], [ 91.697313303887299, 26.160868077752401 ], [ 91.697343553756099, 26.160902633792499 ], [ 91.697434304261094, 26.160991491904099 ], [ 91.6974893045127, 26.161026048714 ], [ 91.697525053867693, 26.1610704777313 ], [ 91.697574554633107, 26.1610951606905 ], [ 91.697632304627803, 26.1611297166634 ], [ 91.697833974612493, 26.161237993268902 ], [ 91.698174126186402, 26.1614714620897 ], [ 91.698414233285405, 26.161624113969399 ], [ 91.698644336745403, 26.161803705251099 ], [ 91.6987843993696, 26.161929418741899 ], [ 91.699064523719599, 26.162073090445801 ], [ 91.699204586343697, 26.162198803646302 ], [ 91.699344648967894, 26.162378394043198 ], [ 91.699484711592007, 26.1625939015093 ], [ 91.699991338056094, 26.1632361111714 ], [ 91.700145006563503, 26.163437250866401 ], [ 91.700241049043797, 26.163678616752499 ], [ 91.7003691065825, 26.163965956480101 ], [ 91.700426732609699, 26.164161347832302 ], [ 91.700503566414199, 26.164310763863799 ], [ 91.700612415277206, 26.1644544334405 ], [ 91.700746875108905, 26.164609596158801 ], [ 91.700970975127902, 26.164908427688101 ], [ 91.701457592517301, 26.165368166387001 ], [ 91.701553634997595, 26.165477354162402 ], [ 91.701553634997595, 26.1656037820701 ], [ 91.701444787032997, 26.165799169871899 ], [ 91.701201478338206, 26.165977317976001 ], [ 91.700842918487496, 26.166189945299799 ], [ 91.700356301098097, 26.166402573042198 ], [ 91.699991338056094, 26.166557733168499 ], [ 91.699812057681598, 26.166678412944801 ], [ 91.699716015201304, 26.166856558899401 ], [ 91.699671194658507, 26.1670232123086 ], [ 91.699696806525594, 26.167172624673402 ], [ 91.699767238037097, 26.167327783775001 ], [ 91.699844071841696, 26.167477195749601 ], [ 91.699946517513297, 26.1676036214891 ], [ 91.699965726189006, 26.1677760199305 ], [ 91.699882489193101, 26.167890952352 ], [ 91.699728820685607, 26.168017377642901 ], [ 91.699466303315205, 26.168252987167001 ], [ 91.699134740533793, 26.168535686201601 ], [ 91.699047011063101, 26.168676885904901 ], [ 91.699021230312795, 26.1687501583684 ], [ 91.699004041948101, 26.168765584101902 ], [ 91.698995448664107, 26.168781009833399 ], [ 91.698986854481802, 26.168835000280499 ], [ 91.698986854481802, 26.168856736415002 ], [ 91.698986854481802, 26.168858139266298 ], [ 91.698986854481802, 26.168881277441201 ], [ 91.699034120238807, 26.168950693550901 ], [ 91.699051307705105, 26.1689854019934 ], [ 91.699111646644397, 26.169094413847599 ], [ 91.699222994620499, 26.1693275936276 ], [ 91.699319037999103, 26.1695517084801 ], [ 91.699351052159201, 26.169706864416 ], [ 91.699299829323394, 26.169902245342801 ], [ 91.699210189136096, 26.170005682882799 ], [ 91.699075729304397, 26.170080387178299 ], [ 91.698845226094093, 26.170126359090698 ], [ 91.698742163279903, 26.170124470905701 ], [ 91.698501306985904, 26.1701269032943 ], [ 91.698346618890596, 26.170138472659598 ], [ 91.698136071754305, 26.170173179942299 ], [ 91.698007164409304, 26.1702040310307 ], [ 91.6979935423564, 26.1702040310307 ], [ 91.697895445428998, 26.1702040310307 ], [ 91.697809508097393, 26.1702040310307 ], [ 91.697762242340403, 26.170192462478202 ], [ 91.697663414184404, 26.170177036933399 ], [ 91.697598960961102, 26.170161610580401 ], [ 91.697560288488106, 26.170146185031602 ], [ 91.697452866149803, 26.1700960521855 ], [ 91.6973497413518, 26.1700536316959 ], [ 91.697128288667997, 26.169979836809201 ], [ 91.696668254224505, 26.16978731571 ], [ 91.696380124987002, 26.169718357231002 ], [ 91.696059982487697, 26.169689624788202 ], [ 91.695682213961206, 26.1696608923382 ], [ 91.695272430376406, 26.169637905889399 ], [ 91.694920273717102, 26.1696321598812 ], [ 91.694657756346601, 26.1695632013104 ], [ 91.694529698807898, 26.169488496683499 ], [ 91.694440059518996, 26.169379312663999 ], [ 91.694395238976199, 26.169241395988799 ], [ 91.694356821624794, 26.1691437046095 ], [ 91.694331210656003, 26.1689828010777 ], [ 91.694388836683203, 26.168856377639798 ], [ 91.694395238976199, 26.168626514586801 ], [ 91.694305598789001, 26.167977150989099 ], [ 91.694303130218501, 26.1679643035149 ], [ 91.694216290080007, 26.167534003016002 ], [ 91.694168981203902, 26.167320690414201 ], [ 91.694158843715897, 26.167268120679999 ], [ 91.694143073791096, 26.167225660461799 ], [ 91.694126177378905, 26.167176123789702 ], [ 91.694084783909005, 26.167072932870301 ], [ 91.694028180164594, 26.166986063571699 ], [ 91.693962849287203, 26.166896087727402 ], [ 91.693927135864797, 26.166868949351802 ], [ 91.693926804386507, 26.166868792132998 ], [ 91.693913287436402, 26.166861714869299 ], [ 91.693886253536206, 26.166854638411401 ], [ 91.693855841072306, 26.1668505942603 ], [ 91.693837818172796, 26.166847561146898 ], [ 91.693811910759905, 26.166847561146898 ], [ 91.693776992346599, 26.166847561146898 ], [ 91.693748832857295, 26.166846550915299 ], [ 91.693706029032299, 26.166846550915299 ], [ 91.693677869543095, 26.166842506763899 ], [ 91.693628445134493, 26.166832863203702 ], [ 91.693626054717498, 26.166832397191001 ], [ 91.693603526766907, 26.166831386153 ], [ 91.693578745841407, 26.1668192545031 ], [ 91.693558470865497, 26.1668111670045 ], [ 91.693539321478596, 26.1667960022377 ], [ 91.693526931015896, 26.166780838275098 ], [ 91.693513414065805, 26.166765673504301 ], [ 91.693507782527305, 26.166748487460399 ], [ 91.693492012602405, 26.166725235180898 ], [ 91.6934784956523, 26.166706027052999 ], [ 91.693459347163795, 26.166681763725698 ], [ 91.6934356927257, 26.166669632060099 ], [ 91.693406405850794, 26.166657500393399 ], [ 91.693391763311695, 26.1666524460021 ], [ 91.693352338948799, 26.166648401844 ], [ 91.693324600769401, 26.166644572148702 ], [ 91.693323052073893, 26.166644357685701 ], [ 91.693285880685707, 26.166639303293898 ], [ 91.693244367739794, 26.166634659284099 ], [ 91.6931374924755, 26.166625938865 ], [ 91.693029965034398, 26.1666447696803 ], [ 91.692964399696706, 26.166680077047701 ], [ 91.692914570147906, 26.166717738657901 ], [ 91.692817534130896, 26.166774230243998 ], [ 91.692712628872002, 26.166842491445099 ], [ 91.692641819169793, 26.166913106049499 ], [ 91.692523801202697, 26.167061397063399 ], [ 91.692442500076197, 26.167172027243598 ], [ 91.692374312556197, 26.167244995891199 ], [ 91.692214333383902, 26.167287364190202 ], [ 91.692054354211606, 26.167315610251901 ], [ 91.691933714062202, 26.1673862245697 ], [ 91.691868148724595, 26.167456838844899 ], [ 91.691679320156894, 26.167609836831801 ], [ 91.691612858300601, 26.167646396811399 ], [ 91.691554915168197, 26.167679984962199 ], [ 91.691548588333603, 26.167681751443901 ], [ 91.691522475206597, 26.167689043118902 ], [ 91.691501568714997, 26.167693571793802 ], [ 91.691456152589197, 26.1676968072526 ], [ 91.691427316668594, 26.167698101274802 ], [ 91.691355226867003, 26.167699395296999 ], [ 91.691302600862699, 26.1676961598384 ], [ 91.691273764942096, 26.167692277771501 ], [ 91.691224743877001, 26.1676845136375 ], [ 91.691172118771107, 26.167673514849898 ], [ 91.6911440032993, 26.167666397322801 ], [ 91.691120214113994, 26.1676605746242 ], [ 91.691097865826293, 26.1676528104881 ], [ 91.691079122477902, 26.167645692959699 ], [ 91.691069029905705, 26.167640516868399 ], [ 91.691058216884599, 26.1676321061226 ], [ 91.691043651600594, 26.167622598883099 ], [ 91.691042357128296, 26.167621753938398 ], [ 91.691022892432699, 26.1676049316372 ], [ 91.691004870431499, 26.167597814105999 ], [ 91.690967383734701, 26.1675803451927 ], [ 91.690927733894696, 26.1675544647191 ], [ 91.690906106954202, 26.167542818504099 ], [ 91.6908902471978, 26.167533112920999 ], [ 91.690877992380706, 26.167524054752199 ], [ 91.690869341604596, 26.167514996582799 ], [ 91.690855644093105, 26.167503350363798 ], [ 91.690849156460104, 26.167493645583601 ], [ 91.690844109724793, 26.167481351947099 ], [ 91.690841226132804, 26.167471647165101 ], [ 91.690840505683994, 26.167459353526301 ], [ 91.690840505683994, 26.167448354717401 ], [ 91.690840505683994, 26.167436061076199 ], [ 91.690837622091905, 26.167421826798801 ], [ 91.690836900744699, 26.167414710062602 ], [ 91.690836900744699, 26.167402416417801 ], [ 91.690821040988396, 26.167359713568199 ], [ 91.690811669763306, 26.1673318924094 ], [ 91.690804460783198, 26.167322186808601 ], [ 91.690795088659797, 26.167313776039901 ], [ 91.690769603455195, 26.1673036358705 ], [ 91.690727312568299, 26.167289718432102 ], [ 91.690622408207702, 26.1672920718676 ], [ 91.690517503847104, 26.167336794390501 ], [ 91.690168697005404, 26.167475669525999 ], [ 91.690069037009494, 26.167518038547499 ], [ 91.690015552215797, 26.1675728987118 ], [ 91.689980915873406, 26.167620781606999 ], [ 91.689936153721106, 26.167704344024902 ], [ 91.689925592228306, 26.167713345742499 ], [ 91.689911389863695, 26.167720077881999 ], [ 91.689895886738498, 26.1677236688938 ], [ 91.689874559835303, 26.1677295198078 ], [ 91.689867330193906, 26.167730283320999 ], [ 91.689858873453801, 26.1677311758333 ], [ 91.689846416515806, 26.1677311758333 ], [ 91.689842263604206, 26.1677311758333 ], [ 91.689833497843694, 26.1677295198078 ], [ 91.689825069849704, 26.1677278008952 ], [ 91.689823347779296, 26.167727449372801 ], [ 91.689811778376793, 26.1677239881665 ], [ 91.6898081222336, 26.167722894093099 ], [ 91.689785152311799, 26.167716351421198 ], [ 91.689694085599797, 26.167690229910701 ], [ 91.689626513425793, 26.167666397322801 ], [ 91.689610653669504, 26.1676605746242 ], [ 91.689602002893295, 26.167654751118999 ], [ 91.689591910321099, 26.167647634396999 ], [ 91.689579655504005, 26.167638576237199 ], [ 91.689567399788601, 26.167624988592902 ], [ 91.689528471295702, 26.167591343989098 ], [ 91.6894816133739, 26.1675557587429 ], [ 91.689442684881001, 26.167533112920999 ], [ 91.689437951657794, 26.167530733690398 ], [ 91.689424661981505, 26.167524054752199 ], [ 91.689413848960399, 26.1675104679009 ], [ 91.689403756388202, 26.167494292192799 ], [ 91.689385733488606, 26.167471647165101 ], [ 91.689372036875497, 26.1674515893768 ], [ 91.689378524508498, 26.167437355101299 ], [ 91.689384291692605, 26.167431532391198 ], [ 91.689397989204096, 26.167418592138699 ], [ 91.689410244021204, 26.167407592519702 ], [ 91.689426103777507, 26.167397240315701 ], [ 91.689436196349703, 26.167390770187701 ], [ 91.689441963533895, 26.167384947475199 ], [ 91.689444847125898, 26.167377183320799 ], [ 91.689444847125898, 26.167367477723801 ], [ 91.689444847125898, 26.167360360984301 ], [ 91.689436196349703, 26.1673474207238 ], [ 91.689429708716801, 26.167335774488201 ], [ 91.689418894797399, 26.167324774861399 ], [ 91.689397989204096, 26.1673215401986 ], [ 91.689369153283394, 26.167330598383 ], [ 91.689354735323107, 26.167335127071901 ], [ 91.689346084546997, 26.167341597202999 ], [ 91.689333828831593, 26.1673493613599 ], [ 91.689323015810501, 26.167359713568199 ], [ 91.689315085483102, 26.167372007217502 ], [ 91.689302109318803, 26.167384947475199 ], [ 91.689282645521601, 26.167406945910098 ], [ 91.689261018581107, 26.167435414466699 ], [ 91.689248042416807, 26.167456765476501 ], [ 91.689234344905401, 26.167473587799101 ], [ 91.689227135925293, 26.1674832933872 ], [ 91.6892148811082, 26.1674891160947 ], [ 91.689213680060604, 26.167489385380801 ], [ 91.689200463147799, 26.167492351559101 ], [ 91.6891889287796, 26.167491057534601 ], [ 91.689159657176006, 26.1674857346996 ], [ 91.689116055647105, 26.167473112920199 ], [ 91.689067817912999, 26.167460000941901 ], [ 91.689038981992397, 26.1674522367924 ], [ 91.689023122235994, 26.167443825226702 ], [ 91.689015191908695, 26.1674412371766 ], [ 91.689003657540397, 26.167432826416398 ], [ 91.688997169907495, 26.167426356290399 ], [ 91.688991402723303, 26.1674172981133 ], [ 91.6889885191313, 26.167410827986402 ], [ 91.688982751947194, 26.1674004757826 ], [ 91.688963062672698, 26.167374678312601 ], [ 91.688923070574603, 26.1673410755613 ], [ 91.688905088099304, 26.167327740237699 ], [ 91.688896587341702, 26.1673219521908 ], [ 91.688891908017396, 26.1673196350369 ], [ 91.688887747919296, 26.167317575075799 ], [ 91.688862301342297, 26.167304974240601 ], [ 91.688856397614202, 26.167302752223598 ], [ 91.688853756567298, 26.167302386187401 ], [ 91.688847749532997, 26.167302523249401 ], [ 91.688820873736304, 26.167307838836599 ], [ 91.688812352317498, 26.167311217818 ], [ 91.688801162902394, 26.167314371856399 ], [ 91.688784375186302, 26.167317860487302 ], [ 91.688779902474494, 26.167318347460501 ], [ 91.688770748641801, 26.167319937379599 ], [ 91.688763367185103, 26.167319937379599 ], [ 91.688760814173094, 26.167319715661598 ], [ 91.6887566163457, 26.167319351238 ], [ 91.688750374851097, 26.1673178169499 ], [ 91.6887418112115, 26.167314637111701 ], [ 91.688738563801806, 26.167312252233 ], [ 91.688730271453394, 26.1673062851984 ], [ 91.688722403109793, 26.1673003689572 ], [ 91.688714850074902, 26.167294688946001 ], [ 91.688708714581495, 26.167289711175901 ], [ 91.688695982759, 26.167280416757801 ], [ 91.688692071494202, 26.167277561029898 ], [ 91.688685888390097, 26.1672743263657 ], [ 91.688680259546601, 26.1672721204731 ], [ 91.688649294618699, 26.167268602815899 ], [ 91.688623095253504, 26.167265626150702 ], [ 91.688588708642698, 26.1672607725414 ], [ 91.688581805988093, 26.167260935403402 ], [ 91.688571177121602, 26.167261186952601 ], [ 91.688560103589097, 26.167262428573601 ], [ 91.688551798664307, 26.1672636710008 ], [ 91.688544417207595, 26.167267811887299 ], [ 91.688538880890505, 26.167272780789599 ], [ 91.688535189712994, 26.167278578514001 ], [ 91.688526934195593, 26.167288725135499 ], [ 91.688502611410897, 26.167328020005399 ], [ 91.688451570933097, 26.167358033349998 ], [ 91.688372370966107, 26.1673564531064 ], [ 91.688338557480506, 26.167310324496299 ], [ 91.688328211583396, 26.167290257811501 ], [ 91.6883142912897, 26.1672632557834 ], [ 91.688303730695196, 26.167215866971201 ], [ 91.688298450397994, 26.167182694710601 ], [ 91.688298450397994, 26.167130567544501 ], [ 91.688272050708406, 26.167078439548899 ], [ 91.688224530728206, 26.1670405289243 ], [ 91.688203410437595, 26.167007356613802 ], [ 91.688184050844896, 26.166975763736399 ], [ 91.688178770547594, 26.166955228563101 ], [ 91.688175250049994, 26.166920476784998 ], [ 91.6881875704442, 26.166903101295301 ], [ 91.688199890838305, 26.1668873052466 ], [ 91.688213971032098, 26.166868349501701 ], [ 91.688228050327496, 26.1668572917809 ], [ 91.688240370721601, 26.166828858558102 ], [ 91.688242130521303, 26.1667972664386 ], [ 91.6882621629521, 26.16653376248 ], [ 91.688090959330296, 26.166547320420101 ], [ 91.687972166117106, 26.1665362142936 ], [ 91.687904300194006, 26.166527013340701 ], [ 91.687753525160105, 26.1664960435665 ], [ 91.687612189623195, 26.166456318683501 ], [ 91.6874931772211, 26.166423444520401 ], [ 91.687442737716196, 26.166403368008002 ], [ 91.687425445146999, 26.166447047580299 ], [ 91.687198774149707, 26.1672246623272 ], [ 91.6871382510557, 26.167147647913499 ], [ 91.6867190118042, 26.168852426275301 ], [ 91.686488909242499, 26.170199267841198 ], [ 91.686328837543698, 26.170899619081201 ], [ 91.686248801245199, 26.1714024322035 ], [ 91.686319875950403, 26.172547686938199 ], [ 91.686333783667706, 26.172771784314001 ], [ 91.686780777268197, 26.172843632051801 ], [ 91.687608528988406, 26.1728312922193 ], [ 91.687663529239998, 26.172838696441399 ], [ 91.687685528981305, 26.172855972689199 ], [ 91.687707529620994, 26.172902865003302 ], [ 91.687748779360504, 26.172969502138599 ], [ 91.687779029229404, 26.1730188630147 ], [ 91.687814779482693, 26.173073159470601 ], [ 91.687861529606707, 26.173120052503599 ], [ 91.687900029603199, 26.173174348912301 ], [ 91.687944029984095, 26.173213837706701 ], [ 91.688001779978805, 26.173250858691301 ], [ 91.6881062800975, 26.173278006868301 ], [ 91.688243780726395, 26.173310091435901 ], [ 91.688345531102001, 26.173319963422699 ], [ 91.688507781215407, 26.173339707393801 ], [ 91.688631531332305, 26.173337239599199 ], [ 91.688771781704304, 26.173324899012702 ], [ 91.688892782078199, 26.1733076228344 ], [ 91.689002782581397, 26.173275539072399 ], [ 91.689063282319097, 26.173258262080601 ], [ 91.6891320330827, 26.173260730683101 ], [ 91.689211782818703, 26.173265666275601 ], [ 91.689288783709898, 26.173282942460101 ], [ 91.689371283189004, 26.173310091435901 ], [ 91.689453783566407, 26.173339707393801 ], [ 91.689547283814406, 26.1733520479787 ], [ 91.689690283929593, 26.1733693241504 ], [ 91.689849784299795, 26.173374259738299 ], [ 91.690009285568394, 26.173359452167801 ], [ 91.690248535674598, 26.173337239599199 ], [ 91.690361285920901, 26.173319963422699 ], [ 91.690468536680996, 26.173302687243702 ], [ 91.690548286416998, 26.173278006868301 ] ] ] ] } },
{ "type": "Feature", "properties": { "ward_number": 36, "ward_lgd_name": "Guwahati (M Corp.) - Ward No.36" }, "geometry": { "type": "MultiPolygon", "coordinates": [ [ [ [ 91.755928666331897, 26.182267101548501 ], [ 91.756551601268995, 26.182286967344002 ], [ 91.756840403344697, 26.182237338722299 ], [ 91.757098482139298, 26.1821877108856 ], [ 91.758143084474099, 26.182242853552101 ], [ 91.761799195341197, 26.1824358514701 ], [ 91.7618176287708, 26.1828053051638 ], [ 91.761923082001999, 26.182831393460201 ], [ 91.761882812324401, 26.183199548825101 ], [ 91.762162185682897, 26.183222135174098 ], [ 91.762363535867294, 26.183213100796301 ], [ 91.763138734346796, 26.183262790268799 ], [ 91.763136218165599, 26.183818408206101 ], [ 91.763151318845601, 26.184378540234999 ], [ 91.763179004922605, 26.1846744158089 ], [ 91.763221791679598, 26.184929636132601 ], [ 91.763908899565706, 26.184891240382999 ], [ 91.764417309185603, 26.184852843814699 ], [ 91.765373723010697, 26.1847353976856 ], [ 91.766294900418799, 26.1845885898578 ], [ 91.767513069843005, 26.184407901868301 ], [ 91.769312637902203, 26.1841910772009 ], [ 91.771147442378506, 26.183947148363199 ], [ 91.772186913536402, 26.1838138906373 ], [ 91.773105573865095, 26.183653529730101 ], [ 91.773988998675094, 26.1834796166636 ], [ 91.774140010864201, 26.183459289155799 ], [ 91.774356462626898, 26.183438961644502 ], [ 91.774562846970198, 26.183429927283498 ], [ 91.7746081508066, 26.1834321860754 ], [ 91.774580464729496, 26.1828923763014 ], [ 91.774557812811295, 26.182666514393699 ], [ 91.774484823796101, 26.182162839722999 ], [ 91.774333810708697, 26.181268415920599 ], [ 91.774197899199507, 26.1804620739642 ], [ 91.774114841866606, 26.1799358027842 ], [ 91.773875739084104, 26.178585104937401 ], [ 91.773651736981407, 26.177708723287999 ], [ 91.773316991468903, 26.176667448301401 ], [ 91.772921841439995, 26.175549364758002 ], [ 91.772428533398397, 26.174329625831 ], [ 91.772023315950094, 26.1734351419151 ], [ 91.771874819942099, 26.1731866733906 ], [ 91.771779179008803, 26.1730195216863 ], [ 91.771691088415395, 26.172823004391699 ], [ 91.771197780373697, 26.171691331471301 ], [ 91.770890147813105, 26.170932650807899 ], [ 91.770854550273299, 26.170941778853201 ], [ 91.770010824710695, 26.1711581299251 ], [ 91.7682691530715, 26.171581663365401 ], [ 91.767070693582994, 26.171834564660301 ], [ 91.765526751019394, 26.1721897207116 ], [ 91.764252682130007, 26.172517410492201 ], [ 91.763689480667693, 26.1726771594907 ], [ 91.763333481913804, 26.172770762040599 ], [ 91.763012247961498, 26.172833164236302 ], [ 91.762796701700694, 26.172871853387299 ], [ 91.762613602587905, 26.172887295505902 ], [ 91.762183914133004, 26.172887295505902 ], [ 91.761536729174694, 26.172853969260501 ], [ 91.760836496004003, 26.1728015995423 ], [ 91.760135020463295, 26.1726674535287 ], [ 91.759673130998706, 26.1730895061268 ], [ 91.758680653408106, 26.173957016402898 ], [ 91.757539459722395, 26.174866144068801 ], [ 91.757198901211595, 26.176251838790801 ], [ 91.756867931318197, 26.178020850509199 ], [ 91.756549389616794, 26.179517240668002 ], [ 91.756364555857203, 26.180568937162398 ], [ 91.756337027883603, 26.1807983324769 ], [ 91.756297701437106, 26.180950086796301 ], [ 91.756270172565294, 26.181094782253702 ], [ 91.756187587746197, 26.1813065307113 ], [ 91.7560735421293, 26.1816453285718 ], [ 91.755947698039506, 26.182114702416101 ], [ 91.755928666331897, 26.182267101548501 ] ] ] ] } },
{ "type": "Feature", "properties": { "ward_number": 9, "ward_lgd_name": "Guwahati (M Corp.) - Ward No.9" }, "geometry": { "type": "MultiPolygon", "coordinates": [ [ [ [ 91.709210824173795, 26.1571437549912 ], [ 91.708952103083803, 26.1570015769679 ], [ 91.708767302561796, 26.156883094880801 ], [ 91.708640582614606, 26.156793048349499 ], [ 91.708563142447204, 26.1567582935436 ], [ 91.708517382266606, 26.1567093208815 ], [ 91.708475141685398, 26.156650869092601 ], [ 91.708441701898906, 26.1565908384975 ], [ 91.7083853820222, 26.1564960521812 ], [ 91.708242821183205, 26.156341234258001 ], [ 91.708126660932095, 26.156249607720799 ], [ 91.707989380390401, 26.1561500823599 ], [ 91.707913700920997, 26.156104268621998 ], [ 91.707797540669901, 26.1560600352629 ], [ 91.707688419617398, 26.156025280238499 ], [ 91.707545859676799, 26.1559747276773 ], [ 91.707394498941298, 26.155913116335601 ], [ 91.707229058910301, 26.155838866602799 ], [ 91.707056578782499, 26.155734601301099 ], [ 91.706862977465704, 26.1556255963113 ], [ 91.706771458002905, 26.155570303979701 ], [ 91.706671137745303, 26.155488155232199 ], [ 91.706607776873298, 26.155421804836799 ], [ 91.706526817106607, 26.155331757177699 ], [ 91.706364896674998, 26.155123225574599 ], [ 91.706282176210394, 26.155031597274501 ], [ 91.706162496359994, 26.1549304912689 ], [ 91.706034015714806, 26.1548546613041 ], [ 91.705887935276607, 26.1547804108977 ], [ 91.705796414915397, 26.154728278188699 ], [ 91.705659135272001, 26.154682463892499 ], [ 91.7055359349241, 26.1546303311397 ], [ 91.705347613904493, 26.1545687190882 ], [ 91.705178653375995, 26.1545213251182 ], [ 91.705066013622499, 26.154489728858699 ], [ 91.704985052957596, 26.1544612926211 ], [ 91.704935773177695, 26.154439175632099 ], [ 91.704865373107197, 26.154402840512201 ], [ 91.704817853126997, 26.1543728238338 ], [ 91.704773852746001, 26.154342807954102 ], [ 91.704740412959595, 26.154309632032199 ], [ 91.704682332384905, 26.154255919498102 ], [ 91.704634812404706, 26.1542053653639 ], [ 91.704566172133894, 26.154139014238901 ], [ 91.7045028121602, 26.154090040477399 ], [ 91.704414811398394, 26.154036327035801 ], [ 91.704354971922299, 26.154003151026899 ], [ 91.704288091451104, 26.1539826135695 ], [ 91.704207130786102, 26.153960496489901 ], [ 91.704170171400406, 26.153927320459299 ], [ 91.704154331406997, 26.153875187369099 ], [ 91.704150810909397, 26.1538372716468 ], [ 91.704131451316698, 26.153761440971401 ], [ 91.704066330645105, 26.153695089594098 ], [ 91.704008250968698, 26.153652434138099 ], [ 91.703967770187106, 26.1536318966191 ], [ 91.703914970807901, 26.1536192588263 ], [ 91.7038392904402, 26.153620838449701 ], [ 91.7037636100725, 26.153603460172299 ], [ 91.7037125695947, 26.153586082698698 ], [ 91.703684410105495, 26.153559225865099 ], [ 91.703689689504401, 26.153533948649699 ], [ 91.703723130189104, 26.153508672235301 ], [ 91.703786490162798, 26.1534754960763 ], [ 91.703782969665198, 26.1534470595914 ], [ 91.703761850272798, 26.153429681288198 ], [ 91.703735449684999, 26.153404404851099 ], [ 91.7037125695947, 26.153372808289198 ], [ 91.703700250098905, 26.1533111955736 ], [ 91.703670329911702, 26.153210088077302 ], [ 91.703606969938093, 26.1530236699436 ], [ 91.703518969176201, 26.152819873118101 ], [ 91.703483769590093, 26.152734563163399 ], [ 91.703459129700207, 26.152691908162598 ], [ 91.703438009409595, 26.152638194077401 ], [ 91.703425759982295, 26.152539550200999 ], [ 91.703423507007599, 26.152274644848699 ], [ 91.703417874570803, 26.152110849044298 ], [ 91.703424633495004, 26.152055238956901 ], [ 91.703434770982994, 26.1520046846755 ], [ 91.703467436421604, 26.1519612077341 ], [ 91.703529388735205, 26.1519116637729 ], [ 91.7035586747118, 26.151860098261501 ], [ 91.703574444636601, 26.151806510391101 ], [ 91.703577824098701, 26.1517377557714 ], [ 91.703580077073397, 26.151651812842999 ], [ 91.703574444636601, 26.1515951921732 ], [ 91.703565433636001, 26.1515507039088 ], [ 91.703553043173201, 26.151518348869999 ], [ 91.703537273248401, 26.1514910488707 ], [ 91.703488837885004, 26.151457683450602 ], [ 91.703424633495004, 26.151442516687698 ], [ 91.7032353970922, 26.151405105760599 ], [ 91.703206111115605, 26.1514010618802 ], [ 91.703188088216095, 26.151380650562999 ], [ 91.703200408610201, 26.151287439668899 ], [ 91.703233848396593, 26.151115236992698 ], [ 91.703244408991097, 26.151039404548399 ], [ 91.703240888493497, 26.150856143074801 ], [ 91.703239128693895, 26.150723436171798 ], [ 91.703240888493497, 26.150639704348102 ], [ 91.703219769101196, 26.1505543919932 ], [ 91.703103607951803, 26.150197346059901 ], [ 91.702945208017695, 26.149799221844201 ], [ 91.702851927856898, 26.149568562441399 ], [ 91.702814967572905, 26.149508527396101 ], [ 91.702788567883303, 26.149472190740799 ], [ 91.702737527405503, 26.149427954867399 ], [ 91.702693527024607, 26.149391617380601 ], [ 91.702440086231803, 26.149249429910899 ], [ 91.702008885912207, 26.1490013904587 ], [ 91.701653365062199, 26.148819705472999 ], [ 91.701326003701297, 26.148641179586001 ], [ 91.700970482851105, 26.148426316445001 ], [ 91.700592081910699, 26.148189334734798 ], [ 91.699896880203895, 26.147751707073201 ], [ 91.699581839237197, 26.147570020141998 ], [ 91.699541359353901, 26.147546321335 ], [ 91.699497358972906, 26.1475447416294 ], [ 91.699474478882607, 26.1475542206691 ], [ 91.699307279052107, 26.147726428599899 ], [ 91.699203438296806, 26.147797523284201 ], [ 91.699162958413396, 26.147789623966599 ], [ 91.699113678633594, 26.147748546861202 ], [ 91.699055598058905, 26.147679031850899 ], [ 91.699008078078705, 26.147628475673599 ], [ 91.698971117794599, 26.147551061258099 ], [ 91.698942957407098, 26.147481546130098 ], [ 91.698890158027993, 26.147389912635699 ], [ 91.698649036730998, 26.147067613917201 ], [ 91.698569836763994, 26.146982299757301 ], [ 91.6985064767903, 26.1469080443416 ], [ 91.698495917094206, 26.146846428212701 ], [ 91.698474796803495, 26.146666319589698 ], [ 91.698450156913594, 26.146555726409598 ], [ 91.698383276442399, 26.146418274647601 ], [ 91.698319916468805, 26.146323480874099 ], [ 91.698210796314598, 26.146174969157201 ], [ 91.697922155037404, 26.145838448719701 ], [ 91.697652874251204, 26.145541424668998 ], [ 91.697420553748998, 26.145329715292601 ], [ 91.697195273343794, 26.145165404127699 ], [ 91.696994632828407, 26.1449568535506 ], [ 91.697073832795496, 26.1457894714746 ], [ 91.697077353293096, 26.146490950655 ], [ 91.697119592975994, 26.146941222367801 ], [ 91.6971319133702, 26.1470202169006 ], [ 91.697133673169802, 26.1470486549516 ], [ 91.697153033660797, 26.147080253225901 ], [ 91.697177673550698, 26.147102371609598 ], [ 91.697197033143397, 26.147119750855101 ], [ 91.697228713130201, 26.147141869231401 ], [ 91.697272713511197, 26.147163987603399 ], [ 91.697564874387595, 26.1472856397843 ], [ 91.697696874632101, 26.147337775818499 ], [ 91.6977954350901, 26.147393072051099 ], [ 91.697846474669603, 26.147457847305098 ], [ 91.697895755347801, 26.147538422000299 ], [ 91.697927435334606, 26.147600037763901 ], [ 91.697950315424904, 26.1476948313069 ], [ 91.697952075224507, 26.1477864645619 ], [ 91.697934475431495, 26.1478480801945 ], [ 91.697920395237702, 26.147890736965898 ], [ 91.697883434953695, 26.147966571456301 ], [ 91.697851754966905, 26.1480297666929 ], [ 91.6977954350901, 26.148135618577101 ], [ 91.697675754341503, 26.1483425829731 ], [ 91.697615914865395, 26.1484594940395 ], [ 91.697582474180706, 26.148544807119599 ], [ 91.697499753716102, 26.148726492533299 ], [ 91.697457514033104, 26.1488086460412 ], [ 91.697411753852506, 26.148879740872601 ], [ 91.697343113581695, 26.148958734093299 ], [ 91.697279753608001, 26.149021928792699 ], [ 91.697181193150001, 26.1491167211808 ], [ 91.697014584410894, 26.1493158829999 ], [ 91.696718099044602, 26.1495935937666 ], [ 91.696314191340093, 26.149944587343199 ], [ 91.696133722494395, 26.150160583051601 ], [ 91.696060675088802, 26.1502338679534 ], [ 91.695923175358104, 26.150280152494201 ], [ 91.695755596438502, 26.150303295160899 ], [ 91.695105048187799, 26.150266266892 ], [ 91.693375293599203, 26.150056442500698 ], [ 91.692143290119702, 26.149933015974799 ], [ 91.691975540520104, 26.149900925782401 ], [ 91.691868289760095, 26.1498688347749 ], [ 91.691766539384503, 26.149836743758499 ], [ 91.691681289263997, 26.149797247048699 ], [ 91.691590538759101, 26.149760219425598 ], [ 91.691365038266596, 26.149626918594901 ], [ 91.691068038165596, 26.149461526492299 ], [ 91.6907242870424, 26.149261575483798 ], [ 91.690496036806806, 26.1491208683561 ], [ 91.690309036310694, 26.1489949725309 ], [ 91.6900615351786, 26.148817237159498 ], [ 91.689390533187193, 26.148298840175201 ], [ 91.689104532957003, 26.148022360895801 ], [ 91.688690931532193, 26.147672712229099 ], [ 91.688500851611295, 26.1475479010405 ], [ 91.688107120920606, 26.147352894731799 ], [ 91.688085958409104, 26.147415453256901 ], [ 91.687808908093999, 26.147861765295499 ], [ 91.687392723114499, 26.147818443248699 ], [ 91.687289070107099, 26.148530614887701 ], [ 91.687159667790397, 26.149095459546899 ], [ 91.687151435629104, 26.149111152370001 ], [ 91.687134591319307, 26.149134491217101 ], [ 91.687109224692307, 26.149159012201601 ], [ 91.687089454569502, 26.1491943377636 ], [ 91.6870667415658, 26.149250310469 ], [ 91.6870127950381, 26.149419409757201 ], [ 91.686986816658404, 26.149522656612199 ], [ 91.686906614171505, 26.149894311956899 ], [ 91.686498904796693, 26.149809648989599 ], [ 91.686293049561101, 26.151065095966398 ], [ 91.686085290795404, 26.151941799618299 ], [ 91.685993500041405, 26.152384375459 ], [ 91.686476060638995, 26.152471477378601 ], [ 91.6866150587595, 26.1524973732941 ], [ 91.686709472594202, 26.152513851850401 ], [ 91.686775037931895, 26.152551518034599 ], [ 91.686872074847201, 26.152737492624901 ], [ 91.687192058344607, 26.1533575304998 ], [ 91.687152694168901, 26.154053435125199 ], [ 91.687126467854199, 26.154773783641001 ], [ 91.687179257351801, 26.155244575147599 ], [ 91.687198425603398, 26.1554817691081 ], [ 91.687284479715998, 26.156004074693598 ], [ 91.687370534726995, 26.1564638484897 ], [ 91.693270954279001, 26.156941602995701 ], [ 91.694407419233102, 26.157013532249099 ], [ 91.695675013964205, 26.157105077554601 ], [ 91.696959440428799, 26.157081882213699 ], [ 91.696925125683293, 26.157774403105801 ], [ 91.696915800272293, 26.1585151306565 ], [ 91.696878501323397, 26.158992205916501 ], [ 91.697899054859803, 26.159041524330998 ], [ 91.698578306978803, 26.159098296197499 ], [ 91.699384058957705, 26.159184687589502 ], [ 91.700420811813601, 26.159295763063799 ], [ 91.701661064522497, 26.1594512672599 ], [ 91.702596067002801, 26.159547532349599 ], [ 91.703896820347694, 26.159695631153902 ], [ 91.704540322213205, 26.159774617858599 ], [ 91.706160076298701, 26.159922716374599 ], [ 91.706809077650405, 26.160006639079199 ], [ 91.7072628292768, 26.160085625573199 ], [ 91.707898080116493, 26.160228787550299 ], [ 91.709193333975193, 26.160581755191799 ], [ 91.710054086205702, 26.1608582047113 ], [ 91.710499551772003, 26.1609758022915 ], [ 91.710946886732302, 26.161089559393499 ], [ 91.711167839054497, 26.160549667122002 ], [ 91.710192061145193, 26.1597655574746 ], [ 91.710345252647201, 26.159501680437199 ], [ 91.710354263647801, 26.1594753934077 ], [ 91.710346379134506, 26.1594541618819 ], [ 91.710312586310195, 26.159430908954398 ], [ 91.710285553308395, 26.1594086663182 ], [ 91.710256266433404, 26.159386423677802 ], [ 91.710238244432205, 26.159364181033101 ], [ 91.710230086831103, 26.159337724649099 ], [ 91.710516087061393, 26.158765071312299 ], [ 91.710587587568099, 26.1585774767826 ], [ 91.710587587568099, 26.158533046815801 ], [ 91.710543587187203, 26.158466401430701 ], [ 91.710378586432398, 26.158293616712601 ], [ 91.710073225711199, 26.157963647834301 ], [ 91.709816265319105, 26.157715626906199 ], [ 91.709640264693704, 26.1575323751124 ], [ 91.709460744468998, 26.1573522829827 ], [ 91.709210824173795, 26.1571437549912 ] ] ] ] } },
{ "type": "Feature", "properties": { "ward_number": 14, "ward_lgd_name": "Guwahati (M Corp.) - Ward No.14" }, "geometry": { "type": "MultiPolygon", "coordinates": [ [ [ [ 91.730940646891796, 26.1673201292664 ], [ 91.730316255785596, 26.1672598719631 ], [ 91.729414135238002, 26.167283000780198 ], [ 91.728542383136798, 26.167278064934401 ], [ 91.727748950653606, 26.167260096099898 ], [ 91.727673270285905, 26.167260096099898 ], [ 91.727623990506103, 26.167249039222401 ], [ 91.727599350616103, 26.167236402098698 ], [ 91.727588790021699, 26.167222185534399 ], [ 91.727562390332096, 26.167200070964899 ], [ 91.727553590435505, 26.167179535831099 ], [ 91.727535990642494, 26.167162159573699 ], [ 91.727509590054595, 26.167152682127099 ], [ 91.727479669867506, 26.167144784120001 ], [ 91.727411029596595, 26.167151102687001 ], [ 91.7269534286892, 26.167236402098698 ], [ 91.726699987896396, 26.167260096099898 ], [ 91.726566227852302, 26.167256937222501 ], [ 91.726465907594601, 26.167242720660699 ], [ 91.726312787059499, 26.1672111278471 ], [ 91.726096306550701, 26.167154261567202 ], [ 91.725971346403099, 26.167103713829199 ], [ 91.725834065861406, 26.1670089360559 ], [ 91.725673905229399, 26.166866770057698 ], [ 91.725599985559597, 26.166802004773299 ], [ 91.7255278247912, 26.166737240259199 ], [ 91.725441584727307, 26.1666250866569 ], [ 91.725408144940801, 26.166558741790102 ], [ 91.725367665057504, 26.166493977140799 ], [ 91.725321904876907, 26.1664497477216 ], [ 91.725239184412303, 26.166413415536599 ], [ 91.725142384652202, 26.166394460520898 ], [ 91.725057904387896, 26.166392880264201 ], [ 91.724982224020195, 26.1664023585788 ], [ 91.724903024053205, 26.1664118360864 ], [ 91.724815023291299, 26.166421313593201 ], [ 91.724735823324295, 26.1664260527495 ], [ 91.724677742749606, 26.1664228938495 ], [ 91.724610863176693, 26.166410256636201 ], [ 91.724116301985205, 26.166214382074202 ], [ 91.723722061051404, 26.166069055391599 ], [ 91.723674540172894, 26.166046939797202 ], [ 91.723637580787198, 26.166015347465802 ], [ 91.723625260393106, 26.165975856233398 ], [ 91.723618220296203, 26.165884237264301 ], [ 91.723612939998901, 26.1658210516987 ], [ 91.723605900800393, 26.165775241759199 ], [ 91.723597100005506, 26.165715215053702 ], [ 91.723584780509697, 26.165652029396401 ], [ 91.723561900419398, 26.165593582894999 ], [ 91.723524940135405, 26.165527237441399 ], [ 91.723456299864495, 26.1654403573162 ], [ 91.723391180091298, 26.1653819099025 ], [ 91.723253899549604, 26.165268175531001 ], [ 91.723079658723805, 26.165143383165201 ], [ 91.722783978248003, 26.164945926199 ], [ 91.722428457397896, 26.164715296742099 ], [ 91.722301608093304, 26.1646256214954 ], [ 91.722196516883102, 26.164568107329401 ], [ 91.722064513045396, 26.164509443399101 ], [ 91.721996587833502, 26.164481836833499 ], [ 91.721942760781602, 26.164465733269299 ], [ 91.721882730862802, 26.164453218396499 ], [ 91.721822855454207, 26.164446592495601 ], [ 91.721765439632804, 26.164446592495601 ], [ 91.721703102840294, 26.164454690639602 ], [ 91.721661271890795, 26.164470886119801 ], [ 91.721603856069393, 26.164506223170999 ], [ 91.721562024221498, 26.1645555465104 ], [ 91.721520193271999, 26.164655666173701 ], [ 91.721465238834497, 26.164750632913002 ], [ 91.721404491161707, 26.164807364106299 ], [ 91.721350664109906, 26.164826918434301 ], [ 91.7212955551622, 26.164826918434301 ], [ 91.7212417281104, 26.1648027627555 ], [ 91.7211520160579, 26.1647613530087 ], [ 91.721076402165494, 26.164714192159099 ], [ 91.721053333428998, 26.164699238360999 ], [ 91.7210123226413, 26.1647222443275 ], [ 91.720984127219495, 26.1647556019226 ], [ 91.720771381905706, 26.1650627238764 ], [ 91.720498402755396, 26.1653824976663 ], [ 91.720227985600403, 26.165681565867501 ], [ 91.720098544656196, 26.165856406078401 ], [ 91.720039590919001, 26.165934623473401 ], [ 91.7199857638672, 26.1660082395126 ], [ 91.719966539920193, 26.166051949870599 ], [ 91.719911430972402, 26.166187679723802 ], [ 91.719887081238298, 26.166288902554001 ], [ 91.719837098975901, 26.166476394380499 ], [ 91.719758891647302, 26.166839574431499 ], [ 91.719866123542701, 26.166914161430501 ], [ 91.720050726435304, 26.167042566315299 ], [ 91.7200330017764, 26.167199854890502 ], [ 91.719968548553098, 26.167276984563099 ], [ 91.719869720397099, 26.1673926801856 ], [ 91.719793731008906, 26.167525472938198 ], [ 91.719763810821803, 26.1676060329679 ], [ 91.719735650434203, 26.167672377238901 ], [ 91.719601890390095, 26.168043586960401 ], [ 91.719587810196401, 26.168084656113901 ], [ 91.719575489802196, 26.168124146632199 ], [ 91.719564930106102, 26.168163637137202 ], [ 91.719559649808801, 26.1682078659063 ], [ 91.719549090112693, 26.1682568337405 ], [ 91.719549090112693, 26.1683168591377 ], [ 91.719540290216102, 26.168398998850201 ], [ 91.719529729621698, 26.168492195265401 ], [ 91.719519169925505, 26.168579073923201 ], [ 91.719491009538004, 26.168631200441698 ], [ 91.719461090249098, 26.168680168098199 ], [ 91.719420609467505, 26.168721237833701 ], [ 91.719316769610501, 26.168836549060799 ], [ 91.719218209152501, 26.1689060514645 ], [ 91.719140768985099, 26.168953439589799 ], [ 91.719024608734003, 26.1690008276958 ], [ 91.718901408386103, 26.169033240771899 ], [ 91.7189903945998, 26.169247560451598 ], [ 91.719122183740197, 26.169530623910301 ], [ 91.719198063533895, 26.169700287993699 ], [ 91.719521672631899, 26.1697181234242 ], [ 91.719822454640095, 26.169787539035699 ], [ 91.720067376709096, 26.1698530984104 ], [ 91.720497065163997, 26.170045918511601 ], [ 91.722959181169401, 26.1711449901434 ], [ 91.725313874836601, 26.1722170561772 ], [ 91.727213098400199, 26.173123291842799 ], [ 91.727565442807403, 26.173308394373201 ], [ 91.727857631531705, 26.173474215425902 ], [ 91.728227163405293, 26.173751867872401 ], [ 91.728798649131207, 26.174183771528 ], [ 91.729026383733796, 26.1744112912939 ], [ 91.729150993538397, 26.174546260040501 ], [ 91.729322869100002, 26.1746927975441 ], [ 91.730006073806194, 26.175302084229401 ], [ 91.731660375300805, 26.176863848668301 ], [ 91.732648658657297, 26.175787969368599 ], [ 91.733611161263397, 26.174688941508499 ], [ 91.734702570316102, 26.173323819503601 ], [ 91.735755307794193, 26.1720473772133 ], [ 91.736266636938794, 26.171387941226499 ], [ 91.736338609959404, 26.170622208965 ], [ 91.736459915760406, 26.168466556866001 ], [ 91.736472887433095, 26.168236044020698 ], [ 91.7364734030661, 26.168183876207198 ], [ 91.736236902702899, 26.1681493215182 ], [ 91.736019651439705, 26.168117236336698 ], [ 91.735838151328096, 26.168097490674899 ], [ 91.735703401340501, 26.168082681628 ], [ 91.735557650583999, 26.168075277909999 ], [ 91.735340400219002, 26.168058000953799 ], [ 91.734974649354498, 26.168038255281999 ], [ 91.7348178987273, 26.168016042505801 ], [ 91.734658398356999, 26.1679839564814 ], [ 91.734479647988493, 26.1679419980067 ], [ 91.734320147618305, 26.1678975708009 ], [ 91.7341881473738, 26.167877825908199 ], [ 91.733893896117607, 26.167850676473702 ], [ 91.732826893392797, 26.167784036412801 ], [ 91.732659142895002, 26.167779099781999 ], [ 91.732540893162493, 26.167761822781902 ], [ 91.732359392152702, 26.167727268774101 ], [ 91.732067891537895, 26.167658160727701 ], [ 91.731883641683197, 26.167633479157502 ], [ 91.731770891436994, 26.167633479157502 ], [ 91.730940646891796, 26.1673201292664 ] ] ] ] } },
{ "type": "Feature", "properties": { "ward_number": 16, "ward_lgd_name": "Guwahati (M Corp.) - Ward No.16" }, "geometry": { "type": "MultiPolygon", "coordinates": [ [ [ [ 91.739848426589106, 26.172831860596499 ], [ 91.739851328147495, 26.172883943290898 ], [ 91.739865994941098, 26.1731515888941 ], [ 91.739895328528405, 26.173458721787998 ], [ 91.739924662115698, 26.1737351399752 ], [ 91.739983328392, 26.173954519598102 ], [ 91.7400419955665, 26.174156348647799 ], [ 91.740056662360203, 26.174309914275401 ], [ 91.740066439623703, 26.174454704239601 ], [ 91.740066439623703, 26.174595105895499 ], [ 91.740022440141104, 26.175007536041299 ], [ 91.739988217023694, 26.1757007671577 ], [ 91.739934439379297, 26.175863105300401 ], [ 91.739873634214305, 26.175979922677001 ], [ 91.738743075683104, 26.176720312891 ], [ 91.737024320965205, 26.1778925883157 ], [ 91.735809734920693, 26.178632966380199 ], [ 91.734816675221893, 26.1792589748935 ], [ 91.734243758479707, 26.179620130354301 ], [ 91.735421983416501, 26.181057808904999 ], [ 91.735685983905498, 26.181404406986001 ], [ 91.736037985156301, 26.181913333751901 ], [ 91.736556208870695, 26.1827600774823 ], [ 91.737152654286703, 26.182413483433301 ], [ 91.737978878870905, 26.1819308827443 ], [ 91.738692658636097, 26.181536026148599 ], [ 91.739577549496701, 26.181009548606401 ], [ 91.740027328772896, 26.180706822700799 ], [ 91.741572221754097, 26.179618759072799 ], [ 91.743068224824299, 26.178557009135101 ], [ 91.742154000376502, 26.177855020606899 ], [ 91.741430443347795, 26.177267102122499 ], [ 91.741484220992206, 26.177201289746101 ], [ 91.741709110630396, 26.176946816755699 ], [ 91.741850889036698, 26.1767493805851 ], [ 91.742080667306595, 26.176538780720701 ], [ 91.742188222595601, 26.176451030866499 ], [ 91.742320223738403, 26.176358893690299 ], [ 91.742462001246395, 26.176253593856 ], [ 91.742638001871796, 26.176060542972301 ], [ 91.742080667306595, 26.175463840857599 ], [ 91.741542888166805, 26.174840809394102 ], [ 91.740741108538103, 26.1738930935065 ], [ 91.739848426589106, 26.172831860596499 ] ] ] ] } },
{ "type": "Feature", "properties": { "ward_number": 17, "ward_lgd_name": "Guwahati (M Corp.) - Ward No.17" }, "geometry": { "type": "MultiPolygon", "coordinates": [ [ [ [ 91.744500672986504, 26.179739137529801 ], [ 91.743068224824299, 26.178557009135101 ], [ 91.741572221754097, 26.179618759072799 ], [ 91.740027328772896, 26.180706822700799 ], [ 91.739577549496701, 26.181009548606401 ], [ 91.738692658636097, 26.181536026148599 ], [ 91.737978878870905, 26.1819308827443 ], [ 91.737152654286703, 26.182413483433301 ], [ 91.737061477980305, 26.1824664663379 ], [ 91.736556208870695, 26.1827600774823 ], [ 91.736623277988102, 26.182809930794399 ], [ 91.736820935198395, 26.183126120991901 ], [ 91.736962732469294, 26.183345911803599 ], [ 91.737289296126207, 26.183758499619099 ], [ 91.737426795856905, 26.183943585259701 ], [ 91.737809218554801, 26.184394730528901 ], [ 91.738019766589403, 26.184649221114 ], [ 91.738157266320101, 26.184845873245301 ], [ 91.7382603920164, 26.1849962543 ], [ 91.738904925147907, 26.185967940109801 ], [ 91.739601020678407, 26.187101563849801 ], [ 91.740314303675206, 26.188239032147099 ], [ 91.740842820286105, 26.189091162192199 ], [ 91.740902976867403, 26.189183701216699 ], [ 91.741001805023402, 26.189222258382902 ], [ 91.7411006331794, 26.1892723838085 ], [ 91.741831103642596, 26.189715796561199 ], [ 91.742050244961206, 26.1898738823968 ], [ 91.742256495455507, 26.190024256961699 ], [ 91.742415480192804, 26.190151496578501 ], [ 91.742604543220807, 26.190236322912401 ], [ 91.742810793714995, 26.190313437341501 ], [ 91.743184623128897, 26.190463811338901 ], [ 91.743416655271901, 26.190564060294001 ], [ 91.743704546455803, 26.1906180406509 ], [ 91.743949468524804, 26.190652741834999 ], [ 91.744202984776095, 26.190679731995999 ], [ 91.744833313746298, 26.190732503171699 ], [ 91.745035714959599, 26.190764088803999 ], [ 91.745220515481506, 26.190808309803302 ], [ 91.7454264353958, 26.190858847261499 ], [ 91.745489796267705, 26.190612476240201 ], [ 91.745600676221599, 26.189994965261398 ], [ 91.745857636613593, 26.189219519270399 ], [ 91.745942116877899, 26.188848377793299 ], [ 91.746098757012305, 26.188035019567401 ], [ 91.746133957496696, 26.187654397730899 ], [ 91.7461656374835, 26.187502781119999 ], [ 91.746281797734596, 26.187153744155701 ], [ 91.746438437869003, 26.186461985416599 ], [ 91.7464630786573, 26.186204549210998 ], [ 91.746515878036405, 26.1859028903983 ], [ 91.746559878417301, 26.185686515909499 ], [ 91.746728838945899, 26.185010542860098 ], [ 91.746809799610801, 26.184610958283098 ], [ 91.746881959481001, 26.184269810309299 ], [ 91.746645679205102, 26.184062811318501 ], [ 91.745688676085095, 26.183413776356101 ], [ 91.745496176102904, 26.183250900557599 ], [ 91.745419176110005, 26.1831743981489 ], [ 91.745391675984195, 26.1830608778331 ], [ 91.745666676343802, 26.182068807784699 ], [ 91.745757426848797, 26.181461716146099 ], [ 91.745765676976305, 26.1809681430037 ], [ 91.745746426079805, 26.1802376511746 ], [ 91.745608926349107, 26.180222843669799 ], [ 91.745441175851298, 26.180203100864599 ], [ 91.745311925349895, 26.180180889600098 ], [ 91.7452074252312, 26.1801611467878 ], [ 91.745102669092702, 26.180134046164898 ], [ 91.745003924480002, 26.180094513763802 ], [ 91.744888424490696, 26.180035284466701 ], [ 91.744803174370205, 26.179983458907898 ], [ 91.744500672986504, 26.179739137529801 ] ] ] ] } },
{ "type": "Feature", "properties": { "ward_number": 11, "ward_lgd_name": "Guwahati (M Corp.) - Ward No.11" }, "geometry": { "type": "MultiPolygon", "coordinates": [ [ [ [ 91.696774302140398, 26.138952492824899 ], [ 91.696848230793293, 26.1389545186098 ], [ 91.696911731802402, 26.1389384534573 ], [ 91.696990113404198, 26.138883933050501 ], [ 91.697142116435103, 26.1387679696427 ], [ 91.697368552972193, 26.138488583130201 ], [ 91.697466723561405, 26.138351012192299 ], [ 91.6975768552186, 26.138263985218199 ], [ 91.697633819187402, 26.138251733662798 ], [ 91.697706448876403, 26.138265984402299 ], [ 91.6978336619987, 26.1382889963872 ], [ 91.697900628708197, 26.138311738207701 ], [ 91.697968799160193, 26.138313927712598 ], [ 91.698054380759004, 26.138303027768401 ], [ 91.698110772500996, 26.138280960136498 ], [ 91.698201173561202, 26.138236796634398 ], [ 91.698314709833397, 26.138179814619502 ], [ 91.698416166459893, 26.138152661499799 ], [ 91.698538951786205, 26.138143518792099 ], [ 91.698739969593902, 26.138180321875499 ], [ 91.6991165505476, 26.138247572391698 ], [ 91.6993558850954, 26.1382769101562 ], [ 91.699518143293602, 26.1383107075679 ], [ 91.699593082551303, 26.1383231502451 ], [ 91.699631640938193, 26.138323322824899 ], [ 91.699686452543602, 26.1383219542837 ], [ 91.699726148197698, 26.138315255931499 ], [ 91.699778067227797, 26.138300560845401 ], [ 91.699848744877798, 26.138272902111101 ], [ 91.699929177333303, 26.138222950728299 ], [ 91.700023644168695, 26.138146622006399 ], [ 91.700157440145404, 26.138025985298398 ], [ 91.700209435532301, 26.137991178129301 ], [ 91.700284180753897, 26.137944255652201 ], [ 91.7003940716626, 26.137886792043702 ], [ 91.7005948828578, 26.137769650226701 ], [ 91.700679826652802, 26.137717933306199 ], [ 91.700775200786495, 26.137663740555301 ], [ 91.700830531618095, 26.137628432471502 ], [ 91.700871537914196, 26.137593106634998 ], [ 91.700913333829405, 26.137531767041398 ], [ 91.700936062104404, 26.137407202268601 ], [ 91.700941939781302, 26.137275576046601 ], [ 91.700967174355895, 26.137170915126301 ], [ 91.701002923711002, 26.1370507733807 ], [ 91.701023302891599, 26.136993770625601 ], [ 91.701060062851298, 26.1369480074327 ], [ 91.701108355382601, 26.1369349920245 ], [ 91.701182535563902, 26.136939300923999 ], [ 91.701344404791499, 26.1369622430086 ], [ 91.701565524200404, 26.137008245713499 ], [ 91.701873435238795, 26.137069285580601 ], [ 91.701959171347795, 26.1370766186851 ], [ 91.702021583598807, 26.137052193550101 ], [ 91.702079665970103, 26.137009852981201 ], [ 91.702171825033403, 26.1369522147182 ], [ 91.702245157204999, 26.136909788628699 ], [ 91.702406694954306, 26.136846572049201 ], [ 91.702484217766795, 26.136839767160001 ], [ 91.702704311299598, 26.136879146479099 ], [ 91.702761923851995, 26.136921316126401 ], [ 91.702857520767907, 26.136942738043398 ], [ 91.702961260911806, 26.1369629349485 ], [ 91.703035911810304, 26.136959215569799 ], [ 91.703268901557294, 26.136962169621 ], [ 91.703434069398696, 26.1369784076272 ], [ 91.703584069186505, 26.1370063094116 ], [ 91.703642350983799, 26.137008402166099 ], [ 91.703698453468306, 26.136991266578001 ], [ 91.7037345819124, 26.136951423584001 ], [ 91.703785767018999, 26.136892835285401 ], [ 91.703913068176206, 26.1368454268795 ], [ 91.703984208458493, 26.136822406545399 ], [ 91.704047404938706, 26.136771969860799 ], [ 91.704118216437607, 26.1366856191351 ], [ 91.704230378287406, 26.136457775784901 ], [ 91.704252548708595, 26.136392870232001 ], [ 91.704388638084296, 26.136214301952101 ], [ 91.704438030153497, 26.136161234324799 ], [ 91.704830117825594, 26.136340348659999 ], [ 91.704829057813498, 26.136389762938901 ], [ 91.704835112458497, 26.1364243439699 ], [ 91.704839296811102, 26.1364532313812 ], [ 91.704846546215506, 26.136473688857699 ], [ 91.704860003876803, 26.136488504336199 ], [ 91.704881346051295, 26.1365066601699 ], [ 91.704896499731802, 26.136517598991698 ], [ 91.704921100095802, 26.136524036960601 ], [ 91.704944061932807, 26.136527099894799 ], [ 91.704974774434106, 26.136529539435699 ], [ 91.705002439849906, 26.1365275490929 ], [ 91.705016957523199, 26.136524277285599 ], [ 91.705045529339102, 26.136513095719899 ], [ 91.705077763586402, 26.136502087541999 ], [ 91.705111425256803, 26.136479275207002 ], [ 91.705258620504296, 26.136380703965099 ], [ 91.705341616751696, 26.136312076550698 ], [ 91.705453512700103, 26.136264270323402 ], [ 91.705546111039595, 26.1362449007271 ], [ 91.705711546578996, 26.1362299610226 ], [ 91.705799074826999, 26.1362406909968 ], [ 91.706017973600495, 26.136278730179001 ], [ 91.706156091372094, 26.136316251600601 ], [ 91.706269763289797, 26.136369765936799 ], [ 91.706336560217693, 26.136379722502301 ], [ 91.706439283468697, 26.136389727454599 ], [ 91.706531161359393, 26.136388914542199 ], [ 91.706635359644096, 26.136393321043499 ], [ 91.706675545778396, 26.1364127373899 ], [ 91.706689885585206, 26.136442269165901 ], [ 91.706704586514903, 26.136475424359901 ], [ 91.706743657839795, 26.1365040633689 ], [ 91.706838880158301, 26.136524533739799 ], [ 91.706932716376201, 26.1365392709852 ], [ 91.707059748937198, 26.136535996758798 ], [ 91.707123400863296, 26.136517362698999 ], [ 91.707317579796793, 26.1365141683115 ], [ 91.707673884876101, 26.136496475386998 ], [ 91.709815575413003, 26.1364120833504 ], [ 91.712355857424498, 26.136327654155501 ], [ 91.712718066231901, 26.136348693918901 ], [ 91.713063727173505, 26.136390572625402 ], [ 91.713308609716506, 26.136433587619699 ], [ 91.713431339347295, 26.136543558124998 ], [ 91.713852957337707, 26.137264039712701 ], [ 91.7138792689924, 26.137304731796601 ], [ 91.713883929452095, 26.137332324631 ], [ 91.713881482441195, 26.137358776326501 ], [ 91.713897486826298, 26.137391735291999 ], [ 91.713928741011699, 26.137424609570498 ], [ 91.713996237727201, 26.137451145116199 ], [ 91.714102802174395, 26.137499652471799 ], [ 91.714229937143301, 26.1375950211531 ], [ 91.714283972604207, 26.1376523179696 ], [ 91.714317016233693, 26.1377158695967 ], [ 91.714347142135097, 26.137813901808698 ], [ 91.714476919049204, 26.138216126564501 ], [ 91.7145059624807, 26.138347920273699 ], [ 91.714520460391, 26.138391273254701 ], [ 91.714544042963894, 26.138417344873801 ], [ 91.714604526532, 26.138456429307901 ], [ 91.714741263592899, 26.138571572063501 ], [ 91.713752319076406, 26.139333147831099 ], [ 91.713685058617898, 26.1393790794416 ], [ 91.713640391686994, 26.139422053819398 ], [ 91.713592147664599, 26.139480154565899 ], [ 91.713295293989106, 26.139939509601199 ], [ 91.713238060525697, 26.1400285828663 ], [ 91.713199418595494, 26.1401064579068 ], [ 91.713178992702495, 26.140194855252499 ], [ 91.713061855084405, 26.141015308295099 ], [ 91.713063866412398, 26.1412401630032 ], [ 91.713627886239905, 26.1414668075431 ], [ 91.713677676262805, 26.141477964441599 ], [ 91.713806306028303, 26.141482781221601 ], [ 91.714300967831207, 26.141482244948602 ], [ 91.714433421724806, 26.1414457332193 ], [ 91.714585952965095, 26.141401363662901 ], [ 91.714719289004407, 26.1413736984053 ], [ 91.714911754850704, 26.141341278450401 ], [ 91.715176368889004, 26.1413449718838 ], [ 91.715432598950699, 26.141324368491201 ], [ 91.715765462492797, 26.141335058482401 ], [ 91.715918141056804, 26.141312080967801 ], [ 91.716008306758496, 26.141279860989599 ], [ 91.716068171387306, 26.141262561517301 ], [ 91.716126419048607, 26.141248960317501 ], [ 91.716234088423604, 26.1412527876208 ], [ 91.716416922533398, 26.1413129970685 ], [ 91.716640573394798, 26.141394002605001 ], [ 91.7168966606244, 26.141591007512801 ], [ 91.717015657755098, 26.141688453426301 ], [ 91.717104723020597, 26.141794548956302 ], [ 91.717207101318607, 26.1419842929702 ], [ 91.717996926167501, 26.143378844874398 ], [ 91.718699009867706, 26.144620808605001 ], [ 91.720764207959803, 26.1478851624519 ], [ 91.720804443501393, 26.1479302464165 ], [ 91.720851145116399, 26.147970186461201 ], [ 91.7213241170966, 26.1482201892189 ], [ 91.721434582927102, 26.1482719458375 ], [ 91.721639926123004, 26.148617479383699 ], [ 91.722238822143098, 26.149611759657699 ], [ 91.722344656260006, 26.149766435719201 ], [ 91.72243092507, 26.149824595826299 ], [ 91.722497336620606, 26.149862950710201 ], [ 91.722598314445094, 26.149909226528099 ], [ 91.7226742140017, 26.149953060648301 ], [ 91.722737904555402, 26.1500139276352 ], [ 91.7228567570574, 26.150209468149502 ], [ 91.722888014836002, 26.1502738338197 ], [ 91.722931408854095, 26.150370217760099 ], [ 91.722984876579801, 26.150438148275502 ], [ 91.723020840632202, 26.150470033503801 ], [ 91.723065777057698, 26.150492280263201 ], [ 91.723153737395407, 26.150497692573602 ], [ 91.723278983207194, 26.1504885137402 ], [ 91.7234246028097, 26.150514258499499 ], [ 91.723542422249196, 26.150560072013199 ], [ 91.723598759193806, 26.1506268799616 ], [ 91.723800130039507, 26.1508728540947 ], [ 91.723833740505896, 26.150920980109099 ], [ 91.723911257928407, 26.1509611166884 ], [ 91.724035328743796, 26.151019802753002 ], [ 91.725499843168393, 26.151828544018201 ], [ 91.725749485884194, 26.1520368613754 ], [ 91.725990120294298, 26.152301745496001 ], [ 91.726673640309102, 26.152929500809599 ], [ 91.7267275365312, 26.153018517393701 ], [ 91.726750635810404, 26.153110010196102 ], [ 91.726978550974394, 26.155160689333702 ], [ 91.727008429839103, 26.155211230959001 ], [ 91.727068874779604, 26.155225877148901 ], [ 91.727133226493294, 26.155248568095999 ], [ 91.727234079451904, 26.155517599130299 ], [ 91.727277370163804, 26.155621132480299 ], [ 91.727302766435201, 26.155716607304601 ], [ 91.727346690459299, 26.155887656594299 ], [ 91.727358710816105, 26.155946953794899 ], [ 91.727376183946703, 26.1559915677825 ], [ 91.727477855270607, 26.1561174334818 ], [ 91.727515811786304, 26.156155287988799 ], [ 91.727569041458395, 26.1561871660106 ], [ 91.727600732225, 26.156194844633401 ], [ 91.727852745594802, 26.156037256584199 ], [ 91.727882478034104, 26.1560293876584 ], [ 91.727911818807897, 26.156037985502 ], [ 91.727988095656997, 26.156166258028701 ], [ 91.728019063279802, 26.1562156308553 ], [ 91.728043314199198, 26.156242534650598 ], [ 91.728079252200502, 26.156256080079501 ], [ 91.728117930961702, 26.156252240366999 ], [ 91.728221737580895, 26.1562241714362 ], [ 91.728383110938594, 26.1561735786449 ], [ 91.728515625019398, 26.156135533044999 ], [ 91.728620365886599, 26.1561209030958 ], [ 91.729244173087906, 26.1561416046668 ], [ 91.729308578700497, 26.156159071261801 ], [ 91.729767227941807, 26.156574331489502 ], [ 91.729873869644194, 26.1566674083425 ], [ 91.730006178010797, 26.1567289967088 ], [ 91.730154298523004, 26.156759888444501 ], [ 91.730375521238201, 26.1567866856801 ], [ 91.730704486990206, 26.156768262883698 ], [ 91.7309649822529, 26.156770502840399 ], [ 91.731049118462394, 26.156817238746299 ], [ 91.731395130645197, 26.1569865665451 ], [ 91.731482551095397, 26.157022635581701 ], [ 91.731632624545099, 26.1568221121418 ], [ 91.731729048809399, 26.156724148305301 ], [ 91.731832041554995, 26.156651222261001 ], [ 91.7319796167899, 26.156552068150599 ], [ 91.7320398344566, 26.156481677881199 ], [ 91.731804907941907, 26.156309996498798 ], [ 91.731604816297093, 26.156158876937699 ], [ 91.731512182923396, 26.156071592316099 ], [ 91.731403640385906, 26.155965042902299 ], [ 91.731327340180599, 26.155843916624701 ], [ 91.731303613877301, 26.155682611738399 ], [ 91.731260400420595, 26.155440695516699 ], [ 91.731227823915106, 26.155216185054801 ], [ 91.731177880280299, 26.1550278816968 ], [ 91.731113627381205, 26.1548236086036 ], [ 91.730994160431607, 26.154505642698702 ], [ 91.730697090262098, 26.153484606135599 ], [ 91.730637354990705, 26.153249149818599 ], [ 91.730608404983997, 26.153131062255198 ], [ 91.7305669818696, 26.152996285630199 ], [ 91.730495905367704, 26.1528319352655 ], [ 91.730110816470003, 26.151859050001502 ], [ 91.729610789030104, 26.150631271411001 ], [ 91.729549666759794, 26.150489066098999 ], [ 91.729479385266899, 26.150376011486401 ], [ 91.729410127853498, 26.150265065408298 ], [ 91.729202416698499, 26.149940987720399 ], [ 91.728996826466002, 26.149639582623902 ], [ 91.728944716992999, 26.149534842475202 ], [ 91.728800578712395, 26.149245119853099 ], [ 91.728612912564699, 26.148704237373501 ], [ 91.728294951174902, 26.147759907980401 ], [ 91.728265455890906, 26.147573688380501 ], [ 91.728228988782007, 26.147276588107101 ], [ 91.728208683263205, 26.147032070793301 ], [ 91.728193226850493, 26.146836148371602 ], [ 91.728172113746396, 26.146638231418802 ], [ 91.728107367672294, 26.1463311553076 ], [ 91.728035853690798, 26.145942572874599 ], [ 91.728013878203996, 26.1458088556153 ], [ 91.727991537102895, 26.1457193585642 ], [ 91.727965265872399, 26.145629675166902 ], [ 91.727926542195405, 26.145510395294899 ], [ 91.727899237004095, 26.1454383516995 ], [ 91.727826756435405, 26.145316769362701 ], [ 91.727689412113307, 26.145122975378001 ], [ 91.727605479821307, 26.144979092490502 ], [ 91.727544675554697, 26.144834574786898 ], [ 91.7274994247189, 26.1446545154757 ], [ 91.727428517998504, 26.144354053123902 ], [ 91.727198931968104, 26.143543419025001 ], [ 91.7271602469187, 26.143415490669799 ], [ 91.727134289200293, 26.143333075313699 ], [ 91.727087424091906, 26.143246218981002 ], [ 91.727021874025596, 26.143149842059898 ], [ 91.726599185243401, 26.142646199118602 ], [ 91.726514243245106, 26.142519539082699 ], [ 91.726430513074106, 26.142405029227699 ], [ 91.7263402171167, 26.142238385810401 ], [ 91.726249719038293, 26.142042365829699 ], [ 91.726067004404499, 26.1416467887097 ], [ 91.726003271630006, 26.1414865810987 ], [ 91.725903178646107, 26.141290106643702 ], [ 91.725725515239105, 26.140972502241102 ], [ 91.725635219281699, 26.140805855972399 ], [ 91.725564316154603, 26.140669493379601 ], [ 91.725498865801299, 26.140505748221901 ], [ 91.725440180660499, 26.140259403860899 ], [ 91.725414319061798, 26.139945511099299 ], [ 91.725354620621204, 26.139552282482299 ], [ 91.725309772230702, 26.139266858411201 ], [ 91.725244517710095, 26.138804265275901 ], [ 91.725171186436896, 26.138479488835699 ], [ 91.725081089905402, 26.138178104948899 ], [ 91.724995134607497, 26.137904554918599 ], [ 91.724727869640802, 26.136784598993799 ], [ 91.724556357896802, 26.135968017892299 ], [ 91.724494744248105, 26.135705978205099 ], [ 91.724463026532106, 26.135524816084299 ], [ 91.724428280595205, 26.135395337782999 ], [ 91.724394351226906, 26.135292639734299 ], [ 91.724367654195007, 26.1352438362944 ], [ 91.724326930868202, 26.135203216074601 ], [ 91.724254145770601, 26.135121278802899 ], [ 91.724178516606898, 26.135045840815799 ], [ 91.724067788468304, 26.1349599001136 ], [ 91.723946653347198, 26.134883417642101 ], [ 91.723835085283895, 26.1348328172127 ], [ 91.723730110854703, 26.1347957961333 ], [ 91.723633928237206, 26.134776879530701 ], [ 91.723542140178097, 26.134767015572798 ], [ 91.723440915316999, 26.1347500724026 ], [ 91.723323659121306, 26.134712470637002 ], [ 91.723263415403295, 26.1346687170862 ], [ 91.723190759663197, 26.134605580747301 ], [ 91.723141567918205, 26.134541341925001 ], [ 91.723068200712305, 26.134427313775099 ], [ 91.722965938296994, 26.134259954918001 ], [ 91.722620103082306, 26.133436504298398 ], [ 91.722548867578595, 26.133265081769999 ], [ 91.722467225092302, 26.133103118234601 ], [ 91.722407367650007, 26.133010733101699 ], [ 91.722292630330301, 26.132867107878699 ], [ 91.722093732546597, 26.132667541367301 ], [ 91.721445068063105, 26.132073019020801 ], [ 91.721360195235107, 26.1319661839761 ], [ 91.721295295549098, 26.131875771429598 ], [ 91.721250369903402, 26.1318017822258 ], [ 91.721197815764299, 26.131668831875299 ], [ 91.721172862362394, 26.131506226576001 ], [ 91.721055466029398, 26.130924631328099 ], [ 91.720804572858796, 26.129468771535699 ], [ 91.720783174988696, 26.129350559101699 ], [ 91.720747167817194, 26.129208436745401 ], [ 91.720711097763598, 26.129109432722199 ], [ 91.720654664699097, 26.128937597360601 ], [ 91.720566426782, 26.1286570073989 ], [ 91.720392345856396, 26.1282861183827 ], [ 91.720232487956594, 26.1279877705405 ], [ 91.720058344148896, 26.127659998440301 ], [ 91.719964743289594, 26.1274919338573 ], [ 91.719808828095594, 26.1271893473148 ], [ 91.719707211569002, 26.1270109520765 ], [ 91.719645543122994, 26.126865403168701 ], [ 91.719570558051302, 26.1266738908744 ], [ 91.719543083078307, 26.126512265812998 ], [ 91.719562342958, 26.1263727507407 ], [ 91.719658389929904, 26.126057737479702 ], [ 91.719697493594197, 26.125915841785599 ], [ 91.719759026394499, 26.125727460514199 ], [ 91.719787207443304, 26.125624853974699 ], [ 91.719796706229204, 26.125483770743099 ], [ 91.719782284675603, 26.125281805072198 ], [ 91.719771609096796, 26.125141183572801 ], [ 91.719729283175496, 26.1248681498402 ], [ 91.719610583387094, 26.124244044070601 ], [ 91.719596639737304, 26.124132281132098 ], [ 91.7195616377806, 26.1239494653828 ], [ 91.719542812685404, 26.123867194371101 ], [ 91.719499250682404, 26.123817015026301 ], [ 91.719141982609003, 26.123551745269801 ], [ 91.719014440703305, 26.123455139164999 ], [ 91.718940678238695, 26.123382302833999 ], [ 91.718825670526101, 26.123260103909701 ], [ 91.718664906226294, 26.123071344922 ], [ 91.718529336975195, 26.1228830687552 ], [ 91.718443783224103, 26.1227424459818 ], [ 91.718378252022504, 26.122623291136399 ], [ 91.718332247500101, 26.122520627831399 ], [ 91.718310527134904, 26.122420527674802 ], [ 91.718313337963394, 26.122291862375299 ], [ 91.718323635351496, 26.1221430289255 ], [ 91.718318213120497, 26.121993452444102 ], [ 91.718324043186698, 26.121867053110801 ], [ 91.718323256262494, 26.121786340522799 ], [ 91.718296694876102, 26.1216881327389 ], [ 91.718235756760507, 26.121598209079799 ], [ 91.718083927104502, 26.121297348645999 ], [ 91.717662111484699, 26.120452259108099 ], [ 91.717325811886695, 26.119842619064201 ], [ 91.717120654642102, 26.1194160949828 ], [ 91.717060833132393, 26.119320561434499 ], [ 91.717009740552399, 26.119250916579201 ], [ 91.716944459082299, 26.119167862296699 ], [ 91.716387992289697, 26.118535784452899 ], [ 91.715828431699194, 26.117922045008299 ], [ 91.715699344691203, 26.1177920987314 ], [ 91.715591137225303, 26.117705158069398 ], [ 91.7154517734905, 26.1176034760968 ], [ 91.715293211859702, 26.117493147378401 ], [ 91.715155982521907, 26.117439115434699 ], [ 91.714943189597406, 26.117371560951302 ], [ 91.714704994113305, 26.117338193040599 ], [ 91.714343208412402, 26.1172912453282 ], [ 91.713680142138301, 26.117278718944601 ], [ 91.713536514100795, 26.117291838173799 ], [ 91.713395214496501, 26.117328288893699 ], [ 91.713248549254999, 26.117372227196402 ], [ 91.713110223074295, 26.117420982448198 ], [ 91.712976421707594, 26.1174975957288 ], [ 91.712685744848002, 26.117708339259298 ], [ 91.712526347784006, 26.1178434558635 ], [ 91.712422021040197, 26.1179004518326 ], [ 91.712320539260801, 26.117950947481098 ], [ 91.712219379976702, 26.117995929274201 ], [ 91.712126107002405, 26.118032437042199 ], [ 91.711995213482396, 26.118059427069198 ], [ 91.711867164028504, 26.118079916804401 ], [ 91.7110756611266, 26.118136516623998 ], [ 91.710322291708493, 26.1180677534695 ], [ 91.709929803387894, 26.118019355805799 ], [ 91.709834189403907, 26.118011742425502 ], [ 91.709746197625194, 26.118020324517499 ], [ 91.709693782725097, 26.118027048231198 ], [ 91.709627634380794, 26.118052939687502 ], [ 91.709560658688204, 26.118092945605799 ], [ 91.709506176764506, 26.1181349566852 ], [ 91.709460465092903, 26.118175259399401 ], [ 91.709433203919005, 26.118210064407801 ], [ 91.709377894646906, 26.118266190698499 ], [ 91.709317869219703, 26.118308648564099 ], [ 91.709272488128207, 26.118329858536299 ], [ 91.709226402757395, 26.1183496206841 ], [ 91.709168942020298, 26.118361767857898 ], [ 91.709109371140599, 26.118369569149699 ], [ 91.709044379826395, 26.118362252615601 ], [ 91.708973349138503, 26.118350404685 ], [ 91.708884529113107, 26.118305869876799 ], [ 91.708637926296305, 26.118169664108699 ], [ 91.7085496434634, 26.118102507694999 ], [ 91.708516341119207, 26.1180655490666 ], [ 91.708461195340504, 26.118011281864 ], [ 91.708420983155193, 26.117944273771499 ], [ 91.70838383153, 26.117851932304699 ], [ 91.708349865330803, 26.117718694257501 ], [ 91.708300588245805, 26.1173759592976 ], [ 91.708321343820501, 26.116833418443299 ], [ 91.708369328229693, 26.116619833306299 ], [ 91.708428440968703, 26.116444990321298 ], [ 91.708608018685496, 26.115692236362801 ], [ 91.707833517298695, 26.115858011036 ], [ 91.7068587023833, 26.116142594564501 ], [ 91.705241574971794, 26.116648957108701 ], [ 91.701361217660406, 26.1178130361703 ], [ 91.696529036016699, 26.119211244174501 ], [ 91.696786848909895, 26.119809246212998 ], [ 91.697117709208896, 26.120584715698602 ], [ 91.697259506479796, 26.120958944963 ], [ 91.697538804379704, 26.1209512293402 ], [ 91.697581773494704, 26.121155704464702 ], [ 91.697629039251694, 26.1212675872024 ], [ 91.6976977891171, 26.121371753431401 ], [ 91.697848179671993, 26.121502925737101 ], [ 91.698260680660596, 26.1220546203357 ], [ 91.698428259580197, 26.122289958091699 ], [ 91.698522791094206, 26.1224404189865 ], [ 91.698544275202593, 26.1225600168178 ], [ 91.698557166026902, 26.122683472281 ], [ 91.698548572742894, 26.122745199560399 ], [ 91.698505603627893, 26.122833932669 ], [ 91.698436853762601, 26.122891802121501 ], [ 91.698309355874301, 26.122954331811599 ], [ 91.698219596211104, 26.123014380511002 ], [ 91.698152715739894, 26.123077589252802 ], [ 91.698124555352393, 26.123136057852999 ], [ 91.698099915462393, 26.123207167510198 ], [ 91.698084075468998, 26.123276697090301 ], [ 91.698069995275304, 26.123374670445902 ], [ 91.698054155281895, 26.123483705550999 ], [ 91.698031275191596, 26.123540593110999 ], [ 91.698022475295005, 26.123565876820599 ], [ 91.698008395101297, 26.123578518673298 ], [ 91.697983755211297, 26.123605381597599 ], [ 91.697952075224507, 26.1236211843113 ], [ 91.697913355140798, 26.123633826157999 ], [ 91.697823594579305, 26.123665429962401 ], [ 91.697138953467004, 26.123968830565801 ], [ 91.696837992694, 26.124130011513401 ], [ 91.696744712533203, 26.124190059608502 ], [ 91.696640871778001, 26.1242769704427 ], [ 91.696572231507105, 26.124343339347 ], [ 91.696297671322, 26.124605652942499 ], [ 91.696258332299095, 26.124793764218701 ], [ 91.696262628941099, 26.124940364209301 ], [ 91.696288410589702, 26.125102396328 ], [ 91.696305598056, 26.125272143559901 ], [ 91.696348567171, 26.125438032075301 ], [ 91.696404426211998, 26.125580773598902 ], [ 91.696494661084003, 26.126159454034902 ], [ 91.696490364441999, 26.1262906209653 ], [ 91.696477473617705, 26.126348488705698 ], [ 91.696438801144694, 26.126468082536199 ], [ 91.6963872387457, 26.126537523877001 ], [ 91.696133722494395, 26.126749705271799 ], [ 91.695940362824402, 26.126880871539399 ], [ 91.695832940486099, 26.1269811751514 ], [ 91.695300126334999, 26.127656294089199 ], [ 91.695138047799801, 26.1278968661635 ], [ 91.695110547674005, 26.127988218964902 ], [ 91.695085798189595, 26.1280771029428 ], [ 91.695072047677598, 26.1281783314096 ], [ 91.695061047806902, 26.128232648733299 ], [ 91.695025297553499, 26.1282869668382 ], [ 91.694995047684699, 26.128331408318701 ], [ 91.6949345479469, 26.128365973992601 ], [ 91.694874047310805, 26.1283956021657 ], [ 91.694769547192195, 26.128449919388402 ], [ 91.694728297452599, 26.1284696709528 ], [ 91.6946347972046, 26.1284918920637 ], [ 91.694560546954804, 26.128506706135202 ], [ 91.694368046074203, 26.128538803015001 ], [ 91.694117795199006, 26.128590651429899 ], [ 91.693930794702993, 26.128640031081702 ], [ 91.693804294843005, 26.1286523755881 ], [ 91.693760294461995, 26.128659782614001 ], [ 91.693749294591399, 26.128978280248099 ], [ 91.693779544460298, 26.129602927699899 ], [ 91.693823544841194, 26.1299140158165 ], [ 91.693864794580705, 26.130084373838798 ], [ 91.693897795091004, 26.130242385662498 ], [ 91.693933545344393, 26.130526313956899 ], [ 91.6939555450857, 26.130741111649801 ], [ 91.693983045211496, 26.130832462226699 ], [ 91.694021545207903, 26.1309089989672 ], [ 91.694087545330106, 26.1310373829862 ], [ 91.694194796090201, 26.131239834701098 ], [ 91.694348796076, 26.131543511615298 ], [ 91.694494546832601, 26.131842250395199 ], [ 91.694656796945907, 26.132232337086499 ], [ 91.694775047576698, 26.132444662175601 ], [ 91.694879547695393, 26.132568107192601 ], [ 91.694959297431296, 26.1326964893879 ], [ 91.695011547939799, 26.1328001833099 ], [ 91.695061047806902, 26.132943378758899 ], [ 91.695091297675802, 26.133138420428399 ], [ 91.695124298186101, 26.133343337141898 ], [ 91.695193048051394, 26.1336272578977 ], [ 91.695250798046104, 26.133866738605899 ], [ 91.695292048683896, 26.134007463313999 ], [ 91.695319548809707, 26.134081529348698 ], [ 91.695341548550999, 26.134123500000101 ], [ 91.695374549061299, 26.134158063959902 ], [ 91.695413049057706, 26.134177815365501 ], [ 91.695473548795505, 26.134197565961198 ], [ 91.695558798915997, 26.1342518804856 ], [ 91.695646799677803, 26.134296320502902 ], [ 91.695707299415602, 26.134360510265001 ], [ 91.695765049410198, 26.134429638840398 ], [ 91.695814550175697, 26.134530861801402 ], [ 91.695899800296104, 26.134730838042501 ], [ 91.696015300285396, 26.134987598343301 ], [ 91.696312301284706, 26.135930692329499 ], [ 91.696441551786094, 26.136394829931501 ], [ 91.696502051523794, 26.136646648625401 ], [ 91.696515802035904, 26.136745401095901 ], [ 91.6965268019066, 26.1368490914227 ], [ 91.6965268019066, 26.137056470187002 ], [ 91.696521301522097, 26.137150284384099 ], [ 91.696521301522097, 26.137239161389299 ], [ 91.696513051394504, 26.137310756010798 ], [ 91.696513051394504, 26.137379882839699 ], [ 91.696518551778993, 26.137436664438098 ], [ 91.696546051904804, 26.137493446815199 ], [ 91.696592802028803, 26.137547760613099 ], [ 91.696658802151006, 26.137639105865599 ], [ 91.696755052142095, 26.137723043789599 ], [ 91.696848552390193, 26.1378242647022 ], [ 91.696878802259107, 26.1378835154357 ], [ 91.696889803028, 26.137935359701999 ], [ 91.696876052516004, 26.137974859619099 ], [ 91.696845802647104, 26.138016828871201 ], [ 91.696821052264397, 26.138066204537399 ], [ 91.696782552267905, 26.138125455148099 ], [ 91.696730301759402, 26.138157549384399 ], [ 91.696664301637199, 26.138224206367902 ], [ 91.696647802280395, 26.1382464256228 ], [ 91.696650552023499, 26.138429114963198 ], [ 91.696669802021702, 26.138621678134601 ], [ 91.696647802280395, 26.138814241794901 ], [ 91.696700051890502, 26.138863617123899 ], [ 91.696774302140398, 26.138952492824899 ] ] ] ] } },
{ "type": "Feature", "properties": { "ward_number": 10, "ward_lgd_name": "Guwahati (M Corp.) - Ward No.10" }, "geometry": { "type": "MultiPolygon", "coordinates": [ [ [ [ 91.665889711530994, 26.137037732983799 ], [ 91.666340472665794, 26.137986859591201 ], [ 91.666733863793297, 26.138446704369699 ], [ 91.667213309931796, 26.138825615073799 ], [ 91.668184495653506, 26.139480429561701 ], [ 91.668500876906606, 26.139559277532999 ], [ 91.668861037555203, 26.139451502577401 ], [ 91.670171622960893, 26.138715037852201 ], [ 91.671712310928299, 26.1377809776398 ], [ 91.672932856396301, 26.137188204720999 ], [ 91.673783235780306, 26.136640336471 ], [ 91.673487087282197, 26.1359635194381 ], [ 91.673478891951902, 26.135908337147999 ], [ 91.673638706732504, 26.1359193736081 ], [ 91.673782130852501, 26.1360407746003 ], [ 91.673921457756407, 26.136198964657801 ], [ 91.6740894687657, 26.1363571536946 ], [ 91.674196011653294, 26.1365116642536 ], [ 91.674273870435599, 26.1367544656866 ], [ 91.674364423311204, 26.1368015950951 ], [ 91.674512128801794, 26.1368829650546 ], [ 91.674794111766104, 26.137039675736901 ], [ 91.675200301191495, 26.137295837410502 ], [ 91.675400039798305, 26.137401315962801 ], [ 91.675522568206404, 26.137464602403401 ], [ 91.675650131671702, 26.1375098073283 ], [ 91.675792802105093, 26.137548984808301 ], [ 91.676009324834695, 26.137571587256598 ], [ 91.676187242464906, 26.137577614683 ], [ 91.676328233947103, 26.137603230838302 ], [ 91.676459154416605, 26.137651449420801 ], [ 91.676551470685098, 26.1377087091129 ], [ 91.676658893023401, 26.137790077633898 ], [ 91.676726031311105, 26.137868432392601 ], [ 91.676833453649394, 26.1381004834601 ], [ 91.676892200774006, 26.138210481427599 ], [ 91.677033192256204, 26.1384500656388 ], [ 91.677110401556504, 26.1385691035333 ], [ 91.677239643973095, 26.1386941694816 ], [ 91.677560232036797, 26.1389970391166 ], [ 91.677786825778995, 26.139221553361399 ], [ 91.678194694155593, 26.1396027752231 ], [ 91.678317222563706, 26.139700717142599 ], [ 91.678426322955005, 26.139770029649998 ], [ 91.678547172411896, 26.139830301958099 ], [ 91.678756982031302, 26.139911669000501 ], [ 91.679072534139493, 26.1400276925614 ], [ 91.679473688507699, 26.1402522048243 ], [ 91.679911769922299, 26.140559590468602 ], [ 91.6803414583772, 26.140876016187701 ], [ 91.680512661999003, 26.141043269596999 ], [ 91.680655332432394, 26.141201481908301 ], [ 91.680736148468696, 26.1414080634508 ], [ 91.680867279143897, 26.141772250540701 ], [ 91.681035290153204, 26.142118042835602 ], [ 91.681215594607195, 26.142301974455702 ], [ 91.681309844050105, 26.142416011850099 ], [ 91.681428681280707, 26.1425852290999 ], [ 91.6814655616148, 26.142747088357599 ], [ 91.681498344732702, 26.1431517355201 ], [ 91.681522931621998, 26.143622595687098 ], [ 91.681531126952393, 26.143696167744199 ], [ 91.681600790404303, 26.143758704036902 ], [ 91.681736018295695, 26.143813882616602 ], [ 91.682007119068601, 26.143865418620301 ], [ 91.682145924051397, 26.1438855417511 ], [ 91.682625248018994, 26.143927918534001 ], [ 91.683059617594793, 26.1439904547026 ], [ 91.683432519947402, 26.144027239814601 ], [ 91.6836413450132, 26.144024399645701 ], [ 91.683707510425506, 26.144030517056599 ], [ 91.683757908607902, 26.144041039067101 ], [ 91.6840267052022, 26.144126561817099 ], [ 91.684243890888396, 26.144218526081001 ], [ 91.684489760679995, 26.1442847401126 ], [ 91.684566384278796, 26.144300025541099 ], [ 91.684631709766194, 26.144320365520201 ], [ 91.684676842922698, 26.144346001968898 ], [ 91.684772323955997, 26.1444096443017 ], [ 91.684797097694897, 26.144431883345899 ], [ 91.684965108704105, 26.144571668761699 ], [ 91.685047608183197, 26.144628636367202 ], [ 91.685094058269897, 26.1446513850168 ], [ 91.685219173826098, 26.144685703938901 ], [ 91.685444554842604, 26.144726167643 ], [ 91.685727304968196, 26.144792382193099 ], [ 91.685977272874098, 26.144854917092101 ], [ 91.686132989540397, 26.144902738349 ], [ 91.686231337996006, 26.144961595191599 ], [ 91.68626821833, 26.145031487603301 ], [ 91.686341978998001, 26.145163915513098 ], [ 91.686432131225004, 26.1452963424661 ], [ 91.686522283451893, 26.145403020162199 ], [ 91.6866329253522, 26.1455317688647 ], [ 91.686714881350497, 26.145623732021502 ], [ 91.686764056027499, 26.145693624036699 ], [ 91.686837816695501, 26.145767194788501 ], [ 91.686886990474093, 26.145815015671602 ], [ 91.6869525558118, 26.145844443463499 ], [ 91.687026316479802, 26.145859157759801 ], [ 91.687173675220706, 26.1458585690912 ], [ 91.687333654393001, 26.145893882749899 ], [ 91.687467407250594, 26.145957447631101 ], [ 91.687535594770495, 26.146068097019299 ], [ 91.687787365595199, 26.146496569587001 ], [ 91.687839818224603, 26.146593093733301 ], [ 91.687900138299298, 26.146708451027099 ], [ 91.687973571082296, 26.146795557989499 ], [ 91.688078475442794, 26.146875601732098 ], [ 91.688178134540394, 26.146958000072001 ], [ 91.688227964089293, 26.1469956672431 ], [ 91.688107120920606, 26.147352894731799 ], [ 91.688500851611295, 26.1475479010405 ], [ 91.688690931532193, 26.147672712229099 ], [ 91.689104532957003, 26.148022360895801 ], [ 91.689390533187193, 26.148298840175201 ], [ 91.6900615351786, 26.148817237159498 ], [ 91.690309036310694, 26.1489949725309 ], [ 91.690496036806806, 26.1491208683561 ], [ 91.6907242870424, 26.149261575483798 ], [ 91.691068038165596, 26.149461526492299 ], [ 91.691365038266596, 26.149626918594901 ], [ 91.691590538759101, 26.149760219425598 ], [ 91.691681289263997, 26.149797247048699 ], [ 91.691766539384503, 26.149836743758499 ], [ 91.691868289760095, 26.1498688347749 ], [ 91.691975540520104, 26.149900925782401 ], [ 91.692143290119702, 26.149933015974799 ], [ 91.693375293599203, 26.150056442500698 ], [ 91.695105048187799, 26.150266266892 ], [ 91.695755596438502, 26.150303295160899 ], [ 91.695923175358104, 26.150280152494201 ], [ 91.696060675088802, 26.1502338679534 ], [ 91.696133722494395, 26.150160583051601 ], [ 91.696314191340093, 26.149944587343199 ], [ 91.696718099044602, 26.1495935937666 ], [ 91.697014584410894, 26.1493158829999 ], [ 91.697181193150001, 26.1491167211808 ], [ 91.697279753608001, 26.149021928792699 ], [ 91.697343113581695, 26.148958734093299 ], [ 91.697411753852506, 26.148879740872601 ], [ 91.697457514033104, 26.1488086460412 ], [ 91.697499753716102, 26.148726492533299 ], [ 91.697582474180706, 26.148544807119599 ], [ 91.697615914865395, 26.1484594940395 ], [ 91.697675754341503, 26.1483425829731 ], [ 91.6977954350901, 26.148135618577101 ], [ 91.697851754966905, 26.1480297666929 ], [ 91.697883434953695, 26.147966571456301 ], [ 91.697920395237702, 26.147890736965898 ], [ 91.697934475431495, 26.1478480801945 ], [ 91.697952075224507, 26.1477864645619 ], [ 91.697950315424904, 26.1476948313069 ], [ 91.697927435334606, 26.147600037763901 ], [ 91.697895755347801, 26.147538422000299 ], [ 91.697846474669603, 26.147457847305098 ], [ 91.6977954350901, 26.147393072051099 ], [ 91.697696874632101, 26.147337775818499 ], [ 91.697564874387595, 26.1472856397843 ], [ 91.697272713511197, 26.147163987603399 ], [ 91.697228713130201, 26.147141869231401 ], [ 91.697197033143397, 26.147119750855101 ], [ 91.697177673550698, 26.147102371609598 ], [ 91.697153033660797, 26.147080253225901 ], [ 91.697133673169802, 26.1470486549516 ], [ 91.6971319133702, 26.1470202169006 ], [ 91.697119592975994, 26.146941222367801 ], [ 91.697077353293096, 26.146490950655 ], [ 91.697073832795496, 26.1457894714746 ], [ 91.6970163433122, 26.1451850964168 ], [ 91.696994632828407, 26.1449568535506 ], [ 91.696977802891595, 26.1447267772838 ], [ 91.696966803020899, 26.144571252657201 ], [ 91.696966803020899, 26.1444231346557 ], [ 91.696988802762206, 26.1443120458297 ], [ 91.697008052760495, 26.144208362131099 ], [ 91.697104302751598, 26.143855344957501 ], [ 91.697269303506303, 26.1433492696938 ], [ 91.697321554014806, 26.143136964433499 ], [ 91.697376554266398, 26.142776537889802 ], [ 91.697379304009502, 26.142695071235501 ], [ 91.697357303369898, 26.142618542220202 ], [ 91.697329804142399, 26.142539544708399 ], [ 91.697269303506303, 26.142388954873098 ], [ 91.697247303764996, 26.142332174876799 ], [ 91.6972500535081, 26.142270457949099 ], [ 91.697269303506303, 26.142191459395399 ], [ 91.697291303247596, 26.142134679302998 ], [ 91.697316053630402, 26.142080368445502 ], [ 91.697302304016603, 26.141969277389901 ], [ 91.697266553763299, 26.1418409045834 ], [ 91.697195053256493, 26.141589868840899 ], [ 91.697164974965901, 26.141358427915701 ], [ 91.697126303391201, 26.141076840407901 ], [ 91.697087630918205, 26.1407721084753 ], [ 91.697010286870594, 26.140529093628299 ], [ 91.696963021113604, 26.1402320746157 ], [ 91.6969173022555, 26.139912835913901 ], [ 91.6968870523866, 26.139643743100098 ], [ 91.696859552260804, 26.139228993587398 ], [ 91.696823802007501, 26.139093212210401 ], [ 91.696774302140398, 26.138952492824899 ], [ 91.696700051890502, 26.138863617123899 ], [ 91.696647802280395, 26.138814241794901 ], [ 91.696669802021702, 26.138621678134601 ], [ 91.696650552023499, 26.138429114963198 ], [ 91.696647802280395, 26.1382464256228 ], [ 91.696664301637199, 26.138224206367902 ], [ 91.696730301759402, 26.138157549384399 ], [ 91.696782552267905, 26.138125455148099 ], [ 91.696821052264397, 26.138066204537399 ], [ 91.696845802647104, 26.138016828871201 ], [ 91.696876052516004, 26.137974859619099 ], [ 91.696889803028, 26.137935359701999 ], [ 91.696878802259107, 26.1378835154357 ], [ 91.696848552390193, 26.1378242647022 ], [ 91.696755052142095, 26.137723043789599 ], [ 91.696658802151006, 26.137639105865599 ], [ 91.696592802028803, 26.137547760613099 ], [ 91.696546051904804, 26.137493446815199 ], [ 91.696518551778993, 26.137436664438098 ], [ 91.696513051394504, 26.137379882839699 ], [ 91.696513051394504, 26.137310756010798 ], [ 91.696521301522097, 26.137239161389299 ], [ 91.696521301522097, 26.137150284384099 ], [ 91.6965268019066, 26.137056470187002 ], [ 91.6965268019066, 26.1368490914227 ], [ 91.696515802035904, 26.136745401095901 ], [ 91.696502051523794, 26.136646648625401 ], [ 91.696441551786094, 26.136394829931501 ], [ 91.696312301284706, 26.135930692329499 ], [ 91.696015300285396, 26.134987598343301 ], [ 91.695899800296104, 26.134730838042501 ], [ 91.695814550175697, 26.134530861801402 ], [ 91.695765049410198, 26.134429638840398 ], [ 91.695707299415602, 26.134360510265001 ], [ 91.695646799677803, 26.134296320502902 ], [ 91.695558798915997, 26.1342518804856 ], [ 91.695473548795505, 26.134197565961198 ], [ 91.695413049057706, 26.134177815365501 ], [ 91.695374549061299, 26.134158063959902 ], [ 91.695341548550999, 26.134123500000101 ], [ 91.695319548809707, 26.134081529348698 ], [ 91.695292048683896, 26.134007463313999 ], [ 91.695250798046104, 26.133866738605899 ], [ 91.695193048051394, 26.1336272578977 ], [ 91.695124298186101, 26.133343337141898 ], [ 91.695091297675802, 26.133138420428399 ], [ 91.695061047806902, 26.132943378758899 ], [ 91.695011547939799, 26.1328001833099 ], [ 91.694959297431296, 26.1326964893879 ], [ 91.694879547695393, 26.132568107192601 ], [ 91.694775047576698, 26.132444662175601 ], [ 91.694656796945907, 26.132232337086499 ], [ 91.694494546832601, 26.131842250395199 ], [ 91.694348796076, 26.131543511615298 ], [ 91.694194796090201, 26.131239834701098 ], [ 91.694087545330106, 26.1310373829862 ], [ 91.694021545207903, 26.1309089989672 ], [ 91.693983045211496, 26.130832462226699 ], [ 91.6939555450857, 26.130741111649801 ], [ 91.693933545344393, 26.130526313956899 ], [ 91.693897795091004, 26.130242385662498 ], [ 91.693864794580705, 26.130084373838798 ], [ 91.693823544841194, 26.1299140158165 ], [ 91.693779544460298, 26.129602927699899 ], [ 91.693749294591399, 26.128978280248099 ], [ 91.693760294461995, 26.128659782614001 ], [ 91.693804294843005, 26.1286523755881 ], [ 91.693930794702993, 26.128640031081702 ], [ 91.694117795199006, 26.128590651429899 ], [ 91.694368046074203, 26.128538803015001 ], [ 91.694560546954804, 26.128506706135202 ], [ 91.6946347972046, 26.1284918920637 ], [ 91.694728297452599, 26.1284696709528 ], [ 91.694769547192195, 26.128449919388402 ], [ 91.694874047310805, 26.1283956021657 ], [ 91.6949345479469, 26.128365973992601 ], [ 91.694995047684699, 26.128331408318701 ], [ 91.695025297553499, 26.1282869668382 ], [ 91.695061047806902, 26.128232648733299 ], [ 91.695072047677598, 26.1281783314096 ], [ 91.695085798189595, 26.1280771029428 ], [ 91.695110547674005, 26.127988218964902 ], [ 91.695138047799801, 26.1278968661635 ], [ 91.695300126334999, 26.127656294089199 ], [ 91.695832940486099, 26.1269811751514 ], [ 91.695940362824402, 26.126880871539399 ], [ 91.696133722494395, 26.126749705271799 ], [ 91.6963872387457, 26.126537523877001 ], [ 91.696438801144694, 26.126468082536199 ], [ 91.696477473617705, 26.126348488705698 ], [ 91.696490364441999, 26.1262906209653 ], [ 91.696494661084003, 26.126159454034902 ], [ 91.696404426211998, 26.125580773598902 ], [ 91.696348567171, 26.125438032075301 ], [ 91.696305598056, 26.125272143559901 ], [ 91.696288410589702, 26.125102396328 ], [ 91.696262628941099, 26.124940364209301 ], [ 91.696258332299095, 26.124793764218701 ], [ 91.696297671322, 26.124605652942499 ], [ 91.696572231507105, 26.124343339347 ], [ 91.696640871778001, 26.1242769704427 ], [ 91.696744712533203, 26.124190059608502 ], [ 91.696837992694, 26.124130011513401 ], [ 91.697138953467004, 26.123968830565801 ], [ 91.697823594579305, 26.123665429962401 ], [ 91.697913355140798, 26.123633826157999 ], [ 91.697952075224507, 26.1236211843113 ], [ 91.697983755211297, 26.123605381597599 ], [ 91.698008395101297, 26.123578518673298 ], [ 91.698022475295005, 26.123565876820599 ], [ 91.698031275191596, 26.123540593110999 ], [ 91.698054155281895, 26.123483705550999 ], [ 91.698069995275304, 26.123374670445902 ], [ 91.698084075468998, 26.123276697090301 ], [ 91.698099915462393, 26.123207167510198 ], [ 91.698124555352393, 26.123136057852999 ], [ 91.698152715739894, 26.123077589252802 ], [ 91.698219596211104, 26.123014380511002 ], [ 91.698309355874301, 26.122954331811599 ], [ 91.698436853762601, 26.122891802121501 ], [ 91.698505603627893, 26.122833932669 ], [ 91.698548572742894, 26.122745199560399 ], [ 91.698557166026902, 26.122683472281 ], [ 91.698544275202593, 26.1225600168178 ], [ 91.698522791094206, 26.1224404189865 ], [ 91.698428259580197, 26.122289958091699 ], [ 91.698260680660596, 26.1220546203357 ], [ 91.697848179671993, 26.121502925737101 ], [ 91.6976977891171, 26.121371753431401 ], [ 91.697629039251694, 26.1212675872024 ], [ 91.697581773494704, 26.121155704464702 ], [ 91.697538804379704, 26.1209512293402 ], [ 91.697259506479796, 26.120958944963 ], [ 91.697117709208896, 26.120584715698602 ], [ 91.696786848909895, 26.119809246212998 ], [ 91.696529036016699, 26.119211244174501 ], [ 91.696298550772596, 26.118398265025998 ], [ 91.696141801043794, 26.1176204669231 ], [ 91.695991925223396, 26.116973532107298 ], [ 91.695798565553503, 26.116159456547202 ], [ 91.695583720876897, 26.114897822655699 ], [ 91.695454814430207, 26.113867670196701 ], [ 91.695265751402303, 26.112497978627399 ], [ 91.695025125975306, 26.111348196641199 ], [ 91.694638406635406, 26.1096582281377 ], [ 91.694359108735497, 26.108531569165098 ], [ 91.694324733802802, 26.108307779197901 ], [ 91.694230202288793, 26.108215176021599 ], [ 91.6941184833085, 26.1081765920826 ], [ 91.694002466787893, 26.108110998066401 ], [ 91.693912232814199, 26.108033829300201 ], [ 91.693813403759904, 26.107918075652002 ], [ 91.693697388137593, 26.107802321082701 ], [ 91.693559887508698, 26.107663416900198 ], [ 91.693439575244298, 26.107505218857401 ], [ 91.693357934554697, 26.107312295443499 ], [ 91.693323559622002, 26.107177248138299 ], [ 91.693254808858399, 26.107080786603898 ], [ 91.693147386520096, 26.1070769275278 ], [ 91.692975511856801, 26.1070846448733 ], [ 91.692833714585802, 26.107100078755899 ], [ 91.692653244841793, 26.1071348047826 ], [ 91.692399728590601, 26.107146380391502 ], [ 91.692288009610294, 26.107107796099701 ], [ 91.692214962204602, 26.107057635372101 ], [ 91.692189181454296, 26.106949597305199 ], [ 91.692189181454296, 26.106853135582899 ], [ 91.692262227961606, 26.106718087747399 ], [ 91.692322384542905, 26.106579181470099 ], [ 91.692373947840295, 26.106366963451801 ], [ 91.692399728590601, 26.106208764461499 ], [ 91.692322384542905, 26.106081433293401 ], [ 91.692232150569296, 26.105950243679999 ], [ 91.692043087541293, 26.105815195608301 ], [ 91.691841133688996, 26.105799760749399 ], [ 91.691750898817006, 26.105853780326601 ], [ 91.691677852309795, 26.105915517301401 ], [ 91.691475898457398, 26.106096867308501 ], [ 91.691239569672504, 26.106239632455999 ], [ 91.691033319178203, 26.106316803213101 ], [ 91.690822771143601, 26.106359246865701 ], [ 91.690693864696996, 26.106359246865701 ], [ 91.6906165206493, 26.106324519801898 ], [ 91.690573552432696, 26.1062203401621 ], [ 91.690552067425998, 26.106108443020101 ], [ 91.690526286675706, 26.105892365838901 ], [ 91.690474724276697, 26.105741882833801 ], [ 91.690388786046697, 26.1056878640116 ], [ 91.690246988775698, 26.1056840048895 ], [ 91.689666908867594, 26.105768892638899 ], [ 91.689495034204199, 26.1057650343262 ], [ 91.689413392616203, 26.1057303078926 ], [ 91.689323158642594, 26.105676288258302 ], [ 91.689250111237001, 26.105614551157199 ], [ 91.689177064729606, 26.1054447753727 ], [ 91.6890438607427, 26.105066638099 ], [ 91.688975110877394, 26.1049007198603 ], [ 91.688897766829697, 26.1048582756782 ], [ 91.6887774536671, 26.104846699842799 ], [ 91.688523937415795, 26.104835124813 ], [ 91.688180187190895, 26.1048544173354 ], [ 91.687814951060901, 26.104873709854701 ], [ 91.687681747972306, 26.104943164027102 ], [ 91.687432528363004, 26.105101364729698 ], [ 91.687286434450101, 26.105232556102202 ], [ 91.687209090402405, 26.1052981509266 ], [ 91.687140340537098, 26.105336736622199 ], [ 91.687097371422098, 26.105340594948999 ], [ 91.687015730732398, 26.105321302506798 ], [ 91.686977059157797, 26.105294292598298 ], [ 91.686916902576399, 26.1052094045044 ], [ 91.686805183596206, 26.105163102101699 ], [ 91.6867321361905, 26.105205546173199 ], [ 91.686714948724202, 26.105267282683599 ], [ 91.686603229743895, 26.1054486345027 ], [ 91.686482916581198, 26.105556673149898 ], [ 91.686332526026305, 26.105556673149898 ], [ 91.686212212863595, 26.105533522422999 ], [ 91.686061822308602, 26.1054717852465 ], [ 91.685993071544999, 26.105429341271599 ], [ 91.685889946746997, 26.105379180630599 ], [ 91.685752446118101, 26.105375322305001 ], [ 91.685675102070405, 26.105402332194799 ], [ 91.685627836313401, 26.105452492825901 ], [ 91.685580570556496, 26.105545098190301 ], [ 91.685524711515399, 26.1056184102816 ], [ 91.685455960751796, 26.105714873022499 ], [ 91.685408694994806, 26.105776610070599 ], [ 91.685331351845505, 26.1058036198677 ], [ 91.685236820331497, 26.105772751758099 ], [ 91.685180960392202, 26.105714873022499 ], [ 91.685112210526896, 26.1055914004417 ], [ 91.685030569837195, 26.105394614738401 ], [ 91.684966115715596, 26.105267282683599 ], [ 91.684914553316602, 26.105136092156702 ], [ 91.684824318444598, 26.1050203356398 ], [ 91.684656740423307, 26.104958598192301 ], [ 91.684523536436402, 26.104962457338399 ], [ 91.684446193287002, 26.1050087598205 ], [ 91.684429005820704, 26.105082072247999 ], [ 91.684416114996395, 26.1051746770991 ], [ 91.684368849239405, 26.105282716806101 ], [ 91.684291505191695, 26.105437058725801 ], [ 91.684175488671102, 26.105572107234199 ], [ 91.684072363873099, 26.105626126916601 ], [ 91.6839692381768, 26.105629986040601 ], [ 91.6838918950275, 26.105599117078501 ], [ 91.683823144263798, 26.105548956510301 ], [ 91.683715721925495, 26.1054409170493 ], [ 91.683616893769596, 26.105329019161399 ], [ 91.683449315748206, 26.105224838634602 ], [ 91.683350486693897, 26.1051669604343 ], [ 91.683200096139004, 26.105109082205502 ], [ 91.683028220577299, 26.1051283746827 ], [ 91.6829293924214, 26.1051901120405 ], [ 91.682813375900693, 26.105255706888698 ], [ 91.682650094521406, 26.105340594948999 ], [ 91.682542672183104, 26.105410048844099 ], [ 91.682443844027105, 26.1054447753727 ], [ 91.682306343398196, 26.105483361019999 ], [ 91.6822719684655, 26.1056184102816 ], [ 91.682224702708496, 26.105691722326899 ], [ 91.682203218600193, 26.1057881858139 ], [ 91.682194624417903, 26.105911658186798 ], [ 91.682194624417903, 26.106019697212901 ], [ 91.682164546127197, 26.106127736139101 ], [ 91.682074312153503, 26.106185613863701 ], [ 91.681958295632896, 26.106239632455999 ], [ 91.681816498361897, 26.1062627838498 ], [ 91.681644623698702, 26.106282076136701 ], [ 91.681253606818402, 26.106343812885299 ], [ 91.680948528168102, 26.1064788603464 ], [ 91.680896964870797, 26.1066216250275 ], [ 91.680957121452096, 26.106721946028699 ], [ 91.681060247148395, 26.106895579040899 ], [ 91.681163371946397, 26.107030625864699 ], [ 91.681159075304393, 26.107130946514999 ], [ 91.681120402831397, 26.107219691478701 ], [ 91.681012981391405, 26.1072930033266 ], [ 91.680759465140198, 26.107512936174501 ], [ 91.680669230268194, 26.107624831972402 ], [ 91.680652042801896, 26.107813896625501 ], [ 91.680647746159906, 26.107991386255399 ], [ 91.680633512354206, 26.108180209125699 ], [ 91.680472378846702, 26.108553995730801 ], [ 91.680277676195402, 26.108662514693101 ], [ 91.6800695464255, 26.1087047163054 ], [ 91.679821132605099, 26.1088192632313 ], [ 91.679693568241504, 26.108849407777299 ], [ 91.679519007615497, 26.108933810851699 ], [ 91.6793511600996, 26.109072473143399 ], [ 91.679210168617402, 26.109132760483799 ], [ 91.679049036008294, 26.109180990817801 ], [ 91.678921471644699, 26.109180990817801 ], [ 91.678773766154094, 26.109180990817801 ], [ 91.678599205528101, 26.1091387893775 ], [ 91.678471642062803, 26.109108645712698 ], [ 91.678243369369298, 26.109054386451199 ], [ 91.6780889498703, 26.108976012366 ], [ 91.677961386405002, 26.108752946815901 ], [ 91.677706258576094, 26.108590169267199 ], [ 91.677451131645498, 26.108493708091899 ], [ 91.677243000977299, 26.108355045113701 ], [ 91.677081867469894, 26.108138007324101 ], [ 91.676934161979304, 26.108011401828101 ], [ 91.676746173336397, 26.107969199965499 ], [ 91.676403765194493, 26.107957142057298 ], [ 91.676155351374007, 26.107945084147801 ], [ 91.676034501917201, 26.1078787672365 ], [ 91.6759673627311, 26.107848623246898 ], [ 91.675960648722693, 26.107667757532301 ], [ 91.676027787908794, 26.107577324570101 ], [ 91.676155351374007, 26.107426602542098 ], [ 91.676269487720802, 26.1073542563514 ], [ 91.676329912898396, 26.1072276500066 ], [ 91.676329912898396, 26.107004581120702 ], [ 91.676296342856205, 26.1068237141005 ], [ 91.676155351374007, 26.106600644444001 ], [ 91.675940507595698, 26.1064137485717 ], [ 91.675752518952905, 26.106347429985199 ], [ 91.675510819140797, 26.106341400947599 ], [ 91.675208694151195, 26.106401690502999 ], [ 91.674980421457704, 26.106468008252001 ], [ 91.674490308723605, 26.106709165219399 ], [ 91.671569768953901, 26.1079511131027 ], [ 91.671354924277296, 26.108071690522301 ], [ 91.671247501939007, 26.108222410911999 ], [ 91.671140080499001, 26.108409304699801 ], [ 91.671079655321407, 26.108541938689498 ], [ 91.671072941313, 26.108662514693101 ], [ 91.671086369329799, 26.1089036663274 ], [ 91.671207218786705, 26.109669321122801 ], [ 91.671227360811997, 26.1098923849244 ], [ 91.671146793609097, 26.1100491318136 ], [ 91.6710183911173, 26.110179126224601 ], [ 91.669948365561595, 26.111328346999699 ], [ 91.669654633531707, 26.1116297799942 ], [ 91.669612671428098, 26.111902953553798 ], [ 91.6696756136852, 26.112091348239598 ], [ 91.670210626912194, 26.112562333625601 ], [ 91.670556811571501, 26.113240550215401 ], [ 91.671196728260796, 26.114615809185501 ], [ 91.671406536981905, 26.115661372477501 ], [ 91.671469480137304, 26.116556216965801 ], [ 91.671364575776707, 26.116904732778401 ], [ 91.671060352322598, 26.1171213776115 ], [ 91.670663393984995, 26.117289418395998 ], [ 91.670012147743407, 26.1173557307749 ], [ 91.668958067283995, 26.117428070775802 ], [ 91.667695857054696, 26.117428070775802 ], [ 91.667205744320498, 26.117416013843201 ], [ 91.666923760457905, 26.1174883546134 ], [ 91.666252372190897, 26.1176390628615 ], [ 91.665614553067897, 26.1177294880396 ], [ 91.664956592817802, 26.117783743274298 ], [ 91.664298631669396, 26.117753601032199 ], [ 91.664110643026504, 26.117844026121801 ], [ 91.663707810605302, 26.1180670743231 ], [ 91.663459396784901, 26.118241895523202 ], [ 91.663345260438106, 26.1184528861396 ], [ 91.663163985803706, 26.118748273169 ], [ 91.6629759971608, 26.1190798281288 ], [ 91.662714155323499, 26.119260676185501 ], [ 91.662499310646893, 26.1193932978621 ], [ 91.662069622192007, 26.119453579879298 ], [ 91.661096108935396, 26.119586201337 ], [ 91.660263588059294, 26.1197911619888 ], [ 91.659518346597906, 26.120074488170498 ], [ 91.659216221608304, 26.1202613630077 ], [ 91.658840244322604, 26.120484406595001 ], [ 91.658571688476798, 26.1206109985811 ], [ 91.658303133529401, 26.120635110979201 ], [ 91.657383331442006, 26.1206953931623 ], [ 91.656745512318906, 26.120779787682601 ], [ 91.654879052110303, 26.1213404071074 ], [ 91.653455709271896, 26.121786489736699 ], [ 91.651951799230602, 26.122509862721301 ], [ 91.651045424261696, 26.1229800536066 ], [ 91.650065197895103, 26.123564774267699 ], [ 91.649380381611195, 26.124077156162699 ], [ 91.647963751882898, 26.1253128922469 ], [ 91.646285280317201, 26.126548615260099 ], [ 91.646083864555806, 26.126868092127999 ], [ 91.645956300192196, 26.127145373990601 ], [ 91.645942872175297, 26.127308125695901 ], [ 91.646063722530499, 26.1274949889632 ], [ 91.646231570046396, 26.1278024081887 ], [ 91.646352419503302, 26.127965158978501 ], [ 91.646493065133996, 26.128102582461 ], [ 91.646526175238805, 26.1281693814853 ], [ 91.648790634034, 26.127988064919801 ], [ 91.649662901768096, 26.1279417715409 ], [ 91.650492200387205, 26.127995780077899 ], [ 91.651287124073804, 26.128165523105501 ], [ 91.651622281913006, 26.128261968044299 ], [ 91.651819938224904, 26.128346839395601 ], [ 91.651905876454904, 26.128412422054399 ], [ 91.652013297894896, 26.1285397288942 ], [ 91.652129314415504, 26.1286670355952 ], [ 91.652447283890098, 26.129068243391298 ], [ 91.652911347277694, 26.129731776895898 ], [ 91.653392598131603, 26.1303220092753 ], [ 91.653753083072004, 26.130698744597801 ], [ 91.653837563336197, 26.130768269718999 ], [ 91.653953723587307, 26.130817253265501 ], [ 91.654036444051897, 26.1308283144017 ], [ 91.654119164516501, 26.1308251537316 ], [ 91.654196604683904, 26.1308251537316 ], [ 91.654238844366901, 26.1308251537316 ], [ 91.654323324631207, 26.130803032264001 ], [ 91.654386684604802, 26.1307888112607 ], [ 91.654464124772204, 26.130760369249099 ], [ 91.654523965146495, 26.130742987568201 ], [ 91.654597885714594, 26.1307066450718 ], [ 91.6546788454813, 26.130648181067301 ], [ 91.6547298859591, 26.130619739021299 ], [ 91.654759806146302, 26.1305865563568 ], [ 91.654782686236501, 26.130515450385001 ], [ 91.654798526229996, 26.130439605365201 ], [ 91.654844286410594, 26.129245027306599 ], [ 91.6549252461772, 26.128360146913302 ], [ 91.654930526474402, 26.128241635752602 ], [ 91.654939326370993, 26.128198971802 ], [ 91.654953406564701, 26.1281484071894 ], [ 91.654958685963607, 26.1281152238228 ], [ 91.654978046454602, 26.1280773005398 ], [ 91.655000926545, 26.1280409564074 ], [ 91.655013246040795, 26.128009353786801 ], [ 91.655050206324802, 26.1279556283442 ], [ 91.655101246802602, 26.127906643597601 ], [ 91.655169887073498, 26.127843437468499 ], [ 91.655280767027307, 26.1277897119496 ], [ 91.655344127000902, 26.127780231305199 ], [ 91.655442687458901, 26.1278418574963 ], [ 91.655516608027, 26.127890842270102 ], [ 91.655557087910395, 26.1279572083149 ], [ 91.655581947887597, 26.128005501853899 ], [ 91.655592947758194, 26.128193145520999 ], [ 91.655650697752904, 26.128385725571199 ], [ 91.655744198000903, 26.128536333466201 ], [ 91.655834948505799, 26.128635092794902 ], [ 91.655972449134794, 26.128691879451701 ], [ 91.656162199373995, 26.1287412590607 ], [ 91.656296949361504, 26.1287387903227 ], [ 91.656467450500799, 26.128723976280501 ], [ 91.656588449976297, 26.1287116309752 ], [ 91.656690200351903, 26.128682003688599 ], [ 91.656747951244895, 26.128664720899799 ], [ 91.656824951237795, 26.128615341258399 ], [ 91.656863451234202, 26.128556085822499 ], [ 91.656896450846205, 26.128482016283801 ], [ 91.656965091117002, 26.128342765681801 ], [ 91.6572062115157, 26.1278766209123 ], [ 91.657257251993499, 26.127800773372599 ], [ 91.657318852167506, 26.1277549485078 ], [ 91.657392772735605, 26.127723345809699 ], [ 91.657442052515506, 26.127710704405501 ], [ 91.657517732883207, 26.127707543650999 ], [ 91.657600453347797, 26.1277154443274 ], [ 91.657665573121093, 26.1277249257835 ], [ 91.657771173675997, 26.127767589907201 ], [ 91.657859173539507, 26.127816574712199 ], [ 91.657952453700304, 26.127859238802401 ], [ 91.658105574235506, 26.1279666897514 ], [ 91.658681628792905, 26.128421670370901 ], [ 91.659763455516497, 26.1292604953622 ], [ 91.660353543555203, 26.129790276845501 ], [ 91.661436369205504, 26.130943100948201 ], [ 91.663060591511098, 26.132802497923301 ], [ 91.664109032347199, 26.134083226982099 ], [ 91.665355128597, 26.135660973391801 ], [ 91.665621535672599, 26.136243461192901 ], [ 91.665889711530994, 26.137037732983799 ] ] ] ] } },
{ "type": "Feature", "properties": { "ward_number": 13, "ward_lgd_name": "Guwahati (M Corp.) - Ward No.13" }, "geometry": { "type": "MultiPolygon", "coordinates": [ [ [ [ 91.707928636310896, 26.156113309938601 ], [ 91.707989380390401, 26.1561500823599 ], [ 91.708126660932095, 26.156249607720799 ], [ 91.708242821183205, 26.156341234258001 ], [ 91.7083853820222, 26.1564960521812 ], [ 91.708441701898906, 26.1565908384975 ], [ 91.708475141685398, 26.156650869092601 ], [ 91.708517382266606, 26.1567093208815 ], [ 91.708563142447204, 26.1567582935436 ], [ 91.708640582614606, 26.156793048349499 ], [ 91.708767302561796, 26.156883094880801 ], [ 91.708952103083803, 26.1570015769679 ], [ 91.709210824173795, 26.1571437549912 ], [ 91.709460744468998, 26.1573522829827 ], [ 91.709640264693704, 26.1575323751124 ], [ 91.709816265319105, 26.157715626906199 ], [ 91.710073225711199, 26.157963647834301 ], [ 91.710378586432398, 26.158293616712601 ], [ 91.710543587187203, 26.158466401430701 ], [ 91.710587587568099, 26.158533046815801 ], [ 91.710587587568099, 26.1585774767826 ], [ 91.710516087061393, 26.158765071312299 ], [ 91.710230086831103, 26.159337724649099 ], [ 91.710238244432205, 26.159364181033101 ], [ 91.710256266433404, 26.159386423677802 ], [ 91.710285553308395, 26.1594086663182 ], [ 91.710312586310195, 26.159430908954398 ], [ 91.710346379134506, 26.1594541618819 ], [ 91.710354263647801, 26.1594753934077 ], [ 91.710345252647201, 26.159501680437199 ], [ 91.710192061145193, 26.1597655574746 ], [ 91.711167839054497, 26.160549667122002 ], [ 91.710946886732302, 26.161089559393499 ], [ 91.7111705887976, 26.1611297166634 ], [ 91.711379589035005, 26.161191423617201 ], [ 91.711660089779102, 26.161265472402398 ], [ 91.711973591033498, 26.161388886939999 ], [ 91.713246844252595, 26.1621762664385 ], [ 91.714847466019094, 26.163408204041499 ], [ 91.716368580594704, 26.164594562527 ], [ 91.717952637427402, 26.1655831861857 ], [ 91.719758891647302, 26.166839574431499 ], [ 91.719837098975901, 26.166476394380499 ], [ 91.719887081238298, 26.166288902554001 ], [ 91.719911430972402, 26.166187679723802 ], [ 91.719966539920193, 26.166051949870599 ], [ 91.7199857638672, 26.1660082395126 ], [ 91.720039590919001, 26.165934623473401 ], [ 91.720098544656196, 26.165856406078401 ], [ 91.720227985600403, 26.165681565867501 ], [ 91.720498402755396, 26.1653824976663 ], [ 91.720771381905706, 26.1650627238764 ], [ 91.720984127219495, 26.1647556019226 ], [ 91.7210123226413, 26.1647222443275 ], [ 91.721053333428998, 26.164699238360999 ], [ 91.721076402165494, 26.164714192159099 ], [ 91.7211520160579, 26.1647613530087 ], [ 91.7212417281104, 26.1648027627555 ], [ 91.7212955551622, 26.164826918434301 ], [ 91.721350664109906, 26.164826918434301 ], [ 91.721404491161707, 26.164807364106299 ], [ 91.721465238834497, 26.164750632913002 ], [ 91.721520193271999, 26.164655666173701 ], [ 91.721562024221498, 26.1645555465104 ], [ 91.721603856069393, 26.164506223170999 ], [ 91.721661271890795, 26.164470886119801 ], [ 91.721703102840294, 26.164454690639602 ], [ 91.721765439632804, 26.164446592495601 ], [ 91.721822855454207, 26.164446592495601 ], [ 91.721882730862802, 26.164453218396499 ], [ 91.721942760781602, 26.164465733269299 ], [ 91.721996587833502, 26.164481836833499 ], [ 91.722064513045396, 26.164509443399101 ], [ 91.722196516883102, 26.164568107329401 ], [ 91.722301608093304, 26.1646256214954 ], [ 91.722428457397896, 26.164715296742099 ], [ 91.722783978248003, 26.164945926199 ], [ 91.723079658723805, 26.165143383165201 ], [ 91.723253899549604, 26.165268175531001 ], [ 91.723391180091298, 26.1653819099025 ], [ 91.723456299864495, 26.1654403573162 ], [ 91.723524940135405, 26.165527237441399 ], [ 91.723561900419398, 26.165593582894999 ], [ 91.723584780509697, 26.165652029396401 ], [ 91.723597100005506, 26.165715215053702 ], [ 91.723605900800393, 26.165775241759199 ], [ 91.723612939998901, 26.1658210516987 ], [ 91.723618220296203, 26.165884237264301 ], [ 91.723625260393106, 26.165975856233398 ], [ 91.723637580787198, 26.166015347465802 ], [ 91.723674540172894, 26.166046939797202 ], [ 91.723722061051404, 26.166069055391599 ], [ 91.724116301985205, 26.166214382074202 ], [ 91.724610863176693, 26.166410256636201 ], [ 91.724677742749606, 26.1664228938495 ], [ 91.724735823324295, 26.1664260527495 ], [ 91.724815023291299, 26.166421313593201 ], [ 91.724903024053205, 26.1664118360864 ], [ 91.724982224020195, 26.1664023585788 ], [ 91.725057904387896, 26.166392880264201 ], [ 91.725142384652202, 26.166394460520898 ], [ 91.725239184412303, 26.166413415536599 ], [ 91.725321904876907, 26.1664497477216 ], [ 91.725367665057504, 26.166493977140799 ], [ 91.725408144940801, 26.166558741790102 ], [ 91.725441584727307, 26.1666250866569 ], [ 91.7255278247912, 26.166737240259199 ], [ 91.725599985559597, 26.166802004773299 ], [ 91.725673905229399, 26.166866770057698 ], [ 91.725834065861406, 26.1670089360559 ], [ 91.725971346403099, 26.167103713829199 ], [ 91.726096306550701, 26.167154261567202 ], [ 91.726312787059499, 26.1672111278471 ], [ 91.726465907594601, 26.167242720660699 ], [ 91.726566227852302, 26.167256937222501 ], [ 91.726699987896396, 26.167260096099898 ], [ 91.7269534286892, 26.167236402098698 ], [ 91.727411029596595, 26.167151102687001 ], [ 91.727479669867506, 26.167144784120001 ], [ 91.727509590054595, 26.167152682127099 ], [ 91.727528897545, 26.167159613442202 ], [ 91.727535990642494, 26.167162159573699 ], [ 91.727636535478993, 26.1671130356738 ], [ 91.727698148229393, 26.167086970465601 ], [ 91.727772045441299, 26.1670502160047 ], [ 91.727848578310301, 26.167014391137499 ], [ 91.727905719247204, 26.166988113863599 ], [ 91.727948880601602, 26.166955543000402 ], [ 91.727984039763498, 26.1669064964134 ], [ 91.728026023426594, 26.166817527514599 ], [ 91.728105377903901, 26.1666570811425 ], [ 91.728130651106099, 26.166547201094701 ], [ 91.728137568133803, 26.166444503851899 ], [ 91.728132765740298, 26.166358155731199 ], [ 91.728096238444195, 26.1662469668508 ], [ 91.728046390030798, 26.166148832747499 ], [ 91.728012405865201, 26.166101349956801 ], [ 91.727986469706394, 26.1660389546395 ], [ 91.727968865421701, 26.166002708595901 ], [ 91.727941799182204, 26.165928990964801 ], [ 91.727914074477596, 26.165835925533401 ], [ 91.727876653357796, 26.165785865816002 ], [ 91.727855047976902, 26.165741382157002 ], [ 91.727837679050893, 26.165701122467699 ], [ 91.727824922075598, 26.165643373404599 ], [ 91.727798467588798, 26.1655439286221 ], [ 91.727792676150102, 26.165428556894401 ], [ 91.727847415890295, 26.1653973368878 ], [ 91.727900650053996, 26.165376508763998 ], [ 91.727930020472201, 26.165365017939699 ], [ 91.727960662006595, 26.165347147980501 ], [ 91.727966356427103, 26.165295903655899 ], [ 91.727959764589599, 26.16517888449 ], [ 91.727908266869306, 26.164955914189601 ], [ 91.727840010179094, 26.1645904908845 ], [ 91.727814774706104, 26.164286661291801 ], [ 91.727746381472002, 26.1641683317327 ], [ 91.727672806755194, 26.163832436448999 ], [ 91.727635575179903, 26.163809751203001 ], [ 91.727181784926003, 26.163779468456799 ], [ 91.727138764607005, 26.163794339326799 ], [ 91.727086754846994, 26.163840176651401 ], [ 91.727036015304805, 26.16387963555 ], [ 91.726989323571303, 26.163895943181601 ], [ 91.726932229346801, 26.163890832231701 ], [ 91.726897868787205, 26.163865063010999 ], [ 91.726851223766005, 26.163849981713199 ], [ 91.726761509916898, 26.163804695882099 ], [ 91.726698954833793, 26.163770351138599 ], [ 91.726595167079097, 26.163705082633399 ], [ 91.726541884406402, 26.1636808340009 ], [ 91.726341418164196, 26.163627903834598 ], [ 91.726306681210502, 26.163623848283802 ], [ 91.726277263181601, 26.163590262995999 ], [ 91.726262999731503, 26.1635429057484 ], [ 91.726225344151402, 26.163496858675899 ], [ 91.726135724625394, 26.1634652600099 ], [ 91.725989905596904, 26.163443885693599 ], [ 91.725841215552805, 26.163425595371201 ], [ 91.725664378595795, 26.163443806678799 ], [ 91.7256033317841, 26.1634755343545 ], [ 91.725346383070104, 26.163468229515701 ], [ 91.725304209862401, 26.1634533602166 ], [ 91.725277850597095, 26.163444066299 ], [ 91.725266647707201, 26.163421000416101 ], [ 91.725257516332306, 26.163393202505802 ], [ 91.725254361449004, 26.163355222956199 ], [ 91.725262551389505, 26.163322609152001 ], [ 91.7252687156289, 26.163263337470099 ], [ 91.725285565328704, 26.163190082522199 ], [ 91.725279915823904, 26.163133473096099 ], [ 91.725246872194504, 26.1630699353098 ], [ 91.724940128965997, 26.162482897709602 ], [ 91.724648348975194, 26.161783298172701 ], [ 91.724300490754402, 26.1615619597553 ], [ 91.723703276380505, 26.1612246717606 ], [ 91.723362360340303, 26.1610581503598 ], [ 91.723305907512895, 26.161022514742701 ], [ 91.723276837132005, 26.160979930500599 ], [ 91.723254152874404, 26.1609361021357 ], [ 91.723236619556701, 26.160882729682399 ], [ 91.723204595515199, 26.160802399639199 ], [ 91.723168927906798, 26.1607548679068 ], [ 91.723120819530095, 26.160733535021102 ], [ 91.7230922926299, 26.160720855264099 ], [ 91.723044815768901, 26.1606691589954 ], [ 91.7229198592145, 26.160558683098898 ], [ 91.722860996207203, 26.160515206926199 ], [ 91.7228280397144, 26.160470378581799 ], [ 91.722785323026002, 26.160425603435499 ], [ 91.722697330349007, 26.160379721229098 ], [ 91.722593281184501, 26.160323807884499 ], [ 91.722275109589006, 26.160209874263099 ], [ 91.722172115046703, 26.160184920200901 ], [ 91.722077856620601, 26.160157802033702 ], [ 91.721983808400196, 26.160087937226699 ], [ 91.721942959309303, 26.1600210992186 ], [ 91.721908887108896, 26.159936550837099 ], [ 91.721856860280894, 26.1597862463044 ], [ 91.721797692744701, 26.159601088444099 ], [ 91.721595531381695, 26.159593602751301 ], [ 91.7213086903282, 26.1595816017754 ], [ 91.721102370663701, 26.159556919302201 ], [ 91.721039290964498, 26.159536425556599 ], [ 91.720976512200806, 26.1595107940575 ], [ 91.720912136232599, 26.159473238970801 ], [ 91.720801098175301, 26.1593799039209 ], [ 91.7205510036069, 26.159132668924801 ], [ 91.720220357106996, 26.158820325845898 ], [ 91.720182159842807, 26.158796370499601 ], [ 91.720173845036598, 26.158761977515599 ], [ 91.720195232126898, 26.158739805706901 ], [ 91.720254665564397, 26.1586952177657 ], [ 91.720293916552393, 26.158652252903501 ], [ 91.720327202726907, 26.158622915422701 ], [ 91.720345156456204, 26.158590793755401 ], [ 91.720345999075903, 26.158566620658899 ], [ 91.720331712269598, 26.158154336357601 ], [ 91.720346592862299, 26.158115886635699 ], [ 91.720371383669203, 26.158074814778001 ], [ 91.720392409636801, 26.158049019276699 ], [ 91.720468953285504, 26.157996482453601 ], [ 91.720669064693197, 26.157901870636501 ], [ 91.720773685186103, 26.157869719743299 ], [ 91.720842337134997, 26.1578441128738 ], [ 91.720909452066493, 26.157815342833899 ], [ 91.720979760508897, 26.157761480326901 ], [ 91.721057418966893, 26.1576997223736 ], [ 91.721086758842404, 26.157659380083398 ], [ 91.721113899642006, 26.1576173880607 ], [ 91.721132515429701, 26.157583751858201 ], [ 91.721138328427898, 26.157523752383099 ], [ 91.721121241572902, 26.157217970834498 ], [ 91.721150249969995, 26.157153914589198 ], [ 91.721191850052506, 26.157110029957199 ], [ 91.721242698290894, 26.157065036621699 ], [ 91.721310144700695, 26.157011038306798 ], [ 91.721375362390305, 26.156975481278799 ], [ 91.721431994880803, 26.156939518661702 ], [ 91.721518720933304, 26.156899309957598 ], [ 91.721641295155493, 26.1568839769939 ], [ 91.721716755436006, 26.156869510015099 ], [ 91.721770797185101, 26.156848365097499 ], [ 91.721811072252606, 26.156807508080998 ], [ 91.721825862115395, 26.156780387515902 ], [ 91.721851797376004, 26.156710004641099 ], [ 91.721873786337497, 26.1566286170568 ], [ 91.721934635519901, 26.1565696709525 ], [ 91.721986206902102, 26.156531923820602 ], [ 91.722109925577996, 26.156487280205798 ], [ 91.7222705784867, 26.156454153273099 ], [ 91.722313833266, 26.156455181333701 ], [ 91.722319526788198, 26.1564266012434 ], [ 91.722307740891694, 26.156059761918701 ], [ 91.722285056634107, 26.156015931705301 ], [ 91.722256709397001, 26.1559805920819 ], [ 91.7222201380835, 26.155948469687001 ], [ 91.721908079523502, 26.155720453485301 ], [ 91.721857410049907, 26.155693847104398 ], [ 91.721828249837401, 26.155662590626399 ], [ 91.721795865571494, 26.155627575039802 ], [ 91.721768331309704, 26.1555881528597 ], [ 91.721743447976294, 26.155542672721101 ], [ 91.721721155384202, 26.155482375467301 ], [ 91.721701361905303, 26.155369649030799 ], [ 91.721694091839694, 26.154876802404299 ], [ 91.721674480718704, 26.154839299043701 ], [ 91.721653844619993, 26.154799686302599 ], [ 91.721629112203601, 26.154751637683301 ], [ 91.721496443612494, 26.154645428949902 ], [ 91.721247824976203, 26.1543436449316 ], [ 91.721168566618701, 26.1542466554885 ], [ 91.721118259166104, 26.1542236724524 ], [ 91.721051233167799, 26.154192172872801 ], [ 91.721018186843494, 26.154158671147599 ], [ 91.720998725741197, 26.154118598562601 ], [ 91.720985500743595, 26.154079850778 ], [ 91.720973811865093, 26.154044267053902 ], [ 91.720967032279603, 26.153964094376001 ], [ 91.720954227693596, 26.1538887895166 ], [ 91.720926964723006, 26.153864318712699 ], [ 91.720853672975593, 26.153851584184299 ], [ 91.720787098829902, 26.153812378309699 ], [ 91.720760197880395, 26.153791531184101 ], [ 91.720741882130099, 26.153771089644 ], [ 91.720724078419494, 26.1537517019879 ], [ 91.720677416330304, 26.153744861798799 ], [ 91.720367891917704, 26.153737971616199 ], [ 91.720144131461893, 26.153746465610698 ], [ 91.719422391725004, 26.153751534268999 ], [ 91.719285237845696, 26.153751238341901 ], [ 91.718751623295603, 26.153827012580098 ], [ 91.718640948157599, 26.1538351800003 ], [ 91.718555788767006, 26.153858463071501 ], [ 91.718492648880598, 26.1538781490557 ], [ 91.718414778420197, 26.153884774750502 ], [ 91.718330763483294, 26.153878746553499 ], [ 91.717932072295596, 26.153875372827301 ], [ 91.717665144197099, 26.153895737746801 ], [ 91.717149033320297, 26.153996036697201 ], [ 91.716980008113097, 26.154010721743902 ], [ 91.716731335577805, 26.154042768070099 ], [ 91.716705307790804, 26.1540265985576 ], [ 91.716684461486295, 26.153980793662001 ], [ 91.716652588361697, 26.153897890673999 ], [ 91.716555557734594, 26.153810364877799 ], [ 91.716433493755503, 26.153728868833699 ], [ 91.716359417778804, 26.153700126807301 ], [ 91.716301519562094, 26.153698938260401 ], [ 91.716261002847901, 26.1537047527863 ], [ 91.716177530493297, 26.153728630156799 ], [ 91.716088846113607, 26.153753291285501 ], [ 91.716040768279498, 26.153760809606698 ], [ 91.716001366374599, 26.153757402817099 ], [ 91.715958589498996, 26.153752806674699 ], [ 91.715883038488698, 26.153729662273101 ], [ 91.715821434721505, 26.153703569883898 ], [ 91.715751034651007, 26.1536708800041 ], [ 91.7156989188898, 26.153629780778701 ], [ 91.715581103043604, 26.1535541523604 ], [ 91.715515944642803, 26.153549529600699 ], [ 91.715440695466398, 26.153570188891901 ], [ 91.715407800058998, 26.153583060529201 ], [ 91.715373218513804, 26.153595337084699 ], [ 91.715333514774898, 26.153597068300702 ], [ 91.715280707310896, 26.1535775733721 ], [ 91.715224615606303, 26.1535455591718 ], [ 91.715142436825801, 26.153488615271101 ], [ 91.715036037668597, 26.153433617854699 ], [ 91.714917648697295, 26.153348174495701 ], [ 91.714803175482302, 26.153244884257401 ], [ 91.714678158740796, 26.153125640390801 ], [ 91.714216534279302, 26.152854492018299 ], [ 91.714004822028102, 26.152804309809301 ], [ 91.713702526358503, 26.1527230589985 ], [ 91.713621371657496, 26.1526682241036 ], [ 91.713560068825799, 26.152636993424601 ], [ 91.713489758586803, 26.152592974046001 ], [ 91.713402276152905, 26.152499200482001 ], [ 91.713208998229604, 26.1523401543975 ], [ 91.713129894382405, 26.152436364072301 ], [ 91.713056966452598, 26.152525137515202 ], [ 91.712962227427795, 26.152574757012701 ], [ 91.712801095716998, 26.152660395268001 ], [ 91.712585412013894, 26.1528150672885 ], [ 91.712527335930801, 26.1529833647411 ], [ 91.712501945049297, 26.153132597536199 ], [ 91.712363254152606, 26.1531291391221 ], [ 91.712184377121602, 26.1531062663352 ], [ 91.711814307157198, 26.1530436140993 ], [ 91.711573268505205, 26.153055574624101 ], [ 91.711372663024207, 26.153096813549499 ], [ 91.711074626267404, 26.153193824106999 ], [ 91.710688618393206, 26.153307608956201 ], [ 91.710380838508897, 26.153402548649101 ], [ 91.710195860120507, 26.153498458294901 ], [ 91.710111703249794, 26.1535725651819 ], [ 91.710005989507096, 26.153723736473399 ], [ 91.709965230247704, 26.153837725616299 ], [ 91.709946405152607, 26.153929407266101 ], [ 91.709816309336503, 26.154052862624798 ], [ 91.7096159401124, 26.154166558745398 ], [ 91.709351604551898, 26.154269989276798 ], [ 91.7090271627156, 26.154389095703099 ], [ 91.708619177558006, 26.1545828525296 ], [ 91.708395718936103, 26.1546351506022 ], [ 91.708287725269301, 26.154666112237098 ], [ 91.708214645524293, 26.1547085117145 ], [ 91.708167623210798, 26.154746989168402 ], [ 91.708122408307602, 26.1548035833125 ], [ 91.708100871198596, 26.1548772668521 ], [ 91.708109216547598, 26.154940511564199 ], [ 91.708136511857504, 26.155091715755599 ], [ 91.708100099545803, 26.155448554 ], [ 91.708073716025893, 26.155722408022399 ], [ 91.708016453816398, 26.155886618046399 ], [ 91.707928636310896, 26.156113309938601 ] ] ] ] } },
{ "type": "Feature", "properties": { "ward_number": 21, "ward_lgd_name": "Guwahati (M Corp.) - Ward No.21" }, "geometry": { "type": "MultiPolygon", "coordinates": [ [ [ [ 91.739604574413605, 26.156184164066499 ], [ 91.739543462923194, 26.155660010378099 ], [ 91.739509512893704, 26.155364411113599 ], [ 91.739465376867102, 26.154943865907601 ], [ 91.739499326896606, 26.1547214025782 ], [ 91.7397607474241, 26.153938208462002 ], [ 91.740107045271202, 26.153011777148599 ], [ 91.740222476988606, 26.1527649310244 ], [ 91.740293773577704, 26.152594271461201 ], [ 91.740483897516, 26.152246856377499 ], [ 91.740602724865198, 26.152033531139001 ], [ 91.740690996918303, 26.151878108173499 ], [ 91.740769083872706, 26.151692209623601 ], [ 91.740842714284895, 26.1514899304544 ], [ 91.7409063716009, 26.151208986671801 ], [ 91.740970029815202, 26.1509042328099 ], [ 91.741007162575798, 26.149609022033601 ], [ 91.741001858024006, 26.149094742681299 ], [ 91.740985943470506, 26.148818554776 ], [ 91.740810885177794, 26.147494749056399 ], [ 91.740736617859994, 26.1470756995591 ], [ 91.740683570545798, 26.1467137917443 ], [ 91.740657045990403, 26.146447122491999 ], [ 91.740694179649296, 26.146175690072699 ], [ 91.740731313308203, 26.145966163144099 ], [ 91.740784361520696, 26.145723301842001 ], [ 91.740853323388393, 26.145489964400198 ], [ 91.740943505259807, 26.145299484197398 ], [ 91.741288317293396, 26.1444804160251 ], [ 91.741611910221707, 26.1438661113257 ], [ 91.741738903256802, 26.1435793817387 ], [ 91.741786968514305, 26.143470858918501 ], [ 91.741903674042803, 26.143189895831899 ], [ 91.741983245912394, 26.142832738663 ], [ 91.742030988674799, 26.142432720852799 ], [ 91.742020379571301, 26.142046987432199 ], [ 91.741983245912394, 26.1417517343173 ], [ 91.741935502251593, 26.141561248014401 ], [ 91.741866540383896, 26.141375524154402 ], [ 91.741739224853603, 26.141118366622401 ], [ 91.7415588620092, 26.140827873128501 ], [ 91.740863933390301, 26.1398373332818 ], [ 91.739930289162601, 26.138675343832301 ], [ 91.739204152172405, 26.137853675960098 ], [ 91.737623517022598, 26.138329868758099 ], [ 91.736741499872707, 26.1386113443439 ], [ 91.736213641726906, 26.138734394941999 ], [ 91.735713488522805, 26.138839118169901 ], [ 91.735770766003697, 26.139077521266199 ], [ 91.735694241219505, 26.139098465373898 ], [ 91.735537458253006, 26.139137003618899 ], [ 91.735362010989803, 26.1391654887511 ], [ 91.735104439743395, 26.139205701952601 ], [ 91.734983119569307, 26.139217430834002 ], [ 91.734894463037307, 26.139216593748099 ], [ 91.734851534346504, 26.139214917963201 ], [ 91.734813272403599, 26.139215755855702 ], [ 91.734771277062407, 26.139222458188399 ], [ 91.7347451459691, 26.1392274847361 ], [ 91.734716216623696, 26.139239213615301 ], [ 91.734687286379895, 26.139258482716201 ], [ 91.734626006006195, 26.139288641183299 ], [ 91.733711088957307, 26.1395091573484 ], [ 91.732554290636699, 26.139796236442699 ], [ 91.733015236870202, 26.140689174330699 ], [ 91.734344586285602, 26.143045767830699 ], [ 91.734616632984498, 26.143668961877999 ], [ 91.734724054424504, 26.1439196842949 ], [ 91.734822883478799, 26.144104833170701 ], [ 91.7349474932834, 26.144320839686898 ], [ 91.735063508905796, 26.144532988770798 ], [ 91.735127962129098, 26.1446564210075 ], [ 91.735179524528107, 26.144880141352001 ], [ 91.735304134332694, 26.145238863929201 ], [ 91.735544759759605, 26.146203167109 ], [ 91.735931479997902, 26.1472831770831 ], [ 91.736210776999499, 26.148062321068299 ], [ 91.736128628761705, 26.148082121729999 ], [ 91.736516360503003, 26.149339294379502 ], [ 91.736648080473103, 26.149847396683501 ], [ 91.735352955971706, 26.150050125426802 ], [ 91.7347856357339, 26.150187152795102 ], [ 91.734430206511902, 26.150260778772601 ], [ 91.733783142826198, 26.150369173518499 ], [ 91.732969756963996, 26.150520516683802 ], [ 91.733073851044196, 26.150914723559001 ], [ 91.733148610638807, 26.1514803388445 ], [ 91.733020450692095, 26.1515027079774 ], [ 91.733098771208503, 26.151937303392302 ], [ 91.732967051238404, 26.151950085704399 ], [ 91.733095211185002, 26.152796902702399 ], [ 91.733230490280306, 26.153806683933901 ], [ 91.733946048709797, 26.153768337603399 ], [ 91.734458686699696, 26.153755555490399 ], [ 91.734487166887405, 26.154036759233499 ], [ 91.734793325312694, 26.154023977149901 ], [ 91.734821805500502, 26.154570404328599 ], [ 91.735588086404107, 26.154502077889099 ], [ 91.735605584687505, 26.154754688850701 ], [ 91.7362253072492, 26.154731129385802 ], [ 91.736773579609803, 26.1547036430687 ], [ 91.737288314267602, 26.154644744371801 ], [ 91.737677645908406, 26.1546080956516 ], [ 91.737715558406606, 26.154758615696402 ], [ 91.737563908413605, 26.154788719359601 ], [ 91.737607653672995, 26.154968033304101 ], [ 91.737770969188304, 26.155615918764202 ], [ 91.737838044594, 26.155881615599601 ], [ 91.737859917672793, 26.155926116726501 ], [ 91.738214253644998, 26.1559091016392 ], [ 91.738586087002403, 26.155861983170901 ], [ 91.738798758654397, 26.155832411153799 ], [ 91.739188132515906, 26.1567960317326 ], [ 91.739283184154502, 26.157185552862 ], [ 91.739321916814603, 26.157314390967201 ], [ 91.739321916814603, 26.1574350496678 ], [ 91.739283184154502, 26.1582080769304 ], [ 91.739228502804806, 26.158322599500199 ], [ 91.739128253514096, 26.158410536353799 ], [ 91.739037117631796, 26.1584473467538 ], [ 91.738902692834401, 26.158486202745799 ], [ 91.738727256350998, 26.158527102714999 ], [ 91.7386156146258, 26.158580273863102 ], [ 91.738544984586596, 26.1586232194005 ], [ 91.738483467955902, 26.158686616086499 ], [ 91.738462963011202, 26.158766371884099 ], [ 91.738456127730302, 26.158876803518702 ], [ 91.738522200616003, 26.159635506982202 ], [ 91.738552674165405, 26.1596798583181 ], [ 91.738666594018198, 26.159715006534199 ], [ 91.738826793277696, 26.159715006534199 ], [ 91.739019032748502, 26.159702225072699 ], [ 91.739271792618297, 26.1596287324485 ], [ 91.739812910796005, 26.159414645045 ], [ 91.741189124421396, 26.158883982055102 ], [ 91.741190626404602, 26.158839482056401 ], [ 91.741151466146405, 26.158692494868301 ], [ 91.740973466769503, 26.158366567532099 ], [ 91.740873502244597, 26.1582039873261 ], [ 91.740161366396407, 26.1572873180926 ], [ 91.740001797754203, 26.157074002069901 ], [ 91.739862600207701, 26.156869827704799 ], [ 91.739726797394596, 26.156583373576002 ], [ 91.739658895538895, 26.156339582102401 ], [ 91.739604574413605, 26.156184164066499 ] ] ] ] } },
{ "type": "Feature", "properties": { "ward_number": 23, "ward_lgd_name": "Guwahati (M Corp.) - Ward No.23" }, "geometry": { "type": "MultiPolygon", "coordinates": [ [ [ [ 91.694324733802802, 26.108307779197901 ], [ 91.694359108735497, 26.108531569165098 ], [ 91.694638406635406, 26.1096582281377 ], [ 91.695025125975306, 26.111348196641199 ], [ 91.695265751402303, 26.112497978627399 ], [ 91.695454814430207, 26.113867670196701 ], [ 91.695583720876897, 26.114897822655699 ], [ 91.695798565553503, 26.116159456547202 ], [ 91.695991925223396, 26.116973532107298 ], [ 91.696141801043794, 26.1176204669231 ], [ 91.696298550772596, 26.118398265025998 ], [ 91.696495022206705, 26.119091269468999 ], [ 91.696529036016699, 26.119211244174501 ], [ 91.701361217660406, 26.1178130361703 ], [ 91.705241574971794, 26.116648957108701 ], [ 91.7068587023833, 26.116142594564501 ], [ 91.707833517298695, 26.115858011036 ], [ 91.708608018685496, 26.115692236362801 ], [ 91.708428440968703, 26.116444990321298 ], [ 91.708369328229693, 26.116619833306299 ], [ 91.708321343820501, 26.116833418443299 ], [ 91.708300588245805, 26.1173759592976 ], [ 91.708349865330803, 26.117718694257501 ], [ 91.70838383153, 26.117851932304699 ], [ 91.708420983155193, 26.117944273771499 ], [ 91.708461195340504, 26.118011281864 ], [ 91.708516341119207, 26.1180655490666 ], [ 91.7085496434634, 26.118102507694999 ], [ 91.708637926296305, 26.118169664108699 ], [ 91.708884529113107, 26.118305869876799 ], [ 91.708973349138503, 26.118350404685 ], [ 91.709044379826395, 26.118362252615601 ], [ 91.709109371140599, 26.118369569149699 ], [ 91.709168942020298, 26.118361767857898 ], [ 91.709226402757395, 26.1183496206841 ], [ 91.709272488128207, 26.118329858536299 ], [ 91.709317869219703, 26.118308648564099 ], [ 91.709377894646906, 26.118266190698499 ], [ 91.709433203919005, 26.118210064407801 ], [ 91.709460465092903, 26.118175259399401 ], [ 91.709506176764506, 26.1181349566852 ], [ 91.709560658688204, 26.118092945605799 ], [ 91.709627634380794, 26.118052939687502 ], [ 91.709693782725097, 26.118027048231198 ], [ 91.709746197625194, 26.118020324517499 ], [ 91.709834189403907, 26.118011742425502 ], [ 91.709929803387894, 26.118019355805799 ], [ 91.710322291708493, 26.1180677534695 ], [ 91.7110756611266, 26.118136516623998 ], [ 91.711867164028504, 26.118079916804401 ], [ 91.711995213482396, 26.118059427069198 ], [ 91.712126107002405, 26.118032437042199 ], [ 91.712219379976702, 26.117995929274201 ], [ 91.712320539260801, 26.117950947481098 ], [ 91.712422021040197, 26.1179004518326 ], [ 91.712526347784006, 26.1178434558635 ], [ 91.712685744848002, 26.117708339259298 ], [ 91.712976421707594, 26.1174975957288 ], [ 91.713110223074295, 26.117420982448198 ], [ 91.713248549254999, 26.117372227196402 ], [ 91.713395214496501, 26.117328288893699 ], [ 91.713536514100795, 26.117291838173799 ], [ 91.713680142138301, 26.117278718944601 ], [ 91.714343208412402, 26.1172912453282 ], [ 91.714704994113305, 26.117338193040599 ], [ 91.714943189597406, 26.117371560951302 ], [ 91.715155982521907, 26.117439115434699 ], [ 91.715293211859702, 26.117493147378401 ], [ 91.7154517734905, 26.1176034760968 ], [ 91.715591137225303, 26.117705158069398 ], [ 91.715699344691203, 26.1177920987314 ], [ 91.715828431699194, 26.117922045008299 ], [ 91.716387992289697, 26.118535784452899 ], [ 91.716944459082299, 26.119167862296699 ], [ 91.717009740552399, 26.119250916579201 ], [ 91.717060833132393, 26.119320561434499 ], [ 91.717120654642102, 26.1194160949828 ], [ 91.717325811886695, 26.119842619064201 ], [ 91.717662111484699, 26.120452259108099 ], [ 91.718083927104502, 26.121297348645999 ], [ 91.718235756760507, 26.121598209079799 ], [ 91.718296694876102, 26.1216881327389 ], [ 91.718323256262494, 26.121786340522799 ], [ 91.718324043186698, 26.121867053110801 ], [ 91.718318213120497, 26.121993452444102 ], [ 91.718323635351496, 26.1221430289255 ], [ 91.718313337963394, 26.122291862375299 ], [ 91.718310527134904, 26.122420527674802 ], [ 91.718332247500101, 26.122520627831399 ], [ 91.718378252022504, 26.122623291136399 ], [ 91.718443783224103, 26.1227424459818 ], [ 91.718529336975195, 26.1228830687552 ], [ 91.718664906226294, 26.123071344922 ], [ 91.718825670526101, 26.123260103909701 ], [ 91.718940678238695, 26.123382302833999 ], [ 91.719014440703305, 26.123455139164999 ], [ 91.719141982609003, 26.123551745269801 ], [ 91.719499250682404, 26.123817015026301 ], [ 91.719542812685404, 26.123867194371101 ], [ 91.7195616377806, 26.1239494653828 ], [ 91.719596639737304, 26.124132281132098 ], [ 91.719610583387094, 26.124244044070601 ], [ 91.719729283175496, 26.1248681498402 ], [ 91.719771609096796, 26.125141183572801 ], [ 91.719782284675603, 26.125281805072198 ], [ 91.719796706229204, 26.125483770743099 ], [ 91.719787207443304, 26.125624853974699 ], [ 91.719759026394499, 26.125727460514199 ], [ 91.719697493594197, 26.125915841785599 ], [ 91.719658389929904, 26.126057737479702 ], [ 91.719562342958, 26.1263727507407 ], [ 91.719543083078307, 26.126512265812998 ], [ 91.719570558051302, 26.1266738908744 ], [ 91.719645543122994, 26.126865403168701 ], [ 91.719707211569002, 26.1270109520765 ], [ 91.719808828095594, 26.1271893473148 ], [ 91.719964743289594, 26.1274919338573 ], [ 91.720058344148896, 26.127659998440301 ], [ 91.720232487956594, 26.1279877705405 ], [ 91.720392345856396, 26.1282861183827 ], [ 91.720566426782, 26.1286570073989 ], [ 91.720654664699097, 26.128937597360601 ], [ 91.720711097763598, 26.129109432722199 ], [ 91.720747167817194, 26.129208436745401 ], [ 91.720783174988696, 26.129350559101699 ], [ 91.720804572858796, 26.129468771535699 ], [ 91.721055466029398, 26.130924631328099 ], [ 91.721172862362394, 26.131506226576001 ], [ 91.721197815764299, 26.131668831875299 ], [ 91.721250369903402, 26.1318017822258 ], [ 91.721295295549098, 26.131875771429598 ], [ 91.721360195235107, 26.1319661839761 ], [ 91.721445068063105, 26.132073019020801 ], [ 91.722093732546597, 26.132667541367301 ], [ 91.722292630330301, 26.132867107878699 ], [ 91.722407367650007, 26.133010733101699 ], [ 91.722467225092302, 26.133103118234601 ], [ 91.722548867578595, 26.133265081769999 ], [ 91.722620103082306, 26.133436504298398 ], [ 91.722965938296994, 26.134259954918001 ], [ 91.723068200712305, 26.134427313775099 ], [ 91.723141567918205, 26.134541341925001 ], [ 91.723190759663197, 26.134605580747301 ], [ 91.723263415403295, 26.1346687170862 ], [ 91.723323659121306, 26.134712470637002 ], [ 91.723440915316999, 26.1347500724026 ], [ 91.723542140178097, 26.134767015572798 ], [ 91.723633928237206, 26.134776879530701 ], [ 91.723730110854703, 26.1347957961333 ], [ 91.723835085283895, 26.1348328172127 ], [ 91.723946653347198, 26.134883417642101 ], [ 91.724067788468304, 26.1349599001136 ], [ 91.724178516606898, 26.135045840815799 ], [ 91.724254145770601, 26.135121278802899 ], [ 91.724326930868202, 26.135203216074601 ], [ 91.724367654195007, 26.1352438362944 ], [ 91.724394351226906, 26.135292639734299 ], [ 91.724428280595205, 26.135395337782999 ], [ 91.724463026532106, 26.135524816084299 ], [ 91.724494744248105, 26.135705978205099 ], [ 91.724556357896802, 26.135968017892299 ], [ 91.724727869640802, 26.136784598993799 ], [ 91.724995134607497, 26.137904554918599 ], [ 91.725081089905402, 26.138178104948899 ], [ 91.725171186436896, 26.138479488835699 ], [ 91.725244517710095, 26.138804265275901 ], [ 91.725309772230702, 26.139266858411201 ], [ 91.725354620621204, 26.139552282482299 ], [ 91.725414319061798, 26.139945511099299 ], [ 91.725440180660499, 26.140259403860899 ], [ 91.725498865801299, 26.140505748221901 ], [ 91.725564316154603, 26.140669493379601 ], [ 91.725635219281699, 26.140805855972399 ], [ 91.725725515239105, 26.140972502241102 ], [ 91.725903178646107, 26.141290106643702 ], [ 91.726003271630006, 26.1414865810987 ], [ 91.726067004404499, 26.1416467887097 ], [ 91.726249719038293, 26.142042365829699 ], [ 91.7263402171167, 26.142238385810401 ], [ 91.726430513074106, 26.142405029227699 ], [ 91.726514243245106, 26.142519539082699 ], [ 91.726599185243401, 26.142646199118602 ], [ 91.727021874025596, 26.143149842059898 ], [ 91.727087424091906, 26.143246218981002 ], [ 91.727134289200293, 26.143333075313699 ], [ 91.7271602469187, 26.143415490669799 ], [ 91.727198931968104, 26.143543419025001 ], [ 91.727428517998504, 26.144354053123902 ], [ 91.7274994247189, 26.1446545154757 ], [ 91.727544675554697, 26.144834574786898 ], [ 91.727605479821307, 26.144979092490502 ], [ 91.727689412113307, 26.145122975378001 ], [ 91.727826756435405, 26.145316769362701 ], [ 91.727899237004095, 26.1454383516995 ], [ 91.727926542195405, 26.145510395294899 ], [ 91.727965265872399, 26.145629675166902 ], [ 91.727991537102895, 26.1457193585642 ], [ 91.728013878203996, 26.1458088556153 ], [ 91.728035853690798, 26.145942572874599 ], [ 91.728107367672294, 26.1463311553076 ], [ 91.728172113746396, 26.146638231418802 ], [ 91.728193226850493, 26.146836148371602 ], [ 91.728208683263205, 26.147032070793301 ], [ 91.728228988782007, 26.147276588107101 ], [ 91.728265455890906, 26.147573688380501 ], [ 91.728294951174902, 26.147759907980401 ], [ 91.728612912564699, 26.148704237373501 ], [ 91.728800578712395, 26.149245119853099 ], [ 91.728996826466002, 26.149639582623902 ], [ 91.729899141947996, 26.149412734620199 ], [ 91.730313839317503, 26.1493304081677 ], [ 91.730567849642199, 26.149264674370599 ], [ 91.730767723894601, 26.149203293333802 ], [ 91.730999312269802, 26.149158956561902 ], [ 91.731147678920394, 26.149155599633101 ], [ 91.731400881659695, 26.149136466023801 ], [ 91.731678222130597, 26.149099472058701 ], [ 91.731901933179103, 26.149058217205798 ], [ 91.732468189811698, 26.148945601487199 ], [ 91.734354522550902, 26.1485097474654 ], [ 91.736210776999499, 26.148062321068299 ], [ 91.735931479997902, 26.1472831770831 ], [ 91.735544759759605, 26.146203167109 ], [ 91.735304134332694, 26.145238863929201 ], [ 91.735179524528107, 26.144880141352001 ], [ 91.735127962129098, 26.1446564210075 ], [ 91.735063508905796, 26.144532988770798 ], [ 91.7349474932834, 26.144320839686898 ], [ 91.734822883478799, 26.144104833170701 ], [ 91.734724054424504, 26.1439196842949 ], [ 91.734616632984498, 26.143668961877999 ], [ 91.734344586285602, 26.143045767830699 ], [ 91.733015236870202, 26.140689174330699 ], [ 91.732122290816605, 26.138959368558002 ], [ 91.731121921526295, 26.136976388259701 ], [ 91.730236387472004, 26.135160417567299 ], [ 91.729546135482394, 26.1338889578834 ], [ 91.728875133491002, 26.132664394457201 ], [ 91.728198632013502, 26.131427472365701 ], [ 91.727612880142601, 26.130341143548701 ], [ 91.727134379031796, 26.129457259432399 ], [ 91.727021628785494, 26.129237521923599 ], [ 91.726908878539305, 26.129027659736 ], [ 91.726782378679303, 26.128714100520298 ], [ 91.726482627937003, 26.128000564346699 ], [ 91.726356127178704, 26.127699346980901 ], [ 91.726273626801301, 26.127501826657799 ], [ 91.726221377191095, 26.127353687002898 ], [ 91.726174627067095, 26.127220360588201 ], [ 91.726031626951993, 26.126696930146 ], [ 91.725709875570004, 26.125595742894401 ], [ 91.725635625320194, 26.1253735285059 ], [ 91.725577875325598, 26.125232792588601 ], [ 91.725476124949907, 26.125069835550701 ], [ 91.7250773744734, 26.124435286930101 ], [ 91.724400872097604, 26.123580987520398 ], [ 91.723625369987502, 26.122640262682001 ], [ 91.722929618511799, 26.121748912834001 ], [ 91.724662122843398, 26.121316815089202 ], [ 91.724711623608897, 26.121316815089202 ], [ 91.724744623220801, 26.121339037560599 ], [ 91.7248078736, 26.121378543897201 ], [ 91.724843623853303, 26.121418050220399 ], [ 91.724873873722203, 26.121455086831698 ], [ 91.724898623206599, 26.1215069383905 ], [ 91.724915123461699, 26.1215810123518 ], [ 91.724961873585798, 26.121637802437501 ], [ 91.725074623832, 26.121694591689199 ], [ 91.725462375336207, 26.1218773069204 ], [ 91.725577875325598, 26.121936565744001 ], [ 91.725663125446005, 26.121951380646799 ], [ 91.725762126078493, 26.1219538495282 ], [ 91.725850125942003, 26.121951380646799 ], [ 91.725976626700401, 26.121971133310002 ], [ 91.726059126179507, 26.122000763105 ], [ 91.726114126431, 26.122027923206101 ], [ 91.726160876555099, 26.122069898188698 ], [ 91.726210377320399, 26.122119280596799 ], [ 91.726268127315095, 26.1221736007377 ], [ 91.726328627052894, 26.1222205142262 ], [ 91.726534877547195, 26.122299525483299 ], [ 91.726658627664094, 26.1223415003684 ], [ 91.726782378679303, 26.1223489077944 ], [ 91.726856628929099, 26.122351377474001 ], [ 91.726972128918405, 26.122351377474001 ], [ 91.727032628656204, 26.122346438921301 ], [ 91.727159129414503, 26.1223291551951 ], [ 91.727244379534994, 26.122304464037999 ], [ 91.727318629784804, 26.122262489139601 ], [ 91.727398380419103, 26.122235329093002 ], [ 91.727500129896399, 26.122190884486901 ], [ 91.727601880271905, 26.122139033231601 ], [ 91.727695380520004, 26.1221069345935 ], [ 91.727838381533502, 26.122094589395399 ], [ 91.727997881903704, 26.122082244196001 ], [ 91.728146381504999, 26.122072367067702 ], [ 91.728358132383804, 26.122022984639798 ], [ 91.729705635852696, 26.121753850605401 ], [ 91.729986136596807, 26.121704468849401 ], [ 91.730115387098195, 26.1216871850282 ], [ 91.7303106377218, 26.121662493735499 ], [ 91.730470138092102, 26.121637802437501 ], [ 91.730723138710403, 26.121583481241 ], [ 91.730959639073603, 26.121509407281401 ], [ 91.731143889826498, 26.121435334081401 ], [ 91.731284140198596, 26.121395827764001 ], [ 91.731402389931006, 26.121395827764001 ], [ 91.731875391555704, 26.1214032352499 ], [ 91.731993641288099, 26.121383481684202 ], [ 91.732114641661894, 26.121353852539201 ], [ 91.732213642294397, 26.121329161176 ], [ 91.732304392799406, 26.121299531210699 ], [ 91.732505142909204, 26.121218050380399 ], [ 91.732796643523898, 26.121111877277599 ], [ 91.733165145029901, 26.1210501491353 ], [ 91.733756396386994, 26.120953852297099 ], [ 91.733913146115796, 26.120931630558999 ], [ 91.734053396487894, 26.120879777938399 ], [ 91.734278896980399, 26.120810642150399 ], [ 91.734474147604004, 26.1207439752285 ], [ 91.734617148617502, 26.120734098793701 ], [ 91.734765648218797, 26.1207563213759 ], [ 91.734853648980604, 26.120825457195998 ], [ 91.734916899359803, 26.120894592975201 ], [ 91.735010399607802, 26.120948914492001 ], [ 91.735123149854104, 26.1209736059355 ], [ 91.735238649843396, 26.1209785437396 ], [ 91.735400899956801, 26.1209736059355 ], [ 91.735516400844404, 26.120956322006201 ], [ 91.735598901221806, 26.120931630558999 ], [ 91.735695151212994, 26.1208402722397 ], [ 91.735829901200503, 26.120716814828999 ], [ 91.735948151831295, 26.1206032345411 ], [ 91.736033401951701, 26.120551381774799 ], [ 91.736107652201497, 26.120534097783001 ], [ 91.736195652065007, 26.120541505323601 ], [ 91.736344152564698, 26.1205859505571 ], [ 91.736663153305201, 26.120701999769601 ], [ 91.736806153420403, 26.120736567700799 ], [ 91.737215904665803, 26.120879777938399 ], [ 91.737314905298405, 26.120919284430201 ], [ 91.737468905284103, 26.120921753333398 ], [ 91.737743906542093, 26.1209291608494 ], [ 91.738021656644804, 26.120887185457001 ], [ 91.738368157511104, 26.1208279261012 ], [ 91.738464408400503, 26.120805704339201 ], [ 91.738513908267606, 26.1207810128601 ], [ 91.738621158129405, 26.120736567700799 ], [ 91.738700908763704, 26.120706938391798 ], [ 91.738755909015296, 26.120716814828999 ], [ 91.738791659268699, 26.1207439752285 ], [ 91.738821909137599, 26.1207810128601 ], [ 91.738819158496099, 26.12087484013 ], [ 91.738849409263295, 26.1209464447827 ], [ 91.738863158877095, 26.121005704078399 ], [ 91.738931909640698, 26.121062494443802 ], [ 91.7390281596318, 26.121102000873801 ], [ 91.739107909367803, 26.121126692284999 ], [ 91.739195910129595, 26.121139037585401 ], [ 91.739300410248404, 26.121153852589298 ], [ 91.739429660749707, 26.121185951489299 ], [ 91.739558911251194, 26.121260025653999 ], [ 91.739649660857793, 26.121358790327299 ], [ 91.739927411858801, 26.1215587899264 ], [ 91.739982412110393, 26.1216057036617 ], [ 91.740007161594704, 26.1216279252716 ], [ 91.740078662101496, 26.1216402713256 ], [ 91.740172162349495, 26.121642740213598 ], [ 91.740386662971403, 26.121642740213598 ], [ 91.740502162960695, 26.121642740213598 ], [ 91.740540662957102, 26.1216575551537 ], [ 91.740595663208694, 26.1216995302694 ], [ 91.740623163334504, 26.121736566791501 ], [ 91.740658913587893, 26.121790887916902 ], [ 91.740678163586097, 26.121845208210399 ], [ 91.7407139138395, 26.121911874503901 ], [ 91.740733163837703, 26.121963725859999 ], [ 91.740755163578996, 26.122000763105 ], [ 91.740837663956398, 26.122060021866002 ], [ 91.740986164456004, 26.122087181953301 ], [ 91.741129164571106, 26.1220921205169 ], [ 91.741288664941393, 26.122089650831899 ], [ 91.741428915313506, 26.122057552986799 ], [ 91.741588415683793, 26.122022984639798 ], [ 91.741783666307398, 26.1219736029975 ], [ 91.741882666939901, 26.121966195547699 ], [ 91.742699418789499, 26.121963725859999 ], [ 91.743947921625903, 26.121924220527902 ], [ 91.744038672130799, 26.121939034625701 ], [ 91.744140422506405, 26.121968664428898 ], [ 91.744206422628594, 26.121985948208401 ], [ 91.744286172364596, 26.122022984639798 ], [ 91.744379672612695, 26.122052614421602 ], [ 91.744451173119401, 26.1220748367531 ], [ 91.744525423369197, 26.122099527958699 ], [ 91.744585924005307, 26.1221340954765 ], [ 91.744640923358503, 26.1221637244237 ], [ 91.744690424124002, 26.1222007616052 ], [ 91.744896674618204, 26.122294587734999 ], [ 91.745386175599705, 26.1224131049288 ], [ 91.745564925968196, 26.122464956062501 ], [ 91.745782176333094, 26.122479770898298 ], [ 91.746046176822105, 26.122477302027999 ], [ 91.746224928088907, 26.122469894610202 ], [ 91.746497178705496, 26.122497054602199 ], [ 91.746626428308502, 26.122521745718601 ], [ 91.746758429451305, 26.122583473083498 ], [ 91.747055429552205, 26.122662484901699 ], [ 91.747319430939498, 26.122721743327102 ], [ 91.747544931432003, 26.122758779525199 ], [ 91.747646680909298, 26.122776063187899 ], [ 91.747753931669394, 26.122825445297501 ], [ 91.747836432046796, 26.1228624814627 ], [ 91.747951932036102, 26.1229390234252 ], [ 91.748039931899697, 26.1230032202354 ], [ 91.748114182149493, 26.123047663725998 ], [ 91.748188432399303, 26.123111860476499 ], [ 91.748331433412702, 26.123148896550902 ], [ 91.748474433527804, 26.123143958838501 ], [ 91.748573433262095, 26.122316809213899 ], [ 91.748631184155002, 26.121181012887298 ], [ 91.748677934279101, 26.120092119863202 ], [ 91.748672433894598, 26.119193342951299 ], [ 91.748631184155002, 26.118042700867399 ], [ 91.748617433643005, 26.1171389694202 ], [ 91.748598183644802, 26.1158278061889 ], [ 91.748631184155002, 26.114790717822601 ], [ 91.748647683511805, 26.114625276379101 ], [ 91.748677934279101, 26.114412918903898 ], [ 91.748699934020394, 26.114269700741499 ], [ 91.748752184528897, 26.114040057668099 ], [ 91.748980434764505, 26.112926404161598 ], [ 91.748999684762694, 26.112770837994699 ], [ 91.749016185017794, 26.112667126295001 ], [ 91.749035435016097, 26.1125930474903 ], [ 91.749062935141794, 26.112511559783002 ], [ 91.749203185513906, 26.112225118623101 ], [ 91.749504537053994, 26.1115924781137 ], [ 91.746966688578595, 26.11168290797 ], [ 91.743475468871907, 26.1117190797316 ], [ 91.739930537996003, 26.111875824171399 ], [ 91.739051019060895, 26.1119059679293 ], [ 91.7384937662423, 26.111930082123401 ], [ 91.737849234009104, 26.1120084542281 ], [ 91.737298695199101, 26.1120747696033 ], [ 91.736580309771398, 26.112201370698902 ], [ 91.730343110920998, 26.1134492889075 ], [ 91.724938223639299, 26.114504578274499 ], [ 91.723969121110798, 26.114699354702399 ], [ 91.722019366414202, 26.1150771526952 ], [ 91.720130111455305, 26.1154401337403 ], [ 91.718917358872204, 26.1156845897602 ], [ 91.718991608223703, 26.1153709947341 ], [ 91.719076859242506, 26.114590706640101 ], [ 91.719241859099, 26.1136671944362 ], [ 91.719395859983095, 26.112906649969698 ], [ 91.719426109851995, 26.112753552852201 ], [ 91.719439859465695, 26.1126547800997 ], [ 91.719470110232905, 26.1125732924354 ], [ 91.719503109844794, 26.112444888126898 ], [ 91.719530609970604, 26.112385624490202 ], [ 91.719775360461398, 26.1118843510564 ], [ 91.719813860457805, 26.111778170280601 ], [ 91.719841360583601, 26.111726313598599 ], [ 91.719866110966294, 26.111652234197599 ], [ 91.7198743610939, 26.1115781539431 ], [ 91.719846860968104, 26.111104039686602 ], [ 91.719849610711194, 26.1106274551932 ], [ 91.7198716104525, 26.110405212340599 ], [ 91.719888110707601, 26.110301499348701 ], [ 91.719901861219697, 26.110205194460601 ], [ 91.719899110578297, 26.110118766019301 ], [ 91.719868860709397, 26.109918746842599 ], [ 91.719830360712905, 26.109713789043798 ], [ 91.719797361101001, 26.109365606714601 ], [ 91.719753704774803, 26.108948279736602 ], [ 91.719719328943796, 26.108103281595401 ], [ 91.719762298058797, 26.1074087575936 ], [ 91.719809563815801, 26.1070846448733 ], [ 91.719805267173797, 26.1068608521364 ], [ 91.719740813950494, 26.106517445652401 ], [ 91.719676360727206, 26.106216481864202 ], [ 91.719629094970202, 26.105907799878899 ], [ 91.7196033133215, 26.10557596636 ], [ 91.719633391612206, 26.1048274073191 ], [ 91.719566360223993, 26.104811973136499 ], [ 91.719214358973204, 26.104834198746001 ], [ 91.718511904268794, 26.105001042337999 ], [ 91.718099403280206, 26.105058920620401 ], [ 91.717506433446005, 26.105313585045 ], [ 91.717252917194699, 26.105336736622199 ], [ 91.717132604032102, 26.105344453275801 ], [ 91.717076744092793, 26.105325160834202 ], [ 91.717055259984406, 26.105247990229302 ], [ 91.716943541004099, 26.104811973136499 ], [ 91.716866196956502, 26.104530297534399 ], [ 91.7168017437332, 26.104244762891 ], [ 91.716685728110804, 26.1027167548637 ], [ 91.716582602414505, 26.101655625870901 ], [ 91.716518149191202, 26.101296769453501 ], [ 91.716475180076202, 26.1011347043315 ], [ 91.716436508501602, 26.100914759486901 ], [ 91.716432211859598, 26.100802857267801 ], [ 91.716449399325896, 26.100625356726301 ], [ 91.716462290150204, 26.100494160991701 ], [ 91.716475180076202, 26.100339812548 ], [ 91.716500961724904, 26.1000774202911 ], [ 91.716513852549198, 26.0998999186485 ], [ 91.716505258366894, 26.099730134567299 ], [ 91.716346273629597, 26.097700425140001 ], [ 91.716333382805203, 26.095689973718301 ], [ 91.716286117048298, 26.095226909563799 ], [ 91.716225961365296, 26.094817867444299 ], [ 91.716152913959604, 26.0945863330634 ], [ 91.716032600797007, 26.094401105712699 ], [ 91.715886506884004, 26.094212019374901 ], [ 91.715757600437399, 26.094080816446699 ], [ 91.715559944125403, 26.093961190285398 ], [ 91.715353692732805, 26.0938492814137 ], [ 91.715151739778804, 26.0937875380693 ], [ 91.714795097831299, 26.093814550635201 ], [ 91.714318143619394, 26.0938492814137 ], [ 91.713862673515806, 26.093891729591199 ], [ 91.7132611094993, 26.093918742133098 ], [ 91.712483373279099, 26.094042227037502 ], [ 91.711941965843906, 26.094138700133399 ], [ 91.711662667943997, 26.094196583791401 ], [ 91.711503683206701, 26.0942506087281 ], [ 91.711396260868398, 26.094296915451199 ], [ 91.710528290674503, 26.094655793345101 ], [ 91.710218914483903, 26.094759984093798 ], [ 91.709931023300001, 26.094798572459499 ], [ 91.709711881981406, 26.094837161619299 ], [ 91.709509928129094, 26.094864173942799 ], [ 91.709372428398495, 26.094937492729699 ], [ 91.709234927769501, 26.095018529612201 ], [ 91.708985708160199, 26.095203755985299 ], [ 91.708891176646304, 26.095292510000199 ], [ 91.708873989179907, 26.0953581112066 ], [ 91.708895473288194, 26.0954468651044 ], [ 91.708938442403195, 26.0955356189349 ], [ 91.709032973917203, 26.095774868722 ], [ 91.709393912506798, 26.096577509568601 ], [ 91.709432584081497, 26.096766592082801 ], [ 91.709492740662796, 26.0970560035848 ], [ 91.709518522311399, 26.097310685436799 ], [ 91.709561491426399, 26.097727435995601 ], [ 91.709617350467397, 26.0982869607327 ], [ 91.709604459643103, 26.099220781651599 ], [ 91.709604459643103, 26.099336543909399 ], [ 91.709634537933795, 26.099448447531401 ], [ 91.709716178623395, 26.099629807567801 ], [ 91.7097677419207, 26.0997918747751 ], [ 91.709793522671006, 26.099926929803001 ], [ 91.709802116853396, 26.1003822583702 ], [ 91.709789226029002, 26.100447856721999 ], [ 91.709772038562704, 26.100486444017999 ], [ 91.709720476163696, 26.100540465243 ], [ 91.709686100332704, 26.100594487249801 ], [ 91.709660319582397, 26.100660085482598 ], [ 91.709668912866405, 26.100744976879 ], [ 91.709668912866405, 26.1008260097381 ], [ 91.709698991157097, 26.100972639791699 ], [ 91.709740584951305, 26.1012131933844 ], [ 91.709830345512799, 26.101837495545301 ], [ 91.709860265700001, 26.102060346799799 ], [ 91.709869065596493, 26.102191528676901 ], [ 91.709867305796905, 26.102257910122699 ], [ 91.709854985402799, 26.1023069056202 ], [ 91.709840905209006, 26.1023622231709 ], [ 91.709821545616407, 26.102406476869898 ], [ 91.709802185125298, 26.102433345466999 ], [ 91.709789865629503, 26.102466536125998 ], [ 91.709812745719802, 26.102498145654 ], [ 91.709835625810101, 26.1025250142301 ], [ 91.709853225603197, 26.1025487213651 ], [ 91.709881385990698, 26.102586653739099 ], [ 91.709893705486493, 26.102640390844499 ], [ 91.709928905970898, 26.1030291923528 ], [ 91.709946505763895, 26.1033105190477 ], [ 91.7099781857507, 26.103588684465599 ], [ 91.709992265944507, 26.103715123733199 ], [ 91.7100028256407, 26.103809952085701 ], [ 91.710015146034806, 26.1039126834538 ], [ 91.710032745827803, 26.104050185235302 ], [ 91.710090826402507, 26.104442143440199 ], [ 91.710199946556699, 26.105120163522098 ], [ 91.710206986653603, 26.1051723191846 ], [ 91.710219306149398, 26.105194445504399 ], [ 91.7102492263366, 26.105216571820101 ], [ 91.710272106426899, 26.1052371178538 ], [ 91.710287946420294, 26.105265566078 ], [ 91.7102967463168, 26.1053050778476 ], [ 91.710312586310195, 26.1053825202642 ], [ 91.710338986898094, 26.106095305595598 ], [ 91.7104234671623, 26.106926619480099 ], [ 91.710486827135995, 26.107452904516801 ], [ 91.710588907193298, 26.1074781917069 ], [ 91.710627627277006, 26.108099299134601 ], [ 91.710664587560998, 26.108650865828999 ], [ 91.710715628038798, 26.109755570821399 ], [ 91.710676907955204, 26.109847233844 ], [ 91.7106417074707, 26.109916771372699 ], [ 91.710595947290201, 26.1099799880053 ], [ 91.710516747323098, 26.1100637489827 ], [ 91.710435786658195, 26.110120643075401 ], [ 91.710316106807795, 26.110191760652398 ], [ 91.710210506252906, 26.110229690546898 ], [ 91.710078506008401, 26.110285004349301 ], [ 91.709976425951098, 26.1103197729886 ], [ 91.7098831457903, 26.110349800184899 ], [ 91.709819785816705, 26.1103577020349 ], [ 91.709678984777398, 26.110360862452101 ], [ 91.709520584843304, 26.1103577020349 ], [ 91.709402663894295, 26.110367184092901 ], [ 91.709309383733498, 26.110384568804999 ], [ 91.709244263960201, 26.110420917622498 ], [ 91.709200263579305, 26.110471489906601 ], [ 91.709121063612301, 26.1105505099138 ], [ 91.708842982929596, 26.1108002112367 ], [ 91.708781382755603, 26.1108539445672 ], [ 91.708753222368102, 26.1108997752536 ], [ 91.708737382374693, 26.110926641899098 ], [ 91.708728582478102, 26.110953508538302 ], [ 91.708733862775404, 26.110996178785701 ], [ 91.708703942588201, 26.1112648439344 ], [ 91.708615942724705, 26.1111779226161 ], [ 91.708454022292997, 26.1109977589857 ], [ 91.708438182299602, 26.1104446239632 ], [ 91.708402981815198, 26.110003693628801 ], [ 91.708422341407896, 26.109689194438701 ], [ 91.708339621841603, 26.109633880354401 ], [ 91.7082340212867, 26.1095833069013 ], [ 91.708163621216201, 26.109550119069102 ], [ 91.708036901268997, 26.1095137691742 ], [ 91.707964740500501, 26.109499545579801 ], [ 91.707929540914407, 26.109493223891999 ], [ 91.707709539907995, 26.109501125800001 ], [ 91.707618019546899, 26.109510608734102 ], [ 91.707591619857297, 26.109505867267099 ], [ 91.707493829255498, 26.109489075309501 ], [ 91.707238078894093, 26.109494014405499 ], [ 91.707117078520298, 26.109494014405499 ], [ 91.7069300780242, 26.109501422645799 ], [ 91.706803578164198, 26.109498953501301 ], [ 91.706677077405899, 26.1095236465572 ], [ 91.7066303272819, 26.109543402127599 ], [ 91.7066303272819, 26.109577973359201 ], [ 91.705904325038901, 26.109642177508999 ], [ 91.705060073063606, 26.109642177508999 ], [ 91.704977572686204, 26.110173092544699 ], [ 91.705040823065303, 26.111689273903998 ], [ 91.705024322810203, 26.111736191601299 ], [ 91.704950073458704, 26.1116868048057 ], [ 91.704862072696798, 26.111607785566601 ], [ 91.704699822583507, 26.111516420765199 ], [ 91.704617322206104, 26.1114917273235 ], [ 91.704556822468405, 26.111518889867099 ], [ 91.704515571830498, 26.1115633377253 ], [ 91.704441321580703, 26.111649764291901 ], [ 91.704394571456703, 26.111733721697401 ], [ 91.704356071460197, 26.1118547195031 ], [ 91.704347821332703, 26.1119139834089 ], [ 91.704334071718904, 26.112020164061398 ], [ 91.704287321594904, 26.112057204457798 ], [ 91.704243321213994, 26.112062142638699 ], [ 91.704185571219298, 26.112030042039301 ], [ 91.704144320581506, 26.1119880634506 ], [ 91.704056320717896, 26.1119139834089 ], [ 91.703979320724997, 26.1118349643234 ], [ 91.703910569961394, 26.1117929856646 ], [ 91.703844569839205, 26.111746068796599 ], [ 91.703748319848003, 26.111726313598599 ], [ 91.703627319474194, 26.111743599699501 ], [ 91.703456819233296, 26.111778170280601 ], [ 91.703258818866601, 26.111805332757498 ], [ 91.703135068749702, 26.1117979246632 ], [ 91.703044318244693, 26.1117757003775 ], [ 91.702895817745102, 26.111731252600102 ], [ 91.7027363173748, 26.1116818658023 ], [ 91.702598816745805, 26.111652234197599 ], [ 91.702441551383998, 26.111649147218799 ], [ 91.702304050755004, 26.1116722975414 ], [ 91.7021536593018, 26.111726313598599 ], [ 91.702041940321394, 26.1117841893582 ], [ 91.701930221341101, 26.111830489138701 ], [ 91.701775534144105, 26.1118922221508 ], [ 91.701706783380502, 26.1118922221508 ], [ 91.701612251866493, 26.111880647011802 ], [ 91.701556392825594, 26.111842064282602 ], [ 91.701504829528204, 26.1117841893582 ], [ 91.701453267129196, 26.1116645804988 ], [ 91.701453267129196, 26.111525680098602 ], [ 91.701448970487206, 26.111352054769601 ], [ 91.701427486378904, 26.111186145450699 ], [ 91.701337251506899, 26.111004803337899 ], [ 91.701281391567605, 26.110939210908601 ], [ 91.701191157593996, 26.1108929107751 ], [ 91.701057953607005, 26.110854326913199 ], [ 91.700877484761406, 26.110827318282901 ], [ 91.700795844071706, 26.110823460137102 ], [ 91.700666937625101, 26.110808026746099 ], [ 91.700585296037104, 26.1107617265606 ], [ 91.700490764523096, 26.1106845587375 ], [ 91.700400530549501, 26.110576524828801 ], [ 91.700293108211199, 26.110468490013702 ], [ 91.700138420115906, 26.110364314066398 ], [ 91.699992326202903, 26.110318012898599 ], [ 91.699717325843295, 26.1102948631145 ], [ 91.6995368560993, 26.110267854355001 ], [ 91.699450918767695, 26.110267854355001 ], [ 91.699399355470305, 26.110310296573299 ], [ 91.699364980537695, 26.1103836056765 ], [ 91.699377871362003, 26.1104762071352 ], [ 91.699382168004007, 26.110572665868101 ], [ 91.699412246294699, 26.1106536919166 ], [ 91.699446621227295, 26.110730858953499 ], [ 91.699485293700306, 26.110854326913199 ], [ 91.699485293700306, 26.110973936601599 ], [ 91.699446621227295, 26.1110433863435 ], [ 91.699390762186397, 26.111128270201601 ], [ 91.699304823956396, 26.1111938625249 ], [ 91.699205995800398, 26.111197720658399 ], [ 91.699137245935106, 26.1111552787623 ], [ 91.699051307705105, 26.1110781120056 ], [ 91.6989224012585, 26.110939210908601 ], [ 91.698888026325804, 26.110862044009199 ], [ 91.698793494811795, 26.110734717909001 ], [ 91.698681775831503, 26.110649833765098 ], [ 91.698582947675504, 26.110611249822998 ], [ 91.6984927128035, 26.110611249822998 ], [ 91.698419666296203, 26.110626683240099 ], [ 91.698359509714905, 26.110649833765098 ], [ 91.698252087376602, 26.1107154255502 ], [ 91.698161852504597, 26.110757867606001 ], [ 91.698114586747593, 26.110788735206 ], [ 91.698015758591694, 26.110827318282901 ], [ 91.697955602010296, 26.110850468768302 ], [ 91.697882555503, 26.110865902153702 ], [ 91.697788023989006, 26.110873618442401 ], [ 91.697633335893798, 26.110819601991199 ], [ 91.697482944440395, 26.110727000804498 ], [ 91.6973884129265, 26.110634400351099 ], [ 91.697302475594796, 26.1104839234496 ], [ 91.697199349898497, 26.110298721277701 ], [ 91.697031771877207, 26.110163678228901 ], [ 91.696967318653904, 26.110051784861 ], [ 91.696980209478198, 26.1099746165692 ], [ 91.697079037634197, 26.109901307209501 ], [ 91.697276693946193, 26.109766263701601 ], [ 91.697379819642507, 26.109665945312699 ], [ 91.697401303750794, 26.109623502860401 ], [ 91.697401303750794, 26.1095501924739 ], [ 91.697392710466801, 26.109484600035 ], [ 91.697276693946193, 26.109419006752699 ], [ 91.697070443451906, 26.109395856790499 ], [ 91.696847005491307, 26.109388139597701 ], [ 91.696365754637398, 26.109384281404399 ], [ 91.6961208316701, 26.109357272434501 ], [ 91.695996221865499, 26.109318688065802 ], [ 91.695931768642097, 26.109276245487401 ], [ 91.695901690351505, 26.109218369292801 ], [ 91.695863018776805, 26.109152775861102 ], [ 91.695871612959195, 26.109083324996 ], [ 91.695871612959195, 26.1090061560649 ], [ 91.695897393709501, 26.1089444215288 ], [ 91.695923175358104, 26.1089096952328 ], [ 91.695983331939402, 26.108828668782198 ], [ 91.696056378446798, 26.1087437832544 ], [ 91.696116535028096, 26.1087051986832 ], [ 91.696155206602796, 26.108682047773001 ], [ 91.696228254008403, 26.108624171284202 ], [ 91.696348567171, 26.108539285607801 ], [ 91.696438801144694, 26.108438966165998 ], [ 91.6964688794354, 26.108369514070301 ], [ 91.6964688794354, 26.1082267515234 ], [ 91.696460286151293, 26.108099422553 ], [ 91.696400129569994, 26.108014536495698 ], [ 91.696301301413996, 26.107921933893699 ], [ 91.696189582433703, 26.107867915272099 ], [ 91.696034894338396, 26.107821613922201 ], [ 91.695811456377797, 26.1077868872928 ], [ 91.695549345944201, 26.107756019706802 ], [ 91.695360282916297, 26.107713576561199 ], [ 91.695184110712603, 26.107694284510501 ], [ 91.695055204265998, 26.107686567205398 ], [ 91.694883328704407, 26.1077753117473 ], [ 91.694754422257702, 26.1078601979784 ], [ 91.694677078210105, 26.107933509424601 ], [ 91.694565359229799, 26.108053121294802 ], [ 91.694492311824106, 26.108134149089601 ], [ 91.694324733802802, 26.108307779197901 ] ] ] ] } },
{ "type": "Feature", "properties": { "ward_number": 19, "ward_lgd_name": "Guwahati (M Corp.) - Ward No.19" }, "geometry": { "type": "MultiPolygon", "coordinates": [ [ [ [ 91.7455861926842, 26.1687369223731 ], [ 91.746377174563307, 26.168655884219501 ], [ 91.746448696629599, 26.168656109159802 ], [ 91.7464870753534, 26.166966863549199 ], [ 91.746552834727197, 26.164875783680198 ], [ 91.746648740663503, 26.162821996997799 ], [ 91.746708714886907, 26.162064453539202 ], [ 91.746715343555294, 26.162030263089601 ], [ 91.7467236915993, 26.161987206733102 ], [ 91.746773720574097, 26.1606810776175 ], [ 91.746792676823205, 26.160243937851401 ], [ 91.746811633072298, 26.160158865538801 ], [ 91.746853920365993, 26.160082955117499 ], [ 91.746920995771603, 26.159986103485 ], [ 91.746926828532807, 26.1599481486275 ], [ 91.746923912601403, 26.159910192951301 ], [ 91.746912247079095, 26.1598617666703 ], [ 91.746899123591106, 26.1598015619543 ], [ 91.746890374000202, 26.159678533567501 ], [ 91.746820381764906, 26.1591995082483 ], [ 91.7468320472871, 26.159152391109 ], [ 91.746883083273403, 26.159135376492198 ], [ 91.747142638, 26.159134067861501 ], [ 91.747145918647405, 26.159118116756598 ], [ 91.747139083366406, 26.158594589044 ], [ 91.747038834075695, 26.158099690273101 ], [ 91.7469112445592, 26.158087419835699 ], [ 91.746824665830502, 26.158071059788099 ], [ 91.746807691264806, 26.158041113396301 ], [ 91.746537496892003, 26.1563122275948 ], [ 91.746450006373195, 26.155745495585801 ], [ 91.746260443881994, 26.155805702395 ], [ 91.745382624559397, 26.1561329149099 ], [ 91.744991834952899, 26.156261182494301 ], [ 91.744722073567999, 26.156346257649499 ], [ 91.744391056962201, 26.156442938138301 ], [ 91.744230857702703, 26.1565228236751 ], [ 91.743760939096106, 26.1566953763767 ], [ 91.742892158621899, 26.1571201105391 ], [ 91.742185857331407, 26.1575086710717 ], [ 91.741399811694905, 26.157938131292301 ], [ 91.740873502244597, 26.1582039873261 ], [ 91.740973466769503, 26.158366567532099 ], [ 91.741151466146405, 26.158692494868301 ], [ 91.741190626404602, 26.158839482056401 ], [ 91.741189124421396, 26.158883982055102 ], [ 91.741187066381102, 26.1589449282388 ], [ 91.741208426521894, 26.159043984365201 ], [ 91.741247585881794, 26.159127063502101 ], [ 91.741304546257297, 26.159242096365599 ], [ 91.741140786974299, 26.1594657702022 ], [ 91.740905827221795, 26.159884359153502 ], [ 91.740731387868394, 26.1601943054897 ], [ 91.740632892987406, 26.1604499962652 ], [ 91.740604896093203, 26.160475125236498 ], [ 91.740570366650303, 26.1604943908312 ], [ 91.740518106260396, 26.160510305464701 ], [ 91.740456513272903, 26.160530408793001 ], [ 91.740407052033405, 26.1605530245293 ], [ 91.740301597005598, 26.160618360108199 ], [ 91.740240936469405, 26.1606384634179 ], [ 91.740209207075196, 26.160646839191202 ], [ 91.740192408579404, 26.1606644292807 ], [ 91.740182143530603, 26.160701285734401 ], [ 91.740169078433098, 26.160755731445999 ], [ 91.740158812486101, 26.160771646043798 ], [ 91.740131748941494, 26.1607741592567 ], [ 91.7400953527995, 26.160769971374702 ], [ 91.740009495417894, 26.160768295899398 ], [ 91.739944169930396, 26.160768295899398 ], [ 91.739895642040395, 26.1607883991832 ], [ 91.739793544016806, 26.160829789377001 ], [ 91.739622664686905, 26.160864554258101 ], [ 91.739447228203403, 26.160934083989002 ], [ 91.738898135680998, 26.161156988605999 ], [ 91.738192447939895, 26.1614692318986 ], [ 91.737569450120603, 26.161683915407899 ], [ 91.737686261650296, 26.162108287930302 ], [ 91.737794730525906, 26.162394114105801 ], [ 91.738090237626807, 26.163088395006 ], [ 91.738655177329207, 26.164320927675199 ], [ 91.739054980631295, 26.165054200874099 ], [ 91.7392320574384, 26.165455475496199 ], [ 91.739263845222993, 26.165598809065301 ], [ 91.739264778572604, 26.165714397508001 ], [ 91.739241447528002, 26.165868514446998 ], [ 91.739225582381806, 26.165975726426101 ], [ 91.739200385536407, 26.166043571260399 ], [ 91.739151857646405, 26.166129006126901 ], [ 91.739107062256494, 26.1661901500886 ], [ 91.739066933614396, 26.166226166291398 ], [ 91.738986676330299, 26.166294848678 ], [ 91.738905112895793, 26.166338746785701 ], [ 91.738776953847506, 26.1663834793492 ], [ 91.738716433448502, 26.1664441869945 ], [ 91.738663033994698, 26.166552822285901 ], [ 91.7385847143766, 26.166728555322901 ], [ 91.738531314024598, 26.166814824156798 ], [ 91.738474354547407, 26.1668659460701 ], [ 91.738356874671197, 26.166885117084199 ], [ 91.738289235123503, 26.166875531577499 ], [ 91.738207355482004, 26.1668467750529 ], [ 91.738118355793503, 26.1668020434734 ], [ 91.737951036487004, 26.166808433815198 ], [ 91.737837116634296, 26.166913872793099 ], [ 91.737377878098101, 26.1674506549376 ], [ 91.737388558168504, 26.167514557178801 ], [ 91.737367198027698, 26.1675816545348 ], [ 91.737328037769501, 26.167591239983398 ], [ 91.737246158128002, 26.167591239983398 ], [ 91.737171398533405, 26.167597630282099 ], [ 91.736696933553205, 26.167818146163501 ], [ 91.736702224630207, 26.1681884774246 ], [ 91.737275510579906, 26.167978681237201 ], [ 91.737436578510298, 26.167923507635301 ], [ 91.737630736782606, 26.167900481338101 ], [ 91.7378082322046, 26.167901618946999 ], [ 91.739149735825706, 26.167857113520199 ], [ 91.740083624395098, 26.167805433314602 ], [ 91.740466622014793, 26.1677889101563 ], [ 91.740702859171606, 26.167767065786101 ], [ 91.741371939666607, 26.167750368473701 ], [ 91.741965428726999, 26.167753442682098 ], [ 91.741986469067598, 26.167792264936502 ], [ 91.742010899650097, 26.167865051791299 ], [ 91.742016691088693, 26.1679804211084 ], [ 91.742032041500295, 26.168299871657499 ], [ 91.742034447188601, 26.168534200303899 ], [ 91.742046684039394, 26.168788052312401 ], [ 91.742053434878798, 26.168937237476001 ], [ 91.742069132040001, 26.169041515969202 ], [ 91.742095762596605, 26.169096344779799 ], [ 91.7421438116845, 26.169157850797198 ], [ 91.7422133691353, 26.169214707231301 ], [ 91.742357122038698, 26.169317820469399 ], [ 91.7426488481306, 26.1695989367092 ], [ 91.743010658086007, 26.169339113085702 ], [ 91.743291943957601, 26.169174813965299 ], [ 91.743624745515902, 26.169011773952899 ], [ 91.743744464892103, 26.168963507860699 ], [ 91.743812121507702, 26.168945603784799 ], [ 91.744008239005595, 26.1688974287698 ], [ 91.744291686223804, 26.168852205366498 ], [ 91.744557654921607, 26.1688266694383 ], [ 91.7455861926842, 26.1687369223731 ] ] ] ] } },
{ "type": "Feature", "properties": { "ward_number": 20, "ward_lgd_name": "Guwahati (M Corp.) - Ward No.20" }, "geometry": { "type": "MultiPolygon", "coordinates": [ [ [ [ 91.737171398533405, 26.167597630282099 ], [ 91.737246158128002, 26.167591239983398 ], [ 91.737328037769501, 26.167591239983398 ], [ 91.737367198027698, 26.1675816545348 ], [ 91.737388558168504, 26.167514557178801 ], [ 91.737377878098101, 26.1674506549376 ], [ 91.737837116634296, 26.166913872793099 ], [ 91.737951036487004, 26.166808433815198 ], [ 91.738118355793503, 26.1668020434734 ], [ 91.738207355482004, 26.1668467750529 ], [ 91.738289235123503, 26.166875531577499 ], [ 91.738356874671197, 26.166885117084199 ], [ 91.738474354547407, 26.1668659460701 ], [ 91.738531314024598, 26.166814824156798 ], [ 91.7385847143766, 26.166728555322901 ], [ 91.738663033994698, 26.166552822285901 ], [ 91.738716433448502, 26.1664441869945 ], [ 91.738776953847506, 26.1663834793492 ], [ 91.738905112895793, 26.166338746785701 ], [ 91.738986676330299, 26.166294848678 ], [ 91.739066933614396, 26.166226166291398 ], [ 91.739107062256494, 26.1661901500886 ], [ 91.739151857646405, 26.166129006126901 ], [ 91.739200385536407, 26.166043571260399 ], [ 91.739225582381806, 26.165975726426101 ], [ 91.739241447528002, 26.165868514446998 ], [ 91.739264778572604, 26.165714397508001 ], [ 91.739263845222993, 26.165598809065301 ], [ 91.7392320574384, 26.165455475496199 ], [ 91.739054980631295, 26.165054200874099 ], [ 91.738655177329207, 26.164320927675199 ], [ 91.738090237626807, 26.163088395006 ], [ 91.737794730525906, 26.162394114105801 ], [ 91.737686261650296, 26.162108287930302 ], [ 91.737569450120603, 26.161683915407899 ], [ 91.738192447939895, 26.1614692318986 ], [ 91.738898135680998, 26.161156988605999 ], [ 91.739447228203403, 26.160934083989002 ], [ 91.739622664686905, 26.160864554258101 ], [ 91.739793544016806, 26.160829789377001 ], [ 91.739895642040395, 26.1607883991832 ], [ 91.739944169930396, 26.160768295899398 ], [ 91.740009495417894, 26.160768295899398 ], [ 91.7400953527995, 26.160769971374702 ], [ 91.740131748941494, 26.1607741592567 ], [ 91.740158812486101, 26.160771646043798 ], [ 91.740169078433098, 26.160755731445999 ], [ 91.740182143530603, 26.160701285734401 ], [ 91.740192408579404, 26.1606644292807 ], [ 91.740209207075196, 26.160646839191202 ], [ 91.740240936469405, 26.1606384634179 ], [ 91.740301597005598, 26.160618360108199 ], [ 91.740407052033405, 26.1605530245293 ], [ 91.740456513272903, 26.160530408793001 ], [ 91.740518106260396, 26.160510305464701 ], [ 91.740570366650303, 26.1604943908312 ], [ 91.740604896093203, 26.160475125236498 ], [ 91.740632892987406, 26.1604499962652 ], [ 91.740731387868394, 26.1601943054897 ], [ 91.740905827221795, 26.159884359153502 ], [ 91.741140786974299, 26.1594657702022 ], [ 91.741304546257297, 26.159242096365599 ], [ 91.741247585881794, 26.159127063502101 ], [ 91.741208426521894, 26.159043984365201 ], [ 91.741187066381102, 26.1589449282388 ], [ 91.741189124421396, 26.158883982055102 ], [ 91.739812910796005, 26.159414645045 ], [ 91.739271792618297, 26.1596287324485 ], [ 91.739019032748502, 26.159702225072699 ], [ 91.738826793277696, 26.159715006534199 ], [ 91.738666594018198, 26.159715006534199 ], [ 91.738552674165405, 26.1596798583181 ], [ 91.738522200616003, 26.159635506982202 ], [ 91.738456127730302, 26.158876803518702 ], [ 91.738462963011202, 26.158766371884099 ], [ 91.738483467955902, 26.158686616086499 ], [ 91.738544984586596, 26.1586232194005 ], [ 91.7386156146258, 26.158580273863102 ], [ 91.738727256350998, 26.158527102714999 ], [ 91.738902692834401, 26.158486202745799 ], [ 91.739037117631796, 26.1584473467538 ], [ 91.739128253514096, 26.158410536353799 ], [ 91.739228502804806, 26.158322599500199 ], [ 91.739283184154502, 26.1582080769304 ], [ 91.739321916814603, 26.1574350496678 ], [ 91.739321916814603, 26.157314390967201 ], [ 91.739283184154502, 26.157185552862 ], [ 91.739188132515906, 26.1567960317326 ], [ 91.738798758654397, 26.155832411153799 ], [ 91.738586087002403, 26.155861983170901 ], [ 91.738214253644998, 26.1559091016392 ], [ 91.737859917672793, 26.155926116726501 ], [ 91.737838044594, 26.155881615599601 ], [ 91.737770969188304, 26.155615918764202 ], [ 91.737607653672995, 26.154968033304101 ], [ 91.737563908413605, 26.154788719359601 ], [ 91.737715558406606, 26.154758615696402 ], [ 91.737677645908406, 26.1546080956516 ], [ 91.737288314267602, 26.154644744371801 ], [ 91.736773579609803, 26.1547036430687 ], [ 91.7362253072492, 26.154731129385802 ], [ 91.735605584687505, 26.154754688850701 ], [ 91.735588086404107, 26.154502077889099 ], [ 91.734821805500502, 26.154570404328599 ], [ 91.734793325312694, 26.154023977149901 ], [ 91.734487166887405, 26.154036759233499 ], [ 91.734458686699696, 26.153755555490399 ], [ 91.733946048709797, 26.153768337603399 ], [ 91.733230490280306, 26.153806683933901 ], [ 91.733095211185002, 26.152796902702399 ], [ 91.732967051238404, 26.151950085704399 ], [ 91.733098771208503, 26.151937303392302 ], [ 91.733020450692095, 26.1515027079774 ], [ 91.733148610638807, 26.1514803388445 ], [ 91.733073851044196, 26.150914723559001 ], [ 91.732969756963996, 26.150520516683802 ], [ 91.733783142826198, 26.150369173518499 ], [ 91.734430206511902, 26.150260778772601 ], [ 91.7347856357339, 26.150187152795102 ], [ 91.735352955971706, 26.150050125426802 ], [ 91.736648080473103, 26.149847396683501 ], [ 91.736516360503003, 26.149339294379502 ], [ 91.736128628761705, 26.148082121729999 ], [ 91.734354522550902, 26.1485097474654 ], [ 91.732468189811698, 26.148945601487199 ], [ 91.731901933179103, 26.149058217205798 ], [ 91.731678222130597, 26.149099472058701 ], [ 91.731400881659695, 26.149136466023801 ], [ 91.731147678920394, 26.149155599633101 ], [ 91.730999312269802, 26.149158956561902 ], [ 91.730767723894601, 26.149203293333802 ], [ 91.730567849642199, 26.149264674370599 ], [ 91.730313839317503, 26.1493304081677 ], [ 91.729899141947996, 26.149412734620199 ], [ 91.728996826466002, 26.149639582623902 ], [ 91.729202416698499, 26.149940987720399 ], [ 91.729410127853498, 26.150265065408298 ], [ 91.729479385266899, 26.150376011486401 ], [ 91.729549666759794, 26.150489066098999 ], [ 91.729610789030104, 26.150631271411001 ], [ 91.730110816470003, 26.151859050001502 ], [ 91.730495905367704, 26.1528319352655 ], [ 91.7305669818696, 26.152996285630199 ], [ 91.730608404983997, 26.153131062255198 ], [ 91.730637354990705, 26.153249149818599 ], [ 91.730697090262098, 26.153484606135599 ], [ 91.730994160431607, 26.154505642698702 ], [ 91.731113627381205, 26.1548236086036 ], [ 91.731177880280299, 26.1550278816968 ], [ 91.731227823915106, 26.155216185054801 ], [ 91.731260400420595, 26.155440695516699 ], [ 91.731303613877301, 26.155682611738399 ], [ 91.731327340180599, 26.155843916624701 ], [ 91.731403640385906, 26.155965042902299 ], [ 91.731512182923396, 26.156071592316099 ], [ 91.731604816297093, 26.156158876937699 ], [ 91.731804907941907, 26.156309996498798 ], [ 91.7320398344566, 26.156481677881199 ], [ 91.732681087839097, 26.157303068675098 ], [ 91.733381548283504, 26.158309617115101 ], [ 91.733615942097401, 26.158637627301399 ], [ 91.733692211759902, 26.158794669194101 ], [ 91.733773929704697, 26.159265134854301 ], [ 91.733874178995407, 26.159682392518398 ], [ 91.733892053673003, 26.1598316441587 ], [ 91.733886907224701, 26.1599194395789 ], [ 91.733887277330595, 26.1600326486227 ], [ 91.7338847063522, 26.160196026932201 ], [ 91.733882280901, 26.1602613119144 ], [ 91.7338717661206, 26.160345080372998 ], [ 91.733882873789099, 26.160466342272201 ], [ 91.733917589183207, 26.160615130903398 ], [ 91.7339956967989, 26.160740814229801 ], [ 91.734058432443305, 26.1608418756914 ], [ 91.734152866041001, 26.1609519804258 ], [ 91.734490664028797, 26.1612609708917 ], [ 91.7345985561861, 26.161356618483602 ], [ 91.734698873748798, 26.1614858656074 ], [ 91.734746018233196, 26.161589963705101 ], [ 91.734767567918496, 26.161676502414601 ], [ 91.734787723418606, 26.1618585592344 ], [ 91.734810893664701, 26.162060880091399 ], [ 91.734859878797096, 26.162253100302902 ], [ 91.734939898926001, 26.162417859886499 ], [ 91.735063089392497, 26.1625871739116 ], [ 91.7353074832521, 26.162816290161398 ], [ 91.735683965391004, 26.163134648646398 ], [ 91.736131566252695, 26.1634588791601 ], [ 91.736204596590397, 26.163503830522 ], [ 91.736289983254693, 26.163553138160001 ], [ 91.736423542076196, 26.163617297319099 ], [ 91.736494439813399, 26.163650828578898 ], [ 91.736550996845395, 26.163689971482899 ], [ 91.736600714104796, 26.163750170966601 ], [ 91.736643667050103, 26.163901859595601 ], [ 91.736757460240398, 26.164852979310101 ], [ 91.736810937847594, 26.1653988018627 ], [ 91.736763830193993, 26.165769288352301 ], [ 91.736721803411797, 26.1660425723095 ], [ 91.736683938524294, 26.166410682338 ], [ 91.736696933553205, 26.167818146163501 ], [ 91.737171398533405, 26.167597630282099 ] ] ] ] } },
{ "type": "Feature", "properties": { "ward_number": 12, "ward_lgd_name": "Guwahati (M Corp.) - Ward No.12" }, "geometry": { "type": "MultiPolygon", "coordinates": [ [ [ [ 91.736696933553205, 26.167818146163501 ], [ 91.736683938524294, 26.166410682338 ], [ 91.736721803411797, 26.1660425723095 ], [ 91.736763830193993, 26.165769288352301 ], [ 91.736810937847594, 26.1653988018627 ], [ 91.736757460240398, 26.164852979310101 ], [ 91.736643667050103, 26.163901859595601 ], [ 91.736600714104796, 26.163750170966601 ], [ 91.736550996845395, 26.163689971482899 ], [ 91.736494439813399, 26.163650828578898 ], [ 91.736423542076196, 26.163617297319099 ], [ 91.736289983254693, 26.163553138160001 ], [ 91.736204596590397, 26.163503830522 ], [ 91.736131566252695, 26.1634588791601 ], [ 91.735683965391004, 26.163134648646398 ], [ 91.7353074832521, 26.162816290161398 ], [ 91.735063089392497, 26.1625871739116 ], [ 91.734939898926001, 26.162417859886499 ], [ 91.734859878797096, 26.162253100302902 ], [ 91.734810893664701, 26.162060880091399 ], [ 91.734787723418606, 26.1618585592344 ], [ 91.734767567918496, 26.161676502414601 ], [ 91.734746018233196, 26.161589963705101 ], [ 91.734698873748798, 26.1614858656074 ], [ 91.7345985561861, 26.161356618483602 ], [ 91.734490664028797, 26.1612609708917 ], [ 91.734152866041001, 26.1609519804258 ], [ 91.734058432443305, 26.1608418756914 ], [ 91.7339956967989, 26.160740814229801 ], [ 91.733917589183207, 26.160615130903398 ], [ 91.733882873789099, 26.160466342272201 ], [ 91.7338717661206, 26.160345080372998 ], [ 91.733882280901, 26.1602613119144 ], [ 91.7338847063522, 26.160196026932201 ], [ 91.733887277330595, 26.1600326486227 ], [ 91.733886907224701, 26.1599194395789 ], [ 91.733892053673003, 26.1598316441587 ], [ 91.733874178995407, 26.159682392518398 ], [ 91.733773929704697, 26.159265134854301 ], [ 91.733692211759902, 26.158794669194101 ], [ 91.733615942097401, 26.158637627301399 ], [ 91.733381548283504, 26.158309617115101 ], [ 91.732681087839097, 26.157303068675098 ], [ 91.7320398344566, 26.156481677881199 ], [ 91.7319796167899, 26.156552068150599 ], [ 91.731832041554995, 26.156651222261001 ], [ 91.731729048809399, 26.156724148305301 ], [ 91.731632624545099, 26.1568221121418 ], [ 91.731482551095397, 26.157022635581701 ], [ 91.731395130645197, 26.1569865665451 ], [ 91.731049118462394, 26.156817238746299 ], [ 91.7309649822529, 26.156770502840399 ], [ 91.730704486990206, 26.156768262883698 ], [ 91.730375521238201, 26.1567866856801 ], [ 91.730154298523004, 26.156759888444501 ], [ 91.730006178010797, 26.1567289967088 ], [ 91.729873869644194, 26.1566674083425 ], [ 91.729767227941807, 26.156574331489502 ], [ 91.729308578700497, 26.156159071261801 ], [ 91.729244173087906, 26.1561416046668 ], [ 91.728620365886599, 26.1561209030958 ], [ 91.728515625019398, 26.156135533044999 ], [ 91.728383110938594, 26.1561735786449 ], [ 91.728221737580895, 26.1562241714362 ], [ 91.728117930961702, 26.156252240366999 ], [ 91.728079252200502, 26.156256080079501 ], [ 91.728043314199198, 26.156242534650598 ], [ 91.728019063279802, 26.1562156308553 ], [ 91.727988095656997, 26.156166258028701 ], [ 91.727911818807897, 26.156037985502 ], [ 91.727882478034104, 26.1560293876584 ], [ 91.727852745594802, 26.156037256584199 ], [ 91.727600732225, 26.156194844633401 ], [ 91.727569041458395, 26.1561871660106 ], [ 91.727515811786304, 26.156155287988799 ], [ 91.727477855270607, 26.1561174334818 ], [ 91.727376183946703, 26.1559915677825 ], [ 91.727358710816105, 26.155946953794899 ], [ 91.727346690459299, 26.155887656594299 ], [ 91.727302766435201, 26.155716607304601 ], [ 91.727277370163804, 26.155621132480299 ], [ 91.727234079451904, 26.155517599130299 ], [ 91.727133226493294, 26.155248568095999 ], [ 91.727068874779604, 26.155225877148901 ], [ 91.727008429839103, 26.155211230959001 ], [ 91.726978550974394, 26.155160689333702 ], [ 91.726750635810404, 26.153110010196102 ], [ 91.7267275365312, 26.153018517393701 ], [ 91.726673640309102, 26.152929500809599 ], [ 91.725990120294298, 26.152301745496001 ], [ 91.725749485884194, 26.1520368613754 ], [ 91.725499843168393, 26.151828544018201 ], [ 91.724035328743796, 26.151019802753002 ], [ 91.723911257928407, 26.1509611166884 ], [ 91.723833740505896, 26.150920980109099 ], [ 91.723800130039507, 26.1508728540947 ], [ 91.723598759193806, 26.1506268799616 ], [ 91.723542422249196, 26.150560072013199 ], [ 91.7234246028097, 26.150514258499499 ], [ 91.723278983207194, 26.1504885137402 ], [ 91.723153737395407, 26.150497692573602 ], [ 91.723065777057698, 26.150492280263201 ], [ 91.723020840632202, 26.150470033503801 ], [ 91.722984876579801, 26.150438148275502 ], [ 91.722931408854095, 26.150370217760099 ], [ 91.722888014836002, 26.1502738338197 ], [ 91.7228567570574, 26.150209468149502 ], [ 91.722737904555402, 26.1500139276352 ], [ 91.7226742140017, 26.149953060648301 ], [ 91.722598314445094, 26.149909226528099 ], [ 91.722497336620606, 26.149862950710201 ], [ 91.72243092507, 26.149824595826299 ], [ 91.722344656260006, 26.149766435719201 ], [ 91.722238822143098, 26.149611759657699 ], [ 91.721639926123004, 26.148617479383699 ], [ 91.721434582927102, 26.1482719458375 ], [ 91.7213241170966, 26.1482201892189 ], [ 91.720851145116399, 26.147970186461201 ], [ 91.720804443501393, 26.1479302464165 ], [ 91.720764207959803, 26.1478851624519 ], [ 91.718699009867706, 26.144620808605001 ], [ 91.717996926167501, 26.143378844874398 ], [ 91.717207101318607, 26.1419842929702 ], [ 91.717104723020597, 26.141794548956302 ], [ 91.717015657755098, 26.141688453426301 ], [ 91.7168966606244, 26.141591007512801 ], [ 91.716640573394798, 26.141394002605001 ], [ 91.716416922533398, 26.1413129970685 ], [ 91.716234088423604, 26.1412527876208 ], [ 91.716126419048607, 26.141248960317501 ], [ 91.716068171387306, 26.141262561517301 ], [ 91.716008306758496, 26.141279860989599 ], [ 91.715918141056804, 26.141312080967801 ], [ 91.715765462492797, 26.141335058482401 ], [ 91.715432598950699, 26.141324368491201 ], [ 91.715176368889004, 26.1413449718838 ], [ 91.714911754850704, 26.141341278450401 ], [ 91.714719289004407, 26.1413736984053 ], [ 91.714585952965095, 26.141401363662901 ], [ 91.714433421724806, 26.1414457332193 ], [ 91.714300967831207, 26.141482244948602 ], [ 91.713806306028303, 26.141482781221601 ], [ 91.713677676262805, 26.141477964441599 ], [ 91.713627886239905, 26.1414668075431 ], [ 91.713063866412398, 26.1412401630032 ], [ 91.713061855084405, 26.141015308295099 ], [ 91.713178992702495, 26.140194855252499 ], [ 91.713199418595494, 26.1401064579068 ], [ 91.713238060525697, 26.1400285828663 ], [ 91.713295293989106, 26.139939509601199 ], [ 91.713592147664599, 26.139480154565899 ], [ 91.713640391686994, 26.139422053819398 ], [ 91.713685058617898, 26.1393790794416 ], [ 91.713752319076406, 26.139333147831099 ], [ 91.714741263592899, 26.138571572063501 ], [ 91.714604526532, 26.138456429307901 ], [ 91.714544042963894, 26.138417344873801 ], [ 91.714520460391, 26.138391273254701 ], [ 91.7145059624807, 26.138347920273699 ], [ 91.714476919049204, 26.138216126564501 ], [ 91.714347142135097, 26.137813901808698 ], [ 91.714317016233693, 26.1377158695967 ], [ 91.714283972604207, 26.1376523179696 ], [ 91.714229937143301, 26.1375950211531 ], [ 91.714102802174395, 26.137499652471799 ], [ 91.713996237727201, 26.137451145116199 ], [ 91.713928741011699, 26.137424609570498 ], [ 91.713897486826298, 26.137391735291999 ], [ 91.713881482441195, 26.137358776326501 ], [ 91.713883929452095, 26.137332324631 ], [ 91.7138792689924, 26.137304731796601 ], [ 91.713852957337707, 26.137264039712701 ], [ 91.713431339347295, 26.136543558124998 ], [ 91.713308609716506, 26.136433587619699 ], [ 91.713063727173505, 26.136390572625402 ], [ 91.712718066231901, 26.136348693918901 ], [ 91.712355857424498, 26.136327654155501 ], [ 91.709815575413003, 26.1364120833504 ], [ 91.707673884876101, 26.136496475386998 ], [ 91.707317579796793, 26.1365141683115 ], [ 91.707123400863296, 26.136517362698999 ], [ 91.707059748937198, 26.136535996758798 ], [ 91.706932716376201, 26.1365392709852 ], [ 91.706838880158301, 26.136524533739799 ], [ 91.706743657839795, 26.1365040633689 ], [ 91.706704586514903, 26.136475424359901 ], [ 91.706689885585206, 26.136442269165901 ], [ 91.706675545778396, 26.1364127373899 ], [ 91.706635359644096, 26.136393321043499 ], [ 91.706531161359393, 26.136388914542199 ], [ 91.706439283468697, 26.136389727454599 ], [ 91.706336560217693, 26.136379722502301 ], [ 91.706269763289797, 26.136369765936799 ], [ 91.706156091372094, 26.136316251600601 ], [ 91.706017973600495, 26.136278730179001 ], [ 91.705799074826999, 26.1362406909968 ], [ 91.705711546578996, 26.1362299610226 ], [ 91.705546111039595, 26.1362449007271 ], [ 91.705453512700103, 26.136264270323402 ], [ 91.705341616751696, 26.136312076550698 ], [ 91.705258620504296, 26.136380703965099 ], [ 91.705111425256803, 26.136479275207002 ], [ 91.705077763586402, 26.136502087541999 ], [ 91.705045529339102, 26.136513095719899 ], [ 91.705016957523199, 26.136524277285599 ], [ 91.705002439849906, 26.1365275490929 ], [ 91.704974774434106, 26.136529539435699 ], [ 91.704944061932807, 26.136527099894799 ], [ 91.704921100095802, 26.136524036960601 ], [ 91.704896499731802, 26.136517598991698 ], [ 91.704881346051295, 26.1365066601699 ], [ 91.704860003876803, 26.136488504336199 ], [ 91.704846546215506, 26.136473688857699 ], [ 91.704839296811102, 26.1364532313812 ], [ 91.704835112458497, 26.1364243439699 ], [ 91.704829057813498, 26.136389762938901 ], [ 91.704830117825594, 26.136340348659999 ], [ 91.704438030153497, 26.136161234324799 ], [ 91.704388638084296, 26.136214301952101 ], [ 91.704252548708595, 26.136392870232001 ], [ 91.704230378287406, 26.136457775784901 ], [ 91.704118216437607, 26.1366856191351 ], [ 91.704047404938706, 26.136771969860799 ], [ 91.703984208458493, 26.136822406545399 ], [ 91.703913068176206, 26.1368454268795 ], [ 91.703785767018999, 26.136892835285401 ], [ 91.7037345819124, 26.136951423584001 ], [ 91.703698453468306, 26.136991266578001 ], [ 91.703642350983799, 26.137008402166099 ], [ 91.703584069186505, 26.1370063094116 ], [ 91.703434069398696, 26.1369784076272 ], [ 91.703268901557294, 26.136962169621 ], [ 91.703035911810304, 26.136959215569799 ], [ 91.702961260911806, 26.1369629349485 ], [ 91.702857520767907, 26.136942738043398 ], [ 91.702761923851995, 26.136921316126401 ], [ 91.702704311299598, 26.136879146479099 ], [ 91.702484217766795, 26.136839767160001 ], [ 91.702406694954306, 26.136846572049201 ], [ 91.702245157204999, 26.136909788628699 ], [ 91.702171825033403, 26.1369522147182 ], [ 91.702079665970103, 26.137009852981201 ], [ 91.702021583598807, 26.137052193550101 ], [ 91.701959171347795, 26.1370766186851 ], [ 91.701873435238795, 26.137069285580601 ], [ 91.701565524200404, 26.137008245713499 ], [ 91.701344404791499, 26.1369622430086 ], [ 91.701182535563902, 26.136939300923999 ], [ 91.701108355382601, 26.1369349920245 ], [ 91.701060062851298, 26.1369480074327 ], [ 91.701023302891599, 26.136993770625601 ], [ 91.701002923711002, 26.1370507733807 ], [ 91.700967174355895, 26.137170915126301 ], [ 91.700941939781302, 26.137275576046601 ], [ 91.700936062104404, 26.137407202268601 ], [ 91.700913333829405, 26.137531767041398 ], [ 91.700871537914196, 26.137593106634998 ], [ 91.700830531618095, 26.137628432471502 ], [ 91.700775200786495, 26.137663740555301 ], [ 91.700679826652802, 26.137717933306199 ], [ 91.7005948828578, 26.137769650226701 ], [ 91.7003940716626, 26.137886792043702 ], [ 91.700284180753897, 26.137944255652201 ], [ 91.700209435532301, 26.137991178129301 ], [ 91.700157440145404, 26.138025985298398 ], [ 91.700023644168695, 26.138146622006399 ], [ 91.699929177333303, 26.138222950728299 ], [ 91.699848744877798, 26.138272902111101 ], [ 91.699778067227797, 26.138300560845401 ], [ 91.699726148197698, 26.138315255931499 ], [ 91.699686452543602, 26.1383219542837 ], [ 91.699631640938193, 26.138323322824899 ], [ 91.699593082551303, 26.1383231502451 ], [ 91.699518143293602, 26.1383107075679 ], [ 91.6993558850954, 26.1382769101562 ], [ 91.6991165505476, 26.138247572391698 ], [ 91.698739969593902, 26.138180321875499 ], [ 91.698538951786205, 26.138143518792099 ], [ 91.698416166459893, 26.138152661499799 ], [ 91.698314709833397, 26.138179814619502 ], [ 91.698201173561202, 26.138236796634398 ], [ 91.698110772500996, 26.138280960136498 ], [ 91.698054380759004, 26.138303027768401 ], [ 91.697968799160193, 26.138313927712598 ], [ 91.697900628708197, 26.138311738207701 ], [ 91.6978336619987, 26.1382889963872 ], [ 91.697706448876403, 26.138265984402299 ], [ 91.697633819187402, 26.138251733662798 ], [ 91.6975768552186, 26.138263985218199 ], [ 91.697466723561405, 26.138351012192299 ], [ 91.697368552972193, 26.138488583130201 ], [ 91.697142116435103, 26.1387679696427 ], [ 91.696990113404198, 26.138883933050501 ], [ 91.696911731802402, 26.1389384534573 ], [ 91.696848230793293, 26.1389545186098 ], [ 91.696774302140398, 26.138952492824899 ], [ 91.696823802007501, 26.139093212210401 ], [ 91.696859552260804, 26.139228993587398 ], [ 91.6968870523866, 26.139643743100098 ], [ 91.6969173022555, 26.139912835913901 ], [ 91.696963021113604, 26.1402320746157 ], [ 91.697010286870594, 26.140529093628299 ], [ 91.697087630918205, 26.1407721084753 ], [ 91.697126303391201, 26.141076840407901 ], [ 91.697164974965901, 26.141358427915701 ], [ 91.697195053256493, 26.141589868840899 ], [ 91.697266553763299, 26.1418409045834 ], [ 91.697302304016603, 26.141969277389901 ], [ 91.697316053630402, 26.142080368445502 ], [ 91.697291303247596, 26.142134679302998 ], [ 91.697269303506303, 26.142191459395399 ], [ 91.6972500535081, 26.142270457949099 ], [ 91.697247303764996, 26.142332174876799 ], [ 91.697269303506303, 26.142388954873098 ], [ 91.697329804142399, 26.142539544708399 ], [ 91.697357303369898, 26.142618542220202 ], [ 91.697379304009502, 26.142695071235501 ], [ 91.697376554266398, 26.142776537889802 ], [ 91.697321554014806, 26.143136964433499 ], [ 91.697269303506303, 26.1433492696938 ], [ 91.697104302751598, 26.143855344957501 ], [ 91.697008052760495, 26.144208362131099 ], [ 91.696988802762206, 26.1443120458297 ], [ 91.696966803020899, 26.1444231346557 ], [ 91.696966803020899, 26.144571252657201 ], [ 91.696977802891595, 26.1447267772838 ], [ 91.696994632828407, 26.1449568535506 ], [ 91.697195273343794, 26.145165404127699 ], [ 91.697420553748998, 26.145329715292601 ], [ 91.697652874251204, 26.145541424668998 ], [ 91.697922155037404, 26.145838448719701 ], [ 91.698210796314598, 26.146174969157201 ], [ 91.698319916468805, 26.146323480874099 ], [ 91.698383276442399, 26.146418274647601 ], [ 91.698450156913594, 26.146555726409598 ], [ 91.698474796803495, 26.146666319589698 ], [ 91.698495917094206, 26.146846428212701 ], [ 91.6985064767903, 26.1469080443416 ], [ 91.698569836763994, 26.146982299757301 ], [ 91.698649036730998, 26.147067613917201 ], [ 91.698890158027993, 26.147389912635699 ], [ 91.698942957407098, 26.147481546130098 ], [ 91.698971117794599, 26.147551061258099 ], [ 91.699008078078705, 26.147628475673599 ], [ 91.699055598058905, 26.147679031850899 ], [ 91.699113678633594, 26.147748546861202 ], [ 91.699162958413396, 26.147789623966599 ], [ 91.699203438296806, 26.147797523284201 ], [ 91.699307279052107, 26.147726428599899 ], [ 91.699474478882607, 26.1475542206691 ], [ 91.699497358972906, 26.1475447416294 ], [ 91.699541359353901, 26.147546321335 ], [ 91.699581839237197, 26.147570020141998 ], [ 91.699896880203895, 26.147751707073201 ], [ 91.700592081910699, 26.148189334734798 ], [ 91.700970482851105, 26.148426316445001 ], [ 91.701326003701297, 26.148641179586001 ], [ 91.701653365062199, 26.148819705472999 ], [ 91.702008885912207, 26.1490013904587 ], [ 91.702440086231803, 26.149249429910899 ], [ 91.702693527024607, 26.149391617380601 ], [ 91.702737527405503, 26.149427954867399 ], [ 91.702788567883303, 26.149472190740799 ], [ 91.702814967572905, 26.149508527396101 ], [ 91.702851927856898, 26.149568562441399 ], [ 91.702945208017695, 26.149799221844201 ], [ 91.703103607951803, 26.150197346059901 ], [ 91.703219769101196, 26.1505543919932 ], [ 91.703240888493497, 26.150639704348102 ], [ 91.703239128693895, 26.150723436171798 ], [ 91.703240888493497, 26.150856143074801 ], [ 91.703244408991097, 26.151039404548399 ], [ 91.703233848396593, 26.151115236992698 ], [ 91.703200408610201, 26.151287439668899 ], [ 91.703188088216095, 26.151380650562999 ], [ 91.703206111115605, 26.1514010618802 ], [ 91.7032353970922, 26.151405105760599 ], [ 91.703424633495004, 26.151442516687698 ], [ 91.703488837885004, 26.151457683450602 ], [ 91.703537273248401, 26.1514910488707 ], [ 91.703553043173201, 26.151518348869999 ], [ 91.703565433636001, 26.1515507039088 ], [ 91.703574444636601, 26.1515951921732 ], [ 91.703580077073397, 26.151651812842999 ], [ 91.703577824098701, 26.1517377557714 ], [ 91.703574444636601, 26.151806510391101 ], [ 91.7035586747118, 26.151860098261501 ], [ 91.703529388735205, 26.1519116637729 ], [ 91.703467436421604, 26.1519612077341 ], [ 91.703434770982994, 26.1520046846755 ], [ 91.703424633495004, 26.152055238956901 ], [ 91.703417874570803, 26.152110849044298 ], [ 91.703423507007599, 26.152274644848699 ], [ 91.703425759982295, 26.152539550200999 ], [ 91.703438009409595, 26.152638194077401 ], [ 91.703459129700207, 26.152691908162598 ], [ 91.703483769590093, 26.152734563163399 ], [ 91.703518969176201, 26.152819873118101 ], [ 91.703606969938093, 26.1530236699436 ], [ 91.703670329911702, 26.153210088077302 ], [ 91.703700250098905, 26.1533111955736 ], [ 91.7037125695947, 26.153372808289198 ], [ 91.703735449684999, 26.153404404851099 ], [ 91.703761850272798, 26.153429681288198 ], [ 91.703782969665198, 26.1534470595914 ], [ 91.703786490162798, 26.1534754960763 ], [ 91.703723130189104, 26.153508672235301 ], [ 91.703689689504401, 26.153533948649699 ], [ 91.703684410105495, 26.153559225865099 ], [ 91.7037125695947, 26.153586082698698 ], [ 91.7037636100725, 26.153603460172299 ], [ 91.7038392904402, 26.153620838449701 ], [ 91.703914970807901, 26.1536192588263 ], [ 91.703967770187106, 26.1536318966191 ], [ 91.704008250968698, 26.153652434138099 ], [ 91.704066330645105, 26.153695089594098 ], [ 91.704131451316698, 26.153761440971401 ], [ 91.704150810909397, 26.1538372716468 ], [ 91.704154331406997, 26.153875187369099 ], [ 91.704170171400406, 26.153927320459299 ], [ 91.704207130786102, 26.153960496489901 ], [ 91.704288091451104, 26.1539826135695 ], [ 91.704354971922299, 26.154003151026899 ], [ 91.704414811398394, 26.154036327035801 ], [ 91.7045028121602, 26.154090040477399 ], [ 91.704566172133894, 26.154139014238901 ], [ 91.704634812404706, 26.1542053653639 ], [ 91.704682332384905, 26.154255919498102 ], [ 91.704740412959595, 26.154309632032199 ], [ 91.704773852746001, 26.154342807954102 ], [ 91.704817853126997, 26.1543728238338 ], [ 91.704865373107197, 26.154402840512201 ], [ 91.704935773177695, 26.154439175632099 ], [ 91.704985052957596, 26.1544612926211 ], [ 91.705066013622499, 26.154489728858699 ], [ 91.705178653375995, 26.1545213251182 ], [ 91.705347613904493, 26.1545687190882 ], [ 91.7055359349241, 26.1546303311397 ], [ 91.705659135272001, 26.154682463892499 ], [ 91.705796414915397, 26.154728278188699 ], [ 91.705887935276607, 26.1547804108977 ], [ 91.706034015714806, 26.1548546613041 ], [ 91.706162496359994, 26.1549304912689 ], [ 91.706282176210394, 26.155031597274501 ], [ 91.706364896674998, 26.155123225574599 ], [ 91.706526817106607, 26.155331757177699 ], [ 91.706607776873298, 26.155421804836799 ], [ 91.706671137745303, 26.155488155232199 ], [ 91.706771458002905, 26.155570303979701 ], [ 91.706862977465704, 26.1556255963113 ], [ 91.707056578782499, 26.155734601301099 ], [ 91.707229058910301, 26.155838866602799 ], [ 91.707394498941298, 26.155913116335601 ], [ 91.707545859676799, 26.1559747276773 ], [ 91.707688419617398, 26.156025280238499 ], [ 91.707797540669901, 26.1560600352629 ], [ 91.707913700920997, 26.156104268621998 ], [ 91.707928636310896, 26.156113309938601 ], [ 91.708016453816398, 26.155886618046399 ], [ 91.708073716025893, 26.155722408022399 ], [ 91.708100099545803, 26.155448554 ], [ 91.708136511857504, 26.155091715755599 ], [ 91.708109216547598, 26.154940511564199 ], [ 91.708100871198596, 26.1548772668521 ], [ 91.708122408307602, 26.1548035833125 ], [ 91.708167623210798, 26.154746989168402 ], [ 91.708214645524293, 26.1547085117145 ], [ 91.708287725269301, 26.154666112237098 ], [ 91.708395718936103, 26.1546351506022 ], [ 91.708619177558006, 26.1545828525296 ], [ 91.7090271627156, 26.154389095703099 ], [ 91.709351604551898, 26.154269989276798 ], [ 91.7096159401124, 26.154166558745398 ], [ 91.709816309336503, 26.154052862624798 ], [ 91.709946405152607, 26.153929407266101 ], [ 91.709965230247704, 26.153837725616299 ], [ 91.710005989507096, 26.153723736473399 ], [ 91.710111703249794, 26.1535725651819 ], [ 91.710195860120507, 26.153498458294901 ], [ 91.710380838508897, 26.153402548649101 ], [ 91.710688618393206, 26.153307608956201 ], [ 91.711074626267404, 26.153193824106999 ], [ 91.711372663024207, 26.153096813549499 ], [ 91.711573268505205, 26.153055574624101 ], [ 91.711814307157198, 26.1530436140993 ], [ 91.712184377121602, 26.1531062663352 ], [ 91.712363254152606, 26.1531291391221 ], [ 91.712501945049297, 26.153132597536199 ], [ 91.712527335930801, 26.1529833647411 ], [ 91.712585412013894, 26.1528150672885 ], [ 91.712801095716998, 26.152660395268001 ], [ 91.712962227427795, 26.152574757012701 ], [ 91.713056966452598, 26.152525137515202 ], [ 91.713129894382405, 26.152436364072301 ], [ 91.713208998229604, 26.1523401543975 ], [ 91.713402276152905, 26.152499200482001 ], [ 91.713489758586803, 26.152592974046001 ], [ 91.713560068825799, 26.152636993424601 ], [ 91.713621371657496, 26.1526682241036 ], [ 91.713702526358503, 26.1527230589985 ], [ 91.714004822028102, 26.152804309809301 ], [ 91.714216534279302, 26.152854492018299 ], [ 91.714678158740796, 26.153125640390801 ], [ 91.714803175482302, 26.153244884257401 ], [ 91.714917648697295, 26.153348174495701 ], [ 91.715036037668597, 26.153433617854699 ], [ 91.715142436825801, 26.153488615271101 ], [ 91.715224615606303, 26.1535455591718 ], [ 91.715280707310896, 26.1535775733721 ], [ 91.715333514774898, 26.153597068300702 ], [ 91.715373218513804, 26.153595337084699 ], [ 91.715407800058998, 26.153583060529201 ], [ 91.715440695466398, 26.153570188891901 ], [ 91.715515944642803, 26.153549529600699 ], [ 91.715581103043604, 26.1535541523604 ], [ 91.7156989188898, 26.153629780778701 ], [ 91.715751034651007, 26.1536708800041 ], [ 91.715821434721505, 26.153703569883898 ], [ 91.715883038488698, 26.153729662273101 ], [ 91.715958589498996, 26.153752806674699 ], [ 91.716001366374599, 26.153757402817099 ], [ 91.716040768279498, 26.153760809606698 ], [ 91.716088846113607, 26.153753291285501 ], [ 91.716177530493297, 26.153728630156799 ], [ 91.716261002847901, 26.1537047527863 ], [ 91.716301519562094, 26.153698938260401 ], [ 91.716359417778804, 26.153700126807301 ], [ 91.716433493755503, 26.153728868833699 ], [ 91.716555557734594, 26.153810364877799 ], [ 91.716652588361697, 26.153897890673999 ], [ 91.716684461486295, 26.153980793662001 ], [ 91.716705307790804, 26.1540265985576 ], [ 91.716731335577805, 26.154042768070099 ], [ 91.716980008113097, 26.154010721743902 ], [ 91.717149033320297, 26.153996036697201 ], [ 91.717665144197099, 26.153895737746801 ], [ 91.717932072295596, 26.153875372827301 ], [ 91.718330763483294, 26.153878746553499 ], [ 91.718414778420197, 26.153884774750502 ], [ 91.718492648880598, 26.1538781490557 ], [ 91.718555788767006, 26.153858463071501 ], [ 91.718640948157599, 26.1538351800003 ], [ 91.718751623295603, 26.153827012580098 ], [ 91.719285237845696, 26.153751238341901 ], [ 91.719422391725004, 26.153751534268999 ], [ 91.720144131461893, 26.153746465610698 ], [ 91.720367891917704, 26.153737971616199 ], [ 91.720677416330304, 26.153744861798799 ], [ 91.720724078419494, 26.1537517019879 ], [ 91.720741882130099, 26.153771089644 ], [ 91.720760197880395, 26.153791531184101 ], [ 91.720787098829902, 26.153812378309699 ], [ 91.720853672975593, 26.153851584184299 ], [ 91.720926964723006, 26.153864318712699 ], [ 91.720954227693596, 26.1538887895166 ], [ 91.720967032279603, 26.153964094376001 ], [ 91.720973811865093, 26.154044267053902 ], [ 91.720985500743595, 26.154079850778 ], [ 91.720998725741197, 26.154118598562601 ], [ 91.721018186843494, 26.154158671147599 ], [ 91.721051233167799, 26.154192172872801 ], [ 91.721118259166104, 26.1542236724524 ], [ 91.721168566618701, 26.1542466554885 ], [ 91.721247824976203, 26.1543436449316 ], [ 91.721496443612494, 26.154645428949902 ], [ 91.721629112203601, 26.154751637683301 ], [ 91.721653844619993, 26.154799686302599 ], [ 91.721674480718704, 26.154839299043701 ], [ 91.721694091839694, 26.154876802404299 ], [ 91.721701361905303, 26.155369649030799 ], [ 91.721721155384202, 26.155482375467301 ], [ 91.721743447976294, 26.155542672721101 ], [ 91.721768331309704, 26.1555881528597 ], [ 91.721795865571494, 26.155627575039802 ], [ 91.721828249837401, 26.155662590626399 ], [ 91.721857410049907, 26.155693847104398 ], [ 91.721908079523502, 26.155720453485301 ], [ 91.7222201380835, 26.155948469687001 ], [ 91.722256709397001, 26.1559805920819 ], [ 91.722285056634107, 26.156015931705301 ], [ 91.722307740891694, 26.156059761918701 ], [ 91.722319526788198, 26.1564266012434 ], [ 91.722313833266, 26.156455181333701 ], [ 91.7222705784867, 26.156454153273099 ], [ 91.722109925577996, 26.156487280205798 ], [ 91.721986206902102, 26.156531923820602 ], [ 91.721934635519901, 26.1565696709525 ], [ 91.721873786337497, 26.1566286170568 ], [ 91.721851797376004, 26.156710004641099 ], [ 91.721825862115395, 26.156780387515902 ], [ 91.721811072252606, 26.156807508080998 ], [ 91.721770797185101, 26.156848365097499 ], [ 91.721716755436006, 26.156869510015099 ], [ 91.721641295155493, 26.1568839769939 ], [ 91.721518720933304, 26.156899309957598 ], [ 91.721431994880803, 26.156939518661702 ], [ 91.721375362390305, 26.156975481278799 ], [ 91.721310144700695, 26.157011038306798 ], [ 91.721242698290894, 26.157065036621699 ], [ 91.721191850052506, 26.157110029957199 ], [ 91.721150249969995, 26.157153914589198 ], [ 91.721121241572902, 26.157217970834498 ], [ 91.721138328427898, 26.157523752383099 ], [ 91.721132515429701, 26.157583751858201 ], [ 91.721113899642006, 26.1576173880607 ], [ 91.721086758842404, 26.157659380083398 ], [ 91.721057418966893, 26.1576997223736 ], [ 91.720979760508897, 26.157761480326901 ], [ 91.720909452066493, 26.157815342833899 ], [ 91.720842337134997, 26.1578441128738 ], [ 91.720773685186103, 26.157869719743299 ], [ 91.720669064693197, 26.157901870636501 ], [ 91.720468953285504, 26.157996482453601 ], [ 91.720392409636801, 26.158049019276699 ], [ 91.720371383669203, 26.158074814778001 ], [ 91.720346592862299, 26.158115886635699 ], [ 91.720331712269598, 26.158154336357601 ], [ 91.720345999075903, 26.158566620658899 ], [ 91.720345156456204, 26.158590793755401 ], [ 91.720327202726907, 26.158622915422701 ], [ 91.720293916552393, 26.158652252903501 ], [ 91.720254665564397, 26.1586952177657 ], [ 91.720195232126898, 26.158739805706901 ], [ 91.720173845036598, 26.158761977515599 ], [ 91.720182159842807, 26.158796370499601 ], [ 91.720220357106996, 26.158820325845898 ], [ 91.7205510036069, 26.159132668924801 ], [ 91.720801098175301, 26.1593799039209 ], [ 91.720912136232599, 26.159473238970801 ], [ 91.720976512200806, 26.1595107940575 ], [ 91.721039290964498, 26.159536425556599 ], [ 91.721102370663701, 26.159556919302201 ], [ 91.7213086903282, 26.1595816017754 ], [ 91.721595531381695, 26.159593602751301 ], [ 91.721797692744701, 26.159601088444099 ], [ 91.721856860280894, 26.1597862463044 ], [ 91.721908887108896, 26.159936550837099 ], [ 91.721942959309303, 26.1600210992186 ], [ 91.721983808400196, 26.160087937226699 ], [ 91.722077856620601, 26.160157802033702 ], [ 91.722172115046703, 26.160184920200901 ], [ 91.722275109589006, 26.160209874263099 ], [ 91.722593281184501, 26.160323807884499 ], [ 91.722697330349007, 26.160379721229098 ], [ 91.722785323026002, 26.160425603435499 ], [ 91.7228280397144, 26.160470378581799 ], [ 91.722860996207203, 26.160515206926199 ], [ 91.7229198592145, 26.160558683098898 ], [ 91.723044815768901, 26.1606691589954 ], [ 91.7230922926299, 26.160720855264099 ], [ 91.723120819530095, 26.160733535021102 ], [ 91.723168927906798, 26.1607548679068 ], [ 91.723204595515199, 26.160802399639199 ], [ 91.723236619556701, 26.160882729682399 ], [ 91.723254152874404, 26.1609361021357 ], [ 91.723276837132005, 26.160979930500599 ], [ 91.723305907512895, 26.161022514742701 ], [ 91.723362360340303, 26.1610581503598 ], [ 91.723703276380505, 26.1612246717606 ], [ 91.724300490754402, 26.1615619597553 ], [ 91.724648348975194, 26.161783298172701 ], [ 91.724940128965997, 26.162482897709602 ], [ 91.725246872194504, 26.1630699353098 ], [ 91.725279915823904, 26.163133473096099 ], [ 91.725285565328704, 26.163190082522199 ], [ 91.7252687156289, 26.163263337470099 ], [ 91.725262551389505, 26.163322609152001 ], [ 91.725254361449004, 26.163355222956199 ], [ 91.725257516332306, 26.163393202505802 ], [ 91.725266647707201, 26.163421000416101 ], [ 91.725277850597095, 26.163444066299 ], [ 91.725304209862401, 26.1634533602166 ], [ 91.725346383070104, 26.163468229515701 ], [ 91.7256033317841, 26.1634755343545 ], [ 91.725664378595795, 26.163443806678799 ], [ 91.725841215552805, 26.163425595371201 ], [ 91.725989905596904, 26.163443885693599 ], [ 91.726135724625394, 26.1634652600099 ], [ 91.726225344151402, 26.163496858675899 ], [ 91.726262999731503, 26.1635429057484 ], [ 91.726277263181601, 26.163590262995999 ], [ 91.726306681210502, 26.163623848283802 ], [ 91.726341418164196, 26.163627903834598 ], [ 91.726541884406402, 26.1636808340009 ], [ 91.726595167079097, 26.163705082633399 ], [ 91.726698954833793, 26.163770351138599 ], [ 91.726761509916898, 26.163804695882099 ], [ 91.726851223766005, 26.163849981713199 ], [ 91.726897868787205, 26.163865063010999 ], [ 91.726932229346801, 26.163890832231701 ], [ 91.726989323571303, 26.163895943181601 ], [ 91.727036015304805, 26.16387963555 ], [ 91.727086754846994, 26.163840176651401 ], [ 91.727138764607005, 26.163794339326799 ], [ 91.727181784926003, 26.163779468456799 ], [ 91.727635575179903, 26.163809751203001 ], [ 91.727672806755194, 26.163832436448999 ], [ 91.727746381472002, 26.1641683317327 ], [ 91.727814774706104, 26.164286661291801 ], [ 91.727840010179094, 26.1645904908845 ], [ 91.727908266869306, 26.164955914189601 ], [ 91.727959764589599, 26.16517888449 ], [ 91.727966356427103, 26.165295903655899 ], [ 91.727960662006595, 26.165347147980501 ], [ 91.727930020472201, 26.165365017939699 ], [ 91.727900650053996, 26.165376508763998 ], [ 91.727847415890295, 26.1653973368878 ], [ 91.727792676150102, 26.165428556894401 ], [ 91.727798467588798, 26.1655439286221 ], [ 91.727824922075598, 26.165643373404599 ], [ 91.727837679050893, 26.165701122467699 ], [ 91.727855047976902, 26.165741382157002 ], [ 91.727876653357796, 26.165785865816002 ], [ 91.727914074477596, 26.165835925533401 ], [ 91.727941799182204, 26.165928990964801 ], [ 91.727968865421701, 26.166002708595901 ], [ 91.727986469706394, 26.1660389546395 ], [ 91.728012405865201, 26.166101349956801 ], [ 91.728046390030798, 26.166148832747499 ], [ 91.728096238444195, 26.1662469668508 ], [ 91.728132765740298, 26.166358155731199 ], [ 91.728137568133803, 26.166444503851899 ], [ 91.728130651106099, 26.166547201094701 ], [ 91.728105377903901, 26.1666570811425 ], [ 91.728026023426594, 26.166817527514599 ], [ 91.727984039763498, 26.1669064964134 ], [ 91.727948880601602, 26.166955543000402 ], [ 91.727905719247204, 26.166988113863599 ], [ 91.727848578310301, 26.167014391137499 ], [ 91.727772045441299, 26.1670502160047 ], [ 91.727698148229393, 26.167086970465601 ], [ 91.727636535478993, 26.1671130356738 ], [ 91.727535990642494, 26.167162159573699 ], [ 91.727553590435505, 26.167179535831099 ], [ 91.727562390332096, 26.167200070964899 ], [ 91.727588790021699, 26.167222185534399 ], [ 91.727599350616103, 26.167236402098698 ], [ 91.727623990506103, 26.167249039222401 ], [ 91.727673270285905, 26.167260096099898 ], [ 91.727748950653606, 26.167260096099898 ], [ 91.728542383136798, 26.167278064934401 ], [ 91.729414135238002, 26.167283000780198 ], [ 91.730316255785596, 26.1672598719631 ], [ 91.730940646891796, 26.1673201292664 ], [ 91.731770891436994, 26.167633479157502 ], [ 91.731883641683197, 26.167633479157502 ], [ 91.732067891537895, 26.167658160727701 ], [ 91.732359392152702, 26.167727268774101 ], [ 91.732540893162493, 26.167761822781902 ], [ 91.732659142895002, 26.167779099781999 ], [ 91.732826893392797, 26.167784036412801 ], [ 91.733893896117607, 26.167850676473702 ], [ 91.7341881473738, 26.167877825908199 ], [ 91.734320147618305, 26.1678975708009 ], [ 91.734479647988493, 26.1679419980067 ], [ 91.734658398356999, 26.1679839564814 ], [ 91.7348178987273, 26.168016042505801 ], [ 91.734974649354498, 26.168038255281999 ], [ 91.735340400219002, 26.168058000953799 ], [ 91.735557650583999, 26.168075277909999 ], [ 91.735703401340501, 26.168082681628 ], [ 91.735838151328096, 26.168097490674899 ], [ 91.736019651439705, 26.168117236336698 ], [ 91.736236902702899, 26.1681493215182 ], [ 91.7364734030661, 26.168183876207198 ], [ 91.736491765528797, 26.1681849710825 ], [ 91.736544905369399, 26.1681881396097 ], [ 91.736702224630207, 26.1681884774246 ], [ 91.736696933553205, 26.167818146163501 ] ] ] ] } },
{ "type": "Feature", "properties": { "ward_number": 15, "ward_lgd_name": "Guwahati (M Corp.) - Ward No.15" }, "geometry": { "type": "MultiPolygon", "coordinates": [ [ [ [ 91.742032041500295, 26.168299871657499 ], [ 91.742016691088693, 26.1679804211084 ], [ 91.742010899650097, 26.167865051791299 ], [ 91.741986469067598, 26.167792264936502 ], [ 91.741965428726999, 26.167753442682098 ], [ 91.741371939666607, 26.167750368473701 ], [ 91.740702859171606, 26.167767065786101 ], [ 91.740466622014793, 26.1677889101563 ], [ 91.740083624395098, 26.167805433314602 ], [ 91.739149735825706, 26.167857113520199 ], [ 91.7378082322046, 26.167901618946999 ], [ 91.737630736782606, 26.167900481338101 ], [ 91.737436578510298, 26.167923507635301 ], [ 91.737275510579906, 26.167978681237201 ], [ 91.736702224630207, 26.1681884774246 ], [ 91.736544905369399, 26.1681881396097 ], [ 91.736491765528797, 26.1681849710825 ], [ 91.7364734030661, 26.168183876207198 ], [ 91.736472887433095, 26.168236044020698 ], [ 91.736459915760406, 26.168466556866001 ], [ 91.736338609959404, 26.170622208965 ], [ 91.736266636938794, 26.171387941226499 ], [ 91.735755307794193, 26.1720473772133 ], [ 91.734702570316102, 26.173323819503601 ], [ 91.733611161263397, 26.174688941508499 ], [ 91.732648658657297, 26.175787969368599 ], [ 91.731660375300805, 26.176863848668301 ], [ 91.731843491481598, 26.177032280716901 ], [ 91.7320595659519, 26.177237278362199 ], [ 91.732866177618504, 26.1781201459881 ], [ 91.7341024184513, 26.1794284579425 ], [ 91.734243758479707, 26.179620130354301 ], [ 91.734304002197604, 26.179582153671898 ], [ 91.734816675221893, 26.1792589748935 ], [ 91.735809734920693, 26.178632966380199 ], [ 91.737024320965205, 26.1778925883157 ], [ 91.738743075683104, 26.176720312891 ], [ 91.739873634214305, 26.175979922677001 ], [ 91.739934439379297, 26.175863105300401 ], [ 91.739988217023694, 26.1757007671577 ], [ 91.740022440141104, 26.175007536041299 ], [ 91.740066439623703, 26.174595105895499 ], [ 91.740066439623703, 26.174454704239601 ], [ 91.740056662360203, 26.174309914275401 ], [ 91.7400419955665, 26.174156348647799 ], [ 91.739983328392, 26.173954519598102 ], [ 91.739924662115698, 26.1737351399752 ], [ 91.739895328528405, 26.173458721787998 ], [ 91.739865994941098, 26.1731515888941 ], [ 91.739851328147495, 26.172883943290898 ], [ 91.739848426589106, 26.172831860596499 ], [ 91.739858679959795, 26.1726968624539 ], [ 91.739868619818395, 26.172625218596899 ], [ 91.739893409727003, 26.172535218080601 ], [ 91.739928863536306, 26.172429752743799 ], [ 91.739984138672298, 26.172319041287501 ], [ 91.740128728805502, 26.172104378163201 ], [ 91.740324228262494, 26.171853485736801 ], [ 91.740489785972699, 26.171653203861698 ], [ 91.740615218634105, 26.1714912049178 ], [ 91.740838733849898, 26.1712519360558 ], [ 91.741124062140301, 26.170996011778701 ], [ 91.741336914353596, 26.170821141381801 ], [ 91.741743070541403, 26.1705405303668 ], [ 91.741839013308606, 26.170470371057799 ], [ 91.741978756132596, 26.170357980790701 ], [ 91.742092291506395, 26.1702520797344 ], [ 91.742272759453698, 26.170042196962399 ], [ 91.742511818218802, 26.169762965951101 ], [ 91.7426488481306, 26.1695989367092 ], [ 91.742357122038698, 26.169317820469399 ], [ 91.7422133691353, 26.169214707231301 ], [ 91.7421438116845, 26.169157850797198 ], [ 91.742095762596605, 26.169096344779799 ], [ 91.742069132040001, 26.169041515969202 ], [ 91.742053434878798, 26.168937237476001 ], [ 91.742046684039394, 26.168788052312401 ], [ 91.742034447188601, 26.168534200303899 ], [ 91.742032041500295, 26.168299871657499 ] ] ] ] } },
{ "type": "Feature", "properties": { "ward_number": 18, "ward_lgd_name": "Guwahati (M Corp.) - Ward No.18" }, "geometry": { "type": "MultiPolygon", "coordinates": [ [ [ [ 91.748993260910098, 26.178512061158099 ], [ 91.749091216801901, 26.178500863461899 ], [ 91.749181803813499, 26.1785039688274 ], [ 91.749323322606699, 26.1785071346556 ], [ 91.749911883509498, 26.178559538088098 ], [ 91.750555590190999, 26.1785846575136 ], [ 91.750806229138405, 26.178570659192602 ], [ 91.7506846385714, 26.1784775288784 ], [ 91.750622471560504, 26.178418709906399 ], [ 91.750597881077894, 26.178389043644 ], [ 91.750573838567604, 26.178350027406399 ], [ 91.750557496415993, 26.178307999301001 ], [ 91.750527592398498, 26.1781878112347 ], [ 91.750381809302596, 26.177383998709701 ], [ 91.750346159660594, 26.177230655606301 ], [ 91.750292101741707, 26.177119365035701 ], [ 91.750233943911894, 26.1770236199267 ], [ 91.7501929394125, 26.176907222810001 ], [ 91.750183900564096, 26.1768166580481 ], [ 91.750155698854002, 26.176726618846299 ], [ 91.749993178347793, 26.175800390313199 ], [ 91.749828847736197, 26.175056192247499 ], [ 91.749699523573, 26.174672828067202 ], [ 91.749535468744199, 26.174217958414101 ], [ 91.749332598610394, 26.173761255294099 ], [ 91.748527250873295, 26.1721617709049 ], [ 91.747468036542003, 26.170223866633101 ], [ 91.746695257225596, 26.1688027540403 ], [ 91.746615800340393, 26.1686566340206 ], [ 91.746377174563307, 26.168655884219501 ], [ 91.7455861926842, 26.1687369223731 ], [ 91.744557654921607, 26.1688266694383 ], [ 91.744291686223804, 26.168852205366498 ], [ 91.744008239005595, 26.1688974287698 ], [ 91.743812121507702, 26.168945603784799 ], [ 91.743744464892103, 26.168963507860699 ], [ 91.743624745515902, 26.169011773952899 ], [ 91.743291943957601, 26.169174813965299 ], [ 91.743010658086007, 26.169339113085702 ], [ 91.7426488481306, 26.1695989367092 ], [ 91.742511818218802, 26.169762965951101 ], [ 91.742272759453698, 26.170042196962399 ], [ 91.742092291506395, 26.1702520797344 ], [ 91.741978756132596, 26.170357980790701 ], [ 91.741839013308606, 26.170470371057799 ], [ 91.741743070541403, 26.1705405303668 ], [ 91.741336914353596, 26.170821141381801 ], [ 91.741124062140301, 26.170996011778701 ], [ 91.740838733849898, 26.1712519360558 ], [ 91.740615218634105, 26.1714912049178 ], [ 91.740489785972699, 26.171653203861698 ], [ 91.740324228262494, 26.171853485736801 ], [ 91.740128728805502, 26.172104378163201 ], [ 91.739984138672298, 26.172319041287501 ], [ 91.739928863536306, 26.172429752743799 ], [ 91.739893409727003, 26.172535218080601 ], [ 91.739868619818395, 26.172625218596899 ], [ 91.739858679959795, 26.1726968624539 ], [ 91.739848426589106, 26.172831860596499 ], [ 91.740741108538103, 26.1738930935065 ], [ 91.741542888166805, 26.174840809394102 ], [ 91.742080667306595, 26.175463840857599 ], [ 91.742638001871796, 26.176060542972301 ], [ 91.742462001246395, 26.176253593856 ], [ 91.742320223738403, 26.176358893690299 ], [ 91.742188222595601, 26.176451030866499 ], [ 91.742080667306595, 26.176538780720701 ], [ 91.741850889036698, 26.1767493805851 ], [ 91.741709110630396, 26.176946816755699 ], [ 91.741484220992206, 26.177201289746101 ], [ 91.741430443347795, 26.177267102122499 ], [ 91.742154000376502, 26.177855020606899 ], [ 91.743068224824299, 26.178557009135101 ], [ 91.744500672986504, 26.179739137529801 ], [ 91.744803174370205, 26.179983458907898 ], [ 91.744888424490696, 26.180035284466701 ], [ 91.745003924480002, 26.180094513763802 ], [ 91.745102669092702, 26.180134046164898 ], [ 91.7452074252312, 26.1801611467878 ], [ 91.745311925349895, 26.180180889600098 ], [ 91.745441175851298, 26.180203100864599 ], [ 91.745608926349107, 26.180222843669799 ], [ 91.745746426079805, 26.1802376511746 ], [ 91.746179423029901, 26.1802773471771 ], [ 91.747654080332296, 26.1804119858623 ], [ 91.747828005849399, 26.179603425871701 ], [ 91.747833252010693, 26.179496540828001 ], [ 91.747849798978194, 26.179423152582 ], [ 91.747888141769494, 26.1793434689565 ], [ 91.748319196561894, 26.1789713286215 ], [ 91.748826826444201, 26.178588591618698 ], [ 91.748915904285994, 26.1785394685025 ], [ 91.748993260910098, 26.178512061158099 ] ] ] ] } },
{ "type": "Feature", "properties": { "ward_number": 30, "ward_lgd_name": "Guwahati (M Corp.) - Ward No.30" }, "geometry": { "type": "MultiPolygon", "coordinates": [ [ [ [ 91.750806229138405, 26.178570659192602 ], [ 91.7511327865071, 26.178752228506699 ], [ 91.751542208070902, 26.1789043321421 ], [ 91.7521901988179, 26.178467934650801 ], [ 91.753165521281502, 26.177790142112698 ], [ 91.753521983566003, 26.177556591488401 ], [ 91.754144036357502, 26.177198227879501 ], [ 91.755797400011005, 26.176108790808701 ], [ 91.75678812948, 26.175390105022601 ], [ 91.757539459722395, 26.174866144068801 ], [ 91.7574195400218, 26.174355412893998 ], [ 91.757226934936696, 26.173762839481899 ], [ 91.757028293172894, 26.1732003676121 ], [ 91.756903131802602, 26.172881281996599 ], [ 91.756785416567794, 26.172644046024701 ], [ 91.756652277259604, 26.172426227986399 ], [ 91.756545916729905, 26.172273774063399 ], [ 91.756093482932002, 26.171654440598701 ], [ 91.755460515609798, 26.170842516764498 ], [ 91.755186688449896, 26.170483438355198 ], [ 91.755061582775298, 26.1703026244951 ], [ 91.754935834805195, 26.170115370208201 ], [ 91.754824492219001, 26.169891249989298 ], [ 91.754590507138602, 26.169409508495399 ], [ 91.754083012901901, 26.168441405429402 ], [ 91.754027046961497, 26.1683517661039 ], [ 91.753895623435398, 26.168209112354699 ], [ 91.753757988957403, 26.168120195242899 ], [ 91.753486202769906, 26.168056993957698 ], [ 91.752938561924907, 26.1680347973099 ], [ 91.752008925081796, 26.1681062843519 ], [ 91.750615782704898, 26.168252039028101 ], [ 91.749177011301498, 26.168375492128 ], [ 91.747695773839595, 26.168544558857 ], [ 91.746615800340393, 26.1686566340206 ], [ 91.746695257225596, 26.1688027540403 ], [ 91.747468036542003, 26.170223866633101 ], [ 91.748527250873295, 26.1721617709049 ], [ 91.749332598610394, 26.173761255294099 ], [ 91.749535468744199, 26.174217958414101 ], [ 91.749699523573, 26.174672828067202 ], [ 91.749828847736197, 26.175056192247499 ], [ 91.749993178347793, 26.175800390313199 ], [ 91.750155698854002, 26.176726618846299 ], [ 91.750183900564096, 26.1768166580481 ], [ 91.7501929394125, 26.176907222810001 ], [ 91.750233943911894, 26.1770236199267 ], [ 91.750292101741707, 26.177119365035701 ], [ 91.750346159660594, 26.177230655606301 ], [ 91.750381809302596, 26.177383998709701 ], [ 91.750527592398498, 26.1781878112347 ], [ 91.750557496415993, 26.178307999301001 ], [ 91.750573838567604, 26.178350027406399 ], [ 91.750597881077894, 26.178389043644 ], [ 91.750622471560504, 26.178418709906399 ], [ 91.7506846385714, 26.1784775288784 ], [ 91.750806229138405, 26.178570659192602 ] ] ] ] } },
{ "type": "Feature", "properties": { "ward_number": 29, "ward_lgd_name": "Guwahati (M Corp.) - Ward No.29" }, "geometry": { "type": "MultiPolygon", "coordinates": [ [ [ [ 91.757539459722395, 26.174866144068801 ], [ 91.758680653408106, 26.173957016402898 ], [ 91.759673130998706, 26.1730895061268 ], [ 91.762257806853299, 26.170727732372601 ], [ 91.7647136993304, 26.168438078886201 ], [ 91.765310805906495, 26.167855919473901 ], [ 91.764671182966296, 26.167251129015899 ], [ 91.764537558567795, 26.167150917249899 ], [ 91.764420408373297, 26.167109613149201 ], [ 91.7641764358236, 26.167107035572901 ], [ 91.761196733009299, 26.167368766106001 ], [ 91.761062806776906, 26.167360385171701 ], [ 91.760966660091995, 26.167314349281501 ], [ 91.7608001384895, 26.1671633979708 ], [ 91.760620227497697, 26.166963450695299 ], [ 91.760565172448807, 26.1668756839588 ], [ 91.760544337822495, 26.166761145599601 ], [ 91.760427915263307, 26.165925272509298 ], [ 91.760281956995996, 26.164689232610499 ], [ 91.760250819591604, 26.1642413167726 ], [ 91.760225698204707, 26.1633100296546 ], [ 91.760162760439201, 26.162724667903799 ], [ 91.760168778253302, 26.162377233804602 ], [ 91.760170194896503, 26.162108283898899 ], [ 91.760137472864002, 26.161904975425699 ], [ 91.760071027177403, 26.161624233299801 ], [ 91.759993704689293, 26.161393061092902 ], [ 91.759919395150703, 26.161192079936701 ], [ 91.759807514473593, 26.161033684284799 ], [ 91.759702747555295, 26.160889933896701 ], [ 91.759633208969106, 26.160770742190099 ], [ 91.759594127762696, 26.160594319664 ], [ 91.759613117249501, 26.160297575062 ], [ 91.759735678895296, 26.1590226414909 ], [ 91.759796497535007, 26.158284262717 ], [ 91.759638178449293, 26.158238149063699 ], [ 91.759554324310798, 26.158207735055001 ], [ 91.759508362009299, 26.158178602265199 ], [ 91.759444062397904, 26.15812808934 ], [ 91.759370850600504, 26.158062501603499 ], [ 91.759304974445797, 26.158005465569101 ], [ 91.759260039816994, 26.157958797869501 ], [ 91.759188713583399, 26.1579167446748 ], [ 91.759095247471393, 26.157884781656499 ], [ 91.758979639684199, 26.1578629104356 ], [ 91.758847476844593, 26.157856083388499 ], [ 91.7586985900694, 26.157867221787701 ], [ 91.758576539564999, 26.1579106941094 ], [ 91.758466999897607, 26.157963547851601 ], [ 91.7583219516236, 26.158031723902699 ], [ 91.758181016735307, 26.1580854395364 ], [ 91.757878272806494, 26.1581367902367 ], [ 91.757608156587096, 26.158143962368101 ], [ 91.756952043273202, 26.158207930988301 ], [ 91.756062829719596, 26.158204623504702 ], [ 91.755600673455305, 26.158157008470099 ], [ 91.755456583683795, 26.158141997389599 ], [ 91.755346116954996, 26.1581438148133 ], [ 91.755137249668294, 26.1581755665073 ], [ 91.754787240880702, 26.158231131749499 ], [ 91.754512532473598, 26.158238673165101 ], [ 91.754388116705101, 26.1582445205234 ], [ 91.754312370760303, 26.158255596799702 ], [ 91.754253898520105, 26.158272763937301 ], [ 91.754123245748602, 26.158318173668899 ], [ 91.753908381309003, 26.158396533191802 ], [ 91.753827323625998, 26.158442526642499 ], [ 91.753746574065104, 26.1585055323673 ], [ 91.753703252810595, 26.1585538939005 ], [ 91.753643787932006, 26.158621421335599 ], [ 91.7535938514837, 26.158682365237599 ], [ 91.753524036216405, 26.158748232413799 ], [ 91.753458504116395, 26.1587967172111 ], [ 91.753406613832396, 26.1588241590234 ], [ 91.753303037181794, 26.1588532634313 ], [ 91.753196238274299, 26.158859356682001 ], [ 91.753006289507496, 26.158858006120301 ], [ 91.752616417979198, 26.158824941140001 ], [ 91.752460811805705, 26.158805869589202 ], [ 91.752311992404202, 26.1587712935765 ], [ 91.752204862916599, 26.159385298080402 ], [ 91.752194136133795, 26.159422779821998 ], [ 91.752174154008699, 26.159440591829 ], [ 91.752122022976096, 26.159460989641701 ], [ 91.752024581818901, 26.1594634214465 ], [ 91.751895263943894, 26.159452625071498 ], [ 91.751795148502097, 26.1594561034556 ], [ 91.751705864047693, 26.1594753321288 ], [ 91.751624668922403, 26.159501390168899 ], [ 91.751490433669503, 26.159534837144001 ], [ 91.751405806081493, 26.159559725228501 ], [ 91.751360795095906, 26.159571854408401 ], [ 91.751324908298599, 26.1595922917069 ], [ 91.751293102547706, 26.159635804507001 ], [ 91.751254848689598, 26.159703769942801 ], [ 91.751210824952494, 26.1597703380226 ], [ 91.751175509483701, 26.159802431144598 ], [ 91.751117182770599, 26.159820684139099 ], [ 91.751052671156799, 26.159830391170399 ], [ 91.750977190215096, 26.159813322630502 ], [ 91.750910966412306, 26.159788062896201 ], [ 91.750799839421802, 26.1597374256915 ], [ 91.750732584353102, 26.159722620420698 ], [ 91.750636945216399, 26.1597143534315 ], [ 91.750560477924495, 26.159714117991999 ], [ 91.750446237373097, 26.1597451097246 ], [ 91.750247217418604, 26.159832117456101 ], [ 91.7497458398107, 26.160036513205899 ], [ 91.749571453457904, 26.160088297641401 ], [ 91.749533329855495, 26.160104127669101 ], [ 91.749465374100893, 26.1601654392739 ], [ 91.749276358683701, 26.160352700668799 ], [ 91.749197413838203, 26.160401864505801 ], [ 91.749026757290395, 26.160496962909601 ], [ 91.748759886684098, 26.1606439655624 ], [ 91.748228370598497, 26.1608340820748 ], [ 91.747937039765304, 26.1609302218544 ], [ 91.747813171070803, 26.160971994985999 ], [ 91.747724005194002, 26.161013574592999 ], [ 91.747617273660197, 26.161069344087299 ], [ 91.747560858561997, 26.161107122808801 ], [ 91.747507940605203, 26.161152099265799 ], [ 91.747411048318696, 26.161234269019701 ], [ 91.747318475132104, 26.1613318823646 ], [ 91.7471976616078, 26.161499082268499 ], [ 91.747092921638895, 26.161637148394099 ], [ 91.747015395233305, 26.161723162982899 ], [ 91.746849201515801, 26.1618624302074 ], [ 91.746771948198003, 26.161932632590901 ], [ 91.7467236915993, 26.161987206733102 ], [ 91.746708714886907, 26.162064453539202 ], [ 91.746648740663503, 26.162821996997799 ], [ 91.746552834727197, 26.164875783680198 ], [ 91.7464870753534, 26.166966863549199 ], [ 91.746448696629599, 26.168656109159802 ], [ 91.746548064672993, 26.1686564211738 ], [ 91.746615800340393, 26.1686566340206 ], [ 91.747695773839595, 26.168544558857 ], [ 91.749177011301498, 26.168375492128 ], [ 91.750615782704898, 26.168252039028101 ], [ 91.752008925081796, 26.1681062843519 ], [ 91.752938561924907, 26.1680347973099 ], [ 91.753486202769906, 26.168056993957698 ], [ 91.753757988957403, 26.168120195242899 ], [ 91.753895623435398, 26.168209112354699 ], [ 91.754027046961497, 26.1683517661039 ], [ 91.754083012901901, 26.168441405429402 ], [ 91.754590507138602, 26.169409508495399 ], [ 91.754824492219001, 26.169891249989298 ], [ 91.754935834805195, 26.170115370208201 ], [ 91.755061582775298, 26.1703026244951 ], [ 91.755186688449896, 26.170483438355198 ], [ 91.755460515609798, 26.170842516764498 ], [ 91.756093482932002, 26.171654440598701 ], [ 91.756545916729905, 26.172273774063399 ], [ 91.756652277259604, 26.172426227986399 ], [ 91.756785416567794, 26.172644046024701 ], [ 91.756903131802602, 26.172881281996599 ], [ 91.757028293172894, 26.1732003676121 ], [ 91.757226934936696, 26.173762839481899 ], [ 91.7574195400218, 26.174355412893998 ], [ 91.757539459722395, 26.174866144068801 ] ] ] ] } },
{ "type": "Feature", "properties": { "ward_number": 22, "ward_lgd_name": "Guwahati (M Corp.) - Ward No.22" }, "geometry": { "type": "MultiPolygon", "coordinates": [ [ [ [ 91.737245729631596, 26.136058740178299 ], [ 91.736864752323001, 26.1356672597922 ], [ 91.736732345141704, 26.135502671312999 ], [ 91.736644073088598, 26.1353563700686 ], [ 91.736549011568599, 26.135164349104699 ], [ 91.736460739515493, 26.134905273007799 ], [ 91.736423393854196, 26.134609621177201 ], [ 91.736369072729005, 26.133942115255898 ], [ 91.736358887630303, 26.132543082700899 ], [ 91.736386048192898, 26.131372637951301 ], [ 91.736406418390303, 26.131217187476398 ], [ 91.736447158784998, 26.131055640479602 ], [ 91.736633887989896, 26.130601479846799 ], [ 91.736796851365597, 26.130287528056499 ], [ 91.737020926231693, 26.1299918645357 ], [ 91.737306111690003, 26.129647429974199 ], [ 91.737540371654902, 26.129306043003499 ], [ 91.737604877878795, 26.1291993594714 ], [ 91.7376931499319, 26.129107916481502 ], [ 91.737808582547601, 26.128985992114799 ], [ 91.7379511748276, 26.1288518747611 ], [ 91.738487596612998, 26.128403801206499 ], [ 91.738918769983002, 26.128074603543102 ], [ 91.739869389674595, 26.1276051896788 ], [ 91.740314143775095, 26.127422300324898 ], [ 91.741183281778802, 26.127035184939 ], [ 91.741926802966404, 26.126797428288899 ], [ 91.742941928881905, 26.126538333631899 ], [ 91.743766930859096, 26.1263920211581 ], [ 91.744011375922597, 26.126373731481099 ], [ 91.744327117575295, 26.126331057169999 ], [ 91.744564772273606, 26.126279238400301 ], [ 91.746038233020002, 26.1258098173214 ], [ 91.747182371383303, 26.1254806123479 ], [ 91.747644100947795, 26.125322105321299 ], [ 91.747898731109998, 26.125197129095898 ], [ 91.748061694485699, 26.125093489721099 ], [ 91.7481635472693, 26.1250325250553 ], [ 91.748282374618398, 26.124950223351298 ], [ 91.748343485210597, 26.1248953560541 ], [ 91.748391016868894, 26.124837439201599 ], [ 91.748421572165, 26.124764281922399 ], [ 91.748452127460993, 26.1246514983997 ], [ 91.748518756403996, 26.123825616855498 ], [ 91.748474433527804, 26.123143958838501 ], [ 91.748401445411005, 26.123146479314101 ], [ 91.748331433412702, 26.123148896550902 ], [ 91.748188432399303, 26.123111860476499 ], [ 91.748114182149493, 26.123047663725998 ], [ 91.748039931899697, 26.1230032202354 ], [ 91.747951932036102, 26.1229390234252 ], [ 91.747836432046796, 26.1228624814627 ], [ 91.747753931669394, 26.122825445297501 ], [ 91.747646680909298, 26.122776063187899 ], [ 91.747544931432003, 26.122758779525199 ], [ 91.747319430939498, 26.122721743327102 ], [ 91.747055429552205, 26.122662484901699 ], [ 91.746758429451305, 26.122583473083498 ], [ 91.746626428308502, 26.122521745718601 ], [ 91.746497178705496, 26.122497054602199 ], [ 91.746224928088907, 26.122469894610202 ], [ 91.746046176822105, 26.122477302027999 ], [ 91.745782176333094, 26.122479770898298 ], [ 91.745564925968196, 26.122464956062501 ], [ 91.745386175599705, 26.1224131049288 ], [ 91.744896674618204, 26.122294587734999 ], [ 91.744690424124002, 26.1222007616052 ], [ 91.744640923358503, 26.1221637244237 ], [ 91.744585924005307, 26.1221340954765 ], [ 91.744525423369197, 26.122099527958699 ], [ 91.744451173119401, 26.1220748367531 ], [ 91.744379672612695, 26.122052614421602 ], [ 91.744286172364596, 26.122022984639798 ], [ 91.744206422628594, 26.121985948208401 ], [ 91.744140422506405, 26.121968664428898 ], [ 91.744038672130799, 26.121939034625701 ], [ 91.743947921625903, 26.121924220527902 ], [ 91.742699418789499, 26.121963725859999 ], [ 91.741882666939901, 26.121966195547699 ], [ 91.741783666307398, 26.1219736029975 ], [ 91.741588415683793, 26.122022984639798 ], [ 91.741428915313506, 26.122057552986799 ], [ 91.741288664941393, 26.122089650831899 ], [ 91.741129164571106, 26.1220921205169 ], [ 91.740986164456004, 26.122087181953301 ], [ 91.740837663956398, 26.122060021866002 ], [ 91.740755163578996, 26.122000763105 ], [ 91.740733163837703, 26.121963725859999 ], [ 91.7407139138395, 26.121911874503901 ], [ 91.740678163586097, 26.121845208210399 ], [ 91.740658913587893, 26.121790887916902 ], [ 91.740623163334504, 26.121736566791501 ], [ 91.740595663208694, 26.1216995302694 ], [ 91.740540662957102, 26.1216575551537 ], [ 91.740502162960695, 26.121642740213598 ], [ 91.740386662971403, 26.121642740213598 ], [ 91.740172162349495, 26.121642740213598 ], [ 91.740078662101496, 26.1216402713256 ], [ 91.740007161594704, 26.1216279252716 ], [ 91.739982412110393, 26.1216057036617 ], [ 91.739927411858801, 26.1215587899264 ], [ 91.739649660857793, 26.121358790327299 ], [ 91.739558911251194, 26.121260025653999 ], [ 91.739429660749707, 26.121185951489299 ], [ 91.739300410248404, 26.121153852589298 ], [ 91.739195910129595, 26.121139037585401 ], [ 91.739107909367803, 26.121126692284999 ], [ 91.7390281596318, 26.121102000873801 ], [ 91.738931909640698, 26.121062494443802 ], [ 91.738863158877095, 26.121005704078399 ], [ 91.738849409263295, 26.1209464447827 ], [ 91.738819158496099, 26.12087484013 ], [ 91.738821909137599, 26.1207810128601 ], [ 91.738791659268699, 26.1207439752285 ], [ 91.738755909015296, 26.120716814828999 ], [ 91.738700908763704, 26.120706938391798 ], [ 91.738621158129405, 26.120736567700799 ], [ 91.738513908267606, 26.1207810128601 ], [ 91.738464408400503, 26.120805704339201 ], [ 91.738368157511104, 26.1208279261012 ], [ 91.738021656644804, 26.120887185457001 ], [ 91.737743906542093, 26.1209291608494 ], [ 91.737468905284103, 26.120921753333398 ], [ 91.737314905298405, 26.120919284430201 ], [ 91.737215904665803, 26.120879777938399 ], [ 91.736806153420403, 26.120736567700799 ], [ 91.736663153305201, 26.120701999769601 ], [ 91.736344152564698, 26.1205859505571 ], [ 91.736195652065007, 26.120541505323601 ], [ 91.736107652201497, 26.120534097783001 ], [ 91.736033401951701, 26.120551381774799 ], [ 91.735948151831295, 26.1206032345411 ], [ 91.735829901200503, 26.120716814828999 ], [ 91.735695151212994, 26.1208402722397 ], [ 91.735598901221806, 26.120931630558999 ], [ 91.735516400844404, 26.120956322006201 ], [ 91.735400899956801, 26.1209736059355 ], [ 91.735238649843396, 26.1209785437396 ], [ 91.735123149854104, 26.1209736059355 ], [ 91.735010399607802, 26.120948914492001 ], [ 91.734916899359803, 26.120894592975201 ], [ 91.734853648980604, 26.120825457195998 ], [ 91.734765648218797, 26.1207563213759 ], [ 91.734617148617502, 26.120734098793701 ], [ 91.734474147604004, 26.1207439752285 ], [ 91.734278896980399, 26.120810642150399 ], [ 91.734053396487894, 26.120879777938399 ], [ 91.733913146115796, 26.120931630558999 ], [ 91.733756396386994, 26.120953852297099 ], [ 91.733165145029901, 26.1210501491353 ], [ 91.732796643523898, 26.121111877277599 ], [ 91.732505142909204, 26.121218050380399 ], [ 91.732304392799406, 26.121299531210699 ], [ 91.732213642294397, 26.121329161176 ], [ 91.732114641661894, 26.121353852539201 ], [ 91.731993641288099, 26.121383481684202 ], [ 91.731875391555704, 26.1214032352499 ], [ 91.731402389931006, 26.121395827764001 ], [ 91.731284140198596, 26.121395827764001 ], [ 91.731143889826498, 26.121435334081401 ], [ 91.730959639073603, 26.121509407281401 ], [ 91.730723138710403, 26.121583481241 ], [ 91.730470138092102, 26.121637802437501 ], [ 91.7303106377218, 26.121662493735499 ], [ 91.730115387098195, 26.1216871850282 ], [ 91.729986136596807, 26.121704468849401 ], [ 91.729705635852696, 26.121753850605401 ], [ 91.728358132383804, 26.122022984639798 ], [ 91.728146381504999, 26.122072367067702 ], [ 91.727997881903704, 26.122082244196001 ], [ 91.727838381533502, 26.122094589395399 ], [ 91.727695380520004, 26.1221069345935 ], [ 91.727601880271905, 26.122139033231601 ], [ 91.727500129896399, 26.122190884486901 ], [ 91.727398380419103, 26.122235329093002 ], [ 91.727318629784804, 26.122262489139601 ], [ 91.727244379534994, 26.122304464037999 ], [ 91.727159129414503, 26.1223291551951 ], [ 91.727032628656204, 26.122346438921301 ], [ 91.726972128918405, 26.122351377474001 ], [ 91.726856628929099, 26.122351377474001 ], [ 91.726782378679303, 26.1223489077944 ], [ 91.726658627664094, 26.1223415003684 ], [ 91.726534877547195, 26.122299525483299 ], [ 91.726328627052894, 26.1222205142262 ], [ 91.726268127315095, 26.1221736007377 ], [ 91.726210377320399, 26.122119280596799 ], [ 91.726160876555099, 26.122069898188698 ], [ 91.726114126431, 26.122027923206101 ], [ 91.726059126179507, 26.122000763105 ], [ 91.725976626700401, 26.121971133310002 ], [ 91.725850125942003, 26.121951380646799 ], [ 91.725762126078493, 26.1219538495282 ], [ 91.725663125446005, 26.121951380646799 ], [ 91.725577875325598, 26.121936565744001 ], [ 91.725462375336207, 26.1218773069204 ], [ 91.725074623832, 26.121694591689199 ], [ 91.724961873585798, 26.121637802437501 ], [ 91.724915123461699, 26.1215810123518 ], [ 91.724898623206599, 26.1215069383905 ], [ 91.724873873722203, 26.121455086831698 ], [ 91.724843623853303, 26.121418050220399 ], [ 91.7248078736, 26.121378543897201 ], [ 91.724744623220801, 26.121339037560599 ], [ 91.724711623608897, 26.121316815089202 ], [ 91.724662122843398, 26.121316815089202 ], [ 91.722929618511799, 26.121748912834001 ], [ 91.723625369987502, 26.122640262682001 ], [ 91.724400872097604, 26.123580987520398 ], [ 91.7250773744734, 26.124435286930101 ], [ 91.725476124949907, 26.125069835550701 ], [ 91.725577875325598, 26.125232792588601 ], [ 91.725635625320194, 26.1253735285059 ], [ 91.725709875570004, 26.125595742894401 ], [ 91.726031626951993, 26.126696930146 ], [ 91.726174627067095, 26.127220360588201 ], [ 91.726221377191095, 26.127353687002898 ], [ 91.726273626801301, 26.127501826657799 ], [ 91.726356127178704, 26.127699346980901 ], [ 91.726482627937003, 26.128000564346699 ], [ 91.726782378679303, 26.128714100520298 ], [ 91.726908878539305, 26.129027659736 ], [ 91.727021628785494, 26.129237521923599 ], [ 91.727134379031796, 26.129457259432399 ], [ 91.727612880142601, 26.130341143548701 ], [ 91.728198632013502, 26.131427472365701 ], [ 91.728875133491002, 26.132664394457201 ], [ 91.729546135482394, 26.1338889578834 ], [ 91.730236387472004, 26.135160417567299 ], [ 91.731121921526295, 26.136976388259701 ], [ 91.732122290816605, 26.138959368558002 ], [ 91.732554290636699, 26.139796236442699 ], [ 91.733711088957307, 26.1395091573484 ], [ 91.734626006006195, 26.139288641183299 ], [ 91.734687286379895, 26.139258482716201 ], [ 91.734716216623696, 26.139239213615301 ], [ 91.7347451459691, 26.1392274847361 ], [ 91.734771277062407, 26.139222458188399 ], [ 91.734813272403599, 26.139215755855702 ], [ 91.734851534346504, 26.139214917963201 ], [ 91.734894463037307, 26.139216593748099 ], [ 91.734983119569307, 26.139217430834002 ], [ 91.735104439743395, 26.139205701952601 ], [ 91.735362010989803, 26.1391654887511 ], [ 91.735537458253006, 26.139137003618899 ], [ 91.735694241219505, 26.139098465373898 ], [ 91.735770766003697, 26.139077521266199 ], [ 91.735713488522805, 26.138839118169901 ], [ 91.736213641726906, 26.138734394941999 ], [ 91.736741499872707, 26.1386113443439 ], [ 91.737623517022598, 26.138329868758099 ], [ 91.738930711288106, 26.1379360548619 ], [ 91.739204152172405, 26.137853675960098 ], [ 91.739930289162601, 26.138675343832301 ], [ 91.740863933390301, 26.1398373332818 ], [ 91.7415588620092, 26.140827873128501 ], [ 91.741739224853603, 26.141118366622401 ], [ 91.741866540383896, 26.141375524154402 ], [ 91.741935502251593, 26.141561248014401 ], [ 91.741983245912394, 26.1417517343173 ], [ 91.742020379571301, 26.142046987432199 ], [ 91.742030988674799, 26.142432720852799 ], [ 91.741983245912394, 26.142832738663 ], [ 91.741903674042803, 26.143189895831899 ], [ 91.741786968514305, 26.143470858918501 ], [ 91.741752435478205, 26.143548829238501 ], [ 91.741738903256802, 26.1435793817387 ], [ 91.742041686711502, 26.143599222675 ], [ 91.742389341912997, 26.143625438285 ], [ 91.742504762850501, 26.1436316799041 ], [ 91.742579856618406, 26.143645411464799 ], [ 91.742718918519301, 26.143685358620498 ], [ 91.742914996491393, 26.143730299053601 ], [ 91.743027636244804, 26.1437402864413 ], [ 91.743179214372603, 26.143746528054301 ], [ 91.743236229545403, 26.143764004568698 ], [ 91.743280729389596, 26.1437902201417 ], [ 91.743311323313193, 26.143816435708899 ], [ 91.7433391351544, 26.143841402142201 ], [ 91.743353041973407, 26.143865121055399 ], [ 91.743368338485993, 26.143903819815101 ], [ 91.743387807673201, 26.143943766882401 ], [ 91.743391979449399, 26.1439712307352 ], [ 91.743391979449399, 26.1440448832134 ], [ 91.743386417081098, 26.144124777237799 ], [ 91.743386417081098, 26.144203422889799 ], [ 91.743379463222496, 26.144330753641199 ], [ 91.743372510262205, 26.144384432036201 ], [ 91.743383635897004, 26.144418137362301 ], [ 91.743433698109499, 26.144438111212899 ], [ 91.743485150913997, 26.144441856158299 ], [ 91.743549119047103, 26.144440607843201 ], [ 91.743588056522995, 26.144431868830601 ], [ 91.743643681103705, 26.1444118957853 ], [ 91.743670103251205, 26.144375693825801 ], [ 91.743693744214497, 26.1443394918549 ], [ 91.743704868950999, 26.144320767110301 ], [ 91.743738244058804, 26.144275826098202 ], [ 91.743766055899997, 26.1442371274618 ], [ 91.743811946336194, 26.1442109127956 ], [ 91.743921805803893, 26.1441909389061 ], [ 91.744041399416005, 26.144179704045399 ], [ 91.744078946299894, 26.1441697175017 ], [ 91.744131789696496, 26.1441559851962 ], [ 91.744188804869296, 26.144145998650401 ], [ 91.744290319886304, 26.144143502013801 ], [ 91.744485007266206, 26.144162227593299 ], [ 91.744718631223904, 26.144213409430701 ], [ 91.745647566482802, 26.144284565122501 ], [ 91.746337313619193, 26.144312028088802 ], [ 91.746429095390098, 26.144312028088802 ], [ 91.746497235299302, 26.144305786506099 ], [ 91.746554250472101, 26.144299544923101 ], [ 91.746611266543198, 26.144309531455701 ], [ 91.746636297200197, 26.144322015426699 ], [ 91.746664109939701, 26.144341988487302 ], [ 91.746689141495096, 26.1443569690869 ], [ 91.746753109628202, 26.144380687088901 ], [ 91.746844890500796, 26.1443994126303 ], [ 91.746918593676597, 26.144418137362301 ], [ 91.747099374237607, 26.144463077513301 ], [ 91.747250155559698, 26.1445131713789 ], [ 91.747314519849795, 26.144529022067001 ], [ 91.747458058954095, 26.144556122093899 ], [ 91.747757098230693, 26.144573506556899 ], [ 91.747964431195001, 26.144600606573398 ], [ 91.747992341850903, 26.144604697460899 ], [ 91.748016264885194, 26.144600606573398 ], [ 91.748028226851503, 26.1445965164922 ], [ 91.748038479323895, 26.144588335522901 ], [ 91.748047166032606, 26.144572931590702 ], [ 91.748082765369006, 26.144523397395499 ], [ 91.748152185377506, 26.144463477490099 ], [ 91.748221605386107, 26.144396366030701 ], [ 91.748307935281503, 26.144364408985702 ], [ 91.748511744154797, 26.144278922698199 ], [ 91.748768953380306, 26.144202223762999 ], [ 91.748861513092194, 26.144183049827699 ], [ 91.748920253030306, 26.144196631331901 ], [ 91.749051082769995, 26.144251758094502 ], [ 91.749107152915101, 26.144281319337502 ], [ 91.749234422631304, 26.144363609837701 ], [ 91.749415091801197, 26.144484249673699 ], [ 91.749499641235801, 26.144537778006899 ], [ 91.749647380862299, 26.144608883503899 ], [ 91.749731930296903, 26.1446472328442 ], [ 91.749842290126196, 26.144711946722602 ], [ 91.749969559842299, 26.144763877467302 ], [ 91.750179599430496, 26.144830987909 ], [ 91.750257028818098, 26.144841374371801 ], [ 91.750343358713494, 26.144845369289001 ], [ 91.7504190085386, 26.144842173516501 ], [ 91.7505854385129, 26.1448261946529 ], [ 91.750621928079795, 26.144812612415599 ], [ 91.7506361681736, 26.144790242000301 ], [ 91.7506557478536, 26.1447646766125 ], [ 91.750677998224901, 26.144720734904901 ], [ 91.750699357467298, 26.144652825253701 ], [ 91.750770557936804, 26.144407551679802 ], [ 91.750812387089695, 26.1442949008303 ], [ 91.750835527691393, 26.144079986142 ], [ 91.750782127339306, 26.143809144961001 ], [ 91.7507910278472, 26.143546293075001 ], [ 91.7511212162063, 26.143544694767701 ], [ 91.751504805815699, 26.143530314033999 ], [ 91.751526165058294, 26.143527118225499 ], [ 91.751534175335607, 26.1435167316458 ], [ 91.751550194992106, 26.14350394841 ], [ 91.751569775570303, 26.1435031500625 ], [ 91.751600035320706, 26.1435031500625 ], [ 91.7516098251606, 26.14350394841 ], [ 91.751630295070996, 26.143527118225499 ], [ 91.751638305348393, 26.143550287229999 ], [ 91.751649874750996, 26.1435750545368 ], [ 91.751666784637905, 26.143601420144702 ], [ 91.751676574477798, 26.143616600022799 ], [ 91.751691704802198, 26.143621393328601 ], [ 91.751758455017693, 26.1436245891345 ], [ 91.751821644311406, 26.143630181593 ], [ 91.751838554198301, 26.143640568162599 ], [ 91.751842114221802, 26.143655748035599 ], [ 91.751858133878201, 26.1436685312548 ], [ 91.752067283235903, 26.1436685312548 ], [ 91.752188323135599, 26.143666932949301 ], [ 91.752247063073796, 26.143671727059399 ], [ 91.752357422903003, 26.143699690144199 ], [ 91.752401922747296, 26.1437148700095 ], [ 91.752415272610705, 26.143728451568201 ], [ 91.752433072728095, 26.143738838129099 ], [ 91.752609291644106, 26.143756414639402 ], [ 91.752634211808399, 26.1437691978476 ], [ 91.752712531426397, 26.1437795844048 ], [ 91.752744571637706, 26.1437763886032 ], [ 91.752781061204502, 26.143759610441599 ], [ 91.752805091138399, 26.143742833084001 ], [ 91.752836241119098, 26.1437452297343 ], [ 91.752921903566303, 26.143759011279101 ], [ 91.752990044373902, 26.143750273021901 ], [ 91.753067918427604, 26.143722809117001 ], [ 91.753156918116005, 26.1436728753879 ], [ 91.753514308360195, 26.1434569104124 ], [ 91.753558808204403, 26.143455662086801 ], [ 91.753614432785099, 26.143464401172501 ], [ 91.753663104405504, 26.143495609307401 ], [ 91.753725682844902, 26.1434918643317 ], [ 91.753770182689095, 26.1434743877766 ], [ 91.753835541414205, 26.1434531654354 ], [ 91.753931494062996, 26.1434494204583 ], [ 91.754024665527695, 26.143446923806799 ], [ 91.754081681598706, 26.143410721548001 ], [ 91.754130353219097, 26.143337068669702 ], [ 91.754187368391896, 26.143207240177802 ], [ 91.754195711944206, 26.143146070461398 ], [ 91.754184587207803, 26.1430536924683 ], [ 91.754177634247498, 26.1429663077257 ], [ 91.754167900102999, 26.142870183788201 ], [ 91.754156774468299, 26.1428127596993 ], [ 91.754138696771506, 26.142754086442601 ], [ 91.754119228482594, 26.142672943146099 ], [ 91.754195711944206, 26.1426804339564 ], [ 91.754713022970293, 26.142685427292101 ], [ 91.755170537639501, 26.142706648966399 ], [ 91.755181662375904, 26.142669198143899 ], [ 91.755221990443999, 26.142630498974899 ], [ 91.755355489976694, 26.1424994213613 ], [ 91.755374958265506, 26.142460722136001 ], [ 91.755388865084399, 26.142428264581302 ], [ 91.755399989820901, 26.142408291193298 ], [ 91.755415286333502, 26.1424008003655 ], [ 91.755449096225902, 26.1423966658541 ], [ 91.755479515876303, 26.142373258726899 ], [ 91.755507763400502, 26.142324494535501 ], [ 91.755553392427004, 26.142211361855502 ], [ 91.755557738476298, 26.1421118825841 ], [ 91.755572948750796, 26.142004601095898 ], [ 91.755588158126798, 26.141938281742402 ], [ 91.755640306227406, 26.141885615896001 ], [ 91.755670726776202, 26.141823197143999 ], [ 91.755657689526402, 26.141567671995801 ], [ 91.755638134101005, 26.141479895830901 ], [ 91.755622923826607, 26.141357008605201 ], [ 91.755635961076393, 26.141224369124799 ], [ 91.755672898902503, 26.141093679437201 ], [ 91.7557033194513, 26.1408557078657 ], [ 91.755679417976495, 26.140664549149999 ], [ 91.755325243701094, 26.140713314034802 ], [ 91.754640797523095, 26.140795239317999 ], [ 91.754534328297296, 26.140804992285702 ], [ 91.754475662021093, 26.140797190072899 ], [ 91.754401784572096, 26.140777684135401 ], [ 91.754301834420403, 26.1407367214948 ], [ 91.754197537320906, 26.140689907376501 ], [ 91.754036746969902, 26.1406352902093 ], [ 91.753734721693306, 26.140568970078 ], [ 91.753580449517898, 26.140535809595001 ], [ 91.753482671492506, 26.140492896916001 ], [ 91.753439214592404, 26.1404499834149 ], [ 91.753408794941905, 26.140407070704399 ], [ 91.753389239516494, 26.140366107933701 ], [ 91.753382720442403, 26.1402880838762 ], [ 91.753360991992295, 26.140050109856201 ], [ 91.753326226292501, 26.139911616582101 ], [ 91.753287115441694, 26.1398277407142 ], [ 91.753237140365798, 26.139767271634099 ], [ 91.753169781990906, 26.139720457127002 ], [ 91.753058966715798, 26.139699000236401 ], [ 91.752676545814495, 26.139710704068701 ], [ 91.752422323487394, 26.139714605614699 ], [ 91.752198519912398, 26.139699000236401 ], [ 91.751431505983504, 26.139622926507599 ], [ 91.7511859739584, 26.139603420373899 ], [ 91.751001282132705, 26.139581963461801 ], [ 91.750814418180497, 26.1395507534742 ], [ 91.750614516080304, 26.139501988103799 ], [ 91.7502190579293, 26.139429815802099 ], [ 91.749901823276701, 26.1393810503811 ], [ 91.749630217650505, 26.139351791118798 ], [ 91.748676337972796, 26.139318630290099 ], [ 91.748126608544794, 26.139328383381098 ], [ 91.747694212567595, 26.139369346515799 ], [ 91.747048877240601, 26.139453222713001 ], [ 91.746683839638294, 26.139541000401699 ], [ 91.746501320837197, 26.1396092718918 ], [ 91.746397023737799, 26.1396560872499 ], [ 91.746310109937397, 26.1397224078998 ], [ 91.746236233386796, 26.139790679283799 ], [ 91.746188430437201, 26.1398394445336 ], [ 91.746151492611006, 26.139905765079401 ], [ 91.746116726911296, 26.139964283319099 ], [ 91.746068923961701, 26.140050109856201 ], [ 91.746001566485106, 26.140186652200899 ], [ 91.745758207484698, 26.140563118608199 ], [ 91.745642003216204, 26.1407067601709 ], [ 91.745582206859297, 26.140757943523401 ], [ 91.7455265822786, 26.1407804147088 ], [ 91.745458441471001, 26.140792898250801 ], [ 91.745376394742905, 26.140802885083399 ], [ 91.745279051502095, 26.140802885083399 ], [ 91.745137208417006, 26.140789153188301 ], [ 91.744960599632194, 26.140757943523401 ], [ 91.744740881595106, 26.1407217404306 ], [ 91.744535069478701, 26.140701766750599 ], [ 91.744397398169895, 26.140704263460801 ], [ 91.744279195149801, 26.140711753591098 ], [ 91.7441331802886, 26.140744211623002 ], [ 91.744027492597098, 26.140774172937299 ], [ 91.743864790631207, 26.140824107906401 ], [ 91.743806383968007, 26.140696773330099 ], [ 91.743576931786606, 26.140050109856201 ], [ 91.743172521923796, 26.138797814529699 ], [ 91.742731434746204, 26.137510393619699 ], [ 91.742655385170906, 26.137219745986702 ], [ 91.742850941221704, 26.1371690296337 ], [ 91.742700952213696, 26.136605657115901 ], [ 91.742634201998101, 26.136437868311599 ], [ 91.7425638926575, 26.136182191052502 ], [ 91.742473112508094, 26.1362005679044 ], [ 91.742258623564396, 26.136268481665802 ], [ 91.742109103476906, 26.1363276073808 ], [ 91.741952464240896, 26.136425085107099 ], [ 91.741867024575797, 26.136473024334499 ], [ 91.741806504176907, 26.136522561945601 ], [ 91.741757554976999, 26.136572898737001 ], [ 91.741666218770504, 26.136679414241801 ], [ 91.741552187526693, 26.1367967660251 ], [ 91.741452063101704, 26.1368891489692 ], [ 91.741340813042001, 26.136962805915498 ], [ 91.741224001512293, 26.137018984487302 ], [ 91.741025750515703, 26.1370910034397 ], [ 91.740902767560002, 26.137126348782999 ], [ 91.740719205814798, 26.137151317453601 ], [ 91.740589878058302, 26.137151317453601 ], [ 91.740467503262096, 26.137142578701699 ], [ 91.740360425876901, 26.1371238519963 ], [ 91.740137926655706, 26.137098883319901 ], [ 91.739506584385794, 26.1370564371223 ], [ 91.738925305226701, 26.137011494120099 ], [ 91.738808492798796, 26.137004003752502 ], [ 91.738708368373807, 26.1370314692379 ], [ 91.7386374463821, 26.137071418656799 ], [ 91.7385804312094, 26.137100131713499 ], [ 91.738515071585894, 26.137073915444599 ], [ 91.738332900432894, 26.136959060730099 ], [ 91.737947127917195, 26.1366773722883 ], [ 91.737245729631596, 26.136058740178299 ] ] ] ] } },
{ "type": "Feature", "properties": { "ward_number": 28, "ward_lgd_name": "Guwahati (M Corp.) - Ward No.28" }, "geometry": { "type": "MultiPolygon", "coordinates": [ [ [ [ 91.760135020463295, 26.1726674535287 ], [ 91.760836496004003, 26.1728015995423 ], [ 91.761536729174694, 26.172853969260501 ], [ 91.762183914133004, 26.172887295505902 ], [ 91.762613602587905, 26.172887295505902 ], [ 91.762796701700694, 26.172871853387299 ], [ 91.763012247961498, 26.172833164236302 ], [ 91.763333481913804, 26.172770762040599 ], [ 91.763689480667693, 26.1726771594907 ], [ 91.764252682130007, 26.172517410492201 ], [ 91.765526751019394, 26.1721897207116 ], [ 91.767070693582994, 26.171834564660301 ], [ 91.7682691530715, 26.171581663365401 ], [ 91.770010824710695, 26.1711581299251 ], [ 91.770890147813105, 26.170932650807899 ], [ 91.770475949008599, 26.169969790394099 ], [ 91.768336815975402, 26.165276777531201 ], [ 91.768716488031899, 26.164923538680799 ], [ 91.767929009582502, 26.163826985250001 ], [ 91.767806999502298, 26.1636270129035 ], [ 91.767578892997193, 26.1631508854299 ], [ 91.767472797470504, 26.162865208657799 ], [ 91.767106766331594, 26.161870094749801 ], [ 91.766220864866398, 26.1595132113479 ], [ 91.765950320150594, 26.158765664753599 ], [ 91.765504717142093, 26.1588132795398 ], [ 91.765059114133606, 26.158846609797902 ], [ 91.764517600697204, 26.158859751771601 ], [ 91.764042290402301, 26.158859751771601 ], [ 91.763482104584298, 26.158838420151898 ], [ 91.763183338395507, 26.158823183393501 ], [ 91.762849545995493, 26.158735732247301 ], [ 91.762546390638306, 26.1586233951755 ], [ 91.762239062606596, 26.1585098098308 ], [ 91.762077751232695, 26.1584486489418 ], [ 91.761949814068203, 26.158407458673899 ], [ 91.761824658087903, 26.158393728043901 ], [ 91.761275362546201, 26.158378750052499 ], [ 91.760705208123497, 26.1583637720592 ], [ 91.760531157740601, 26.158366567532099 ], [ 91.760483098771203, 26.158366567532099 ], [ 91.760421688141804, 26.158361774831999 ], [ 91.760357608617596, 26.158356183079501 ], [ 91.760240128741401, 26.1583394070141 ], [ 91.760189399080701, 26.158327424454299 ], [ 91.760142229443403, 26.158316240945702 ], [ 91.760079929481805, 26.158307452980999 ], [ 91.760012289934195, 26.158298665821899 ], [ 91.759796497535007, 26.158284262717 ], [ 91.759789136739499, 26.1583736259599 ], [ 91.759735678895296, 26.1590226414909 ], [ 91.759613117249501, 26.160297575062 ], [ 91.759594127762696, 26.160594319664 ], [ 91.759633208969106, 26.160770742190099 ], [ 91.759702747555295, 26.160889933896701 ], [ 91.759807514473593, 26.161033684284799 ], [ 91.759919395150703, 26.161192079936701 ], [ 91.759993704689293, 26.161393061092902 ], [ 91.760071027177403, 26.161624233299801 ], [ 91.760137472864002, 26.161904975425699 ], [ 91.760170194896503, 26.162108283898899 ], [ 91.760168778253302, 26.162377233804602 ], [ 91.760162760439201, 26.162724667903799 ], [ 91.760225698204707, 26.1633100296546 ], [ 91.760250819591604, 26.1642413167726 ], [ 91.760281956995996, 26.164689232610499 ], [ 91.760427915263307, 26.165925272509298 ], [ 91.760544337822495, 26.166761145599601 ], [ 91.760565172448807, 26.1668756839588 ], [ 91.760620227497697, 26.166963450695299 ], [ 91.7608001384895, 26.1671633979708 ], [ 91.760966660091995, 26.167314349281501 ], [ 91.761062806776906, 26.167360385171701 ], [ 91.761196733009299, 26.167368766106001 ], [ 91.7641764358236, 26.167107035572901 ], [ 91.764420408373297, 26.167109613149201 ], [ 91.764537558567795, 26.167150917249899 ], [ 91.764671182966296, 26.167251129015899 ], [ 91.765310805906495, 26.167855919473901 ], [ 91.7647136993304, 26.168438078886201 ], [ 91.762257806853299, 26.170727732372601 ], [ 91.760135020463295, 26.1726674535287 ] ] ] ] } },
{ "type": "Feature", "properties": { "ward_number": 27, "ward_lgd_name": "Guwahati (M Corp.) - Ward No.27" }, "geometry": { "type": "MultiPolygon", "coordinates": [ [ [ [ 91.746450006373195, 26.155745495585801 ], [ 91.746537496892003, 26.1563122275948 ], [ 91.746807691264806, 26.158041113396301 ], [ 91.746824665830502, 26.158071059788099 ], [ 91.7469112445592, 26.158087419835699 ], [ 91.747038834075695, 26.158099690273101 ], [ 91.747139083366406, 26.158594589044 ], [ 91.747145918647405, 26.159118116756598 ], [ 91.747142638, 26.159134067861501 ], [ 91.746883083273403, 26.159135376492198 ], [ 91.7468320472871, 26.159152391109 ], [ 91.746820381764906, 26.1591995082483 ], [ 91.746890374000202, 26.159678533567501 ], [ 91.746899123591106, 26.1598015619543 ], [ 91.746912247079095, 26.1598617666703 ], [ 91.746923912601403, 26.159910192951301 ], [ 91.746926828532807, 26.1599481486275 ], [ 91.746920995771603, 26.159986103485 ], [ 91.746853920365993, 26.160082955117499 ], [ 91.746811633072298, 26.160158865538801 ], [ 91.746792676823205, 26.160243937851401 ], [ 91.746773720574097, 26.1606810776175 ], [ 91.7467236915993, 26.161987206733102 ], [ 91.746771948198003, 26.161932632590901 ], [ 91.746849201515801, 26.1618624302074 ], [ 91.747015395233305, 26.161723162982899 ], [ 91.747092921638895, 26.161637148394099 ], [ 91.7471976616078, 26.161499082268499 ], [ 91.747318475132104, 26.1613318823646 ], [ 91.747411048318696, 26.161234269019701 ], [ 91.747507940605203, 26.161152099265799 ], [ 91.747560858561997, 26.161107122808801 ], [ 91.747617273660197, 26.161069344087299 ], [ 91.747724005194002, 26.161013574592999 ], [ 91.747813171070803, 26.160971994985999 ], [ 91.747937039765304, 26.1609302218544 ], [ 91.748228370598497, 26.1608340820748 ], [ 91.748759886684098, 26.1606439655624 ], [ 91.749026757290395, 26.160496962909601 ], [ 91.749197413838203, 26.160401864505801 ], [ 91.749276358683701, 26.160352700668799 ], [ 91.749465374100893, 26.1601654392739 ], [ 91.749533329855495, 26.160104127669101 ], [ 91.749571453457904, 26.160088297641401 ], [ 91.7497458398107, 26.160036513205899 ], [ 91.750247217418604, 26.159832117456101 ], [ 91.750446237373097, 26.1597451097246 ], [ 91.750560477924495, 26.159714117991999 ], [ 91.750636945216399, 26.1597143534315 ], [ 91.750732584353102, 26.159722620420698 ], [ 91.750799839421802, 26.1597374256915 ], [ 91.750910966412306, 26.159788062896201 ], [ 91.750977190215096, 26.159813322630502 ], [ 91.751052671156799, 26.159830391170399 ], [ 91.751117182770599, 26.159820684139099 ], [ 91.751175509483701, 26.159802431144598 ], [ 91.751210824952494, 26.1597703380226 ], [ 91.751254848689598, 26.159703769942801 ], [ 91.751293102547706, 26.159635804507001 ], [ 91.751324908298599, 26.1595922917069 ], [ 91.751360795095906, 26.159571854408401 ], [ 91.751405806081493, 26.159559725228501 ], [ 91.751490433669503, 26.159534837144001 ], [ 91.751624668922403, 26.159501390168899 ], [ 91.751705864047693, 26.1594753321288 ], [ 91.751795148502097, 26.1594561034556 ], [ 91.751895263943894, 26.159452625071498 ], [ 91.752024581818901, 26.1594634214465 ], [ 91.752122022976096, 26.159460989641701 ], [ 91.752174154008699, 26.159440591829 ], [ 91.752194136133795, 26.159422779821998 ], [ 91.752204862916599, 26.159385298080402 ], [ 91.752311992404202, 26.1587712935765 ], [ 91.752460811805705, 26.158805869589202 ], [ 91.752616417979198, 26.158824941140001 ], [ 91.753006289507496, 26.158858006120301 ], [ 91.753196238274299, 26.158859356682001 ], [ 91.753303037181794, 26.1588532634313 ], [ 91.753406613832396, 26.1588241590234 ], [ 91.753458504116395, 26.1587967172111 ], [ 91.753524036216405, 26.158748232413799 ], [ 91.7535938514837, 26.158682365237599 ], [ 91.753643787932006, 26.158621421335599 ], [ 91.753703252810595, 26.1585538939005 ], [ 91.753746574065104, 26.1585055323673 ], [ 91.753827323625998, 26.158442526642499 ], [ 91.753908381309003, 26.158396533191802 ], [ 91.754123245748602, 26.158318173668899 ], [ 91.754253898520105, 26.158272763937301 ], [ 91.754312370760303, 26.158255596799702 ], [ 91.754388116705101, 26.1582445205234 ], [ 91.754512532473598, 26.158238673165101 ], [ 91.754787240880702, 26.158231131749499 ], [ 91.755137249668294, 26.1581755665073 ], [ 91.755346116954996, 26.1581438148133 ], [ 91.755456583683795, 26.158141997389599 ], [ 91.755600673455305, 26.158157008470099 ], [ 91.756062829719596, 26.158204623504702 ], [ 91.756952043273202, 26.158207930988301 ], [ 91.757608156587096, 26.158143962368101 ], [ 91.757878272806494, 26.1581367902367 ], [ 91.758181016735307, 26.1580854395364 ], [ 91.7583219516236, 26.158031723902699 ], [ 91.758466999897607, 26.157963547851601 ], [ 91.758576539564999, 26.1579106941094 ], [ 91.7586985900694, 26.157867221787701 ], [ 91.758847476844593, 26.157856083388499 ], [ 91.758979639684199, 26.1578629104356 ], [ 91.759095247471393, 26.157884781656499 ], [ 91.759188713583399, 26.1579167446748 ], [ 91.759260039816994, 26.157958797869501 ], [ 91.759304974445797, 26.158005465569101 ], [ 91.759370850600504, 26.158062501603499 ], [ 91.759444062397904, 26.15812808934 ], [ 91.759508362009299, 26.158178602265199 ], [ 91.759554324310798, 26.158207735055001 ], [ 91.759638178449293, 26.158238149063699 ], [ 91.759796497535007, 26.158284262717 ], [ 91.760012289934195, 26.158298665821899 ], [ 91.760079929481805, 26.158307452980999 ], [ 91.760142229443403, 26.158316240945702 ], [ 91.760189399080701, 26.158327424454299 ], [ 91.760240128741401, 26.1583394070141 ], [ 91.760357608617596, 26.158356183079501 ], [ 91.760421688141804, 26.158361774831999 ], [ 91.760483098771203, 26.158366567532099 ], [ 91.760531157740601, 26.158366567532099 ], [ 91.760705208123497, 26.1583637720592 ], [ 91.761275362546201, 26.158378750052499 ], [ 91.761824658087903, 26.158393728043901 ], [ 91.761949814068203, 26.158407458673899 ], [ 91.762077751232695, 26.1584486489418 ], [ 91.762239062606596, 26.1585098098308 ], [ 91.762546390638306, 26.1586233951755 ], [ 91.762849545995493, 26.158735732247301 ], [ 91.763183338395507, 26.158823183393501 ], [ 91.763482104584298, 26.158838420151898 ], [ 91.764042290402301, 26.158859751771601 ], [ 91.764517600697204, 26.158859751771601 ], [ 91.765059114133606, 26.158846609797902 ], [ 91.765504717142093, 26.1588132795398 ], [ 91.765913214339406, 26.158769629360801 ], [ 91.765950320150594, 26.158765664753599 ], [ 91.765809732011903, 26.158319436349199 ], [ 91.765777692699004, 26.158262718126299 ], [ 91.765759892581698, 26.158189224595201 ], [ 91.765755442327801, 26.1581428915879 ], [ 91.765771461984201, 26.158056616339501 ], [ 91.7658177422894, 26.157983921733202 ], [ 91.766039351280099, 26.157834537106201 ], [ 91.766059821190396, 26.1578121691871 ], [ 91.7660696119287, 26.1577642387239 ], [ 91.766075841745206, 26.157391176429901 ], [ 91.766086521815595, 26.157288125215299 ], [ 91.766104321034703, 26.157241791850101 ], [ 91.766122121151994, 26.157216228383898 ], [ 91.766170181019703, 26.157175486799499 ], [ 91.766222691141294, 26.1571059870809 ], [ 91.766257401145594, 26.157028498321001 ], [ 91.766293000481994, 26.1569382277454 ], [ 91.766384670861797, 26.156752095361501 ], [ 91.766472780319802, 26.156637060042598 ], [ 91.766522619750106, 26.1565859336458 ], [ 91.766559110215198, 26.156565162809901 ], [ 91.7666820967641, 26.156562616447101 ], [ 91.766661236984902, 26.156334194252601 ], [ 91.766593097075699, 26.155898566184899 ], [ 91.766583362033003, 26.155752525144401 ], [ 91.766568065520303, 26.155678880055 ], [ 91.766534690412598, 26.155607731310401 ], [ 91.766473503463601, 26.155452951718601 ], [ 91.766413707106693, 26.155319392108598 ], [ 91.766352519259399, 26.155110937891202 ], [ 91.766246832466294, 26.1545442419762 ], [ 91.766234316239405, 26.154330793536701 ], [ 91.766237097423499, 26.1542197004337 ], [ 91.766266300755106, 26.1540873876239 ], [ 91.766520784492002, 26.153496969786499 ], [ 91.766689049724405, 26.153132482228798 ], [ 91.766355300443607, 26.1530363666641 ], [ 91.766237097423499, 26.153007656721002 ], [ 91.766217629134701, 26.152988933367102 ], [ 91.766209285582306, 26.152955230516199 ], [ 91.766219019726805, 26.152912790084301 ], [ 91.766234316239405, 26.1528728460869 ], [ 91.766352519259399, 26.152733041585002 ], [ 91.766679315580006, 26.152333600380199 ], [ 91.766718253055998, 26.152283670334999 ], [ 91.766727987200397, 26.152213767752102 ], [ 91.766718253055998, 26.1521538509887 ], [ 91.766693221500603, 26.152075210694001 ], [ 91.766666799353203, 26.152015294665901 ], [ 91.766519393899898, 26.151823062423102 ], [ 91.766491581160395, 26.151781869815999 ], [ 91.766484628200104, 26.151749414853398 ], [ 91.766502706795194, 26.151711966932499 ], [ 91.766533299820495, 26.151667029572799 ], [ 91.766559721967994, 26.151608360767099 ], [ 91.766636206327902, 26.151496017638799 ], [ 91.766661236984902, 26.151439845227799 ], [ 91.766684877948293, 26.151399900726101 ], [ 91.766722424832196, 26.151329997613701 ], [ 91.766769705860497, 26.1512638399923 ], [ 91.766821158665095, 26.151213908683101 ], [ 91.766874002061698, 26.1511764605903 ], [ 91.766922673682103, 26.1511127993694 ], [ 91.766975517078706, 26.151050385551901 ], [ 91.767017235738805, 26.151005447937401 ], [ 91.767050610846496, 26.15093804108 ], [ 91.767064328120895, 26.150889947327101 ], [ 91.766979450801301, 26.150866138722801 ], [ 91.765663860881205, 26.150528051340402 ], [ 91.763785963322405, 26.150218534920199 ], [ 91.761738311124503, 26.150099489552399 ], [ 91.759950594538793, 26.150032824028902 ], [ 91.759197313155596, 26.150004252848198 ], [ 91.758725186490096, 26.150032824028902 ], [ 91.756460037788699, 26.1502423436566 ], [ 91.753283312873094, 26.150701761973401 ], [ 91.751253061042206, 26.151146702729498 ], [ 91.750764170915105, 26.151256413435199 ], [ 91.750241329860202, 26.1514331702063 ], [ 91.749701513341293, 26.1516617342381 ], [ 91.747484533203902, 26.152533321153498 ], [ 91.746870025362398, 26.152777120580499 ], [ 91.746347184307496, 26.153069679220401 ], [ 91.746354001622194, 26.154279616136201 ], [ 91.746363735766593, 26.154727731494201 ], [ 91.746322017106493, 26.155004839146098 ], [ 91.746401282650496, 26.1553793064401 ], [ 91.746450006373195, 26.155745495585801 ] ] ] ] } },
{ "type": "Feature", "properties": { "ward_number": 40, "ward_lgd_name": "Guwahati (M Corp.) - Ward No.40" }, "geometry": { "type": "MultiPolygon", "coordinates": [ [ [ [ 91.766102468708496, 26.159186069593201 ], [ 91.766974774171899, 26.159022000478899 ], [ 91.768758756460898, 26.158635489781499 ], [ 91.771279655523699, 26.1580406392853 ], [ 91.771518175299605, 26.158011880582301 ], [ 91.771778054318006, 26.157986318091101 ], [ 91.772059293477298, 26.1579383868931 ], [ 91.772433092348507, 26.157848916077199 ], [ 91.772660932053995, 26.1577977902115 ], [ 91.772867410720295, 26.157762640611399 ], [ 91.773244769615005, 26.157717905547798 ], [ 91.773508208656907, 26.157698733026901 ], [ 91.773805305775895, 26.157678655818899 ], [ 91.773911752543796, 26.1576616409872 ], [ 91.7740386135265, 26.157628919963901 ], [ 91.774162557679503, 26.157585728940798 ], [ 91.774336080751397, 26.157507198740898 ], [ 91.775053500490102, 26.157080517924001 ], [ 91.775757797639201, 26.156584467753799 ], [ 91.776427098221404, 26.155978470639798 ], [ 91.7770803593842, 26.1554483854772 ], [ 91.7777365364784, 26.154897355024499 ], [ 91.778341677586397, 26.154371191002401 ], [ 91.779019727759504, 26.153737696653899 ], [ 91.779659864536001, 26.153071476564499 ], [ 91.779737148396606, 26.152986399021401 ], [ 91.780230009975497, 26.152546613013001 ], [ 91.780518727609504, 26.152287452927101 ], [ 91.781032004301593, 26.151831957314901 ], [ 91.781820875139701, 26.1511277686173 ], [ 91.782360398807796, 26.150631692332201 ], [ 91.782631618158405, 26.150369909729001 ], [ 91.782780352220001, 26.150224620558198 ], [ 91.782956791223199, 26.150066241463801 ], [ 91.783389868123393, 26.149684036943 ], [ 91.783531310559795, 26.1495662336457 ], [ 91.783647963985999, 26.149498170377999 ], [ 91.784051877978797, 26.149278270604601 ], [ 91.784404755086996, 26.149126434747298 ], [ 91.784824708499102, 26.1489366402526 ], [ 91.784980733287597, 26.148846323904198 ], [ 91.785114884997199, 26.148759934533601 ], [ 91.785298614727296, 26.1485950089006 ], [ 91.785559627419602, 26.1483921244177 ], [ 91.785827930838806, 26.1482075645484 ], [ 91.785899381039798, 26.1481381901216 ], [ 91.785937293538097, 26.148007296903 ], [ 91.786067070452205, 26.1473384257649 ], [ 91.786281877399603, 26.146593713847501 ], [ 91.786475541598506, 26.145728572447801 ], [ 91.786500603696595, 26.145524046801199 ], [ 91.786500603696595, 26.145436100235599 ], [ 91.786493768415596, 26.1453011131238 ], [ 91.786486933134597, 26.145202939627701 ], [ 91.786468706317507, 26.145121129527499 ], [ 91.786436808938305, 26.145061816342398 ], [ 91.786370735154307, 26.145008639034099 ], [ 91.7862294750758, 26.144965688485701 ], [ 91.785762404128704, 26.144906376028 ], [ 91.785413810187706, 26.1448613795996 ], [ 91.785085721191507, 26.144791840290399 ], [ 91.784782695191595, 26.144722300939801 ], [ 91.783864502885194, 26.144501410773401 ], [ 91.783591095238606, 26.144413463437299 ], [ 91.783447557032602, 26.144372557714501 ], [ 91.783310853209301, 26.1443439238612 ], [ 91.782846061288097, 26.144233478472302 ], [ 91.782568097386303, 26.1441966635882 ], [ 91.781993941867398, 26.144165983837201 ], [ 91.781620285828396, 26.144108716022401 ], [ 91.781469911443097, 26.144098489969601 ], [ 91.781299032113097, 26.144098489969601 ], [ 91.781189669413706, 26.1441005350189 ], [ 91.781089420122996, 26.144118942880802 ], [ 91.781005119521794, 26.144137349933398 ], [ 91.780909426486105, 26.144178255738598 ], [ 91.780811456221301, 26.144237569372599 ], [ 91.780704371649506, 26.144315290001 ], [ 91.780640575993004, 26.144345969712699 ], [ 91.780544883855697, 26.144376648609899 ], [ 91.780449191718304, 26.144395056428198 ], [ 91.780337549993106, 26.1444052824551 ], [ 91.780228187293801, 26.144403237411101 ], [ 91.780034523993294, 26.1443868746384 ], [ 91.779893263016504, 26.144360286640001 ], [ 91.779726940840007, 26.144319380898501 ], [ 91.779631247804303, 26.144300973068301 ], [ 91.779510493568907, 26.1442887011798 ], [ 91.779266705173796, 26.144284611087699 ], [ 91.777986675962595, 26.1443220654239 ], [ 91.7775465185413, 26.144345969712699 ], [ 91.777430320560995, 26.144370512669799 ], [ 91.777289060482602, 26.1444093733495 ], [ 91.777122737407794, 26.144466641016798 ], [ 91.776753637623798, 26.144583222114399 ], [ 91.7765235197907, 26.144642534736199 ], [ 91.776400486529397, 26.144673214361902 ], [ 91.776238720608006, 26.144689576287998 ], [ 91.776102017683002, 26.144685486209902 ], [ 91.775937972735704, 26.144669123476799 ], [ 91.775641782016905, 26.144617991836299 ], [ 91.775486851376399, 26.144570950255599 ], [ 91.775079018932402, 26.144442097273402 ], [ 91.774878520350896, 26.144352104847702 ], [ 91.774705361995004, 26.144296882170099 ], [ 91.774507142439404, 26.144239614419501 ], [ 91.774379552024598, 26.144219161529499 ], [ 91.774169940034497, 26.1442068896324 ], [ 91.772604684042506, 26.1441741656426 ], [ 91.771561179448895, 26.144337787919401 ], [ 91.771283215547101, 26.144370512669799 ], [ 91.771167017566796, 26.144382784549698 ], [ 91.770898167073597, 26.1444011915606 ], [ 91.770711339054102, 26.1444093733495 ], [ 91.770549573132698, 26.1443971014724 ], [ 91.770449323841902, 26.144374603565399 ], [ 91.770280722639498, 26.1443418788161 ], [ 91.769859219633503, 26.144221206576699 ], [ 91.769699732737905, 26.1441864367366 ], [ 91.769560750787093, 26.14417007474 ], [ 91.769426325091302, 26.1441578028378 ], [ 91.7691506402155, 26.144155757789399 ], [ 91.768900016539405, 26.1441741656426 ], [ 91.768697239830303, 26.144221206576699 ], [ 91.768414718775105, 26.144325516841299 ], [ 91.768175487533497, 26.144423690268901 ], [ 91.768000051050095, 26.1444830029718 ], [ 91.767836007001094, 26.144523908656002 ], [ 91.767656014262599, 26.144554588312801 ], [ 91.766664912891102, 26.144476867037401 ], [ 91.766648109903699, 26.145207286122801 ], [ 91.766655799482507, 26.145859469028402 ], [ 91.766680861580596, 26.1460374064708 ], [ 91.766694532142594, 26.146121261749101 ], [ 91.766692254015098, 26.146198981123199 ], [ 91.766680861580596, 26.146274655434301 ], [ 91.766405175806497, 26.1467327910837 ], [ 91.766323154231102, 26.146853459920202 ], [ 91.766323154231102, 26.146896409773898 ], [ 91.766325432358698, 26.1469393596118 ], [ 91.766345938201695, 26.146990491041802 ], [ 91.766382391835904, 26.147021169243999 ], [ 91.7664370731856, 26.147055938239699 ], [ 91.766498589816294, 26.147088662228001 ], [ 91.766555550191796, 26.147102978818801 ], [ 91.766644407048105, 26.147111159611899 ], [ 91.7667514916199, 26.147105023815499 ], [ 91.766888195443201, 26.147105023815499 ], [ 91.766997558142506, 26.147096843022101 ], [ 91.767120591403796, 26.147096843022101 ], [ 91.767243624665099, 26.147109114615301 ], [ 91.767364379798806, 26.147141838588698 ], [ 91.767471464370601, 26.147192969123601 ], [ 91.7675512078184, 26.147266597796399 ], [ 91.767594497631904, 26.147350452191599 ], [ 91.767642343700601, 26.147446578084299 ], [ 91.767685632615795, 26.147550884659999 ], [ 91.767731200556895, 26.1476572361296 ], [ 91.767783603778994, 26.147802447052101 ], [ 91.767829171720095, 26.1478924368176 ], [ 91.767872461533699, 26.147953793546002 ], [ 91.767945369700399, 26.147992653032599 ], [ 91.768054732399804, 26.148037647447499 ], [ 91.7681344767458, 26.148092868355199 ], [ 91.768205106785004, 26.148170586416398 ], [ 91.768241561317595, 26.148231942998699 ], [ 91.768271179670805, 26.148307615991701 ], [ 91.768293963641398, 26.148387379690501 ], [ 91.768334975327306, 26.148463052582699 ], [ 91.768353202144496, 26.148503956871899 ], [ 91.768362315553006, 26.1485878103781 ], [ 91.768325861918797, 26.148671663824 ], [ 91.768262066262295, 26.148728929400001 ], [ 91.7681094137494, 26.1488639133538 ], [ 91.767833728873498, 26.1491666025859 ], [ 91.767799552468603, 26.149297495310599 ], [ 91.7677744903704, 26.149438614280701 ], [ 91.767699303177807, 26.1496656299589 ], [ 91.767633230292006, 26.149843561598299 ], [ 91.7675512078184, 26.1500051317878 ], [ 91.767446401374201, 26.150133977822001 ], [ 91.767289192606199, 26.1503098638069 ], [ 91.767157045936301, 26.150571645738399 ], [ 91.767095529305706, 26.150747531063601 ], [ 91.767064328120895, 26.150889947327101 ], [ 91.767062307809894, 26.150897031204401 ], [ 91.767050610846496, 26.15093804108 ], [ 91.767017235738805, 26.151005447937401 ], [ 91.766975517078706, 26.151050385551901 ], [ 91.766922673682103, 26.1511127993694 ], [ 91.766874002061698, 26.1511764605903 ], [ 91.766821158665095, 26.151213908683101 ], [ 91.766769705860497, 26.1512638399923 ], [ 91.766722424832196, 26.151329997613701 ], [ 91.766684877948293, 26.151399900726101 ], [ 91.766661236984902, 26.151439845227799 ], [ 91.766636206327902, 26.151496017638799 ], [ 91.766559721967994, 26.151608360767099 ], [ 91.766533299820495, 26.151667029572799 ], [ 91.766502706795194, 26.151711966932499 ], [ 91.766484628200104, 26.151749414853398 ], [ 91.766491581160395, 26.151781869815999 ], [ 91.766519393899898, 26.151823062423102 ], [ 91.766666799353203, 26.152015294665901 ], [ 91.766693221500603, 26.152075210694001 ], [ 91.766718253055998, 26.1521538509887 ], [ 91.766727987200397, 26.152213767752102 ], [ 91.766718253055998, 26.152283670334999 ], [ 91.766679315580006, 26.152333600380199 ], [ 91.766352519259399, 26.152733041585002 ], [ 91.766234316239405, 26.1528728460869 ], [ 91.766219019726805, 26.152912790084301 ], [ 91.766209285582306, 26.152955230516199 ], [ 91.766217629134701, 26.152988933367102 ], [ 91.766237097423499, 26.153007656721002 ], [ 91.766355300443607, 26.1530363666641 ], [ 91.766689049724405, 26.153132482228798 ], [ 91.766520784492002, 26.153496969786499 ], [ 91.766266300755106, 26.1540873876239 ], [ 91.766237097423499, 26.1542197004337 ], [ 91.766234316239405, 26.154330793536701 ], [ 91.766246832466294, 26.1545442419762 ], [ 91.766352519259399, 26.155110937891202 ], [ 91.766413707106693, 26.155319392108598 ], [ 91.766473503463601, 26.155452951718601 ], [ 91.766534690412598, 26.155607731310401 ], [ 91.766568065520303, 26.155678880055 ], [ 91.766583362033003, 26.155752525144401 ], [ 91.766593097075699, 26.155898566184899 ], [ 91.766661236984902, 26.156334194252601 ], [ 91.7666820967641, 26.156562616447101 ], [ 91.766559110215198, 26.156565162809901 ], [ 91.766522619750106, 26.1565859336458 ], [ 91.766472780319802, 26.156637060042598 ], [ 91.766384670861797, 26.156752095361501 ], [ 91.766293000481994, 26.1569382277454 ], [ 91.766257401145594, 26.157028498321001 ], [ 91.766222691141294, 26.1571059870809 ], [ 91.766170181019703, 26.157175486799499 ], [ 91.766122121151994, 26.157216228383898 ], [ 91.766104321034703, 26.157241791850101 ], [ 91.766086521815595, 26.157288125215299 ], [ 91.766075841745206, 26.157391176429901 ], [ 91.7660696119287, 26.1577642387239 ], [ 91.766059821190396, 26.1578121691871 ], [ 91.766039351280099, 26.157834537106201 ], [ 91.7658177422894, 26.157983921733202 ], [ 91.765771461984201, 26.158056616339501 ], [ 91.765755442327801, 26.1581428915879 ], [ 91.765759892581698, 26.158189224595201 ], [ 91.765777692699004, 26.158262718126299 ], [ 91.765809732011903, 26.158319436349199 ], [ 91.765950320150594, 26.158765664753599 ], [ 91.766102468708496, 26.159186069593201 ] ] ] ] } },
{ "type": "Feature", "properties": { "ward_number": 26, "ward_lgd_name": "Guwahati (M Corp.) - Ward No.26" }, "geometry": { "type": "MultiPolygon", "coordinates": [ [ [ [ 91.755679417976495, 26.140664549149999 ], [ 91.7557033194513, 26.1408557078657 ], [ 91.755672898902503, 26.141093679437201 ], [ 91.755635961076393, 26.141224369124799 ], [ 91.755622923826607, 26.141357008605201 ], [ 91.755638134101005, 26.141479895830901 ], [ 91.755657689526402, 26.141567671995801 ], [ 91.755670726776202, 26.141823197143999 ], [ 91.755640306227406, 26.141885615896001 ], [ 91.755588158126798, 26.141938281742402 ], [ 91.755572948750796, 26.142004601095898 ], [ 91.755557738476298, 26.1421118825841 ], [ 91.755553392427004, 26.142211361855502 ], [ 91.755507763400502, 26.142324494535501 ], [ 91.755479515876303, 26.142373258726899 ], [ 91.755449096225902, 26.1423966658541 ], [ 91.755415286333502, 26.1424008003655 ], [ 91.755399989820901, 26.142408291193298 ], [ 91.755388865084399, 26.142428264581302 ], [ 91.755374958265506, 26.142460722136001 ], [ 91.755355489976694, 26.1424994213613 ], [ 91.755221990443999, 26.142630498974899 ], [ 91.755181662375904, 26.142669198143899 ], [ 91.755170537639501, 26.142706648966399 ], [ 91.754713022970293, 26.142685427292101 ], [ 91.754195711944206, 26.1426804339564 ], [ 91.754119228482594, 26.142672943146099 ], [ 91.754138696771506, 26.142754086442601 ], [ 91.754156774468299, 26.1428127596993 ], [ 91.754167900102999, 26.142870183788201 ], [ 91.754177634247498, 26.1429663077257 ], [ 91.754184587207803, 26.1430536924683 ], [ 91.754195711944206, 26.143146070461398 ], [ 91.754187368391896, 26.143207240177802 ], [ 91.754130353219097, 26.143337068669702 ], [ 91.754081681598706, 26.143410721548001 ], [ 91.754024665527695, 26.143446923806799 ], [ 91.753931494062996, 26.1434494204583 ], [ 91.753835541414205, 26.1434531654354 ], [ 91.753770182689095, 26.1434743877766 ], [ 91.753725682844902, 26.1434918643317 ], [ 91.753663104405504, 26.143495609307401 ], [ 91.753614432785099, 26.143464401172501 ], [ 91.753558808204403, 26.143455662086801 ], [ 91.753514308360195, 26.1434569104124 ], [ 91.753156918116005, 26.1436728753879 ], [ 91.753067918427604, 26.143722809117001 ], [ 91.752990044373902, 26.143750273021901 ], [ 91.752921903566303, 26.143759011279101 ], [ 91.752836241119098, 26.1437452297343 ], [ 91.752805091138399, 26.143742833084001 ], [ 91.752781061204502, 26.143759610441599 ], [ 91.752744571637706, 26.1437763886032 ], [ 91.752712531426397, 26.1437795844048 ], [ 91.752634211808399, 26.1437691978476 ], [ 91.752609291644106, 26.143756414639402 ], [ 91.752433072728095, 26.143738838129099 ], [ 91.752415272610705, 26.143728451568201 ], [ 91.752401922747296, 26.1437148700095 ], [ 91.752357422903003, 26.143699690144199 ], [ 91.752247063073796, 26.143671727059399 ], [ 91.752188323135599, 26.143666932949301 ], [ 91.752067283235903, 26.1436685312548 ], [ 91.751858133878201, 26.1436685312548 ], [ 91.751842114221802, 26.143655748035599 ], [ 91.751838554198301, 26.143640568162599 ], [ 91.751821644311406, 26.143630181593 ], [ 91.751758455017693, 26.1436245891345 ], [ 91.751691704802198, 26.143621393328601 ], [ 91.751676574477798, 26.143616600022799 ], [ 91.751666784637905, 26.143601420144702 ], [ 91.751649874750996, 26.1435750545368 ], [ 91.751638305348393, 26.143550287229999 ], [ 91.751630295070996, 26.143527118225499 ], [ 91.7516098251606, 26.14350394841 ], [ 91.751600035320706, 26.1435031500625 ], [ 91.751569775570303, 26.1435031500625 ], [ 91.751550194992106, 26.14350394841 ], [ 91.751534175335607, 26.1435167316458 ], [ 91.751526165058294, 26.143527118225499 ], [ 91.751504805815699, 26.143530314033999 ], [ 91.7511212162063, 26.143544694767701 ], [ 91.7507910278472, 26.143546293075001 ], [ 91.750782127339306, 26.143809144961001 ], [ 91.750835527691393, 26.144079986142 ], [ 91.750812387089695, 26.1442949008303 ], [ 91.750770557936804, 26.144407551679802 ], [ 91.750699357467298, 26.144652825253701 ], [ 91.750677998224901, 26.144720734904901 ], [ 91.7506557478536, 26.1447646766125 ], [ 91.7506361681736, 26.144790242000301 ], [ 91.750621928079795, 26.144812612415599 ], [ 91.7505854385129, 26.1448261946529 ], [ 91.7504190085386, 26.144842173516501 ], [ 91.750343358713494, 26.144845369289001 ], [ 91.750257028818098, 26.144841374371801 ], [ 91.750179599430496, 26.144830987909 ], [ 91.749969559842299, 26.144763877467302 ], [ 91.749842290126196, 26.144711946722602 ], [ 91.749731930296903, 26.1446472328442 ], [ 91.749647380862299, 26.144608883503899 ], [ 91.749499641235801, 26.144537778006899 ], [ 91.749415091801197, 26.144484249673699 ], [ 91.749234422631304, 26.144363609837701 ], [ 91.749107152915101, 26.144281319337502 ], [ 91.749051082769995, 26.144251758094502 ], [ 91.748920253030306, 26.144196631331901 ], [ 91.748861513092194, 26.144183049827699 ], [ 91.748768953380306, 26.144202223762999 ], [ 91.748511744154797, 26.144278922698199 ], [ 91.748307935281503, 26.144364408985702 ], [ 91.748221605386107, 26.144396366030701 ], [ 91.748152185377506, 26.144463477490099 ], [ 91.748082765369006, 26.144523397395499 ], [ 91.748047166032606, 26.144572931590702 ], [ 91.748038479323895, 26.144588335522901 ], [ 91.748028226851503, 26.1445965164922 ], [ 91.748016264885194, 26.144600606573398 ], [ 91.747992341850903, 26.144604697460899 ], [ 91.747964431195001, 26.144600606573398 ], [ 91.747757098230693, 26.144573506556899 ], [ 91.747458058954095, 26.144556122093899 ], [ 91.747314519849795, 26.144529022067001 ], [ 91.747250155559698, 26.1445131713789 ], [ 91.747099374237607, 26.144463077513301 ], [ 91.746918593676597, 26.144418137362301 ], [ 91.746844890500796, 26.1443994126303 ], [ 91.746753109628202, 26.144380687088901 ], [ 91.746689141495096, 26.1443569690869 ], [ 91.746664109939701, 26.144341988487302 ], [ 91.746636297200197, 26.144322015426699 ], [ 91.746611266543198, 26.144309531455701 ], [ 91.746554250472101, 26.144299544923101 ], [ 91.746497235299302, 26.144305786506099 ], [ 91.746429095390098, 26.144312028088802 ], [ 91.746337313619193, 26.144312028088802 ], [ 91.745647566482802, 26.144284565122501 ], [ 91.744718631223904, 26.144213409430701 ], [ 91.744485007266206, 26.144162227593299 ], [ 91.744290319886304, 26.144143502013801 ], [ 91.744188804869296, 26.144145998650401 ], [ 91.744131789696496, 26.1441559851962 ], [ 91.744078946299894, 26.1441697175017 ], [ 91.744041399416005, 26.144179704045399 ], [ 91.743921805803893, 26.1441909389061 ], [ 91.743811946336194, 26.1442109127956 ], [ 91.743766055899997, 26.1442371274618 ], [ 91.743738244058804, 26.144275826098202 ], [ 91.743704868950999, 26.144320767110301 ], [ 91.743693744214497, 26.1443394918549 ], [ 91.743670103251205, 26.144375693825801 ], [ 91.743643681103705, 26.1444118957853 ], [ 91.743588056522995, 26.144431868830601 ], [ 91.743549119047103, 26.144440607843201 ], [ 91.743485150913997, 26.144441856158299 ], [ 91.743433698109499, 26.144438111212899 ], [ 91.743383635897004, 26.144418137362301 ], [ 91.743372510262205, 26.144384432036201 ], [ 91.743379463222496, 26.144330753641199 ], [ 91.743386417081098, 26.144203422889799 ], [ 91.743386417081098, 26.144124777237799 ], [ 91.743391979449399, 26.1440448832134 ], [ 91.743391979449399, 26.1439712307352 ], [ 91.743387807673201, 26.143943766882401 ], [ 91.743368338485993, 26.143903819815101 ], [ 91.743353041973407, 26.143865121055399 ], [ 91.7433391351544, 26.143841402142201 ], [ 91.743311323313193, 26.143816435708899 ], [ 91.743280729389596, 26.1437902201417 ], [ 91.743236229545403, 26.143764004568698 ], [ 91.743179214372603, 26.143746528054301 ], [ 91.743027636244804, 26.1437402864413 ], [ 91.742914996491393, 26.143730299053601 ], [ 91.742718918519301, 26.143685358620498 ], [ 91.742579856618406, 26.143645411464799 ], [ 91.742504762850501, 26.1436316799041 ], [ 91.742389341912997, 26.143625438285 ], [ 91.742041686711502, 26.143599222675 ], [ 91.741738903256802, 26.1435793817387 ], [ 91.741611910221707, 26.1438661113257 ], [ 91.741288317293396, 26.1444804160251 ], [ 91.740943505259807, 26.145299484197398 ], [ 91.740853323388393, 26.145489964400198 ], [ 91.740784361520696, 26.145723301842001 ], [ 91.740731313308203, 26.145966163144099 ], [ 91.740694179649296, 26.146175690072699 ], [ 91.740657045990403, 26.146447122491999 ], [ 91.740683570545798, 26.1467137917443 ], [ 91.740736617859994, 26.1470756995591 ], [ 91.740810885177794, 26.147494749056399 ], [ 91.740985943470506, 26.148818554776 ], [ 91.741001858024006, 26.149094742681299 ], [ 91.741007162575798, 26.149609022033601 ], [ 91.740970029815202, 26.1509042328099 ], [ 91.7409063716009, 26.151208986671801 ], [ 91.740842714284895, 26.1514899304544 ], [ 91.740769083872706, 26.151692209623601 ], [ 91.740690996918303, 26.151878108173499 ], [ 91.740602724865198, 26.152033531139001 ], [ 91.740483897516, 26.152246856377499 ], [ 91.740293773577704, 26.152594271461201 ], [ 91.740222476988606, 26.1527649310244 ], [ 91.740107045271202, 26.153011777148599 ], [ 91.7397607474241, 26.153938208462002 ], [ 91.739499326896606, 26.1547214025782 ], [ 91.739465376867102, 26.154943865907601 ], [ 91.739509512893704, 26.155364411113599 ], [ 91.739543462923194, 26.155660010378099 ], [ 91.739604574413605, 26.156184164066499 ], [ 91.739658895538895, 26.156339582102401 ], [ 91.739726797394596, 26.156583373576002 ], [ 91.739862600207701, 26.156869827704799 ], [ 91.740001797754203, 26.157074002069901 ], [ 91.740161366396407, 26.1572873180926 ], [ 91.740873502244597, 26.1582039873261 ], [ 91.741399811694905, 26.157938131292301 ], [ 91.742185857331407, 26.1575086710717 ], [ 91.742892158621899, 26.1571201105391 ], [ 91.743760939096106, 26.1566953763767 ], [ 91.744230857702703, 26.1565228236751 ], [ 91.744391056962201, 26.156442938138301 ], [ 91.744722073567999, 26.156346257649499 ], [ 91.744991834952899, 26.156261182494301 ], [ 91.745382624559397, 26.1561329149099 ], [ 91.746260443881994, 26.155805702395 ], [ 91.746450006373195, 26.155745495585801 ], [ 91.746401282650496, 26.1553793064401 ], [ 91.746322017106493, 26.155004839146098 ], [ 91.746363735766593, 26.154727731494201 ], [ 91.746354001622194, 26.154279616136201 ], [ 91.746347184307496, 26.153069679220401 ], [ 91.746870025362398, 26.152777120580499 ], [ 91.747484533203902, 26.152533321153498 ], [ 91.749701513341293, 26.1516617342381 ], [ 91.750241329860202, 26.1514331702063 ], [ 91.750764170915105, 26.151256413435199 ], [ 91.751253061042206, 26.151146702729498 ], [ 91.753283312873094, 26.150701761973401 ], [ 91.756460037788699, 26.1502423436566 ], [ 91.758725186490096, 26.150032824028902 ], [ 91.759197313155596, 26.150004252848198 ], [ 91.759950594538793, 26.150032824028902 ], [ 91.761738311124503, 26.150099489552399 ], [ 91.763785963322405, 26.150218534920199 ], [ 91.765663860881205, 26.150528051340402 ], [ 91.766979450801301, 26.150866138722801 ], [ 91.767064328120895, 26.150889947327101 ], [ 91.767095529305706, 26.150747531063601 ], [ 91.767157045936301, 26.150571645738399 ], [ 91.767289192606199, 26.1503098638069 ], [ 91.767446401374201, 26.150133977822001 ], [ 91.7675512078184, 26.1500051317878 ], [ 91.767633230292006, 26.149843561598299 ], [ 91.767699303177807, 26.1496656299589 ], [ 91.7677744903704, 26.149438614280701 ], [ 91.767799552468603, 26.149297495310599 ], [ 91.767833728873498, 26.1491666025859 ], [ 91.7681094137494, 26.1488639133538 ], [ 91.768262066262295, 26.148728929400001 ], [ 91.768325861918797, 26.148671663824 ], [ 91.768362315553006, 26.1485878103781 ], [ 91.768353202144496, 26.148503956871899 ], [ 91.768334975327306, 26.148463052582699 ], [ 91.768293963641398, 26.148387379690501 ], [ 91.768271179670805, 26.148307615991701 ], [ 91.768241561317595, 26.148231942998699 ], [ 91.768205106785004, 26.148170586416398 ], [ 91.7681344767458, 26.148092868355199 ], [ 91.768054732399804, 26.148037647447499 ], [ 91.767945369700399, 26.147992653032599 ], [ 91.767872461533699, 26.147953793546002 ], [ 91.767829171720095, 26.1478924368176 ], [ 91.767783603778994, 26.147802447052101 ], [ 91.767731200556895, 26.1476572361296 ], [ 91.767685632615795, 26.147550884659999 ], [ 91.767642343700601, 26.147446578084299 ], [ 91.767594497631904, 26.147350452191599 ], [ 91.7675512078184, 26.147266597796399 ], [ 91.767471464370601, 26.147192969123601 ], [ 91.767364379798806, 26.147141838588698 ], [ 91.767243624665099, 26.147109114615301 ], [ 91.767120591403796, 26.147096843022101 ], [ 91.766997558142506, 26.147096843022101 ], [ 91.766888195443201, 26.147105023815499 ], [ 91.7667514916199, 26.147105023815499 ], [ 91.766644407048105, 26.147111159611899 ], [ 91.766555550191796, 26.147102978818801 ], [ 91.766498589816294, 26.147088662228001 ], [ 91.7664370731856, 26.147055938239699 ], [ 91.766382391835904, 26.147021169243999 ], [ 91.766345938201695, 26.146990491041802 ], [ 91.766325432358698, 26.1469393596118 ], [ 91.766323154231102, 26.146896409773898 ], [ 91.766323154231102, 26.146853459920202 ], [ 91.766405175806497, 26.1467327910837 ], [ 91.766680861580596, 26.146274655434301 ], [ 91.766692254015098, 26.146198981123199 ], [ 91.766694532142594, 26.146121261749101 ], [ 91.766680861580596, 26.1460374064708 ], [ 91.766655799482507, 26.145859469028402 ], [ 91.766648109903699, 26.145207286122801 ], [ 91.766663123447003, 26.144554659276402 ], [ 91.766664912891102, 26.144476867037401 ], [ 91.7660224063588, 26.144450279059399 ], [ 91.765514324623993, 26.1444114183934 ], [ 91.765240916977405, 26.144388920489099 ], [ 91.765138389559098, 26.144374603565399 ], [ 91.765063202366406, 26.144350059802701 ], [ 91.765008521016796, 26.144313244955399 ], [ 91.764969788356694, 26.1442518863131 ], [ 91.764933333824104, 26.1441741656426 ], [ 91.764890044908896, 26.144045312222399 ], [ 91.764794351873306, 26.143711929838101 ], [ 91.764737392396, 26.143460358629699 ], [ 91.764705495016898, 26.143239466075201 ], [ 91.764694102582496, 26.143073796385099 ], [ 91.764696381608402, 26.142934715595398 ], [ 91.764703215991105, 26.142184084678199 ], [ 91.764662205203393, 26.141519353421099 ], [ 91.764655369922394, 26.141449812120999 ], [ 91.764623472543306, 26.141388451973601 ], [ 91.764561955912598, 26.141337318895999 ], [ 91.764445757932293, 26.141284139890999 ], [ 91.764324274264894, 26.141233333370799 ], [ 91.764025349074302, 26.1411325395948 ], [ 91.763831411787606, 26.141074942882 ], [ 91.763627267842693, 26.141036981066701 ], [ 91.763392502126294, 26.141009491524201 ], [ 91.763083370277499, 26.141014727666398 ], [ 91.762796110609202, 26.1410304360917 ], [ 91.762205550954903, 26.141071015575701 ], [ 91.761953286955105, 26.141085414353899 ], [ 91.761724353999895, 26.141082796687598 ], [ 91.761466258137304, 26.141057925629202 ], [ 91.761020056850796, 26.141022581476101 ], [ 91.760489282773705, 26.1409937830961 ], [ 91.760251601125901, 26.140987238118701 ], [ 91.760137863631101, 26.141002946547701 ], [ 91.7600314168632, 26.141022581476101 ], [ 91.759895807187903, 26.141074942882 ], [ 91.7597966511469, 26.141128612290501 ], [ 91.759607088655599, 26.141234643008701 ], [ 91.759445232004396, 26.1413262740774 ], [ 91.759300872738194, 26.141398269405801 ], [ 91.759206091492601, 26.141436231103601 ], [ 91.759095270827501, 26.141465029374501 ], [ 91.758961119117998, 26.141485973860298 ], [ 91.758812385056402, 26.141505608707501 ], [ 91.758654903200593, 26.141520008238398 ], [ 91.758364726702496, 26.141520008238398 ], [ 91.7579768530275, 26.141540951907899 ], [ 91.757291512127495, 26.141572368614799 ], [ 91.757097575739195, 26.1415618963801 ], [ 91.757087368182596, 26.141518698603701 ], [ 91.757026125538104, 26.141175736707599 ], [ 91.756925511531307, 26.140675691609399 ], [ 91.756897805691295, 26.140497664544199 ], [ 91.756795733718803, 26.140487192213101 ], [ 91.7563641156827, 26.1405159907181 ], [ 91.756006862880696, 26.140574896545601 ], [ 91.755679417976495, 26.140664549149999 ] ] ] ] } },
{ "type": "Feature", "properties": { "ward_number": 25, "ward_lgd_name": "Guwahati (M Corp.) - Ward No.25" }, "geometry": { "type": "MultiPolygon", "coordinates": [ [ [ [ 91.744107704067105, 26.126360712474799 ], [ 91.744011375922597, 26.126373731481099 ], [ 91.743766930859096, 26.1263920211581 ], [ 91.742941928881905, 26.126538333631899 ], [ 91.741926802966404, 26.126797428288899 ], [ 91.741183281778802, 26.127035184939 ], [ 91.740314143775095, 26.127422300324898 ], [ 91.739869389674595, 26.1276051896788 ], [ 91.738918769983002, 26.128074603543102 ], [ 91.738487596612998, 26.128403801206499 ], [ 91.7379511748276, 26.1288518747611 ], [ 91.737808582547601, 26.128985992114799 ], [ 91.7376931499319, 26.129107916481502 ], [ 91.737604877878795, 26.1291993594714 ], [ 91.737540371654902, 26.129306043003499 ], [ 91.737306111690003, 26.129647429974199 ], [ 91.737020926231693, 26.1299918645357 ], [ 91.736796851365597, 26.130287528056499 ], [ 91.736633887989896, 26.130601479846799 ], [ 91.736447158784998, 26.131055640479602 ], [ 91.736406418390303, 26.131217187476398 ], [ 91.736386048192898, 26.131372637951301 ], [ 91.736358887630303, 26.132543082700899 ], [ 91.736369072729005, 26.133942115255898 ], [ 91.736423393854196, 26.134609621177201 ], [ 91.736460739515493, 26.134905273007799 ], [ 91.736549011568599, 26.135164349104699 ], [ 91.736644073088598, 26.1353563700686 ], [ 91.736732345141704, 26.135502671312999 ], [ 91.736864752323001, 26.1356672597922 ], [ 91.737245729631596, 26.136058740178299 ], [ 91.737947127917195, 26.1366773722883 ], [ 91.738332900432894, 26.136959060730099 ], [ 91.738515071585894, 26.137073915444599 ], [ 91.7385804312094, 26.137100131713499 ], [ 91.7386374463821, 26.137071418656799 ], [ 91.738708368373807, 26.1370314692379 ], [ 91.738808492798796, 26.137004003752502 ], [ 91.738925305226701, 26.137011494120099 ], [ 91.739506584385794, 26.1370564371223 ], [ 91.740137926655706, 26.137098883319901 ], [ 91.740360425876901, 26.1371238519963 ], [ 91.740467503262096, 26.137142578701699 ], [ 91.740589878058302, 26.137151317453601 ], [ 91.740719205814798, 26.137151317453601 ], [ 91.740902767560002, 26.137126348782999 ], [ 91.741025750515703, 26.1370910034397 ], [ 91.741224001512293, 26.137018984487302 ], [ 91.741340813042001, 26.136962805915498 ], [ 91.741452063101704, 26.1368891489692 ], [ 91.741552187526693, 26.1367967660251 ], [ 91.741666218770504, 26.136679414241801 ], [ 91.741757554976999, 26.136572898737001 ], [ 91.741806504176907, 26.136522561945601 ], [ 91.741867024575797, 26.136473024334499 ], [ 91.741952464240896, 26.136425085107099 ], [ 91.742109103476906, 26.1363276073808 ], [ 91.742258623564396, 26.136268481665802 ], [ 91.742473112508094, 26.1362005679044 ], [ 91.7425638926575, 26.136182191052502 ], [ 91.742634201998101, 26.136437868311599 ], [ 91.742700952213696, 26.136605657115901 ], [ 91.742850941221704, 26.1371690296337 ], [ 91.742655385170906, 26.137219745986702 ], [ 91.742731434746204, 26.137510393619699 ], [ 91.743172521923796, 26.138797814529699 ], [ 91.743576931786606, 26.140050109856201 ], [ 91.743806383968007, 26.140696773330099 ], [ 91.743864790631207, 26.140824107906401 ], [ 91.744027492597098, 26.140774172937299 ], [ 91.7441331802886, 26.140744211623002 ], [ 91.744279195149801, 26.140711753591098 ], [ 91.744397398169895, 26.140704263460801 ], [ 91.744535069478701, 26.140701766750599 ], [ 91.744740881595106, 26.1407217404306 ], [ 91.744960599632194, 26.140757943523401 ], [ 91.745137208417006, 26.140789153188301 ], [ 91.745279051502095, 26.140802885083399 ], [ 91.745376394742905, 26.140802885083399 ], [ 91.745458441471001, 26.140792898250801 ], [ 91.7455265822786, 26.1407804147088 ], [ 91.745582206859297, 26.140757943523401 ], [ 91.745642003216204, 26.1407067601709 ], [ 91.745758207484698, 26.140563118608199 ], [ 91.746001566485106, 26.140186652200899 ], [ 91.746068923961701, 26.140050109856201 ], [ 91.746116726911296, 26.139964283319099 ], [ 91.746151492611006, 26.139905765079401 ], [ 91.746188430437201, 26.1398394445336 ], [ 91.746236233386796, 26.139790679283799 ], [ 91.746310109937397, 26.1397224078998 ], [ 91.746397023737799, 26.1396560872499 ], [ 91.746501320837197, 26.1396092718918 ], [ 91.746683839638294, 26.139541000401699 ], [ 91.747048877240601, 26.139453222713001 ], [ 91.747694212567595, 26.139369346515799 ], [ 91.748126608544794, 26.139328383381098 ], [ 91.748676337972796, 26.139318630290099 ], [ 91.749630217650505, 26.139351791118798 ], [ 91.749901823276701, 26.1393810503811 ], [ 91.7502190579293, 26.139429815802099 ], [ 91.750614516080304, 26.139501988103799 ], [ 91.750814418180497, 26.1395507534742 ], [ 91.751001282132705, 26.139581963461801 ], [ 91.7511859739584, 26.139603420373899 ], [ 91.751431505983504, 26.139622926507599 ], [ 91.752198519912398, 26.139699000236401 ], [ 91.752422323487394, 26.139714605614699 ], [ 91.752676545814495, 26.139710704068701 ], [ 91.753058966715798, 26.139699000236401 ], [ 91.753169781990906, 26.139720457127002 ], [ 91.753237140365798, 26.139767271634099 ], [ 91.753287115441694, 26.1398277407142 ], [ 91.753326226292501, 26.139911616582101 ], [ 91.753360991992295, 26.140050109856201 ], [ 91.753382720442403, 26.1402880838762 ], [ 91.753389239516494, 26.140366107933701 ], [ 91.753408794941905, 26.140407070704399 ], [ 91.753439214592404, 26.1404499834149 ], [ 91.753482671492506, 26.140492896916001 ], [ 91.753580449517898, 26.140535809595001 ], [ 91.753734721693306, 26.140568970078 ], [ 91.754036746969902, 26.1406352902093 ], [ 91.754197537320906, 26.140689907376501 ], [ 91.754301834420403, 26.1407367214948 ], [ 91.754401784572096, 26.140777684135401 ], [ 91.754475662021093, 26.140797190072899 ], [ 91.754534328297296, 26.140804992285702 ], [ 91.754640797523095, 26.140795239317999 ], [ 91.755325243701094, 26.140713314034802 ], [ 91.755679417976495, 26.140664549149999 ], [ 91.755803413333496, 26.140630600004201 ], [ 91.755843227565194, 26.140619699469902 ], [ 91.755899505221194, 26.140396460465102 ], [ 91.755938237881196, 26.140290101573601 ], [ 91.755958743724193, 26.140222605464999 ], [ 91.755999754511905, 26.140095792802601 ], [ 91.756070384551094, 26.1399342097023 ], [ 91.756131901181803, 26.139838077623001 ], [ 91.756147849871297, 26.1397992154217 ], [ 91.7561524070248, 26.139711265349401 ], [ 91.756156964178203, 26.139273555902399 ], [ 91.756150128897204, 26.139210149476199 ], [ 91.756131901181803, 26.139154924366199 ], [ 91.756077219832093, 26.1390792454395 ], [ 91.755992919230906, 26.139001521325099 ], [ 91.755924567319198, 26.138913569845499 ], [ 91.755874443123005, 26.1388542543128 ], [ 91.755842545743903, 26.138774484099599 ], [ 91.755819761773395, 26.1387233498772 ], [ 91.755806091211397, 26.138657897201 ], [ 91.755794699675207, 26.138584263904601 ], [ 91.755791053413503, 26.138113905995102 ], [ 91.755767723267297, 26.138018344996201 ], [ 91.755744392222695, 26.138001327297999 ], [ 91.755718145246703, 26.137992164417302 ], [ 91.7556671092605, 26.137983000729299 ], [ 91.755627738796605, 26.137969910436599 ], [ 91.755607324581703, 26.137951583863099 ], [ 91.755591284264, 26.137918857313299 ], [ 91.755578160775997, 26.137876967864599 ], [ 91.755557746561195, 26.137551013036902 ], [ 91.755559204526904, 26.137158294906101 ], [ 91.7555533717657, 26.137132113327802 ], [ 91.755525666824099, 26.137109859183301 ], [ 91.755502335779497, 26.137099387354802 ], [ 91.755473171973804, 26.137082369522599 ], [ 91.755457132554398, 26.1370574968056 ], [ 91.7554425511007, 26.137023461126599 ], [ 91.755439634270999, 26.136992044002099 ], [ 91.755439634270999, 26.136942299330801 ], [ 91.755435260373901, 26.136837574401699 ], [ 91.755429427612796, 26.136783902214098 ], [ 91.755413387294993, 26.136734158260602 ], [ 91.755397347875601, 26.1366935764628 ], [ 91.755378391626493, 26.136647759119398 ], [ 91.7553594353774, 26.1365927787676 ], [ 91.755350685786496, 26.1365011439838 ], [ 91.755372558865403, 26.136192203279801 ], [ 91.755371100001298, 26.136125440296102 ], [ 91.755374016831098, 26.136087476871499 ], [ 91.755400263807005, 26.1360560594952 ], [ 91.7554425511007, 26.136044277876099 ], [ 91.755532957550898, 26.136022023524301 ], [ 91.755618989205701, 26.136010241901701 ], [ 91.755728352803303, 26.135994532801099 ], [ 91.755786679516405, 26.135980133395101 ], [ 91.755843548263798, 26.135960496812199 ], [ 91.755904790908303, 26.135936933553499 ], [ 91.755933954713996, 26.135914679181202 ], [ 91.755958743724193, 26.135881952060501 ], [ 91.755968950382496, 26.135853152412501 ], [ 91.755973325177905, 26.1357890078264 ], [ 91.755961659655696, 26.135724863205098 ], [ 91.755941245440795, 26.1355703919284 ], [ 91.755954368928798, 26.1349237049007 ], [ 91.755951452997394, 26.134456359749301 ], [ 91.755941245440795, 26.134170977255199 ], [ 91.755865420444295, 26.133707556645401 ], [ 91.755836257536899, 26.1335727188814 ], [ 91.755788137482099, 26.133488936044099 ], [ 91.755729810768997, 26.1333986085505 ], [ 91.755586909468605, 26.1332231882324 ], [ 91.755591284264, 26.133177369527399 ], [ 91.755597117025104, 26.133140714066599 ], [ 91.755611698478802, 26.133105368323299 ], [ 91.755640862284494, 26.133060858495199 ], [ 91.755675857952994, 26.133017658380201 ], [ 91.755728352803303, 26.1329535122366 ], [ 91.755772097164396, 26.132932566220301 ], [ 91.755820217219195, 26.132931257295699 ], [ 91.755876574825194, 26.132940364119701 ], [ 91.755937062884897, 26.1329741808186 ], [ 91.755997412604003, 26.1330079192788 ], [ 91.756148306215493, 26.133092277483801 ], [ 91.756238712665706, 26.1331014415555 ], [ 91.756308704901102, 26.133100131826399 ], [ 91.756410776873494, 26.133079186642799 ], [ 91.756469103586596, 26.1330634771478 ], [ 91.756568259627699, 26.133030749228102 ], [ 91.756658666077897, 26.133022894880799 ], [ 91.756769486742897, 26.1330359857281 ], [ 91.756807399241097, 26.1330320581515 ], [ 91.756835105081095, 26.1330124218793 ], [ 91.756856977261705, 26.132889365251302 ], [ 91.756880308306194, 26.132838309906699 ], [ 91.756921136735897, 26.132822601185801 ], [ 91.757065496001999, 26.1328343831299 ], [ 91.757180691462494, 26.1328304555465 ], [ 91.7572929709916, 26.132835692055501 ], [ 91.757408166451995, 26.132844856147301 ], [ 91.757552524819801, 26.132868420029901 ], [ 91.757625433884897, 26.1328788930443 ], [ 91.757677927836895, 26.1328788930443 ], [ 91.757759585594499, 26.1328697289552 ], [ 91.757899570065206, 26.132835692055501 ], [ 91.758103714010204, 26.132776782323599 ], [ 91.758335562896804, 26.132720490415799 ], [ 91.758423053415598, 26.132686453472701 ], [ 91.758459507948203, 26.1325018687733 ], [ 91.758530958149194, 26.1320672413224 ], [ 91.758622823463398, 26.131763525445301 ], [ 91.758675317415396, 26.131546210951399 ], [ 91.758685524073599, 26.1314506445778 ], [ 91.758684066107904, 26.1312909318758 ], [ 91.758685524073599, 26.131074925447901 ], [ 91.758909262969894, 26.131036551487099 ], [ 91.759157607620097, 26.130983367790598 ], [ 91.759585945008794, 26.130903593007002 ], [ 91.759875301344906, 26.1308360906662 ], [ 91.760100862024601, 26.130780861595799 ], [ 91.760451734991406, 26.130666312001001 ], [ 91.760620336193796, 26.130586537000799 ], [ 91.760545149001203, 26.130533353099398 ], [ 91.760403888922696, 26.130419698478999 ], [ 91.760336248476804, 26.1303429912459 ], [ 91.760279288999598, 26.1302343222434 ], [ 91.760176049217193, 26.130039357987499 ], [ 91.760076369458304, 26.129857177330901 ], [ 91.759930410292696, 26.129681388765398 ], [ 91.759677650422901, 26.1294256959074 ], [ 91.759419622832198, 26.129232391712598 ], [ 91.7592806408814, 26.129168979834201 ], [ 91.758926997510201, 26.129073928489301 ], [ 91.758784213889101, 26.129030359936799 ], [ 91.758692757308296, 26.1289985212758 ], [ 91.758563037886304, 26.128947411807101 ], [ 91.758483713951804, 26.128912222064699 ], [ 91.758406255818102, 26.1288619505249 ], [ 91.758364726702496, 26.128821236142901 ], [ 91.758325994042394, 26.128761914677401 ], [ 91.758243971568803, 26.128686229015202 ], [ 91.758123217333306, 26.128606452662702 ], [ 91.757918161598397, 26.128500083032499 ], [ 91.757642475824198, 26.128395759436401 ], [ 91.757223251843996, 26.1282627979502 ], [ 91.756915668690795, 26.128162564799201 ], [ 91.756564795723904, 26.128070514495999 ], [ 91.755940516008806, 26.127968235848201 ], [ 91.755708120048197, 26.127927324363899 ], [ 91.755521292028604, 26.1279130054217 ], [ 91.755384588205303, 26.1279130054217 ], [ 91.755193203032405, 26.127931415835601 ], [ 91.755029158983405, 26.127949826246599 ], [ 91.754922074411596, 26.127974372650201 ], [ 91.754821825120899, 26.127994828385798 ], [ 91.754726132983507, 26.1280071019868 ], [ 91.754363868480596, 26.128005056655599 ], [ 91.753997046824196, 26.128005056655599 ], [ 91.753709969513906, 26.1279886915849 ], [ 91.753495800370402, 26.127970281986499 ], [ 91.753274796844195, 26.1279580083817 ], [ 91.753094803207404, 26.127962099045799 ], [ 91.752935315413495, 26.1279825547836 ], [ 91.752810004024596, 26.127978464120201 ], [ 91.752702919452901, 26.127968235848201 ], [ 91.752529761995305, 26.1279355073071 ], [ 91.752393058172004, 26.127904823283501 ], [ 91.752279138319295, 26.127888459005199 ], [ 91.752146991649397, 26.127898686477799 ], [ 91.751937379659296, 26.1279130054217 ], [ 91.751670807293706, 26.127923233698599 ], [ 91.751506763244706, 26.127908914755899 ], [ 91.751399678672996, 26.127896641144599 ], [ 91.751308542790795, 26.127865957917301 ], [ 91.751130828179797, 26.1278086813013 ], [ 91.750861977686597, 26.127757542277202 ], [ 91.750671413573798, 26.1277444508383 ], [ 91.750503723263094, 26.127740523083698 ], [ 91.750283539898803, 26.127735286346301 ], [ 91.750118766417799, 26.127731358591401 ], [ 91.750019610376697, 26.1277143393941 ], [ 91.749867960383696, 26.1276803009921 ], [ 91.749761514514105, 26.127648881354101 ], [ 91.749582158681093, 26.127612224158199 ], [ 91.7494144692687, 26.1275703310125 ], [ 91.749254070583206, 26.127545457076099 ], [ 91.749092213033606, 26.127525819075 ], [ 91.748918690859995, 26.127506181877202 ], [ 91.748807870194995, 26.127487853661499 ], [ 91.748640179884305, 26.1274485784432 ], [ 91.7485337340147, 26.1274237036743 ], [ 91.748395207509702, 26.127384429241001 ], [ 91.748214393710995, 26.1273255159531 ], [ 91.747824879712198, 26.127195008308501 ], [ 91.747615267722097, 26.127115230130901 ], [ 91.747414769140605, 26.127047725600701 ], [ 91.747259838500199, 26.127012950646701 ], [ 91.747066175199706, 26.1269965862435 ], [ 91.746779097889402, 26.1269638566237 ], [ 91.746510247396202, 26.126949537563402 ], [ 91.746321140350801, 26.126949537563402 ], [ 91.746193550834406, 26.126967948129099 ], [ 91.746077352854002, 26.127008859949399 ], [ 91.745917865060207, 26.127055907799001 ], [ 91.745617117187905, 26.127117275477701 ], [ 91.745405226171897, 26.127143868209199 ], [ 91.745234346841897, 26.127154096553401 ], [ 91.745056632230998, 26.127154096553401 ], [ 91.744858411777003, 26.1271418228628 ], [ 91.744672296121493, 26.1271244349978 ], [ 91.744483616674202, 26.1270860807088 ], [ 91.744412417103106, 26.1270381368217 ], [ 91.744366136798007, 26.1269869974603 ], [ 91.744298497250298, 26.1268623448202 ], [ 91.744107704067105, 26.126360712474799 ] ] ] ] } },
{ "type": "Feature", "properties": { "ward_number": 24, "ward_lgd_name": "Guwahati (M Corp.) - Ward No.24" }, "geometry": { "type": "MultiPolygon", "coordinates": [ [ [ [ 91.719633391612206, 26.1048274073191 ], [ 91.7196033133215, 26.10557596636 ], [ 91.719629094970202, 26.105907799878899 ], [ 91.719676360727206, 26.106216481864202 ], [ 91.719740813950494, 26.106517445652401 ], [ 91.719805267173797, 26.1068608521364 ], [ 91.719809563815801, 26.1070846448733 ], [ 91.719762298058797, 26.1074087575936 ], [ 91.719719328943796, 26.108103281595401 ], [ 91.719753704774803, 26.108948279736602 ], [ 91.719797361101001, 26.109365606714601 ], [ 91.719830360712905, 26.109713789043798 ], [ 91.719868860709397, 26.109918746842599 ], [ 91.719899110578297, 26.110118766019301 ], [ 91.719901861219697, 26.110205194460601 ], [ 91.719888110707601, 26.110301499348701 ], [ 91.7198716104525, 26.110405212340599 ], [ 91.719849610711194, 26.1106274551932 ], [ 91.719846860968104, 26.111104039686602 ], [ 91.7198743610939, 26.1115781539431 ], [ 91.719866110966294, 26.111652234197599 ], [ 91.719841360583601, 26.111726313598599 ], [ 91.719813860457805, 26.111778170280601 ], [ 91.719775360461398, 26.1118843510564 ], [ 91.719530609970604, 26.112385624490202 ], [ 91.719503109844794, 26.112444888126898 ], [ 91.719470110232905, 26.1125732924354 ], [ 91.719439859465695, 26.1126547800997 ], [ 91.719426109851995, 26.112753552852201 ], [ 91.719395859983095, 26.112906649969698 ], [ 91.719241859099, 26.1136671944362 ], [ 91.719076859242506, 26.114590706640101 ], [ 91.718991608223703, 26.1153709947341 ], [ 91.718917358872204, 26.1156845897602 ], [ 91.720130111455305, 26.1154401337403 ], [ 91.722019366414202, 26.1150771526952 ], [ 91.723969121110798, 26.114699354702399 ], [ 91.724938223639299, 26.114504578274499 ], [ 91.730343110920998, 26.1134492889075 ], [ 91.736580309771398, 26.112201370698902 ], [ 91.737298695199101, 26.1120747696033 ], [ 91.737849234009104, 26.1120084542281 ], [ 91.7384937662423, 26.111930082123401 ], [ 91.739051019060895, 26.1119059679293 ], [ 91.739930537996003, 26.111875824171399 ], [ 91.743475468871907, 26.1117190797316 ], [ 91.746966688578595, 26.11168290797 ], [ 91.749504537053994, 26.1115924781137 ], [ 91.749203185513906, 26.112225118623101 ], [ 91.749062935141794, 26.112511559783002 ], [ 91.749035435016097, 26.1125930474903 ], [ 91.749016185017794, 26.112667126295001 ], [ 91.748999684762694, 26.112770837994699 ], [ 91.748980434764505, 26.112926404161598 ], [ 91.748752184528897, 26.114040057668099 ], [ 91.748699934020394, 26.114269700741499 ], [ 91.748677934279101, 26.114412918903898 ], [ 91.748647683511805, 26.114625276379101 ], [ 91.748631184155002, 26.114790717822601 ], [ 91.748598183644802, 26.1158278061889 ], [ 91.748617433643005, 26.1171389694202 ], [ 91.748631184155002, 26.118042700867399 ], [ 91.748672433894598, 26.119193342951299 ], [ 91.748677934279101, 26.120092119863202 ], [ 91.748631184155002, 26.121181012887298 ], [ 91.748573433262095, 26.122316809213899 ], [ 91.748474433527804, 26.123143958838501 ], [ 91.748518756403996, 26.123825616855498 ], [ 91.748452127460993, 26.1246514983997 ], [ 91.748421572165, 26.124764281922399 ], [ 91.748391016868894, 26.124837439201599 ], [ 91.748343485210597, 26.1248953560541 ], [ 91.748282374618398, 26.124950223351298 ], [ 91.7481635472693, 26.1250325250553 ], [ 91.748061694485699, 26.125093489721099 ], [ 91.747898731109998, 26.125197129095898 ], [ 91.747644100947795, 26.125322105321299 ], [ 91.747182371383303, 26.1254806123479 ], [ 91.746038233020002, 26.1258098173214 ], [ 91.744564772273606, 26.126279238400301 ], [ 91.744327117575295, 26.126331057169999 ], [ 91.744107704067105, 26.126360712474799 ], [ 91.744298497250298, 26.1268623448202 ], [ 91.744366136798007, 26.1269869974603 ], [ 91.744412417103106, 26.1270381368217 ], [ 91.744483616674202, 26.1270860807088 ], [ 91.744672296121493, 26.1271244349978 ], [ 91.744858411777003, 26.1271418228628 ], [ 91.745056632230998, 26.127154096553401 ], [ 91.745234346841897, 26.127154096553401 ], [ 91.745405226171897, 26.127143868209199 ], [ 91.745617117187905, 26.127117275477701 ], [ 91.745917865060207, 26.127055907799001 ], [ 91.746077352854002, 26.127008859949399 ], [ 91.746193550834406, 26.126967948129099 ], [ 91.746321140350801, 26.126949537563402 ], [ 91.746510247396202, 26.126949537563402 ], [ 91.746779097889402, 26.1269638566237 ], [ 91.747066175199706, 26.1269965862435 ], [ 91.747259838500199, 26.127012950646701 ], [ 91.747414769140605, 26.127047725600701 ], [ 91.747615267722097, 26.127115230130901 ], [ 91.747824879712198, 26.127195008308501 ], [ 91.748214393710995, 26.1273255159531 ], [ 91.748395207509702, 26.127384429241001 ], [ 91.7485337340147, 26.1274237036743 ], [ 91.748640179884305, 26.1274485784432 ], [ 91.748807870194995, 26.127487853661499 ], [ 91.748918690859995, 26.127506181877202 ], [ 91.749092213033606, 26.127525819075 ], [ 91.749254070583206, 26.127545457076099 ], [ 91.7494144692687, 26.1275703310125 ], [ 91.749582158681093, 26.127612224158199 ], [ 91.749761514514105, 26.127648881354101 ], [ 91.749867960383696, 26.1276803009921 ], [ 91.750019610376697, 26.1277143393941 ], [ 91.750118766417799, 26.127731358591401 ], [ 91.750283539898803, 26.127735286346301 ], [ 91.750503723263094, 26.127740523083698 ], [ 91.750671413573798, 26.1277444508383 ], [ 91.750861977686597, 26.127757542277202 ], [ 91.751130828179797, 26.1278086813013 ], [ 91.751308542790795, 26.127865957917301 ], [ 91.751399678672996, 26.127896641144599 ], [ 91.751506763244706, 26.127908914755899 ], [ 91.751670807293706, 26.127923233698599 ], [ 91.751937379659296, 26.1279130054217 ], [ 91.752146991649397, 26.127898686477799 ], [ 91.752279138319295, 26.127888459005199 ], [ 91.752393058172004, 26.127904823283501 ], [ 91.752529761995305, 26.1279355073071 ], [ 91.752702919452901, 26.127968235848201 ], [ 91.752810004024596, 26.127978464120201 ], [ 91.752935315413495, 26.1279825547836 ], [ 91.753094803207404, 26.127962099045799 ], [ 91.753274796844195, 26.1279580083817 ], [ 91.753495800370402, 26.127970281986499 ], [ 91.753709969513906, 26.1279886915849 ], [ 91.753997046824196, 26.128005056655599 ], [ 91.754363868480596, 26.128005056655599 ], [ 91.754726132983507, 26.1280071019868 ], [ 91.754821825120899, 26.127994828385798 ], [ 91.754922074411596, 26.127974372650201 ], [ 91.755029158983405, 26.127949826246599 ], [ 91.755193203032405, 26.127931415835601 ], [ 91.755384588205303, 26.1279130054217 ], [ 91.755521292028604, 26.1279130054217 ], [ 91.755708120048197, 26.127927324363899 ], [ 91.755940516008806, 26.127968235848201 ], [ 91.756564795723904, 26.128070514495999 ], [ 91.756915668690795, 26.128162564799201 ], [ 91.757223251843996, 26.1282627979502 ], [ 91.757642475824198, 26.128395759436401 ], [ 91.757918161598397, 26.128500083032499 ], [ 91.758123217333306, 26.128606452662702 ], [ 91.758243971568803, 26.128686229015202 ], [ 91.758325994042394, 26.128761914677401 ], [ 91.758364726702496, 26.128821236142901 ], [ 91.758406255818102, 26.1288619505249 ], [ 91.758483713951804, 26.128912222064699 ], [ 91.758563037886304, 26.128947411807101 ], [ 91.758692757308296, 26.1289985212758 ], [ 91.758784213889101, 26.129030359936799 ], [ 91.758926997510201, 26.129073928489301 ], [ 91.7592806408814, 26.129168979834201 ], [ 91.759318295563105, 26.129186160121701 ], [ 91.759331519662396, 26.129192193626402 ], [ 91.759355828074007, 26.128553267859701 ], [ 91.7594131522672, 26.127829546777999 ], [ 91.759416068198604, 26.127626625402499 ], [ 91.759421900959794, 26.127451196415102 ], [ 91.759435024447797, 26.127384429241001 ], [ 91.759452522731195, 26.1273372984517 ], [ 91.759500642785994, 26.127270531212499 ], [ 91.759665415368701, 26.127061063107899 ], [ 91.759697496004094, 26.126992985913201 ], [ 91.759720826150399, 26.126907889363999 ], [ 91.759748531990397, 26.1267678077756 ], [ 91.759763113444095, 26.126735078091698 ], [ 91.759779152863402, 26.126718058749301 ], [ 91.759820050463404, 26.126699336018 ], [ 91.760147569029499, 26.126664177859499 ], [ 91.760300649140405, 26.1266577853192 ], [ 91.760421688141804, 26.1266673741295 ], [ 91.760524927924095, 26.126712121093501 ], [ 91.7605925683701, 26.1267600651145 ], [ 91.760656647894294, 26.1268367747005 ], [ 91.760717167394901, 26.126926269288301 ], [ 91.760759887676599, 26.1270285488485 ], [ 91.760809727106903, 26.1271468087978 ], [ 91.760888046724901, 26.127424880390901 ], [ 91.760927206983098, 26.127555924922198 ], [ 91.760969927264696, 26.127674185144102 ], [ 91.761016206671499, 26.127731716686501 ], [ 91.761151486665099, 26.1278020331569 ], [ 91.761308125901195, 26.127872349584901 ], [ 91.761457645090402, 26.127926685600801 ], [ 91.761568004919695, 26.1279618433793 ], [ 91.761646324537693, 26.128003394420698 ], [ 91.761710404960198, 26.128060925800899 ], [ 91.761756684367001, 26.128163204367599 ], [ 91.761792284601697, 26.128259090392199 ], [ 91.761842124032, 26.1283837415418 ], [ 91.761895524384002, 26.128537159337501 ], [ 91.761966723955098, 26.1288120306032 ], [ 91.761998764166293, 26.128895131259899 ], [ 91.762084203831407, 26.1289526630074 ], [ 91.762187443613698, 26.1289910166835 ], [ 91.762301362568095, 26.129013390125898 ], [ 91.762411722397403, 26.129013390125898 ], [ 91.762507842132806, 26.1289942128899 ], [ 91.762632442056002, 26.128965447029898 ], [ 91.762714321697501, 26.128930289553399 ], [ 91.762831801573697, 26.1288983274688 ], [ 91.762970640692501, 26.128863169972099 ], [ 91.763077440498293, 26.128828011658399 ], [ 91.763145080045902, 26.1288152268144 ], [ 91.763209160468406, 26.1288184230255 ], [ 91.763283920063003, 26.128853581342199 ], [ 91.763362239681001, 26.128895131259899 ], [ 91.763440559299099, 26.1289910166835 ], [ 91.763561599198795, 26.1290996868428 ], [ 91.763643478840294, 26.129182787294798 ], [ 91.763732478528794, 26.129281868680799 ], [ 91.763796558052903, 26.1293457918249 ], [ 91.763931838046503, 26.129464050234699 ], [ 91.764027957781906, 26.129537561853599 ], [ 91.764216637229197, 26.129633446749999 ], [ 91.764472956224196, 26.129684584952798 ], [ 91.764832515001501, 26.1297229383886 ], [ 91.765046114613099, 26.129726134574899 ], [ 91.765156474442406, 26.1297101544491 ], [ 91.765245474130893, 26.129687781140099 ], [ 91.765373633179195, 26.1296430345094 ], [ 91.765565872650001, 26.129556738194001 ], [ 91.766897308851696, 26.128869562391699 ], [ 91.768218064983003, 26.128201559109499 ], [ 91.769200622477896, 26.127805229395701 ], [ 91.769506615613096, 26.127718267149501 ], [ 91.770385893799698, 26.1274420327066 ], [ 91.770888962935203, 26.127282313716702 ], [ 91.771011449122497, 26.127249584177001 ], [ 91.771043528859593, 26.1272404196461 ], [ 91.771061027143105, 26.127215545639501 ], [ 91.771068317869904, 26.127177579318602 ], [ 91.771069775835599, 26.127143540760201 ], [ 91.771061027143105, 26.127127831273398 ], [ 91.771020723329499, 26.127094891993899 ], [ 91.7709516644437, 26.1270454576517 ], [ 91.770866740411705, 26.127016132389599 ], [ 91.770736087640202, 26.1269926713682 ], [ 91.7706241000636, 26.126982617219301 ], [ 91.770480383092902, 26.126979266105 ], [ 91.770359996268397, 26.126979266105 ], [ 91.770286271532996, 26.1269809412589 ], [ 91.770240542793502, 26.1269809412589 ], [ 91.7702401385516, 26.126961427367899 ], [ 91.770200979191799, 26.126660981589399 ], [ 91.770015859767895, 26.125660554437399 ], [ 91.769912619985504, 26.125203487035002 ], [ 91.770660217727894, 26.1251139911273 ], [ 91.771304575687907, 26.125030887780799 ], [ 91.7712440561873, 26.124663315042799 ], [ 91.771080296005906, 26.123582962759301 ], [ 91.770980617145398, 26.122684791805501 ], [ 91.770841777128297, 26.121930451208399 ], [ 91.770713617181698, 26.121249622575601 ], [ 91.770624617493198, 26.1212528189937 ], [ 91.770492898421395, 26.121259211829699 ], [ 91.770368298498298, 26.121249622575601 ], [ 91.770325579114896, 26.1211633200598 ], [ 91.770293538903701, 26.1208820379413 ], [ 91.770158258910101, 26.120325862946999 ], [ 91.769460501496297, 26.120354630934301 ], [ 91.769442701379006, 26.120322666503501 ], [ 91.769414221191198, 26.120261934867401 ], [ 91.769346581643504, 26.1200733460626 ], [ 91.769271822049006, 26.119919917958601 ], [ 91.7691151819146, 26.119661007273901 ], [ 91.768930062490696, 26.119472418305801 ], [ 91.768709343730393, 26.119366935660999 ], [ 91.768507981867899, 26.1193187893813 ], [ 91.768168670218799, 26.1192238945642 ], [ 91.767823796201498, 26.119153972187899 ], [ 91.767517859660103, 26.119163961677501 ], [ 91.767256422962902, 26.119183939040902 ], [ 91.767033923741806, 26.1192288889028 ], [ 91.766661236984902, 26.119298811234302 ], [ 91.766004864058004, 26.119418677645299 ], [ 91.764870117580998, 26.1196284441735 ], [ 91.764580868144293, 26.1196683995448 ], [ 91.764302744342501, 26.1196284441735 ], [ 91.764113620229097, 26.1196184547237 ], [ 91.763974557429805, 26.119293816898701 ], [ 91.763818808424205, 26.118844316944902 ], [ 91.763490621511593, 26.1179453102372 ], [ 91.763384934718403, 26.117735541494099 ], [ 91.763251435185694, 26.1176256621712 ], [ 91.763140185125906, 26.1175956957252 ], [ 91.763078998176994, 26.117545750018099 ], [ 91.762984436120306, 26.117460843396401 ], [ 91.762678499578897, 26.1157976569895 ], [ 91.762483812198994, 26.115288207907302 ], [ 91.762383687774005, 26.115118391322 ], [ 91.762339187929797, 26.115013504057199 ], [ 91.762339187929797, 26.114898627651598 ], [ 91.762355875034501, 26.114788746468101 ], [ 91.762328063193294, 26.114504051556999 ], [ 91.762269892787103, 26.114106629200801 ], [ 91.762290397731803, 26.114053437797399 ], [ 91.762313181702297, 26.113994109640501 ], [ 91.762351914362398, 26.113934780646801 ], [ 91.762399761329405, 26.1138263528868 ], [ 91.762490068964894, 26.113267512310699 ], [ 91.762546062753202, 26.113116677432402 ], [ 91.762588867476495, 26.113093947645702 ], [ 91.762648105979594, 26.113063259724399 ], [ 91.762700509201693, 26.1129180056056 ], [ 91.762796201339, 26.112623405625499 ], [ 91.762891893476393, 26.112291979155401 ], [ 91.762964802541504, 26.111974872642701 ], [ 91.762995879758705, 26.1114991709291 ], [ 91.763122740741494, 26.110730579856799 ], [ 91.763162111205403, 26.110454305254098 ], [ 91.763108159287796, 26.110268375445099 ], [ 91.763041082983804, 26.110155769912598 ], [ 91.762934636215903, 26.110119108035502 ], [ 91.762915679966795, 26.110058876862102 ], [ 91.762925887523295, 26.109857234615401 ], [ 91.763204923115197, 26.1086642602883 ], [ 91.763294512996794, 26.108346935818201 ], [ 91.763365853603403, 26.108005773784601 ], [ 91.763354240183403, 26.107947671903698 ], [ 91.763334330821806, 26.1079148966157 ], [ 91.763297831373507, 26.1078821213185 ], [ 91.763274604533507, 26.1078523249992 ], [ 91.763253035983496, 26.1078106111074 ], [ 91.763241422563496, 26.1077644267003 ], [ 91.763293994668899, 26.1071468119559 ], [ 91.763361394366299, 26.1063274165477 ], [ 91.763330287504701, 26.105738473030002 ], [ 91.763374356157598, 26.105531294390101 ], [ 91.763475456152904, 26.105000543004699 ], [ 91.7635298949575, 26.104791034982199 ], [ 91.763641363307798, 26.104472117291699 ], [ 91.763682840321096, 26.104136902922001 ], [ 91.7637295024102, 26.103689949471999 ], [ 91.763724317334393, 26.1035363086778 ], [ 91.763750240916906, 26.1033966346866 ], [ 91.763776163600994, 26.1032546332296 ], [ 91.763809863898899, 26.103133582961998 ], [ 91.763903186280501, 26.103003220126499 ], [ 91.763952440009206, 26.102893808550402 ], [ 91.763975771053794, 26.102798364755198 ], [ 91.763955032547102, 26.102737839400898 ], [ 91.763895409565094, 26.102661018000099 ], [ 91.763859117627604, 26.102607476124199 ], [ 91.7637969021077, 26.1025655740149 ], [ 91.763703578827702, 26.1025446225512 ], [ 91.763641363307798, 26.102514359409 ], [ 91.763599887192797, 26.102474785387599 ], [ 91.763573963610298, 26.102435210546101 ], [ 91.763566186894906, 26.1023770131271 ], [ 91.763579148686105, 26.102309503181299 ], [ 91.7627599803685, 26.101871854473501 ], [ 91.762347803671702, 26.101660013514799 ], [ 91.762070426369803, 26.101566896045099 ], [ 91.760706874498396, 26.1011176046241 ], [ 91.7603854285437, 26.1010105194344 ], [ 91.760146936615499, 26.1009825840462 ], [ 91.759828083198698, 26.1009453368514 ], [ 91.758692653103694, 26.1008289396949 ], [ 91.758078277314596, 26.1008010042633 ], [ 91.757850153741501, 26.100859203273298 ], [ 91.757663508079901, 26.100870842426499 ], [ 91.757023208708404, 26.100970944097401 ], [ 91.756165155915298, 26.101050094758001 ], [ 91.755693356236506, 26.101085013770401 ], [ 91.755361541028407, 26.101080357472402 ], [ 91.754721241656796, 26.101003535789602 ], [ 91.753899480801195, 26.100926713249599 ], [ 91.753051797261406, 26.100794020605999 ], [ 91.752655174893803, 26.100740477875298 ], [ 91.752390759383204, 26.100675295141802 ], [ 91.752196337006296, 26.100619424198499 ], [ 91.751983767762297, 26.100542602213 ], [ 91.751535299128093, 26.1003773172759 ], [ 91.750127677705393, 26.099897758272199 ], [ 91.749401831769305, 26.099627714143701 ], [ 91.748852263139696, 26.099420524677502 ], [ 91.748536002260806, 26.099339045537199 ], [ 91.7480771643732, 26.099273862022599 ], [ 91.747649433347306, 26.099245926219599 ], [ 91.746988395469103, 26.0992598945253 ], [ 91.746620288323498, 26.0992808457707 ], [ 91.746431050124102, 26.099301797818999 ], [ 91.746285881475899, 26.0993599975751 ], [ 91.7460733122319, 26.099455444176499 ], [ 91.745889258209999, 26.099557875238201 ], [ 91.745531520317698, 26.099732472423799 ], [ 91.745365613162804, 26.0998465433047 ], [ 91.745285251674204, 26.1002772159035 ], [ 91.7452654851446, 26.1008874291051 ], [ 91.745362696333103, 26.101473051663099 ], [ 91.745670532811303, 26.102469692723002 ], [ 91.746083681485203, 26.103695477694099 ], [ 91.746306457387504, 26.1042556248719 ], [ 91.746525183684398, 26.104590256478101 ], [ 91.746727707068601, 26.104892151325298 ], [ 91.746865423293201, 26.105139486651201 ], [ 91.746970735488901, 26.1052740660182 ], [ 91.747100350706305, 26.105412282525901 ], [ 91.747246167938201, 26.1055323124124 ], [ 91.747509448876599, 26.105699626911701 ], [ 91.747643114597594, 26.1058051073706 ], [ 91.747740326684394, 26.105866940365001 ], [ 91.747837537872897, 26.1059542350873 ], [ 91.747938799564906, 26.106026979832802 ], [ 91.748019809637299, 26.106110636355101 ], [ 91.748104869314901, 26.106172469994601 ], [ 91.7482749895685, 26.106227028254398 ], [ 91.748388402771397, 26.106281587295499 ], [ 91.748489664463506, 26.106339782771201 ], [ 91.748574724141093, 26.106401616289599 ], [ 91.748789399934495, 26.106503458853599 ], [ 91.749129639543298, 26.106645311165298 ], [ 91.749121538536002, 26.106838084026801 ], [ 91.749137740550495, 26.107049043601901 ], [ 91.749174195083, 26.107187257204799 ], [ 91.749267355767898, 26.1073363831586 ], [ 91.749372668861895, 26.1074818716911 ], [ 91.749473930554004, 26.1076346344957 ], [ 91.749510385086495, 26.107791033515699 ], [ 91.749506334582904, 26.1079983541564 ], [ 91.749461779043202, 26.1081765759494 ], [ 91.749340264832995, 26.108653046210001 ], [ 91.749295709293193, 26.1086821437646 ], [ 91.749105337419905, 26.108638497429901 ], [ 91.748850156590393, 26.108609400671099 ], [ 91.748493714967097, 26.1085330195273 ], [ 91.748064364278704, 26.1084057183166 ], [ 91.747517549883796, 26.1082020364139 ], [ 91.747100350706305, 26.1080310882814 ], [ 91.746671000916294, 26.107914698178 ], [ 91.746120136017694, 26.1078346801668 ], [ 91.745787996517905, 26.1078346801668 ], [ 91.745322192195303, 26.1078710523635 ], [ 91.744892841506896, 26.1079547075664 ], [ 91.744151603836698, 26.108096558117399 ], [ 91.743758707680897, 26.108151116286098 ], [ 91.743560234800398, 26.108198399205001 ], [ 91.743426569079404, 26.108271143360898 ], [ 91.7431673377462, 26.1084020811141 ], [ 91.7429243093259, 26.108496648343099 ], [ 91.742762290079597, 26.1085366567257 ], [ 91.742584069717097, 26.1085366567257 ], [ 91.742302966203397, 26.108538693524501 ], [ 91.742040495545396, 26.108509887136002 ], [ 91.741791148375398, 26.108470605539001 ], [ 91.7415111794339, 26.108444418338099 ], [ 91.741250166741594, 26.108448346741302 ], [ 91.7411626762228, 26.1084548935419 ], [ 91.741098516748593, 26.108466677943198 ], [ 91.741040190035505, 26.108488937544099 ], [ 91.740984779253793, 26.108515124735 ], [ 91.740913329052802, 26.1085413127268 ], [ 91.740610029066801, 26.1085688099101 ], [ 91.740292147627102, 26.108579284295999 ], [ 91.740217781494593, 26.108574047506501 ], [ 91.740150705190601, 26.108553097119501 ], [ 91.740069047432996, 26.1085360751289 ], [ 91.739980098948493, 26.1085059595415 ], [ 91.739896983225194, 26.108486318340699 ], [ 91.739810951570405, 26.108479771541901 ], [ 91.739691381314501, 26.108478462343498 ], [ 91.7395776438198, 26.1084823899388 ], [ 91.739471151237794, 26.108482553689502 ], [ 91.739481831308197, 26.108313126511 ], [ 91.739075993124104, 26.108297143456699 ], [ 91.738940713130503, 26.108319520054799 ], [ 91.738919352989697, 26.108373865162701 ], [ 91.738894433723701, 26.108453783586501 ], [ 91.738883753653298, 26.1085273084237 ], [ 91.738851713442003, 26.108546489018799 ], [ 91.738566914259295, 26.108572062334101 ], [ 91.737584357662797, 26.108559275273802 ], [ 91.736861679186404, 26.108466570658301 ], [ 91.736601800167904, 26.1084058320548 ], [ 91.7363312410791, 26.108309929739001 ], [ 91.736188841936894, 26.108255585407999 ], [ 91.736103401373597, 26.108175666848702 ], [ 91.736014401685097, 26.108079764344101 ], [ 91.735469723484002, 26.107491561294101 ], [ 91.735273923989695, 26.1072645910887 ], [ 91.735177804254306, 26.107155900623098 ], [ 91.735103044659695, 26.107028030021901 ], [ 91.734566910335204, 26.106009020929999 ], [ 91.734124902384494, 26.105260199265299 ], [ 91.734036044629903, 26.105096521442601 ], [ 91.733988198561207, 26.1049880846783 ], [ 91.7339585793097, 26.104883740091999 ], [ 91.733947187773495, 26.104771211654501 ], [ 91.733931239084001, 26.103975324133401 ], [ 91.733837824175893, 26.1039159908618 ], [ 91.733582644244706, 26.1037482188393 ], [ 91.733497489345694, 26.103696941023198 ], [ 91.733009771520003, 26.103217410152499 ], [ 91.732138143386393, 26.1023753489143 ], [ 91.731497914981702, 26.101874072895701 ], [ 91.731185774674998, 26.101726759083899 ], [ 91.731062741413695, 26.101685838413299 ], [ 91.730787056537807, 26.101681746829499 ], [ 91.730618455335403, 26.1016981147773 ], [ 91.730438461698597, 26.101751311802101 ], [ 91.730329098999206, 26.1017942782399 ], [ 91.730231127836007, 26.1018454286252 ], [ 91.730185560793203, 26.101872027107099 ], [ 91.730124044162594, 26.101945684347999 ], [ 91.730003289028801, 26.102066399452301 ], [ 91.729964556368699, 26.102142102354701 ], [ 91.729921266555195, 26.102277140148001 ], [ 91.729841523107396, 26.102524708493 ], [ 91.729754944378698, 26.102721125527101 ], [ 91.729691148722097, 26.102890943987301 ], [ 91.729661530368901, 26.1030382571393 ], [ 91.729634189244905, 26.103132372926598 ], [ 91.729675200032602, 26.1037502654018 ], [ 91.729663808496397, 26.103793231105101 ], [ 91.729636467372501, 26.103805507247898 ], [ 91.729595456584804, 26.103815736828199 ], [ 91.728446977562001, 26.103805035336801 ], [ 91.728417385259903, 26.105049208228898 ], [ 91.727445507835498, 26.105039617644898 ], [ 91.726758857191896, 26.104945119414001 ], [ 91.725362202402295, 26.104902154133999 ], [ 91.724676406056503, 26.104865326853702 ], [ 91.724063517877497, 26.1048305452988 ], [ 91.723254688270401, 26.104834636772502 ], [ 91.723083808940402, 26.104846912806 ], [ 91.722737493126999, 26.104873510605199 ], [ 91.722475477914799, 26.1048960161203 ], [ 91.722338774091497, 26.104904199869601 ], [ 91.722117770565305, 26.1049226139083 ], [ 91.721689432278296, 26.1050146824454 ], [ 91.721402354968006, 26.105069923694099 ], [ 91.721320332494301, 26.1050883377068 ], [ 91.721256537736096, 26.1050883377068 ], [ 91.721210969794996, 26.105082199702899 ], [ 91.721138061628196, 26.105061739956501 ], [ 91.721008193085893, 26.10500445297 ], [ 91.7207689618443, 26.104926706185399 ], [ 91.720506946632099, 26.104865326853702 ], [ 91.720285942207596, 26.104842820525999 ], [ 91.719633391612206, 26.1048274073191 ] ] ] ] } },
{ "type": "Feature", "properties": { "ward_number": 42, "ward_lgd_name": "Guwahati (M Corp.) - Ward No.42" }, "geometry": { "type": "MultiPolygon", "coordinates": [ [ [ [ 91.763971631616897, 26.129494483831198 ], [ 91.763978363591704, 26.129791970508698 ], [ 91.763975771053794, 26.1298594645815 ], [ 91.763999102098296, 26.1299525587056 ], [ 91.764061316719904, 26.130031688935102 ], [ 91.764144270746598, 26.130085218248801 ], [ 91.764235001488601, 26.1301527121521 ], [ 91.764289440293098, 26.130229514677499 ], [ 91.764336101483906, 26.130343555797701 ], [ 91.7643672092439, 26.1304203581976 ], [ 91.764359432528494, 26.130483196780599 ], [ 91.764330916408099, 26.1305576723333 ], [ 91.764320548053107, 26.130641456466901 ], [ 91.764320548053107, 26.130708950048799 ], [ 91.764325732230603, 26.130750842068799 ], [ 91.764356839990597, 26.130797389188199 ], [ 91.7643827626747, 26.1308299717574 ], [ 91.764463124163399, 26.130881173956301 ], [ 91.764535708936705, 26.1309393571828 ], [ 91.764584962665396, 26.130992886080499 ], [ 91.764629032216604, 26.131046414953602 ], [ 91.764660139976598, 26.131106926455299 ], [ 91.764735316389405, 26.1313024228294 ], [ 91.764813085340194, 26.131453699580199 ], [ 91.764880485936004, 26.131535156335101 ], [ 91.764976400855502, 26.131618940574 ], [ 91.765061946521698, 26.1316724691602 ], [ 91.765168231592796, 26.131712033295798 ], [ 91.765266739050304, 26.131772544452598 ], [ 91.765380800836795, 26.131863309516 ], [ 91.765466346503004, 26.131979675768001 ], [ 91.765502638440495, 26.1320820783287 ], [ 91.765549300529599, 26.1321914625814 ], [ 91.765577815751698, 26.1322403358485 ], [ 91.765621884404595, 26.132265937044799 ], [ 91.765684099924499, 26.1322682637662 ], [ 91.765875930661906, 26.132221717233001 ], [ 91.766658807042106, 26.132096041904099 ], [ 91.767037283440999, 26.132007603748001 ], [ 91.767159121942996, 26.131977349040898 ], [ 91.767244667609106, 26.131963384644902 ], [ 91.767322436559894, 26.131961057917401 ], [ 91.767410575662396, 26.131954075315399 ], [ 91.767477975359796, 26.131965712178701 ], [ 91.767514267297301, 26.1319982944221 ], [ 91.767602405501407, 26.1320681147517 ], [ 91.767677582812595, 26.132128624917499 ], [ 91.767744982509996, 26.1321681888986 ], [ 91.767788947856602, 26.132178149854699 ], [ 91.767915038084894, 26.132190065741199 ], [ 91.768014582198106, 26.1321960240872 ], [ 91.768105831268002, 26.132194534500702 ], [ 91.768177171874697, 26.132203471212801 ], [ 91.768238557351296, 26.132225813393202 ], [ 91.768334783986205, 26.132269008962201 ], [ 91.768432668911103, 26.132330077920699 ], [ 91.768512304561099, 26.1323643359455 ], [ 91.768585304355994, 26.1323777413971 ], [ 91.768676553425905, 26.132385188511101 ], [ 91.768749552322504, 26.132385188511101 ], [ 91.768804301944201, 26.132385188511101 ], [ 91.768907164434097, 26.1324105098243 ], [ 91.768973527475694, 26.132446257408802 ], [ 91.769107912747302, 26.132529668396899 ], [ 91.769237320453897, 26.132617547262299 ], [ 91.769371705725405, 26.132687552713499 ], [ 91.769453000563701, 26.132721810633502 ], [ 91.769526000358596, 26.132742663941801 ], [ 91.769582408270196, 26.132753090191301 ], [ 91.769683612470104, 26.132781389776198 ], [ 91.769781497395101, 26.132823095561299 ], [ 91.769915882666695, 26.1329050167028 ], [ 91.770025381909903, 26.1329750219817 ], [ 91.770093403241503, 26.133010769393501 ], [ 91.770144835384798, 26.133024174770899 ], [ 91.770209539238095, 26.133036090571 ], [ 91.770270924714694, 26.133046516794298 ], [ 91.770734882101095, 26.133197733219301 ], [ 91.771204737825599, 26.133390462281699 ], [ 91.771368966927497, 26.1334778679016 ], [ 91.771666273353901, 26.133604651460001 ], [ 91.771840409975098, 26.1337104631966 ], [ 91.771906242112394, 26.1337609858838 ], [ 91.771976454435006, 26.133795720117799 ], [ 91.772044475766705, 26.1338255090158 ], [ 91.772122453126599, 26.133846361320501 ], [ 91.772188815269899, 26.133858277036801 ], [ 91.772253520021494, 26.133874661446999 ], [ 91.772331496483105, 26.1338984928725 ], [ 91.772379609351404, 26.133928282550698 ], [ 91.772432699784702, 26.133969987119698 ], [ 91.772469199233001, 26.134008713353602 ], [ 91.772499062826299, 26.1340533970195 ], [ 91.772509017057999, 26.134084675414101 ], [ 91.772528926419596, 26.134109996358799 ], [ 91.772558789114598, 26.134135317298 ], [ 91.772586993519596, 26.1341621277931 ], [ 91.772616857112894, 26.1341785113542 ], [ 91.772669947546206, 26.1342023427177 ], [ 91.7727661741811, 26.134224684515701 ], [ 91.772850786497699, 26.1342485158698 ], [ 91.772945353944294, 26.1343066054805 ], [ 91.772991808522605, 26.134358736020602 ], [ 91.773028307970904, 26.134418314328201 ], [ 91.773051534810904, 26.134488318699901 ], [ 91.7731096028092, 26.1346089647082 ], [ 91.773137806315802, 26.134662584668199 ], [ 91.773174306662398, 26.134699821118001 ], [ 91.773210806110797, 26.134726631483499 ], [ 91.773283805007395, 26.134763867912799 ], [ 91.773341873005606, 26.134795146117099 ], [ 91.773404917670604, 26.1348323825246 ], [ 91.773499485117199, 26.134888981486299 ], [ 91.773716824415303, 26.135036437375 ], [ 91.773959048843494, 26.135210702525399 ], [ 91.774312431703194, 26.135514548956301 ], [ 91.774418612569804, 26.135611362833199 ], [ 91.774489953176399, 26.135670940501701 ], [ 91.774548020276399, 26.135705197546599 ], [ 91.774637611056306, 26.1357424336638 ], [ 91.774735495981204, 26.1358094589676 ], [ 91.774831722616099, 26.1358705252681 ], [ 91.774908039889397, 26.135930102804402 ], [ 91.774971084554394, 26.136001595807802 ], [ 91.775024174987706, 26.136067131425701 ], [ 91.7751121065793, 26.1361862862673 ], [ 91.775205014837496, 26.136306929714799 ], [ 91.775287967965795, 26.136400764675599 ], [ 91.775427330802302, 26.1365422605313 ], [ 91.775523556539, 26.1366569462994 ], [ 91.775716009808804, 26.136944405796299 ], [ 91.775763630400306, 26.136993789174099 ], [ 91.775814180398001, 26.137047897557999 ], [ 91.775847232112199, 26.137100259939999 ], [ 91.775864730395696, 26.137150877128899 ], [ 91.775862786441394, 26.1372032394647 ], [ 91.775868230232007, 26.137236332345498 ], [ 91.776497848634904, 26.1372206935714 ], [ 91.776954509006202, 26.137193883778501 ], [ 91.777382550849197, 26.137170425607898 ], [ 91.777584128307396, 26.1371458496853 ], [ 91.777637633762296, 26.137138030292402 ], [ 91.777722246078895, 26.137133562528501 ], [ 91.777824279423797, 26.137135796410501 ], [ 91.777897693342098, 26.137151435195999 ], [ 91.778432745196696, 26.1371659570388 ], [ 91.779058631099502, 26.137188298269798 ], [ 91.779704426364006, 26.137180478879799 ], [ 91.779728068225694, 26.1371760111175 ], [ 91.779740511688999, 26.137149201314401 ], [ 91.779729312392305, 26.136909031365398 ], [ 91.779735534124001, 26.136878870670699 ], [ 91.779747977587306, 26.1368688173729 ], [ 91.779806459708894, 26.136858763267799 ], [ 91.780744666479904, 26.136875519840299 ], [ 91.784110747274298, 26.1368962232123 ], [ 91.785788985278003, 26.136861866516199 ], [ 91.785665572029302, 26.135476942598 ], [ 91.785618105948004, 26.134415866678498 ], [ 91.785656079531705, 26.133695692528399 ], [ 91.785673364914402, 26.1334034079212 ], [ 91.785694751106305, 26.133279479897801 ], [ 91.785721970059399, 26.133110168512498 ], [ 91.785770576102806, 26.132871037880399 ], [ 91.785838624383899, 26.132626670240398 ], [ 91.785999995046595, 26.132087314871299 ], [ 91.786062210566499, 26.131884838011299 ], [ 91.786103038996202, 26.1317521797057 ], [ 91.786124426086502, 26.1316544319359 ], [ 91.786147756232694, 26.131537483877501 ], [ 91.786157477800799, 26.1314257714678 ], [ 91.786188585560694, 26.130797389188199 ], [ 91.786349090247498, 26.129123125665298 ], [ 91.786662073174, 26.125996161965599 ], [ 91.786921655748301, 26.122913064494401 ], [ 91.786600761359196, 26.122980729498199 ], [ 91.7863441234623, 26.123033098187001 ], [ 91.785469220969404, 26.123254792768702 ], [ 91.784370731395597, 26.123549802292299 ], [ 91.783235583371706, 26.123851986116101 ], [ 91.783149755634497, 26.123870995628 ], [ 91.7830758745922, 26.1238779787132 ], [ 91.782782296174204, 26.1238919432693 ], [ 91.781711026451802, 26.123965259177801 ], [ 91.781460220417799, 26.123963513811201 ], [ 91.781263853188193, 26.123998425979298 ], [ 91.780651421353397, 26.1242620130764 ], [ 91.780517269643795, 26.1243196180816 ], [ 91.779799849006807, 26.124520362697201 ], [ 91.779000771510397, 26.124796167710201 ], [ 91.777966441410797, 26.125145288046699 ], [ 91.776667696698894, 26.125597396291699 ], [ 91.775843343305397, 26.125866216602599 ], [ 91.774620423589994, 26.126176929955399 ], [ 91.773504436631001, 26.126445748932799 ], [ 91.7724506642937, 26.126718058749301 ], [ 91.771451330760996, 26.126978148260399 ], [ 91.771020723329499, 26.127094891993899 ], [ 91.771035983011302, 26.127107363288001 ], [ 91.771061027143105, 26.127127831273398 ], [ 91.771069775835599, 26.127143540760201 ], [ 91.771068317869904, 26.127177579318602 ], [ 91.771061027143105, 26.127215545639501 ], [ 91.771043528859593, 26.1272404196461 ], [ 91.771011449122497, 26.127249584177001 ], [ 91.770888962935203, 26.127282313716702 ], [ 91.770385893799698, 26.1274420327066 ], [ 91.769506615613096, 26.127718267149501 ], [ 91.769200622477896, 26.127805229395701 ], [ 91.768218064983003, 26.128201559109499 ], [ 91.766897308851696, 26.128869562391699 ], [ 91.765565872650001, 26.129556738194001 ], [ 91.765373633179195, 26.1296430345094 ], [ 91.765245474130893, 26.129687781140099 ], [ 91.765156474442406, 26.1297101544491 ], [ 91.765046114613099, 26.129726134574899 ], [ 91.764832515001501, 26.1297229383886 ], [ 91.764472956224196, 26.129684584952798 ], [ 91.764216637229197, 26.129633446749999 ], [ 91.764027957781906, 26.129537561853599 ], [ 91.763971631616897, 26.129494483831198 ] ] ] ] } },
{ "type": "Feature", "properties": { "ward_number": 41, "ward_lgd_name": "Guwahati (M Corp.) - Ward No.41" }, "geometry": { "type": "MultiPolygon", "coordinates": [ [ [ [ 91.786366994569406, 26.128944251892499 ], [ 91.786349090247498, 26.129123125665298 ], [ 91.786188585560694, 26.130797389188199 ], [ 91.786157477800799, 26.1314257714678 ], [ 91.786147756232694, 26.131537483877501 ], [ 91.786124426086502, 26.1316544319359 ], [ 91.786103038996202, 26.1317521797057 ], [ 91.786062210566499, 26.131884838011299 ], [ 91.785999995046595, 26.132087314871299 ], [ 91.785838624383899, 26.132626670240398 ], [ 91.785770576102806, 26.132871037880399 ], [ 91.785721970059399, 26.133110168512498 ], [ 91.785694751106305, 26.133279479897801 ], [ 91.785673364914402, 26.1334034079212 ], [ 91.785656079531705, 26.133695692528399 ], [ 91.785618105948004, 26.134415866678498 ], [ 91.785665572029302, 26.135476942598 ], [ 91.785788985278003, 26.136861866516199 ], [ 91.784110747274298, 26.1368962232123 ], [ 91.780744666479904, 26.136875519840299 ], [ 91.779806459708894, 26.136858763267799 ], [ 91.779747977587306, 26.1368688173729 ], [ 91.779735534124001, 26.136878870670699 ], [ 91.779729312392305, 26.136909031365398 ], [ 91.779740511688999, 26.137149201314401 ], [ 91.779728068225694, 26.1371760111175 ], [ 91.779704426364006, 26.137180478879799 ], [ 91.779058631099502, 26.137188298269798 ], [ 91.778432745196696, 26.1371659570388 ], [ 91.777897693342098, 26.137151435195999 ], [ 91.777824279423797, 26.137135796410501 ], [ 91.777722246078895, 26.137133562528501 ], [ 91.777637633762296, 26.137138030292402 ], [ 91.777584128307396, 26.1371458496853 ], [ 91.777382550849197, 26.137170425607898 ], [ 91.776954509006202, 26.137193883778501 ], [ 91.776497848634904, 26.1372206935714 ], [ 91.775868230232007, 26.137236332345498 ], [ 91.775862786441394, 26.1372032394647 ], [ 91.775864730395696, 26.137150877128899 ], [ 91.775847232112199, 26.137100259939999 ], [ 91.775814180398001, 26.137047897557999 ], [ 91.775763630400306, 26.136993789174099 ], [ 91.775716009808804, 26.136944405796299 ], [ 91.775523556539, 26.1366569462994 ], [ 91.775427330802302, 26.1365422605313 ], [ 91.775287967965795, 26.136400764675599 ], [ 91.775205014837496, 26.136306929714799 ], [ 91.7751121065793, 26.1361862862673 ], [ 91.775024174987706, 26.136067131425701 ], [ 91.774971084554394, 26.136001595807802 ], [ 91.774908039889397, 26.135930102804402 ], [ 91.774831722616099, 26.1358705252681 ], [ 91.774735495981204, 26.1358094589676 ], [ 91.774637611056306, 26.1357424336638 ], [ 91.774548020276399, 26.135705197546599 ], [ 91.774489953176399, 26.135670940501701 ], [ 91.774418612569804, 26.135611362833199 ], [ 91.774312431703194, 26.135514548956301 ], [ 91.773959048843494, 26.135210702525399 ], [ 91.773716824415303, 26.135036437375 ], [ 91.773499485117199, 26.134888981486299 ], [ 91.773404917670604, 26.1348323825246 ], [ 91.773341873005606, 26.134795146117099 ], [ 91.773283805007395, 26.134763867912799 ], [ 91.773210806110797, 26.134726631483499 ], [ 91.773174306662398, 26.134699821118001 ], [ 91.773137806315802, 26.134662584668199 ], [ 91.7731096028092, 26.1346089647082 ], [ 91.773051534810904, 26.134488318699901 ], [ 91.773028307970904, 26.134418314328201 ], [ 91.772991808522605, 26.134358736020602 ], [ 91.772945353944294, 26.1343066054805 ], [ 91.772850786497699, 26.1342485158698 ], [ 91.7727661741811, 26.134224684515701 ], [ 91.772669947546206, 26.1342023427177 ], [ 91.772616857112894, 26.1341785113542 ], [ 91.772586993519596, 26.1341621277931 ], [ 91.772558789114598, 26.134135317298 ], [ 91.772528926419596, 26.134109996358799 ], [ 91.772509017057999, 26.134084675414101 ], [ 91.772499062826299, 26.1340533970195 ], [ 91.772469199233001, 26.134008713353602 ], [ 91.772432699784702, 26.133969987119698 ], [ 91.772379609351404, 26.133928282550698 ], [ 91.772331496483105, 26.1338984928725 ], [ 91.772253520021494, 26.133874661446999 ], [ 91.772188815269899, 26.133858277036801 ], [ 91.772122453126599, 26.133846361320501 ], [ 91.772044475766705, 26.1338255090158 ], [ 91.771976454435006, 26.133795720117799 ], [ 91.771906242112394, 26.1337609858838 ], [ 91.771840409975098, 26.1337104631966 ], [ 91.771666273353901, 26.133604651460001 ], [ 91.771368966927497, 26.1334778679016 ], [ 91.771204737825599, 26.133390462281699 ], [ 91.770734882101095, 26.133197733219301 ], [ 91.770270924714694, 26.133046516794298 ], [ 91.770209539238095, 26.133036090571 ], [ 91.770144835384798, 26.133024174770899 ], [ 91.770093403241503, 26.133010769393501 ], [ 91.770025381909903, 26.1329750219817 ], [ 91.769915882666695, 26.1329050167028 ], [ 91.769781497395101, 26.132823095561299 ], [ 91.769683612470104, 26.132781389776198 ], [ 91.769582408270196, 26.132753090191301 ], [ 91.769526000358596, 26.132742663941801 ], [ 91.769453000563701, 26.132721810633502 ], [ 91.769371705725405, 26.132687552713499 ], [ 91.769237320453897, 26.132617547262299 ], [ 91.769107912747302, 26.132529668396899 ], [ 91.768973527475694, 26.132446257408802 ], [ 91.768907164434097, 26.1324105098243 ], [ 91.768804301944201, 26.132385188511101 ], [ 91.768749552322504, 26.132385188511101 ], [ 91.768676553425905, 26.132385188511101 ], [ 91.768585304355994, 26.1323777413971 ], [ 91.768512304561099, 26.1323643359455 ], [ 91.768432668911103, 26.132330077920699 ], [ 91.768334783986205, 26.132269008962201 ], [ 91.768238557351296, 26.132225813393202 ], [ 91.768177171874697, 26.132203471212801 ], [ 91.768105831268002, 26.132194534500702 ], [ 91.768014582198106, 26.1321960240872 ], [ 91.767915038084894, 26.132190065741199 ], [ 91.767788947856602, 26.132178149854699 ], [ 91.767744982509996, 26.1321681888986 ], [ 91.767677582812595, 26.132128624917499 ], [ 91.767602405501407, 26.1320681147517 ], [ 91.767514267297301, 26.1319982944221 ], [ 91.767477975359796, 26.131965712178701 ], [ 91.767410575662396, 26.131954075315399 ], [ 91.767322436559894, 26.131961057917401 ], [ 91.767244667609106, 26.131963384644902 ], [ 91.767159121942996, 26.131977349040898 ], [ 91.767037283440999, 26.132007603748001 ], [ 91.766658807042106, 26.132096041904099 ], [ 91.765875930661906, 26.132221717233001 ], [ 91.765684099924499, 26.1322682637662 ], [ 91.765621884404595, 26.132265937044799 ], [ 91.765577815751698, 26.1322403358485 ], [ 91.765549300529599, 26.1321914625814 ], [ 91.765502638440495, 26.1320820783287 ], [ 91.765466346503004, 26.131979675768001 ], [ 91.765380800836795, 26.131863309516 ], [ 91.765266739050304, 26.131772544452598 ], [ 91.765168231592796, 26.131712033295798 ], [ 91.765061946521698, 26.1316724691602 ], [ 91.764976400855502, 26.131618940574 ], [ 91.764880485936004, 26.131535156335101 ], [ 91.764813085340194, 26.131453699580199 ], [ 91.764735316389405, 26.1313024228294 ], [ 91.764660139976598, 26.131106926455299 ], [ 91.764629032216604, 26.131046414953602 ], [ 91.764584962665396, 26.130992886080499 ], [ 91.764535708936705, 26.1309393571828 ], [ 91.764463124163399, 26.130881173956301 ], [ 91.7643827626747, 26.1308299717574 ], [ 91.764356839990597, 26.130797389188199 ], [ 91.764325732230603, 26.130750842068799 ], [ 91.764320548053107, 26.130708950048799 ], [ 91.764320548053107, 26.130641456466901 ], [ 91.764330916408099, 26.1305576723333 ], [ 91.764359432528494, 26.130483196780599 ], [ 91.7643672092439, 26.1304203581976 ], [ 91.764336101483906, 26.130343555797701 ], [ 91.764289440293098, 26.130229514677499 ], [ 91.764235001488601, 26.1301527121521 ], [ 91.764144270746598, 26.130085218248801 ], [ 91.764061316719904, 26.130031688935102 ], [ 91.763999102098296, 26.1299525587056 ], [ 91.763975771053794, 26.1298594645815 ], [ 91.763978363591704, 26.129791970508698 ], [ 91.763971631616897, 26.129494483831198 ], [ 91.763931838046503, 26.129464050234699 ], [ 91.763796558052903, 26.1293457918249 ], [ 91.763732478528794, 26.129281868680799 ], [ 91.763643478840294, 26.129182787294798 ], [ 91.763561599198795, 26.1290996868428 ], [ 91.763440559299099, 26.1289910166835 ], [ 91.763362239681001, 26.128895131259899 ], [ 91.763283920063003, 26.128853581342199 ], [ 91.763209160468406, 26.1288184230255 ], [ 91.763145080045902, 26.1288152268144 ], [ 91.763077440498293, 26.128828011658399 ], [ 91.762970640692501, 26.128863169972099 ], [ 91.762831801573697, 26.1288983274688 ], [ 91.762714321697501, 26.128930289553399 ], [ 91.762632442056002, 26.128965447029898 ], [ 91.762507842132806, 26.1289942128899 ], [ 91.762411722397403, 26.129013390125898 ], [ 91.762301362568095, 26.129013390125898 ], [ 91.762187443613698, 26.1289910166835 ], [ 91.762084203831407, 26.1289526630074 ], [ 91.761998764166293, 26.128895131259899 ], [ 91.761966723955098, 26.1288120306032 ], [ 91.761895524384002, 26.128537159337501 ], [ 91.761842124032, 26.1283837415418 ], [ 91.761792284601697, 26.128259090392199 ], [ 91.761756684367001, 26.128163204367599 ], [ 91.761710404960198, 26.128060925800899 ], [ 91.761646324537693, 26.128003394420698 ], [ 91.761568004919695, 26.1279618433793 ], [ 91.761457645090402, 26.127926685600801 ], [ 91.761308125901195, 26.127872349584901 ], [ 91.761151486665099, 26.1278020331569 ], [ 91.761016206671499, 26.127731716686501 ], [ 91.760969927264696, 26.127674185144102 ], [ 91.760927206983098, 26.127555924922198 ], [ 91.760888046724901, 26.127424880390901 ], [ 91.760809727106903, 26.1271468087978 ], [ 91.760759887676599, 26.1270285488485 ], [ 91.760717167394901, 26.126926269288301 ], [ 91.760656647894294, 26.1268367747005 ], [ 91.7605925683701, 26.1267600651145 ], [ 91.760524927924095, 26.126712121093501 ], [ 91.760421688141804, 26.1266673741295 ], [ 91.760300649140405, 26.1266577853192 ], [ 91.760147569029499, 26.126664177859499 ], [ 91.759820050463404, 26.126699336018 ], [ 91.759779152863402, 26.126718058749301 ], [ 91.759763113444095, 26.126735078091698 ], [ 91.759748531990397, 26.1267678077756 ], [ 91.759720826150399, 26.126907889363999 ], [ 91.759697496004094, 26.126992985913201 ], [ 91.759665415368701, 26.127061063107899 ], [ 91.759500642785994, 26.127270531212499 ], [ 91.759452522731195, 26.1273372984517 ], [ 91.759435024447797, 26.127384429241001 ], [ 91.759421900959794, 26.127451196415102 ], [ 91.759416068198604, 26.127626625402499 ], [ 91.7594131522672, 26.127829546777999 ], [ 91.759355828074007, 26.128553267859701 ], [ 91.759331519662396, 26.129192193626402 ], [ 91.759419622832198, 26.129232391712598 ], [ 91.759677650422901, 26.1294256959074 ], [ 91.759930410292696, 26.129681388765398 ], [ 91.760076369458304, 26.129857177330901 ], [ 91.760176049217193, 26.130039357987499 ], [ 91.760279288999598, 26.1302343222434 ], [ 91.760336248476804, 26.1303429912459 ], [ 91.760403888922696, 26.130419698478999 ], [ 91.760545149001203, 26.130533353099398 ], [ 91.760620336193796, 26.130586537000799 ], [ 91.760451734991406, 26.130666312001001 ], [ 91.760100862024601, 26.130780861595799 ], [ 91.759875301344906, 26.1308360906662 ], [ 91.759585945008794, 26.130903593007002 ], [ 91.759157607620097, 26.130983367790598 ], [ 91.758909262969894, 26.131036551487099 ], [ 91.758685524073599, 26.131074925447901 ], [ 91.758684066107904, 26.1312909318758 ], [ 91.758685524073599, 26.1314506445778 ], [ 91.758675317415396, 26.131546210951399 ], [ 91.758622823463398, 26.131763525445301 ], [ 91.758530958149194, 26.1320672413224 ], [ 91.758459507948203, 26.1325018687733 ], [ 91.758423053415598, 26.132686453472701 ], [ 91.758335562896804, 26.132720490415799 ], [ 91.758103714010204, 26.132776782323599 ], [ 91.757899570065206, 26.132835692055501 ], [ 91.757759585594499, 26.1328697289552 ], [ 91.757677927836895, 26.1328788930443 ], [ 91.757625433884897, 26.1328788930443 ], [ 91.757552524819801, 26.132868420029901 ], [ 91.757408166451995, 26.132844856147301 ], [ 91.7572929709916, 26.132835692055501 ], [ 91.757180691462494, 26.1328304555465 ], [ 91.757065496001999, 26.1328343831299 ], [ 91.756921136735897, 26.132822601185801 ], [ 91.756880308306194, 26.132838309906699 ], [ 91.756856977261705, 26.132889365251302 ], [ 91.756835105081095, 26.1330124218793 ], [ 91.756807399241097, 26.1330320581515 ], [ 91.756769486742897, 26.1330359857281 ], [ 91.756658666077897, 26.133022894880799 ], [ 91.756568259627699, 26.133030749228102 ], [ 91.756469103586596, 26.1330634771478 ], [ 91.756410776873494, 26.133079186642799 ], [ 91.756308704901102, 26.133100131826399 ], [ 91.756238712665706, 26.1331014415555 ], [ 91.756148306215493, 26.133092277483801 ], [ 91.755997412604003, 26.1330079192788 ], [ 91.755937062884897, 26.1329741808186 ], [ 91.755876574825194, 26.132940364119701 ], [ 91.755820217219195, 26.132931257295699 ], [ 91.755772097164396, 26.132932566220301 ], [ 91.755728352803303, 26.1329535122366 ], [ 91.755675857952994, 26.133017658380201 ], [ 91.755640862284494, 26.133060858495199 ], [ 91.755611698478802, 26.133105368323299 ], [ 91.755597117025104, 26.133140714066599 ], [ 91.755591284264, 26.133177369527399 ], [ 91.755586909468605, 26.1332231882324 ], [ 91.755729810768997, 26.1333986085505 ], [ 91.755788137482099, 26.133488936044099 ], [ 91.755836257536899, 26.1335727188814 ], [ 91.755865420444295, 26.133707556645401 ], [ 91.755941245440795, 26.134170977255199 ], [ 91.755951452997394, 26.134456359749301 ], [ 91.755954368928798, 26.1349237049007 ], [ 91.755941245440795, 26.1355703919284 ], [ 91.755961659655696, 26.135724863205098 ], [ 91.755973325177905, 26.1357890078264 ], [ 91.755968950382496, 26.135853152412501 ], [ 91.755958743724193, 26.135881952060501 ], [ 91.755933954713996, 26.135914679181202 ], [ 91.755904790908303, 26.135936933553499 ], [ 91.755843548263798, 26.135960496812199 ], [ 91.755786679516405, 26.135980133395101 ], [ 91.755728352803303, 26.135994532801099 ], [ 91.755618989205701, 26.136010241901701 ], [ 91.755532957550898, 26.136022023524301 ], [ 91.7554425511007, 26.136044277876099 ], [ 91.755400263807005, 26.1360560594952 ], [ 91.755374016831098, 26.136087476871499 ], [ 91.755371100001298, 26.136125440296102 ], [ 91.755372558865403, 26.136192203279801 ], [ 91.755350685786496, 26.1365011439838 ], [ 91.7553594353774, 26.1365927787676 ], [ 91.755378391626493, 26.136647759119398 ], [ 91.755397347875601, 26.1366935764628 ], [ 91.755413387294993, 26.136734158260602 ], [ 91.755429427612796, 26.136783902214098 ], [ 91.755435260373901, 26.136837574401699 ], [ 91.755439634270999, 26.136942299330801 ], [ 91.755439634270999, 26.136992044002099 ], [ 91.7554425511007, 26.137023461126599 ], [ 91.755457132554398, 26.1370574968056 ], [ 91.755473171973804, 26.137082369522599 ], [ 91.755502335779497, 26.137099387354802 ], [ 91.755525666824099, 26.137109859183301 ], [ 91.7555533717657, 26.137132113327802 ], [ 91.755559204526904, 26.137158294906101 ], [ 91.755557746561195, 26.137551013036902 ], [ 91.755578160775997, 26.137876967864599 ], [ 91.755591284264, 26.137918857313299 ], [ 91.755607324581703, 26.137951583863099 ], [ 91.755627738796605, 26.137969910436599 ], [ 91.7556671092605, 26.137983000729299 ], [ 91.755718145246703, 26.137992164417302 ], [ 91.755744392222695, 26.138001327297999 ], [ 91.755767723267297, 26.138018344996201 ], [ 91.755791053413503, 26.138113905995102 ], [ 91.755794699675207, 26.138584263904601 ], [ 91.755806091211397, 26.138657897201 ], [ 91.755819761773395, 26.1387233498772 ], [ 91.755842545743903, 26.138774484099599 ], [ 91.755874443123005, 26.1388542543128 ], [ 91.755924567319198, 26.138913569845499 ], [ 91.755992919230906, 26.139001521325099 ], [ 91.756077219832093, 26.1390792454395 ], [ 91.756131901181803, 26.139154924366199 ], [ 91.756150128897204, 26.139210149476199 ], [ 91.756156964178203, 26.139273555902399 ], [ 91.7561524070248, 26.139711265349401 ], [ 91.756147849871297, 26.1397992154217 ], [ 91.756131901181803, 26.139838077623001 ], [ 91.756070384551094, 26.1399342097023 ], [ 91.755999754511905, 26.140095792802601 ], [ 91.755958743724193, 26.140222605464999 ], [ 91.755938237881196, 26.140290101573601 ], [ 91.755899505221194, 26.140396460465102 ], [ 91.755843227565194, 26.1406196986635 ], [ 91.756006862880696, 26.140574896545601 ], [ 91.7563641156827, 26.1405159907181 ], [ 91.756795733718803, 26.140487192213101 ], [ 91.756897805691295, 26.140497664544199 ], [ 91.756925511531307, 26.140675691609399 ], [ 91.757026125538104, 26.141175736707599 ], [ 91.757087368182596, 26.141518698603701 ], [ 91.757097575739195, 26.1415618963801 ], [ 91.757291512127495, 26.141572368614799 ], [ 91.7579768530275, 26.141540951907899 ], [ 91.758364726702496, 26.141520008238398 ], [ 91.758654903200593, 26.141520008238398 ], [ 91.758812385056402, 26.141505608707501 ], [ 91.758961119117998, 26.141485973860298 ], [ 91.759095270827501, 26.141465029374501 ], [ 91.759206091492601, 26.141436231103601 ], [ 91.759300872738194, 26.141398269405801 ], [ 91.759445232004396, 26.1413262740774 ], [ 91.759607088655599, 26.141234643008701 ], [ 91.7597966511469, 26.141128612290501 ], [ 91.759895807187903, 26.141074942882 ], [ 91.7600314168632, 26.141022581476101 ], [ 91.760137863631101, 26.141002946547701 ], [ 91.760251601125901, 26.140987238118701 ], [ 91.760489282773705, 26.1409937830961 ], [ 91.761020056850796, 26.141022581476101 ], [ 91.761466258137304, 26.141057925629202 ], [ 91.761724353999895, 26.141082796687598 ], [ 91.761953286955105, 26.141085414353899 ], [ 91.762205550954903, 26.141071015575701 ], [ 91.762796110609202, 26.1410304360917 ], [ 91.763083370277499, 26.141014727666398 ], [ 91.763392502126294, 26.141009491524201 ], [ 91.763627267842693, 26.141036981066701 ], [ 91.763831411787606, 26.141074942882 ], [ 91.764025349074302, 26.1411325395948 ], [ 91.764324274264894, 26.141233333370799 ], [ 91.764445757932293, 26.141284139890999 ], [ 91.764561955912598, 26.141337318895999 ], [ 91.764623472543306, 26.141388451973601 ], [ 91.764655369922394, 26.141449812120999 ], [ 91.764662205203393, 26.141519353421099 ], [ 91.764703215991105, 26.142184084678199 ], [ 91.764696381608402, 26.142934715595398 ], [ 91.764694102582496, 26.143073796385099 ], [ 91.764705495016898, 26.143239466075201 ], [ 91.764737392396, 26.143460358629699 ], [ 91.764794351873306, 26.143711929838101 ], [ 91.764890044908896, 26.144045312222399 ], [ 91.764933333824104, 26.1441741656426 ], [ 91.764969788356694, 26.1442518863131 ], [ 91.765008521016796, 26.144313244955399 ], [ 91.765063202366406, 26.144350059802701 ], [ 91.765138389559098, 26.144374603565399 ], [ 91.765240916977405, 26.144388920489099 ], [ 91.765514324623993, 26.1444114183934 ], [ 91.7660224063588, 26.144450279059399 ], [ 91.766664912891102, 26.144476867037401 ], [ 91.767656014262599, 26.144554588312801 ], [ 91.767836007001094, 26.144523908656002 ], [ 91.768000051050095, 26.1444830029718 ], [ 91.768175487533497, 26.144423690268901 ], [ 91.768414718775105, 26.144325516841299 ], [ 91.768697239830303, 26.144221206576699 ], [ 91.768900016539405, 26.1441741656426 ], [ 91.7691506402155, 26.144155757789399 ], [ 91.769426325091302, 26.1441578028378 ], [ 91.769560750787093, 26.14417007474 ], [ 91.769699732737905, 26.1441864367366 ], [ 91.769859219633503, 26.144221206576699 ], [ 91.770280722639498, 26.1443418788161 ], [ 91.770449323841902, 26.144374603565399 ], [ 91.770549573132698, 26.1443971014724 ], [ 91.770711339054102, 26.1444093733495 ], [ 91.770898167073597, 26.1444011915606 ], [ 91.771167017566796, 26.144382784549698 ], [ 91.771283215547101, 26.144370512669799 ], [ 91.771561179448895, 26.144337787919401 ], [ 91.772604684042506, 26.1441741656426 ], [ 91.774169940034497, 26.1442068896324 ], [ 91.774379552024598, 26.144219161529499 ], [ 91.774507142439404, 26.144239614419501 ], [ 91.774705361995004, 26.144296882170099 ], [ 91.774878520350896, 26.144352104847702 ], [ 91.775079018932402, 26.144442097273402 ], [ 91.775486851376399, 26.144570950255599 ], [ 91.775641782016905, 26.144617991836299 ], [ 91.775937972735704, 26.144669123476799 ], [ 91.776102017683002, 26.144685486209902 ], [ 91.776238720608006, 26.144689576287998 ], [ 91.776400486529397, 26.144673214361902 ], [ 91.7765235197907, 26.144642534736199 ], [ 91.776753637623798, 26.144583222114399 ], [ 91.777122737407794, 26.144466641016798 ], [ 91.777289060482602, 26.1444093733495 ], [ 91.777430320560995, 26.144370512669799 ], [ 91.7775465185413, 26.144345969712699 ], [ 91.777986675962595, 26.1443220654239 ], [ 91.779266705173796, 26.144284611087699 ], [ 91.779510493568907, 26.1442887011798 ], [ 91.779631247804303, 26.144300973068301 ], [ 91.779726940840007, 26.144319380898501 ], [ 91.779893263016504, 26.144360286640001 ], [ 91.780034523993294, 26.1443868746384 ], [ 91.780228187293801, 26.144403237411101 ], [ 91.780337549993106, 26.1444052824551 ], [ 91.780449191718304, 26.144395056428198 ], [ 91.780544883855697, 26.144376648609899 ], [ 91.780640575993004, 26.144345969712699 ], [ 91.780704371649506, 26.144315290001 ], [ 91.780811456221301, 26.144237569372599 ], [ 91.780909426486105, 26.144178255738598 ], [ 91.781005119521794, 26.144137349933398 ], [ 91.781089420122996, 26.144118942880802 ], [ 91.781189669413706, 26.1441005350189 ], [ 91.781299032113097, 26.144098489969601 ], [ 91.781469911443097, 26.144098489969601 ], [ 91.781620285828396, 26.144108716022401 ], [ 91.781993941867398, 26.144165983837201 ], [ 91.782568097386303, 26.1441966635882 ], [ 91.782846061288097, 26.144233478472302 ], [ 91.783310853209301, 26.1443439238612 ], [ 91.783447557032602, 26.144372557714501 ], [ 91.783591095238606, 26.144413463437299 ], [ 91.783864502885194, 26.144501410773401 ], [ 91.784782695191595, 26.144722300939801 ], [ 91.785085721191507, 26.144791840290399 ], [ 91.785413810187706, 26.1448613795996 ], [ 91.785762404128704, 26.144906376028 ], [ 91.7862294750758, 26.144965688485701 ], [ 91.786370735154307, 26.145008639034099 ], [ 91.786427027183194, 26.145053944257299 ], [ 91.786436808938305, 26.145061816342398 ], [ 91.786559082224898, 26.143965546362502 ], [ 91.786622876983103, 26.1434828567129 ], [ 91.786754356204796, 26.142736074316201 ], [ 91.786898228584107, 26.1420449205735 ], [ 91.787024603578203, 26.141461974634002 ], [ 91.787158755287805, 26.141125121263698 ], [ 91.787222914761998, 26.140920914961601 ], [ 91.7873006837128, 26.140725433883699 ], [ 91.787372620800696, 26.140605003867499 ], [ 91.787590374222304, 26.140259421602401 ], [ 91.788056988825204, 26.139645049530099 ], [ 91.788303906052406, 26.139407678222799 ], [ 91.788511938804206, 26.1392697930495 ], [ 91.788667476705797, 26.139208704333502 ], [ 91.788751078417704, 26.139180778075701 ], [ 91.788836624982196, 26.1391703056265 ], [ 91.788908561171894, 26.139173796711798 ], [ 91.789019382735205, 26.139177286990599 ], [ 91.789184642204802, 26.139177286990599 ], [ 91.789295462869802, 26.139182523214998 ], [ 91.789375175774794, 26.1391947408022 ], [ 91.7894607223393, 26.139226158140399 ], [ 91.789573487856998, 26.139252338442699 ], [ 91.789643480092295, 26.1392505933044 ], [ 91.789730969712807, 26.139241866806302 ], [ 91.789812627470397, 26.139215685695302 ], [ 91.789880675751505, 26.139192995663102 ], [ 91.789940946418895, 26.1391650694015 ], [ 91.790012883506805, 26.139130161766801 ], [ 91.7900799589125, 26.139047882899899 ], [ 91.791322043286101, 26.136814659712101 ], [ 91.793396386227798, 26.133048524938999 ], [ 91.794828130110801, 26.130490397225898 ], [ 91.795408360935994, 26.129453992266001 ], [ 91.794387641211202, 26.129448537847999 ], [ 91.793831713407798, 26.129418536528298 ], [ 91.792903951348606, 26.129366061823202 ], [ 91.791712139393198, 26.1293695523952 ], [ 91.791173587702303, 26.1293712976811 ], [ 91.791070543752696, 26.129360825158699 ], [ 91.791016104948199, 26.129327659879699 ], [ 91.7908897308523, 26.129292749304199 ], [ 91.790706973099304, 26.1292787845872 ], [ 91.790112038649596, 26.129275294012601 ], [ 91.789699862851094, 26.129275294012601 ], [ 91.789369343912, 26.129259584006 ], [ 91.7891963068287, 26.1292403834215 ], [ 91.788366121572395, 26.129146124128201 ], [ 91.788076431062905, 26.1291321602002 ], [ 91.787924781968201, 26.1291147048845 ], [ 91.787858677641395, 26.129086776212802 ], [ 91.787792574212901, 26.129048374177401 ], [ 91.787648700935307, 26.1290187001986 ], [ 91.787463999228095, 26.129004735448898 ], [ 91.787290963043105, 26.128996008185101 ], [ 91.787106261335893, 26.128975061458998 ], [ 91.786366994569406, 26.128944251892499 ] ] ] ] } },
{ "type": "Feature", "properties": { "ward_number": 47, "ward_lgd_name": "Guwahati (M Corp.) - Ward No.47" }, "geometry": { "type": "MultiPolygon", "coordinates": [ [ [ [ 91.795408360935994, 26.129453992266001 ], [ 91.795596708006698, 26.129133905489599 ], [ 91.796415228639006, 26.129139142164401 ], [ 91.797198752704602, 26.129139142164401 ], [ 91.797346514788998, 26.129147869417402 ], [ 91.797494275975197, 26.129167070823598 ], [ 91.797902563864994, 26.1292403834215 ], [ 91.797918117295893, 26.129366061823202 ], [ 91.798036715574696, 26.12935733378 ], [ 91.799008830154307, 26.1293294051662 ], [ 91.800083988683596, 26.129306713213101 ], [ 91.800778078275997, 26.129270057343899 ], [ 91.801369123918903, 26.129231655368802 ], [ 91.801322461829798, 26.128835418673098 ], [ 91.801305752267197, 26.1286261727465 ], [ 91.801285522206996, 26.128372849542501 ], [ 91.801199975642504, 26.127632734800699 ], [ 91.801217473925902, 26.126096633289201 ], [ 91.801196087733899, 26.125607869957999 ], [ 91.801178589450501, 26.125403635714299 ], [ 91.801178589450501, 26.125346031243499 ], [ 91.801188310120196, 26.125290172091301 ], [ 91.801221569345302, 26.1251504692491 ], [ 91.801269109088395, 26.124916905190599 ], [ 91.801395978155995, 26.124255467161198 ], [ 91.801435470790906, 26.124020900389599 ], [ 91.801423319280005, 26.123655412628398 ], [ 91.801380789441197, 26.1232380995725 ], [ 91.7994912416315, 26.123434482610001 ], [ 91.798759118268194, 26.123461757714502 ], [ 91.7987894965962, 26.123396297291698 ], [ 91.799020373505698, 26.122714411740901 ], [ 91.799047714629694, 26.122616220061602 ], [ 91.799056828038204, 26.122520755267299 ], [ 91.799053789935897, 26.122444384020898 ], [ 91.799047714629694, 26.122373467473199 ], [ 91.799014298199396, 26.122272547727501 ], [ 91.7989596168498, 26.122147079465201 ], [ 91.798871519069806, 26.121994336434 ], [ 91.798655830875205, 26.121615204164701 ], [ 91.798579884606099, 26.121492462994599 ], [ 91.798551025329303, 26.121446094450999 ], [ 91.7985258437553, 26.121398018392501 ], [ 91.798507711261294, 26.121353401669602 ], [ 91.798493256469996, 26.121307078238399 ], [ 91.798476597213096, 26.1212360698586 ], [ 91.798458370395906, 26.1211242395174 ], [ 91.798452294191407, 26.120996042212401 ], [ 91.798458370395906, 26.120783290609602 ], [ 91.798540391971301, 26.1202514082946 ], [ 91.798534316664998, 26.1197331619484 ], [ 91.798510013643295, 26.119165815197501 ], [ 91.798449256987396, 26.118663929609401 ], [ 91.798358121105196, 26.1179411022671 ], [ 91.798260909018396, 26.117229180431501 ], [ 91.799444012705493, 26.117350570198202 ], [ 91.799483594273497, 26.116581611077301 ], [ 91.799475444757306, 26.1163139857569 ], [ 91.799461835280695, 26.116275580329699 ], [ 91.799438504236207, 26.116242411336199 ], [ 91.799403508567593, 26.116210987815801 ], [ 91.799389057369694, 26.116189361253301 ], [ 91.799383094352805, 26.116167345098901 ], [ 91.799384066329907, 26.116149887846198 ], [ 91.799387954238497, 26.116121956075201 ], [ 91.799419061998407, 26.1159735688836 ], [ 91.799405452521896, 26.1159369080247 ], [ 91.799364624092206, 26.115888027937 ], [ 91.799284910288904, 26.115804232416199 ], [ 91.799247703866399, 26.115774403432201 ], [ 91.799228002913907, 26.115751781440601 ], [ 91.799216862007796, 26.115722183131801 ], [ 91.799218806860395, 26.1156610821001 ], [ 91.799214918053494, 26.115629659229999 ], [ 91.799189643054703, 26.115610455599001 ], [ 91.799150758579302, 26.115606964615999 ], [ 91.799125483580497, 26.1155999810365 ], [ 91.799109930149598, 26.1155790327152 ], [ 91.799117585592498, 26.115532552126901 ], [ 91.799138850511895, 26.115480725341801 ], [ 91.799154039226707, 26.1154534483743 ], [ 91.799187455657005, 26.1154152604479 ], [ 91.799229986394096, 26.1153716166273 ], [ 91.799284667743706, 26.115344339634301 ], [ 91.799409219157894, 26.1152816018006 ], [ 91.799460863303594, 26.115229774904101 ], [ 91.799494279733807, 26.115145215860899 ], [ 91.799499215976297, 26.114617751504898 ], [ 91.799487186636298, 26.114493755156602 ], [ 91.799479304817993, 26.114364280969301 ], [ 91.799407665072394, 26.113915955846799 ], [ 91.799387871593495, 26.113712862696101 ], [ 91.799349583599394, 26.112964955881299 ], [ 91.799341289454404, 26.1124054497533 ], [ 91.797734965182499, 26.112182338316298 ], [ 91.794022165231198, 26.111666643862002 ], [ 91.792747429791802, 26.111500150987599 ], [ 91.792318654923605, 26.111458527933699 ], [ 91.790562978549104, 26.111413626707801 ], [ 91.789025822757495, 26.111380892723101 ], [ 91.789022784655202, 26.111618212088999 ], [ 91.78814484406, 26.1116100288097 ], [ 91.788141805957693, 26.1124692853355 ], [ 91.788175222388006, 26.112687508081201 ], [ 91.788187373898793, 26.112856630469299 ], [ 91.788169147081703, 26.113061214131601 ], [ 91.788126616344599, 26.1132521582911 ], [ 91.788065859688601, 26.113432191000999 ], [ 91.787938269273894, 26.1136831452982 ], [ 91.787315508610007, 26.1151615819239 ], [ 91.786890208425206, 26.116159925182 ], [ 91.786622876983103, 26.116915496791599 ], [ 91.786595536757503, 26.117095523858701 ], [ 91.786625915085494, 26.1172728227519 ], [ 91.786662369618, 26.117526496693301 ], [ 91.786723126273898, 26.117763803581099 ], [ 91.786777807623594, 26.117911097992302 ], [ 91.786847678586398, 26.118082939893 ], [ 91.786947927877094, 26.118361161305799 ], [ 91.787066404883305, 26.118612105019501 ], [ 91.787190956297493, 26.118863047387698 ], [ 91.787218297421404, 26.118974880699401 ], [ 91.787221335523796, 26.1190703483908 ], [ 91.787224372727707, 26.119239461542701 ], [ 91.787203487795693, 26.119383716520598 ], [ 91.787065835351399, 26.121302896199499 ], [ 91.786921655748301, 26.122913064494401 ], [ 91.786662073174, 26.125996161965599 ], [ 91.786366994569406, 26.128944251892499 ], [ 91.787106261335893, 26.128975061458998 ], [ 91.787290963043105, 26.128996008185101 ], [ 91.787463999228095, 26.129004735448898 ], [ 91.787648700935307, 26.1290187001986 ], [ 91.787792574212901, 26.129048374177401 ], [ 91.787858677641395, 26.129086776212802 ], [ 91.787924781968201, 26.1291147048845 ], [ 91.788076431062905, 26.1291321602002 ], [ 91.788366121572395, 26.129146124128201 ], [ 91.7891963068287, 26.1292403834215 ], [ 91.789369343912, 26.129259584006 ], [ 91.789699862851094, 26.129275294012601 ], [ 91.790112038649596, 26.129275294012601 ], [ 91.790706973099304, 26.1292787845872 ], [ 91.7908897308523, 26.129292749304199 ], [ 91.791016104948199, 26.129327659879699 ], [ 91.791070543752696, 26.129360825158699 ], [ 91.791173587702303, 26.1293712976811 ], [ 91.791712139393198, 26.1293695523952 ], [ 91.792903951348606, 26.129366061823202 ], [ 91.793831713407798, 26.129418536528298 ], [ 91.794387641211202, 26.129448537847999 ], [ 91.795375705378802, 26.129453818060099 ], [ 91.795408360935994, 26.129453992266001 ] ] ] ] } },
{ "type": "Feature", "properties": { "ward_number": 48, "ward_lgd_name": "Guwahati (M Corp.) - Ward No.48" }, "geometry": { "type": "MultiPolygon", "coordinates": [ [ [ [ 91.796451021113199, 26.140739094013998 ], [ 91.803209579696599, 26.135301375398701 ], [ 91.803203756816899, 26.135296147871401 ], [ 91.803176163266301, 26.135271375582501 ], [ 91.803148822142305, 26.135230466656399 ], [ 91.803135960962393, 26.135169742770501 ], [ 91.803135152478703, 26.135137073506801 ], [ 91.803138818503299, 26.1351127479683 ], [ 91.803149207519596, 26.135085450583698 ], [ 91.803167068722402, 26.1350435125368 ], [ 91.803225550844004, 26.134913929667 ], [ 91.803242971872393, 26.134877065875301 ], [ 91.803252137383197, 26.134768260765501 ], [ 91.8032502967352, 26.1347447553322 ], [ 91.803243264723093, 26.1347235717279 ], [ 91.803229284242406, 26.1346972145991 ], [ 91.803199420649094, 26.1346592337743 ], [ 91.803132228462403, 26.134586622983701 ], [ 91.803094898970798, 26.134551993020001 ], [ 91.803079415608593, 26.134526509263502 ], [ 91.803074693165101, 26.1345131613182 ], [ 91.803072080864297, 26.1344996593348 ], [ 91.803071257109096, 26.134469328658302 ], [ 91.803076234674194, 26.134362087729599 ], [ 91.803096143137495, 26.1343162864075 ], [ 91.803148404425798, 26.134249261053199 ], [ 91.803209374880694, 26.134183352629599 ], [ 91.803252926103994, 26.134129731643 ], [ 91.803409708172197, 26.134004617256 ], [ 91.803510497350501, 26.1339375909163 ], [ 91.803568979472104, 26.133908546425999 ], [ 91.803664791085396, 26.133891790234198 ], [ 91.8037270066053, 26.1338895562901 ], [ 91.803760602698603, 26.133879501928501 ], [ 91.803776778661899, 26.133873917067699 ], [ 91.803787977958606, 26.133852692175001 ], [ 91.803796688023596, 26.133811359350702 ], [ 91.803822818218606, 26.133723108790299 ], [ 91.803827795783505, 26.1336795419721 ], [ 91.803847704246905, 26.1336348573567 ], [ 91.803863880210201, 26.1336058127911 ], [ 91.803903698035199, 26.133574534268199 ], [ 91.803955959323403, 26.133536553078301 ], [ 91.804018173945096, 26.133498571069399 ], [ 91.804273256858195, 26.133335474750901 ], [ 91.804327265369693, 26.133298724981302 ], [ 91.804341455157996, 26.133284668804301 ], [ 91.804350262241002, 26.133274126468802 ], [ 91.804355644047902, 26.133264901924498 ], [ 91.804359558007604, 26.133254359587202 ], [ 91.804361025854703, 26.133240302598399 ], [ 91.804361025854703, 26.1332301997919 ], [ 91.804358090160406, 26.1332161436066 ], [ 91.804315563914898, 26.133144449696601 ], [ 91.804290504511698, 26.133109899953499 ], [ 91.804277358565798, 26.133097980934998 ], [ 91.804267083635594, 26.1330909532379 ], [ 91.804182438081298, 26.133039119724501 ], [ 91.804159930791897, 26.133021548858999 ], [ 91.804141360818306, 26.133003694108499 ], [ 91.804039078640102, 26.1328801059977 ], [ 91.804029292393395, 26.132863852905 ], [ 91.804022442739296, 26.132846721547601 ], [ 91.804015685611802, 26.132822722964999 ], [ 91.803992666282596, 26.132712688469301 ], [ 91.803991617948697, 26.132700446009299 ], [ 91.803993085795796, 26.132692978753202 ], [ 91.803996511072, 26.132678043433199 ], [ 91.804000914613496, 26.132665743709001 ], [ 91.804013197278394, 26.132650688219002 ], [ 91.804091588761693, 26.132602653063401 ], [ 91.804105620446407, 26.1325919469495 ], [ 91.804122256347199, 26.1325699838881 ], [ 91.804128617317701, 26.132551974222999 ], [ 91.804132041695595, 26.132525618217201 ], [ 91.804132041695595, 26.132500580006099 ], [ 91.804128617317701, 26.132473784452799 ], [ 91.804120788500001, 26.132452260098599 ], [ 91.8041129596823, 26.132438203819699 ], [ 91.804101706486705, 26.1324267831423 ], [ 91.804089099530003, 26.132417212547601 ], [ 91.803740031278593, 26.1321894390986 ], [ 91.803710980660597, 26.1321636644902 ], [ 91.803696657023394, 26.1321476475994 ], [ 91.803683456280297, 26.132117267922499 ], [ 91.803680923929505, 26.1320951354088 ], [ 91.803681833024598, 26.132077608758401 ], [ 91.803689677113695, 26.132045213643 ], [ 91.804008242171307, 26.1320527680415 ], [ 91.804008864703803, 26.131908446444601 ], [ 91.8040119234673, 26.131893346499901 ], [ 91.804029507090704, 26.131880991851599 ], [ 91.804054735377207, 26.131867264552699 ], [ 91.804077670264704, 26.1318466740045 ], [ 91.8040914315565, 26.131830201402099 ], [ 91.804109779646197, 26.131806179222298 ], [ 91.804119718606501, 26.1317780382801 ], [ 91.804129656668493, 26.131753328957899 ], [ 91.804136536865201, 26.1317286204368 ], [ 91.804136536865201, 26.131709402515401 ], [ 91.804130162419995, 26.1316598088275 ], [ 91.804126429021693, 26.131641934512999 ], [ 91.804112741391705, 26.131609537663799 ], [ 91.804071679399996, 26.1315603842793 ], [ 91.803934767167604, 26.131424260902602 ], [ 91.803850815112696, 26.1313397530975 ], [ 91.803841438497798, 26.131325726525102 ], [ 91.803836851699899, 26.131310626505101 ], [ 91.803833992362399, 26.1312897293903 ], [ 91.803832772450207, 26.131274401933702 ], [ 91.803832772450207, 26.1312431219799 ], [ 91.803856414311895, 26.131207374027099 ], [ 91.803943117906499, 26.1311294269189 ], [ 91.803957643664603, 26.131109522569801 ], [ 91.803967581726596, 26.131086186571 ], [ 91.803972168524396, 26.1310628497612 ], [ 91.803972168524396, 26.1310456907187 ], [ 91.803969110659196, 26.131025100025699 ], [ 91.803963829463598, 26.130992324757798 ], [ 91.803949737591793, 26.130957138050999 ], [ 91.8039223632301, 26.130905750390799 ], [ 91.804075412798397, 26.130740415640499 ], [ 91.804051770936695, 26.130558323986101 ], [ 91.804029508887297, 26.130449365649799 ], [ 91.804017911637004, 26.1303084882578 ], [ 91.8040226259956, 26.130247448082901 ], [ 91.803921118165107, 26.130239941151299 ], [ 91.803881300340194, 26.1302349142168 ], [ 91.803847142799796, 26.130229512258001 ], [ 91.803813722776297, 26.130221413351801 ], [ 91.803779267893603, 26.130210895741499 ], [ 91.8037314487744, 26.1301931776669 ], [ 91.803704350195503, 26.130179750995399 ], [ 91.803683772487304, 26.130165397649701 ], [ 91.803655477352507, 26.130138180565599 ], [ 91.803635459294696, 26.1301139652834 ], [ 91.803622148957203, 26.130088693475599 ], [ 91.803602576463703, 26.130032155094799 ], [ 91.803580178768797, 26.129941666852599 ], [ 91.803576445370396, 26.129889161735299 ], [ 91.803585733950499, 26.129799035503702 ], [ 91.803628706658699, 26.129462414635299 ], [ 91.803635687466794, 26.1291949930241 ], [ 91.803633176675604, 26.129159136371999 ], [ 91.803627462492003, 26.129126154920201 ], [ 91.803616885727905, 26.1290982270577 ], [ 91.803601170600302, 26.129067657864098 ], [ 91.803587022134593, 26.1290451626489 ], [ 91.803573098247696, 26.129022274658201 ], [ 91.803567746085207, 26.129003056291399 ], [ 91.803563063167601, 26.1289772422673 ], [ 91.803549733067101, 26.128813487972302 ], [ 91.803033847667393, 26.128889530030499 ], [ 91.803020881384597, 26.128891506792701 ], [ 91.803001310687904, 26.1288967781583 ], [ 91.802987610481495, 26.128902927815801 ], [ 91.802980271245602, 26.1289103953142 ], [ 91.802975378122198, 26.128919620202399 ], [ 91.802968528468199, 26.128930162930999 ], [ 91.802960210068704, 26.1289407056586 ], [ 91.802947978607804, 26.128948173961099 ], [ 91.802932320972303, 26.128952127483402 ], [ 91.802907857152206, 26.128952127483402 ], [ 91.802878500208806, 26.128949491801801 ], [ 91.802862353889793, 26.128945977021999 ], [ 91.802852078959603, 26.128940266916 ], [ 91.802845717989101, 26.128934116453902 ], [ 91.802837788560097, 26.128919661334599 ], [ 91.802833010421097, 26.128888560602402 ], [ 91.802811359226098, 26.1286008715823 ], [ 91.802115681412204, 26.128627027651799 ], [ 91.801874544843798, 26.128624475840301 ], [ 91.801545715635797, 26.1286146057172 ], [ 91.801305752267197, 26.1286261727465 ], [ 91.801322461829798, 26.128835418673098 ], [ 91.801369123918903, 26.129231655368802 ], [ 91.800778078275997, 26.129270057343899 ], [ 91.800083988683596, 26.129306713213101 ], [ 91.799008830154307, 26.1293294051662 ], [ 91.798036715574696, 26.12935733378 ], [ 91.797918117295893, 26.129366061823202 ], [ 91.797902563864994, 26.1292403834215 ], [ 91.797494275975197, 26.129167070823598 ], [ 91.797346514788998, 26.129147869417402 ], [ 91.797198752704602, 26.129139142164401 ], [ 91.796415228639006, 26.129139142164401 ], [ 91.795596708006698, 26.129133905489599 ], [ 91.795408360935994, 26.129453992266001 ], [ 91.794828130110801, 26.130490397225898 ], [ 91.793396386227798, 26.133048524938999 ], [ 91.791322043286101, 26.136814659712101 ], [ 91.7900799589125, 26.139047882899899 ], [ 91.790012883506805, 26.139130161766801 ], [ 91.789940946418895, 26.1391650694015 ], [ 91.789880675751505, 26.139192995663102 ], [ 91.789812627470397, 26.139215685695302 ], [ 91.789730969712807, 26.139241866806302 ], [ 91.789643480092295, 26.1392505933044 ], [ 91.789573487856998, 26.139252338442699 ], [ 91.7894607223393, 26.139226158140399 ], [ 91.789375175774794, 26.1391947408022 ], [ 91.789295462869802, 26.139182523214998 ], [ 91.789184642204802, 26.139177286990599 ], [ 91.789019382735205, 26.139177286990599 ], [ 91.788908561171894, 26.139173796711798 ], [ 91.788836624982196, 26.1391703056265 ], [ 91.788751078417704, 26.139180778075701 ], [ 91.788667476705797, 26.139208704333502 ], [ 91.788511938804206, 26.1392697930495 ], [ 91.788303906052406, 26.139407678222799 ], [ 91.788056988825204, 26.139645049530099 ], [ 91.787590374222304, 26.140259421602401 ], [ 91.787372620800696, 26.140605003867499 ], [ 91.7873006837128, 26.140725433883699 ], [ 91.787222914761998, 26.140920914961601 ], [ 91.787158755287805, 26.141125121263698 ], [ 91.787024603578203, 26.141461974634002 ], [ 91.786898228584107, 26.1420449205735 ], [ 91.786754356204796, 26.142736074316201 ], [ 91.786622876983103, 26.1434828567129 ], [ 91.786559082224898, 26.143965546362502 ], [ 91.786436808938305, 26.145061816342398 ], [ 91.786468706317507, 26.145121129527499 ], [ 91.786486933134597, 26.145202939627701 ], [ 91.786493768415596, 26.1453011131238 ], [ 91.786500603696595, 26.145436100235599 ], [ 91.786500603696595, 26.145524046801199 ], [ 91.786475541598506, 26.145728572447801 ], [ 91.786281877399603, 26.146593713847501 ], [ 91.786067070452205, 26.1473384257649 ], [ 91.785937293538097, 26.148007296903 ], [ 91.785925367504404, 26.1480484714894 ], [ 91.785899381039798, 26.1481381901216 ], [ 91.785135677402707, 26.149805233318201 ], [ 91.786636146896498, 26.148539859997999 ], [ 91.790122151882997, 26.145700847735998 ], [ 91.793295024822697, 26.143231360007299 ], [ 91.796451021113199, 26.140739094013998 ] ] ] ] } },
{ "type": "Feature", "properties": { "ward_number": 43, "ward_lgd_name": "Guwahati (M Corp.) - Ward No.43" }, "geometry": { "type": "MultiPolygon", "coordinates": [ [ [ [ 91.771020723329499, 26.127094891993899 ], [ 91.771451330760996, 26.126978148260399 ], [ 91.7724506642937, 26.126718058749301 ], [ 91.773504436631001, 26.126445748932799 ], [ 91.774620423589994, 26.126176929955399 ], [ 91.775843343305397, 26.125866216602599 ], [ 91.776667696698894, 26.125597396291699 ], [ 91.777966441410797, 26.125145288046699 ], [ 91.779000771510397, 26.124796167710201 ], [ 91.779799849006807, 26.124520362697201 ], [ 91.780517269643795, 26.1243196180816 ], [ 91.780651421353397, 26.1242620130764 ], [ 91.781263853188193, 26.123998425979298 ], [ 91.781460220417799, 26.123963513811201 ], [ 91.781711026451802, 26.123965259177801 ], [ 91.782782296174204, 26.1238919432693 ], [ 91.7830758745922, 26.1238779787132 ], [ 91.783149755634497, 26.123870995628 ], [ 91.783235583371706, 26.123851986116101 ], [ 91.784370731395597, 26.123549802292299 ], [ 91.785469220969404, 26.123254792768702 ], [ 91.7863441234623, 26.123033098187001 ], [ 91.786600761359196, 26.122980729498199 ], [ 91.786921655748301, 26.122913064494401 ], [ 91.787065835351399, 26.121302896199499 ], [ 91.787203487795693, 26.119383716520598 ], [ 91.787224372727707, 26.119239461542701 ], [ 91.787221335523796, 26.1190703483908 ], [ 91.787218297421404, 26.118974880699401 ], [ 91.787190956297493, 26.118863047387698 ], [ 91.787066404883305, 26.118612105019501 ], [ 91.786947927877094, 26.118361161305799 ], [ 91.786847678586398, 26.118082939893 ], [ 91.786777807623594, 26.117911097992302 ], [ 91.786723126273898, 26.117763803581099 ], [ 91.786662369618, 26.117526496693301 ], [ 91.786625915085494, 26.1172728227519 ], [ 91.786595536757503, 26.117095523858701 ], [ 91.786622876983103, 26.116915496791599 ], [ 91.786890208425206, 26.116159925182 ], [ 91.787315508610007, 26.1151615819239 ], [ 91.787938269273894, 26.1136831452982 ], [ 91.788065859688601, 26.113432191000999 ], [ 91.788126616344599, 26.1132521582911 ], [ 91.788169147081703, 26.113061214131601 ], [ 91.788187373898793, 26.112856630469299 ], [ 91.788175222388006, 26.112687508081201 ], [ 91.788141805957693, 26.1124692853355 ], [ 91.78814484406, 26.1116100288097 ], [ 91.789022784655202, 26.111618212088999 ], [ 91.789025057392905, 26.111440649721899 ], [ 91.789025822757495, 26.111380892723101 ], [ 91.789048338131707, 26.110968438569198 ], [ 91.789068247493404, 26.1108035724946 ], [ 91.789077095898904, 26.110688364456401 ], [ 91.789103641115602, 26.110575142249701 ], [ 91.789136822187203, 26.110469866140999 ], [ 91.789172215809401, 26.110376507242002 ], [ 91.789225306242699, 26.110287121781699 ], [ 91.789344759717594, 26.110136158834699 ], [ 91.7894885467569, 26.109949441235798 ], [ 91.789999541728207, 26.1094031916322 ], [ 91.790326932733507, 26.109657446498399 ], [ 91.790391083224605, 26.109705119224301 ], [ 91.790413204238405, 26.109724982854299 ], [ 91.790413204238405, 26.109750805165 ], [ 91.790388871572404, 26.109780601000502 ], [ 91.7901919940997, 26.110054718619899 ], [ 91.790344629544606, 26.110126227458402 ], [ 91.790386659021806, 26.110086500331299 ], [ 91.7904862040334, 26.110144104257799 ], [ 91.790576899741097, 26.110052731859302 ], [ 91.790645474434996, 26.109985195692801 ], [ 91.790702989070994, 26.109943482561999 ], [ 91.790740595243705, 26.109907728092299 ], [ 91.790811382488101, 26.1098540959639 ], [ 91.790848987762502, 26.109822314189401 ], [ 91.790882169732498, 26.109792519171201 ], [ 91.791041441032405, 26.109699159731299 ], [ 91.791127712537303, 26.109615732443999 ], [ 91.791284772184994, 26.109431000785101 ], [ 91.791450679339903, 26.1092125001196 ], [ 91.7915502234531, 26.109063522562298 ], [ 91.791663041072994, 26.1089344077728 ], [ 91.791705070550194, 26.108882761978499 ], [ 91.792092188742103, 26.108519254799099 ], [ 91.7921585517838, 26.1084676088214 ], [ 91.792213853869299, 26.108392126197401 ], [ 91.792255884244796, 26.1083206162983 ], [ 91.792271368505297, 26.108207392604999 ], [ 91.792280216910896, 26.108072318100898 ], [ 91.792300126272494, 26.107972998512899 ], [ 91.792344368300306, 26.1079134067196 ], [ 91.792381973574706, 26.1078657332632 ], [ 91.792470457630202, 26.107792236243 ], [ 91.792638577335595, 26.1077048348007 ], [ 91.792713788782805, 26.107675039242899 ], [ 91.792769090868305, 26.1076452436774 ], [ 91.792793424432702, 26.107603528905098 ], [ 91.792789000229902, 26.107551882522799 ], [ 91.792782363476604, 26.107448589689799 ], [ 91.792786787679404, 26.107259881797201 ], [ 91.792802272838301, 26.1070731596045 ], [ 91.7928420906632, 26.106906301222701 ], [ 91.792897392748799, 26.1068328044061 ], [ 91.792917302110396, 26.1067851305089 ], [ 91.792906241154299, 26.106701701142299 ], [ 91.792873060082599, 26.1066103260533 ], [ 91.7928288180549, 26.106483195375901 ], [ 91.792727061391105, 26.106266675219501 ], [ 91.792631940582297, 26.106091869988699 ], [ 91.792512487107402, 26.105803838475801 ], [ 91.792435064008004, 26.105706503795201 ], [ 91.792397458733603, 26.1056647883312 ], [ 91.792368700966406, 26.105619100793799 ], [ 91.792370913516905, 26.105545602361399 ], [ 91.792393034530804, 26.105472104689401 ], [ 91.792459396674104, 26.105380728639499 ], [ 91.7925279722662, 26.105313189774101 ], [ 91.792570001743499, 26.105291338553101 ], [ 91.792612032118996, 26.105279419923502 ], [ 91.792678395160607, 26.105269488134599 ], [ 91.792760242462705, 26.1052575695028 ], [ 91.792808908693203, 26.105245650869701 ], [ 91.792864211677099, 26.105219826757398 ], [ 91.792892968545999, 26.105184070843102 ], [ 91.792897392748799, 26.1051324241988 ], [ 91.792906241154299, 26.105037074998499 ], [ 91.792908453704797, 26.104979467749001 ], [ 91.792930574718696, 26.1049139154998 ], [ 91.792943847326995, 26.104846376364801 ], [ 91.793032331382506, 26.104617934480299 ], [ 91.793127451293003, 26.104431208068601 ], [ 91.793171693320801, 26.1043696284197 ], [ 91.793218147898997, 26.104284211277601 ], [ 91.793240268912896, 26.104246468218001 ], [ 91.793251328970698, 26.1042107120061 ], [ 91.793262389926795, 26.104161050985901 ], [ 91.793262389926795, 26.104095497471199 ], [ 91.793246904767898, 26.104029944726399 ], [ 91.793200451087898, 26.103996174505099 ], [ 91.793158420712402, 26.1039782967656 ], [ 91.793116391235202, 26.103946513393801 ], [ 91.793089846018603, 26.103910757090201 ], [ 91.793074360859706, 26.103853149285801 ], [ 91.793034543034693, 26.103751840053 ], [ 91.793025694629193, 26.103696219038898 ], [ 91.793019058774206, 26.103652516795002 ], [ 91.793016846223694, 26.103614773531501 ], [ 91.793027907179706, 26.103575044191899 ], [ 91.793038967237493, 26.1035452475816 ], [ 91.793052239845807, 26.103515450157101 ], [ 91.793083209265305, 26.103479693721699 ], [ 91.793131875495803, 26.103396262803201 ], [ 91.793140723901303, 26.103368452214902 ], [ 91.7931429364519, 26.103342627688001 ], [ 91.793127451293003, 26.103298925311901 ], [ 91.793092057670805, 26.103271114700501 ], [ 91.793041179788105, 26.103243304082401 ], [ 91.792996937760293, 26.1032214532813 ], [ 91.792932786370997, 26.103189669703699 ], [ 91.792857574923801, 26.1031280885943 ], [ 91.7928376664605, 26.103102264821 ], [ 91.7928420906632, 26.103044656618302 ], [ 91.792844302315501, 26.103010886919201 ], [ 91.792859787474299, 26.102977116403601 ], [ 91.792899605299297, 26.102927454859501 ], [ 91.792950483181997, 26.102891698244299 ], [ 91.792983665151993, 26.102857927694298 ], [ 91.792999149412594, 26.1027625766394 ], [ 91.792996937760293, 26.1027168879681 ], [ 91.792996937760293, 26.102655306609702 ], [ 91.792970392543694, 26.1025619422775 ], [ 91.792937210573697, 26.102490428812601 ], [ 91.792901816951499, 26.102418915304 ], [ 91.7928708475321, 26.102369253522799 ], [ 91.792811121243801, 26.102323563891101 ], [ 91.792762455013303, 26.102281848026902 ], [ 91.792729273043307, 26.102232185380899 ], [ 91.792716000434993, 26.102190469484 ], [ 91.792704940377206, 26.1021467666774 ], [ 91.792711576232307, 26.101868657525401 ], [ 91.792713788782805, 26.101815021709498 ], [ 91.792722637188305, 26.101777278659601 ], [ 91.792740333999404, 26.101753440682899 ], [ 91.792760242462705, 26.101739535597599 ], [ 91.792802272838301, 26.1017315896033 ], [ 91.792857574923801, 26.101735562600499 ], [ 91.792899605299297, 26.101745494689599 ], [ 91.792950483181997, 26.101751454588001 ], [ 91.793041179788105, 26.1017673457666 ], [ 91.793074360859706, 26.101777278659601 ], [ 91.7931517848574, 26.101799129730701 ], [ 91.793277874187297, 26.101801116631499 ], [ 91.793335388823394, 26.101799129730701 ], [ 91.793379630851206, 26.101785224650801 ], [ 91.793410600270605, 26.101769332667899 ], [ 91.793443781342205, 26.101733575698599 ], [ 91.793470326558804, 26.1016878866252 ], [ 91.7935212053399, 26.1016362376301 ], [ 91.7935411138033, 26.101594520713999 ], [ 91.793536689600501, 26.101552804589701 ], [ 91.793510144383802, 26.1015309526659 ], [ 91.793434932936705, 26.101523006657501 ], [ 91.793386266706193, 26.1015210205586 ], [ 91.793335388823394, 26.101523006657501 ], [ 91.793271238332295, 26.1015110876438 ], [ 91.7932026627402, 26.101499168628902 ], [ 91.793140723901303, 26.101471357589499 ], [ 91.793123027090203, 26.1014594385706 ], [ 91.793085421815803, 26.101411762482702 ], [ 91.793074360859706, 26.1013521673455 ], [ 91.793080997613004, 26.101306478123099 ], [ 91.793089846018603, 26.1012627749862 ], [ 91.793120815438002, 26.101236949994199 ], [ 91.7931517848574, 26.101203179773101 ], [ 91.793180541726301, 26.1011654357191 ], [ 91.793231420507396, 26.101107827368999 ], [ 91.793299995201195, 26.101040286035701 ], [ 91.793381843401704, 26.100994595884799 ], [ 91.793395115111693, 26.1009866498399 ], [ 91.793432721284404, 26.100944933498798 ], [ 91.793463690703902, 26.1008475947738 ], [ 91.793448205545005, 26.100768134200901 ], [ 91.793437145487204, 26.100734363037699 ], [ 91.793366358242807, 26.100706551816302 ], [ 91.793187178479599, 26.100706551816302 ], [ 91.793025694629193, 26.100696619638999 ], [ 91.792957119935394, 26.100688673573899 ], [ 91.792910665357098, 26.100680727508301 ], [ 91.792859787474299, 26.100656889307999 ], [ 91.792822181301602, 26.100621131998601 ], [ 91.792742545651606, 26.1005694825323 ], [ 91.792704940377206, 26.1005575634214 ], [ 91.792685031015594, 26.100533725196101 ], [ 91.792680606812795, 26.100484061807698 ], [ 91.792680606812795, 26.100438372246199 ], [ 91.792709364580006, 26.100341032292899 ], [ 91.792764666665505, 26.100241706138 ], [ 91.792819969649301, 26.100154299052001 ], [ 91.792864211677099, 26.100110595484502 ], [ 91.792926150515896, 26.1000609327231 ], [ 91.793014634571406, 26.100019216051798 ], [ 91.793094270221303, 26.1000072968849 ], [ 91.793231420507396, 26.099999350772901 ], [ 91.793304419403995, 26.099999350772901 ], [ 91.793395115111693, 26.099985444672299 ], [ 91.793461478153304, 26.0999695524449 ], [ 91.793532265397701, 26.099933794925299 ], [ 91.793547750556598, 26.099907970446601 ], [ 91.793583144178797, 26.099868239847599 ], [ 91.793587568381497, 26.0998165900488 ], [ 91.793587568381497, 26.0997609671631 ], [ 91.7935632348171, 26.0996277899749 ], [ 91.793525009705107, 26.099484123721101 ], [ 91.793457053950505, 26.099359686989299 ], [ 91.793348661431693, 26.099250426894201 ], [ 91.793291146795696, 26.099214669154701 ], [ 91.793238056362398, 26.099178912210999 ], [ 91.7931694816685, 26.0991530867589 ], [ 91.793094270221303, 26.099143154449699 ], [ 91.793001361963107, 26.099133221332899 ], [ 91.792848726518201, 26.099133221332899 ], [ 91.792791211882204, 26.099141167503799 ], [ 91.792758030810504, 26.0991391813644 ], [ 91.792722637188305, 26.0991371944184 ], [ 91.792658485798896, 26.099121302075702 ], [ 91.792607607916196, 26.099089517383899 ], [ 91.7925611533379, 26.099039854188899 ], [ 91.792501427049601, 26.098984230933802 ], [ 91.792410731341903, 26.098910728331301 ], [ 91.792384186125204, 26.098880930532601 ], [ 91.792373125169107, 26.098847158824501 ], [ 91.792375337719704, 26.098795508574799 ], [ 91.792386397777406, 26.098753791452101 ], [ 91.792399670385805, 26.098723992806701 ], [ 91.792435064008004, 26.098700154207702 ], [ 91.792490366093503, 26.098672342502599 ], [ 91.792563365888498, 26.098652476994999 ], [ 91.792592122757299, 26.098632611484 ], [ 91.792660698349493, 26.0985610956164 ], [ 91.792671758407295, 26.098517391453498 ], [ 91.792658485798896, 26.0984597817991 ], [ 91.792629728930095, 26.098400185157701 ], [ 91.792603183713396, 26.098368400269901 ], [ 91.7925523049324, 26.098310790542001 ], [ 91.792417367196904, 26.0982134488181 ], [ 91.792355428358107, 26.0981856369973 ], [ 91.792304550475293, 26.098171731487799 ], [ 91.792264732650295, 26.098155839013899 ], [ 91.792213853869299, 26.098124054059699 ], [ 91.792171824392099, 26.098078362769499 ], [ 91.7921497033782, 26.097998900315101 ], [ 91.792103248799904, 26.097877720371599 ], [ 91.792074491931103, 26.097780378287201 ], [ 91.792058084202395, 26.097700605040199 ], [ 91.792043615936393, 26.097629440336299 ], [ 91.792032707693906, 26.097575576692201 ], [ 91.7919966762679, 26.097452136660898 ], [ 91.791988714499496, 26.097431246399498 ], [ 91.791979372020606, 26.097411870365999 ], [ 91.791967521445301, 26.097394643457701 ], [ 91.791953216672795, 26.097380485347699 ], [ 91.791931645427795, 26.097362603369898 ], [ 91.791907398101699, 26.097345711247399 ], [ 91.791880932835099, 26.097331414373802 ], [ 91.791851069241801, 26.097317507955999 ], [ 91.791805721387902, 26.097298636110299 ], [ 91.791758655955206, 26.097274001784299 ], [ 91.791712831994303, 26.0972478846817 ], [ 91.791594465480898, 26.097168515244 ], [ 91.791568858105407, 26.097145517748899 ], [ 91.791558558920698, 26.0971300188207 ], [ 91.791552322815903, 26.097111653572298 ], [ 91.791543587598099, 26.097067199413701 ], [ 91.791543587598099, 26.097023494692699 ], [ 91.791545800148697, 26.096992703325402 ], [ 91.791549165237697, 26.096967195243302 ], [ 91.791556860206398, 26.096932112041401 ], [ 91.791565708611998, 26.096892380431601 ], [ 91.791566075124607, 26.096871300487699 ], [ 91.791559185944706, 26.0968510522824 ], [ 91.791546687684203, 26.096839894349301 ], [ 91.791411370859706, 26.096789775201099 ], [ 91.791388435972095, 26.0967629988886 ], [ 91.791375959271207, 26.096707579461299 ], [ 91.791374491423994, 26.096692639542201 ], [ 91.791376937536498, 26.096676382223201 ], [ 91.791380362812703, 26.0966667151195 ], [ 91.791388190732107, 26.096657487685398 ], [ 91.7913979769788, 26.096652214865699 ], [ 91.791410209337997, 26.096647381716298 ], [ 91.791422930380804, 26.096640351020401 ], [ 91.791431247881903, 26.096632002118799 ], [ 91.7914366305871, 26.096624092887399 ], [ 91.791438098434298, 26.096613108380598 ], [ 91.791435162740001, 26.0966034412717 ], [ 91.791429291351307, 26.096595092367501 ], [ 91.791412165868707, 26.096584986392902 ], [ 91.791391616008298, 26.0965775160224 ], [ 91.7913661730245, 26.096572682869901 ], [ 91.791338283928198, 26.096570046458201 ], [ 91.791240530157197, 26.0965745278741 ], [ 91.790921987557496, 26.096604326260302 ], [ 91.7895128794231, 26.096592406745401 ], [ 91.7895084552203, 26.0966301522752 ], [ 91.789501819365299, 26.0967076286721 ], [ 91.789495182611901, 26.096765239189502 ], [ 91.789477485800802, 26.096824836663899 ], [ 91.789448728932001, 26.096888407269802 ], [ 91.789422183715303, 26.096924165720502 ], [ 91.789389001745405, 26.096963897319501 ], [ 91.789360244876505, 26.096999655746998 ], [ 91.789318214500994, 26.097043360476999 ], [ 91.789265124067697, 26.097085079016399 ], [ 91.789238578850998, 26.097112891098899 ], [ 91.789196549373798, 26.0971367300215 ], [ 91.7891434589406, 26.097156595786501 ], [ 91.789097004362205, 26.097180434700199 ], [ 91.789057186537306, 26.097194340327501 ], [ 91.788981975090095, 26.0972400319631 ], [ 91.788882430976898, 26.0973334005438 ], [ 91.788869158368499, 26.097357239421399 ], [ 91.788849249006901, 26.097394984704401 ], [ 91.788813855384703, 26.097400944017799 ], [ 91.788765189154205, 26.097412863450302 ], [ 91.788725371329207, 26.097428756025099 ], [ 91.788694401909794, 26.097458555000401 ], [ 91.788663432490395, 26.0974784207109 ], [ 91.788639099824294, 26.0975141789811 ], [ 91.788570525130396, 26.097549936433701 ], [ 91.788448859105003, 26.0976154936175 ], [ 91.788322769775107, 26.097663171252901 ], [ 91.788232073168999, 26.097683036928601 ], [ 91.788152437519102, 26.0977128350324 ], [ 91.787995378769807, 26.097836002114899 ], [ 91.787929015728196, 26.0979055322656 ], [ 91.787915792527201, 26.0979250138985 ], [ 91.787911095236495, 26.097937949752499 ], [ 91.787906894714297, 26.098010819686699 ], [ 91.787906894714297, 26.098036645391101 ], [ 91.787895833758199, 26.098064457247201 ], [ 91.787867076889299, 26.098108161579301 ], [ 91.787767531877705, 26.0981896101149 ], [ 91.787338385107006, 26.0985074590903 ], [ 91.787424656611904, 26.0986206921757 ], [ 91.7874711111902, 26.0986763156038 ], [ 91.7874843837985, 26.098694194960501 ], [ 91.7875175648701, 26.098710087361301 ], [ 91.787612685678994, 26.098708100407901 ], [ 91.788148013316302, 26.098678302557602 ], [ 91.789700907591794, 26.098700154207702 ], [ 91.789997329177694, 26.098706114261301 ], [ 91.790083601580903, 26.098725979759799 ], [ 91.790152176274802, 26.098757764550498 ], [ 91.790242872880796, 26.098795508574799 ], [ 91.791127712537303, 26.0992106968786 ], [ 91.791194075579, 26.099258373057001 ], [ 91.791222833346197, 26.099298103863099 ], [ 91.791244954359996, 26.099371606222199 ], [ 91.791308603591105, 26.099721026768599 ], [ 91.791312288480398, 26.099856709500902 ], [ 91.791306803367306, 26.099960882709599 ], [ 91.791271466338998, 26.100162130600499 ], [ 91.791162786359294, 26.1006231108523 ], [ 91.791119581885695, 26.1010789997889 ], [ 91.791211392402701, 26.101840427896899 ], [ 91.791373256240504, 26.1027168879681 ], [ 91.7914838613098, 26.1032115205109 ], [ 91.791519254033702, 26.103386330047702 ], [ 91.791532526642001, 26.103781636610499 ], [ 91.791543587598099, 26.103996174505099 ], [ 91.791576768669799, 26.1042325634291 ], [ 91.791656404319696, 26.104619548647101 ], [ 91.791656404319696, 26.105541381038101 ], [ 91.791717104381803, 26.106236243640101 ], [ 91.791785060136405, 26.1067307822426 ], [ 91.791789307371005, 26.106809603111898 ], [ 91.791773734177298, 26.106843927505899 ], [ 91.791744003534603, 26.106864268360798 ], [ 91.791687373739094, 26.106889694424499 ], [ 91.791626496709, 26.106904950059999 ], [ 91.791558540954298, 26.106908763968601 ], [ 91.791450945241195, 26.106911306574201 ], [ 91.791357506078597, 26.1069125778771 ], [ 91.791248493722193, 26.1069100352715 ], [ 91.791146560090297, 26.106908763968601 ], [ 91.790999322622, 26.106879523999702 ], [ 91.790846422174099, 26.106837571794699 ], [ 91.790731746838205, 26.106809603111898 ], [ 91.7906496336347, 26.106781634422401 ], [ 91.790581677880098, 26.106761293553099 ], [ 91.790540621278296, 26.106735867461499 ], [ 91.790451429350398, 26.106698999618899 ], [ 91.790382057850906, 26.106674844819199 ], [ 91.790207921229694, 26.1066468760974 ], [ 91.790004053965902, 26.106593481246499 ], [ 91.789953087149897, 26.106588396021301 ], [ 91.789899288844197, 26.106608736920698 ], [ 91.789862479477094, 26.106623992592901 ], [ 91.789756298610499, 26.106672302208398 ], [ 91.789589241612106, 26.1067231544137 ], [ 91.789422183715303, 26.106776549205399 ], [ 91.789238136879902, 26.106823587454102 ], [ 91.789001707483706, 26.1068833379091 ], [ 91.788810581923798, 26.106921476996298 ], [ 91.788756783618098, 26.106934190022599 ], [ 91.788710064036806, 26.106954530861799 ], [ 91.788439656763202, 26.107025723771201 ], [ 91.788005023082604, 26.1071363269551 ], [ 91.7875831320044, 26.107216418850498 ], [ 91.787190970670494, 26.107282526405399 ], [ 91.786888001264501, 26.107310494975099 ], [ 91.786803056571301, 26.107316851467299 ], [ 91.786747842520597, 26.107320665362401 ], [ 91.786667145061998, 26.107302867184 ], [ 91.7865694586648, 26.1072965106911 ], [ 91.786417973961804, 26.107339734836199 ], [ 91.786310377350304, 26.107384230263101 ], [ 91.786207027973504, 26.107435082158698 ], [ 91.786123499025194, 26.107456694207698 ], [ 91.7860668692296, 26.107454151613901 ], [ 91.786004576454602, 26.1074299969702 ], [ 91.785960688363005, 26.107404571023999 ], [ 91.7859097215471, 26.107398214536602 ], [ 91.785877159414696, 26.107418555295101 ], [ 91.785861586220904, 26.107446523832198 ], [ 91.785843181537302, 26.1074948331079 ], [ 91.785810620303295, 26.107539328475699 ], [ 91.785775226681096, 26.1076028932574 ], [ 91.785720012630406, 26.107684256127701 ], [ 91.785673293049101, 26.107723666247601 ], [ 91.785635067937207, 26.107702054248001 ], [ 91.785517561111504, 26.107653745057998 ], [ 91.785390144071599, 26.107613063619301 ], [ 91.785306615123204, 26.1075978080762 ], [ 91.785131062757102, 26.107588909008399 ], [ 91.784985241033695, 26.1075863664175 ], [ 91.784863486973293, 26.107593994190101 ], [ 91.784692181841905, 26.1076016219621 ], [ 91.7845874167202, 26.107582552530999 ], [ 91.7845336184145, 26.107552041434801 ], [ 91.784467078404703, 26.107492290514902 ], [ 91.784374545642294, 26.107440573904 ], [ 91.784255849447206, 26.1073307341095 ], [ 91.784010303049101, 26.107103731325498 ], [ 91.78387529794, 26.107000399376702 ], [ 91.783819120895402, 26.1069654135643 ], [ 91.783754788944606, 26.106953208739601 ], [ 91.783682302985994, 26.106974363499301 ], [ 91.783632468945697, 26.107004468187899 ], [ 91.783602568521403, 26.107032945021999 ], [ 91.783579010203098, 26.107056540730099 ], [ 91.783538237468903, 26.107071185699901 ], [ 91.783509242546501, 26.107073626662501 ], [ 91.783481154024201, 26.107071185699901 ], [ 91.783426789779895, 26.107059794809501 ], [ 91.783318966792905, 26.1070117902729 ], [ 91.783169463773504, 26.106941817837701 ], [ 91.783090635709002, 26.106909272973699 ], [ 91.783020867154093, 26.106888932126701 ], [ 91.782745420331807, 26.106856386441301 ], [ 91.782594105410396, 26.1068327914994 ], [ 91.782390238146505, 26.106807568703001 ], [ 91.782356713918503, 26.106797804830201 ], [ 91.782332249199996, 26.106788041763199 ], [ 91.782296912171702, 26.106773395951301 ], [ 91.7822688245477, 26.106762818957101 ], [ 91.782232581119302, 26.1067620050319 ], [ 91.782193620287103, 26.1067693279388 ], [ 91.782126570034293, 26.106763632075701 ], [ 91.782087609202094, 26.106757937019001 ], [ 91.782061332581705, 26.106746546098002 ], [ 91.782046835569702, 26.106735155176001 ], [ 91.782018747047402, 26.106708305313902 ], [ 91.781959796005097, 26.106659589153601 ], [ 91.781772917679902, 26.106546442905199 ], [ 91.781611522762802, 26.106476521011501 ], [ 91.781433138906905, 26.106426940007101 ], [ 91.781230687387904, 26.106384986833 ], [ 91.781106101837807, 26.106354475424201 ], [ 91.781040977572999, 26.106337948407798 ], [ 91.7809829320326, 26.106334134480601 ], [ 91.780864009461993, 26.106336677098799 ], [ 91.780742255401705, 26.106354475424201 ], [ 91.7806105911271, 26.106383715524501 ], [ 91.780446364720106, 26.106402785151101 ], [ 91.780160385151106, 26.1064472809345 ], [ 91.7800329681112, 26.106477792319101 ], [ 91.779744156154095, 26.106542628984801 ], [ 91.779581345492005, 26.1065667838118 ], [ 91.779473748880505, 26.106578225570299 ], [ 91.779366152269006, 26.106599837777601 ], [ 91.779320848432704, 26.106601109083801 ], [ 91.7792613871474, 26.1065858534086 ], [ 91.779234487994501, 26.106571869038 ], [ 91.779197678627398, 26.106552799438902 ], [ 91.779125475638097, 26.106524830687999 ], [ 91.778986732639098, 26.1065070323885 ], [ 91.778881967517407, 26.106510846310002 ], [ 91.778754550477501, 26.1065121176172 ], [ 91.778597402795, 26.106501947159501 ], [ 91.778419018939104, 26.106503218466798 ], [ 91.778328298078605, 26.106499201264899 ], [ 91.778302927858306, 26.106486996391599 ], [ 91.778276652136299, 26.106473978396401 ], [ 91.778254906618201, 26.1064674693983 ], [ 91.778213736828704, 26.106465079243101 ], [ 91.777980138922203, 26.1064599940124 ], [ 91.777767777189098, 26.106446009626598 ], [ 91.777667259302007, 26.106411684309101 ], [ 91.777555415455893, 26.106401513842801 ], [ 91.777283592437499, 26.106383715524501 ], [ 91.777076893683798, 26.106355746733101 ], [ 91.776973544306998, 26.106354475424201 ], [ 91.7768532059916, 26.106353204115401 ], [ 91.7766918110744, 26.106349390188701 ], [ 91.776509179983805, 26.106322692698299 ], [ 91.776305313618295, 26.106293452582801 ], [ 91.776153828915298, 26.106269297699299 ], [ 91.776051895283402, 26.106257855910599 ], [ 91.775911736539499, 26.106243871500698 ], [ 91.7756611496944, 26.1062324297096 ], [ 91.775441709236802, 26.1062235305379 ], [ 91.775308629217307, 26.106208274813401 ], [ 91.775233594738296, 26.106186662533698 ], [ 91.775147234300107, 26.106154879762201 ], [ 91.774980176403403, 26.106086228946101 ], [ 91.7748131185066, 26.106034105151501 ], [ 91.774661633803603, 26.105975624768899 ], [ 91.774483250846103, 26.105890446767901 ], [ 91.774300619755607, 26.105773485829701 ], [ 91.774096752491701, 26.105704834789801 ], [ 91.773962256727401, 26.1056654239894 ], [ 91.773850412881302, 26.105651439508598 ], [ 91.773596994546295, 26.1056450829259 ], [ 91.773601241780995, 26.1055154085631 ], [ 91.773574342628095, 26.105470912425002 ], [ 91.773572926883205, 26.1053870053758 ], [ 91.773005213183197, 26.1053870053758 ], [ 91.772842402521107, 26.105388276695201 ], [ 91.772873460873797, 26.1060720057414 ], [ 91.7721523158216, 26.106087897139499 ], [ 91.772083741127702, 26.106073992569598 ], [ 91.772017378086105, 26.106040222938699 ], [ 91.771946590841694, 26.106012412979201 ], [ 91.771831561569599, 26.105958779870601 ], [ 91.771420110711603, 26.105766096713399 ], [ 91.770997599795805, 26.105567453534899 ], [ 91.770825055887599, 26.1054860093309 ], [ 91.770723299223803, 26.105416484493698 ], [ 91.770491029027298, 26.1052575695028 ], [ 91.770061881358203, 26.1049695359346 ], [ 91.769853943827798, 26.104830484797901 ], [ 91.769400463492602, 26.104413330395602 ], [ 91.769048738922905, 26.104115362054301 ], [ 91.768473593460499, 26.1035889498656 ], [ 91.768316533812893, 26.103437978269898 ], [ 91.768150626657999, 26.103243304082401 ], [ 91.767982506952606, 26.103056575475701 ], [ 91.7677635093644, 26.102774495525502 ], [ 91.767363118564205, 26.102192455571501 ], [ 91.767042364312204, 26.101848792560599 ], [ 91.766914062431795, 26.1017057647149 ], [ 91.766785760551301, 26.101622331724101 ], [ 91.766389794852202, 26.101429641421301 ], [ 91.766248220363394, 26.101403816466199 ], [ 91.766122130135201, 26.101409776381999 ], [ 91.765889859938696, 26.101431627521599 ], [ 91.765628831974993, 26.101461425477201 ], [ 91.765491681688999, 26.101499168628902 ], [ 91.765418682792401, 26.101538898673802 ], [ 91.765266047347495, 26.101640210630499 ], [ 91.765131109612, 26.101743508594499 ], [ 91.765073594976002, 26.101801116631499 ], [ 91.765002807731605, 26.101900441462 ], [ 91.764945293095494, 26.102017644250001 ], [ 91.764874505851097, 26.102162658609 ], [ 91.764516145426398, 26.102758603677099 ], [ 91.763579148686105, 26.102309503181299 ], [ 91.763566186894906, 26.1023770131271 ], [ 91.763573963610298, 26.102435210546101 ], [ 91.763599887192797, 26.102474785387599 ], [ 91.763641363307798, 26.102514359409 ], [ 91.763703578827702, 26.1025446225512 ], [ 91.7637969021077, 26.1025655740149 ], [ 91.763859117627604, 26.102607476124199 ], [ 91.763895409565094, 26.102661018000099 ], [ 91.763955032547102, 26.102737839400898 ], [ 91.763975771053794, 26.102798364755198 ], [ 91.763952440009206, 26.102893808550402 ], [ 91.763903186280501, 26.103003220126499 ], [ 91.763809863898899, 26.103133582961998 ], [ 91.763776163600994, 26.1032546332296 ], [ 91.763750240916906, 26.1033966346866 ], [ 91.763724317334393, 26.1035363086778 ], [ 91.7637295024102, 26.103689949471999 ], [ 91.763682840321096, 26.104136902922001 ], [ 91.763641363307798, 26.104472117291699 ], [ 91.7635298949575, 26.104791034982199 ], [ 91.763475456152904, 26.105000543004699 ], [ 91.763374356157598, 26.105531294390101 ], [ 91.763330287504701, 26.105738473030002 ], [ 91.763361394366299, 26.1063274165477 ], [ 91.763293994668899, 26.1071468119559 ], [ 91.763241422563496, 26.1077644267003 ], [ 91.763253035983496, 26.1078106111074 ], [ 91.763274604533507, 26.1078523249992 ], [ 91.763297831373507, 26.1078821213185 ], [ 91.763334330821806, 26.1079148966157 ], [ 91.763354240183403, 26.107947671903698 ], [ 91.763365853603403, 26.108005773784601 ], [ 91.763294512996794, 26.108346935818201 ], [ 91.763204923115197, 26.1086642602883 ], [ 91.762925887523295, 26.109857234615401 ], [ 91.762915679966795, 26.110058876862102 ], [ 91.762934636215903, 26.110119108035502 ], [ 91.763041082983804, 26.110155769912598 ], [ 91.763108159287796, 26.110268375445099 ], [ 91.763162111205403, 26.110454305254098 ], [ 91.763122740741494, 26.110730579856799 ], [ 91.762995879758705, 26.1114991709291 ], [ 91.762964802541504, 26.111974872642701 ], [ 91.762891893476393, 26.112291979155401 ], [ 91.762796201339, 26.112623405625499 ], [ 91.762700509201693, 26.1129180056056 ], [ 91.762648105979594, 26.113063259724399 ], [ 91.762588867476495, 26.113093947645702 ], [ 91.762546062753202, 26.113116677432402 ], [ 91.762490068964894, 26.113267512310699 ], [ 91.762399761329405, 26.1138263528868 ], [ 91.762351914362398, 26.113934780646801 ], [ 91.762313181702297, 26.113994109640501 ], [ 91.762290397731803, 26.114053437797399 ], [ 91.762269892787103, 26.114106629200801 ], [ 91.762328063193294, 26.114504051556999 ], [ 91.762355875034501, 26.114788746468101 ], [ 91.762339187929797, 26.114898627651598 ], [ 91.762339187929797, 26.115013504057199 ], [ 91.762383687774005, 26.115118391322 ], [ 91.762483812198994, 26.115288207907302 ], [ 91.762678499578897, 26.1157976569895 ], [ 91.762984436120306, 26.117460843396401 ], [ 91.763078998176994, 26.117545750018099 ], [ 91.763140185125906, 26.1175956957252 ], [ 91.763251435185694, 26.1176256621712 ], [ 91.763384934718403, 26.117735541494099 ], [ 91.763490621511593, 26.1179453102372 ], [ 91.763818808424205, 26.118844316944902 ], [ 91.763974557429805, 26.119293816898701 ], [ 91.764113620229097, 26.1196184547237 ], [ 91.764302744342501, 26.1196284441735 ], [ 91.764580868144293, 26.1196683995448 ], [ 91.764870117580998, 26.1196284441735 ], [ 91.766004864058004, 26.119418677645299 ], [ 91.766661236984902, 26.119298811234302 ], [ 91.767033923741806, 26.1192288889028 ], [ 91.767256422962902, 26.119183939040902 ], [ 91.767517859660103, 26.119163961677501 ], [ 91.767823796201498, 26.119153972187899 ], [ 91.768168670218799, 26.1192238945642 ], [ 91.768507981867899, 26.1193187893813 ], [ 91.768709343730393, 26.119366935660999 ], [ 91.768930062490696, 26.119472418305801 ], [ 91.7691151819146, 26.119661007273901 ], [ 91.769271822049006, 26.119919917958601 ], [ 91.769346581643504, 26.1200733460626 ], [ 91.769414221191198, 26.120261934867401 ], [ 91.769442701379006, 26.120322666503501 ], [ 91.769460501496297, 26.120354630934301 ], [ 91.770158258910101, 26.120325862946999 ], [ 91.770293538903701, 26.1208820379413 ], [ 91.770325579114896, 26.1211633200598 ], [ 91.770368298498298, 26.121249622575601 ], [ 91.770492898421395, 26.121259211829699 ], [ 91.770624617493198, 26.1212528189937 ], [ 91.770713617181698, 26.121249622575601 ], [ 91.770841777128297, 26.121930451208399 ], [ 91.770980617145398, 26.122684791805501 ], [ 91.771080296005906, 26.123582962759301 ], [ 91.7712440561873, 26.124663315042799 ], [ 91.771304575687907, 26.125030887780799 ], [ 91.770660217727894, 26.1251139911273 ], [ 91.769912619985504, 26.125203487035002 ], [ 91.770015859767895, 26.125660554437399 ], [ 91.770200979191799, 26.126660981589399 ], [ 91.7702401385516, 26.126961427367899 ], [ 91.770240542793502, 26.1269809412589 ], [ 91.770286271532996, 26.1269809412589 ], [ 91.770359996268397, 26.126979266105 ], [ 91.770480383092902, 26.126979266105 ], [ 91.7706241000636, 26.126982617219301 ], [ 91.770736087640202, 26.1269926713682 ], [ 91.770866740411705, 26.127016132389599 ], [ 91.7709516644437, 26.1270454576517 ], [ 91.771020723329499, 26.127094891993899 ] ] ] ] } },
{ "type": "Feature", "properties": { "ward_number": 46, "ward_lgd_name": "Guwahati (M Corp.) - Ward No.46" }, "geometry": { "type": "MultiPolygon", "coordinates": [ [ [ [ 91.805424008618701, 26.133531377086701 ], [ 91.807985766653701, 26.1313819400686 ], [ 91.810232430721399, 26.129646121819398 ], [ 91.810331248995894, 26.129575010436 ], [ 91.811598116989998, 26.128663349019298 ], [ 91.815251983865394, 26.125685887693301 ], [ 91.820088807104199, 26.121856927543401 ], [ 91.821350395699298, 26.120851431915298 ], [ 91.822145783814804, 26.120311812468 ], [ 91.8222630247392, 26.1202383232737 ], [ 91.822329387780798, 26.120200586171698 ], [ 91.822382478214095, 26.1201787377335 ], [ 91.822488659080705, 26.1201489453553 ], [ 91.822605287353994, 26.1201374549176 ], [ 91.823793426996602, 26.1199580382739 ], [ 91.824441503083605, 26.1197989276958 ], [ 91.821891606403497, 26.119312271419499 ], [ 91.821843325550205, 26.119303057064698 ], [ 91.819201198840005, 26.118798796681499 ], [ 91.818256087617797, 26.118639684525 ], [ 91.817285660972502, 26.118472994291299 ], [ 91.816829982459794, 26.118397226951199 ], [ 91.816526196485199, 26.1183290350126 ], [ 91.816163340890796, 26.118192652629102 ], [ 91.815952378732902, 26.118094153873201 ], [ 91.815479823570897, 26.1179123102945 ], [ 91.814981952087606, 26.117609235959002 ], [ 91.814382818912307, 26.117253123336301 ], [ 91.813235184305896, 26.116465124629599 ], [ 91.812703559524095, 26.116116585727902 ], [ 91.812247880113105, 26.115858968473098 ], [ 91.811876586643194, 26.115722583207098 ], [ 91.811387153933694, 26.115578620540401 ], [ 91.808340858109105, 26.114676955127301 ], [ 91.803817826280493, 26.113358540996298 ], [ 91.802298897306002, 26.1129190663145 ], [ 91.801446609002099, 26.1126841743027 ], [ 91.800889668797296, 26.112585670904298 ], [ 91.799341289454404, 26.1124054497533 ], [ 91.799349583599394, 26.112964955881299 ], [ 91.799387871593495, 26.113712862696101 ], [ 91.799407665072394, 26.113915955846799 ], [ 91.799479304817993, 26.114364280969301 ], [ 91.799487186636298, 26.114493755156602 ], [ 91.799499215976297, 26.114617751504898 ], [ 91.799494279733807, 26.115145215860899 ], [ 91.799460863303594, 26.115229774904101 ], [ 91.799409219157894, 26.1152816018006 ], [ 91.799284667743706, 26.115344339634301 ], [ 91.799229986394096, 26.1153716166273 ], [ 91.799187455657005, 26.1154152604479 ], [ 91.799154039226707, 26.1154534483743 ], [ 91.799138850511895, 26.115480725341801 ], [ 91.799117585592498, 26.115532552126901 ], [ 91.799109930149598, 26.1155790327152 ], [ 91.799125483580497, 26.1155999810365 ], [ 91.799150758579302, 26.115606964615999 ], [ 91.799189643054703, 26.115610455599001 ], [ 91.799214918053494, 26.115629659229999 ], [ 91.799218806860395, 26.1156610821001 ], [ 91.799216862007796, 26.115722183131801 ], [ 91.799228002913907, 26.115751781440601 ], [ 91.799247703866399, 26.115774403432201 ], [ 91.799284910288904, 26.115804232416199 ], [ 91.799364624092206, 26.115888027937 ], [ 91.799405452521896, 26.1159369080247 ], [ 91.799419061998407, 26.1159735688836 ], [ 91.799387954238497, 26.116121956075201 ], [ 91.799384066329907, 26.116149887846198 ], [ 91.799383094352805, 26.116167345098901 ], [ 91.799389057369694, 26.116189361253301 ], [ 91.799403508567593, 26.116210987815801 ], [ 91.799438504236207, 26.116242411336199 ], [ 91.799461835280695, 26.116275580329699 ], [ 91.799475444757306, 26.1163139857569 ], [ 91.799483594273497, 26.116581611077301 ], [ 91.799444012705493, 26.117350570198202 ], [ 91.798260909018396, 26.117229180431501 ], [ 91.798358121105196, 26.1179411022671 ], [ 91.798449256987396, 26.118663929609401 ], [ 91.798510013643295, 26.119165815197501 ], [ 91.798534316664998, 26.1197331619484 ], [ 91.798540391971301, 26.1202514082946 ], [ 91.798458370395906, 26.120783290609602 ], [ 91.798452294191407, 26.120996042212401 ], [ 91.798458370395906, 26.1211242395174 ], [ 91.798476597213096, 26.1212360698586 ], [ 91.798493256469996, 26.121307078238399 ], [ 91.798507711261294, 26.121353401669602 ], [ 91.7985258437553, 26.121398018392501 ], [ 91.798551025329303, 26.121446094450999 ], [ 91.798579884606099, 26.121492462994599 ], [ 91.798655830875205, 26.121615204164701 ], [ 91.798871519069806, 26.121994336434 ], [ 91.7989596168498, 26.122147079465201 ], [ 91.799014298199396, 26.122272547727501 ], [ 91.799047714629694, 26.122373467473199 ], [ 91.799053789935897, 26.122444384020898 ], [ 91.799056828038204, 26.122520755267299 ], [ 91.799047714629694, 26.122616220061602 ], [ 91.799020373505698, 26.122714411740901 ], [ 91.7987894965962, 26.123396297291698 ], [ 91.798759118268194, 26.123461757714502 ], [ 91.7994912416315, 26.123434482610001 ], [ 91.801380789441197, 26.1232380995725 ], [ 91.801423319280005, 26.123655412628398 ], [ 91.801435470790906, 26.124020900389599 ], [ 91.801395978155995, 26.124255467161198 ], [ 91.801269109088395, 26.124916905190599 ], [ 91.801221569345302, 26.1251504692491 ], [ 91.801188310120196, 26.125290172091301 ], [ 91.801178589450501, 26.125346031243499 ], [ 91.801178589450501, 26.125403635714299 ], [ 91.801196087733899, 26.125607869957999 ], [ 91.801217473925902, 26.126096633289201 ], [ 91.801199975642504, 26.127632734800699 ], [ 91.801285522206996, 26.128372849542501 ], [ 91.801305752267197, 26.1286261727465 ], [ 91.801545715635797, 26.1286146057172 ], [ 91.801874544843798, 26.128624475840301 ], [ 91.802115681412204, 26.128627027651799 ], [ 91.802811359226098, 26.1286008715823 ], [ 91.802833010421097, 26.128888560602402 ], [ 91.802837788560097, 26.128919661334599 ], [ 91.802845717989101, 26.128934116453902 ], [ 91.802852078959603, 26.128940266916 ], [ 91.802862353889793, 26.128945977021999 ], [ 91.802878500208806, 26.128949491801801 ], [ 91.802907857152206, 26.128952127483402 ], [ 91.802932320972303, 26.128952127483402 ], [ 91.802947978607804, 26.128948173961099 ], [ 91.802960210068704, 26.1289407056586 ], [ 91.802968528468199, 26.128930162930999 ], [ 91.802975378122198, 26.128919620202399 ], [ 91.802980271245602, 26.1289103953142 ], [ 91.802987610481495, 26.128902927815801 ], [ 91.803001310687904, 26.1288967781583 ], [ 91.803020881384597, 26.128891506792701 ], [ 91.803033847667393, 26.128889530030499 ], [ 91.803549733067101, 26.128813487972302 ], [ 91.803563063167601, 26.1289772422673 ], [ 91.803567746085207, 26.129003056291399 ], [ 91.803573098247696, 26.129022274658201 ], [ 91.803587022134593, 26.1290451626489 ], [ 91.803601170600302, 26.129067657864098 ], [ 91.803616885727905, 26.1290982270577 ], [ 91.803627462492003, 26.129126154920201 ], [ 91.803633176675604, 26.129159136371999 ], [ 91.803635687466794, 26.1291949930241 ], [ 91.803628706658699, 26.129462414635299 ], [ 91.803585733950499, 26.129799035503702 ], [ 91.803576445370396, 26.129889161735299 ], [ 91.803580178768797, 26.129941666852599 ], [ 91.803602576463703, 26.130032155094799 ], [ 91.803622148957203, 26.130088693475599 ], [ 91.803635459294696, 26.1301139652834 ], [ 91.803655477352507, 26.130138180565599 ], [ 91.803683772487304, 26.130165397649701 ], [ 91.803704350195503, 26.130179750995399 ], [ 91.8037314487744, 26.1301931776669 ], [ 91.803779267893603, 26.130210895741499 ], [ 91.803813722776297, 26.130221413351801 ], [ 91.803847142799796, 26.130229512258001 ], [ 91.803881300340194, 26.1302349142168 ], [ 91.803921118165107, 26.130239941151299 ], [ 91.8040226259956, 26.130247448082901 ], [ 91.804017911637004, 26.1303084882578 ], [ 91.804029508887297, 26.130449365649799 ], [ 91.804051770936695, 26.130558323986101 ], [ 91.804075412798397, 26.130740415640499 ], [ 91.8039223632301, 26.130905750390799 ], [ 91.803949737591793, 26.130957138050999 ], [ 91.803963829463598, 26.130992324757798 ], [ 91.803969110659196, 26.131025100025699 ], [ 91.803972168524396, 26.1310456907187 ], [ 91.803972168524396, 26.1310628497612 ], [ 91.803967581726596, 26.131086186571 ], [ 91.803957643664603, 26.131109522569801 ], [ 91.803943117906499, 26.1311294269189 ], [ 91.803856414311895, 26.131207374027099 ], [ 91.803832772450207, 26.1312431219799 ], [ 91.803832772450207, 26.131274401933702 ], [ 91.803833992362399, 26.1312897293903 ], [ 91.803836851699899, 26.131310626505101 ], [ 91.803841438497798, 26.131325726525102 ], [ 91.803850815112696, 26.1313397530975 ], [ 91.803934767167604, 26.131424260902602 ], [ 91.804071679399996, 26.1315603842793 ], [ 91.804112741391705, 26.131609537663799 ], [ 91.804126429021693, 26.131641934512999 ], [ 91.804130162419995, 26.1316598088275 ], [ 91.804136536865201, 26.131709402515401 ], [ 91.804136536865201, 26.1317286204368 ], [ 91.804129656668493, 26.131753328957899 ], [ 91.804119718606501, 26.1317780382801 ], [ 91.804109779646197, 26.131806179222298 ], [ 91.8040914315565, 26.131830201402099 ], [ 91.804077670264704, 26.1318466740045 ], [ 91.804054735377207, 26.131867264552699 ], [ 91.804029507090704, 26.131880991851599 ], [ 91.8040119234673, 26.131893346499901 ], [ 91.804008864703803, 26.131908446444601 ], [ 91.804008242171307, 26.1320527680415 ], [ 91.803689677113695, 26.132045213643 ], [ 91.803681833024598, 26.132077608758401 ], [ 91.803680923929505, 26.1320951354088 ], [ 91.803683456280297, 26.132117267922499 ], [ 91.803696657023394, 26.1321476475994 ], [ 91.803710980660597, 26.1321636644902 ], [ 91.803740031278593, 26.1321894390986 ], [ 91.804089099530003, 26.132417212547601 ], [ 91.804101706486705, 26.1324267831423 ], [ 91.8041129596823, 26.132438203819699 ], [ 91.804120788500001, 26.132452260098599 ], [ 91.804128617317701, 26.132473784452799 ], [ 91.804132041695595, 26.132500580006099 ], [ 91.804132041695595, 26.132525618217201 ], [ 91.804128617317701, 26.132551974222999 ], [ 91.804122256347199, 26.1325699838881 ], [ 91.804105620446407, 26.1325919469495 ], [ 91.804091588761693, 26.132602653063401 ], [ 91.804013197278394, 26.132650688219002 ], [ 91.804000914613496, 26.132665743709001 ], [ 91.803996511072, 26.132678043433199 ], [ 91.803993085795796, 26.132692978753202 ], [ 91.803991617948697, 26.132700446009299 ], [ 91.803992666282596, 26.132712688469301 ], [ 91.804015685611802, 26.132822722964999 ], [ 91.804022442739296, 26.132846721547601 ], [ 91.804029292393395, 26.132863852905 ], [ 91.804039078640102, 26.1328801059977 ], [ 91.804141360818306, 26.133003694108499 ], [ 91.804159930791897, 26.133021548858999 ], [ 91.804182438081298, 26.133039119724501 ], [ 91.804267083635594, 26.1330909532379 ], [ 91.804277358565798, 26.133097980934998 ], [ 91.804290504511698, 26.133109899953499 ], [ 91.804315563914898, 26.133144449696601 ], [ 91.804358090160406, 26.1332161436066 ], [ 91.804361025854703, 26.1332301997919 ], [ 91.804361025854703, 26.133240302598399 ], [ 91.804359558007604, 26.133254359587202 ], [ 91.804355644047902, 26.133264901924498 ], [ 91.804350262241002, 26.133274126468802 ], [ 91.804341455157996, 26.133284668804301 ], [ 91.804327265369693, 26.133298724981302 ], [ 91.804273256858195, 26.133335474750901 ], [ 91.804018173945096, 26.133498571069399 ], [ 91.803955959323403, 26.133536553078301 ], [ 91.803903698035199, 26.133574534268199 ], [ 91.803863880210201, 26.1336058127911 ], [ 91.803847704246905, 26.1336348573567 ], [ 91.803827795783505, 26.1336795419721 ], [ 91.803822818218606, 26.133723108790299 ], [ 91.803796688023596, 26.133811359350702 ], [ 91.803787977958606, 26.133852692175001 ], [ 91.803776778661899, 26.133873917067699 ], [ 91.803760602698603, 26.133879501928501 ], [ 91.8037270066053, 26.1338895562901 ], [ 91.803664791085396, 26.133891790234198 ], [ 91.803568979472104, 26.133908546425999 ], [ 91.803510497350501, 26.1339375909163 ], [ 91.803409708172197, 26.134004617256 ], [ 91.803252926103994, 26.134129731643 ], [ 91.803209374880694, 26.134183352629599 ], [ 91.803148404425798, 26.134249261053199 ], [ 91.803096143137495, 26.1343162864075 ], [ 91.803076234674194, 26.134362087729599 ], [ 91.803071257109096, 26.134469328658302 ], [ 91.803072080864297, 26.1344996593348 ], [ 91.803074693165101, 26.1345131613182 ], [ 91.803079415608593, 26.134526509263502 ], [ 91.803094898970798, 26.134551993020001 ], [ 91.803132228462403, 26.134586622983701 ], [ 91.803199420649094, 26.1346592337743 ], [ 91.803229284242406, 26.1346972145991 ], [ 91.803243264723093, 26.1347235717279 ], [ 91.8032502967352, 26.1347447553322 ], [ 91.803252137383197, 26.134768260765501 ], [ 91.803242971872393, 26.134877065875301 ], [ 91.803225550844004, 26.134913929667 ], [ 91.803167068722402, 26.1350435125368 ], [ 91.803149207519596, 26.135085450583698 ], [ 91.803138818503299, 26.1351127479683 ], [ 91.803135152478703, 26.135137073506801 ], [ 91.803135960962393, 26.135169742770501 ], [ 91.803148822142305, 26.135230466656399 ], [ 91.803176163266301, 26.135271375582501 ], [ 91.803203756816899, 26.135296147871401 ], [ 91.803209579696599, 26.135301375398701 ], [ 91.805424008618701, 26.133531377086701 ] ] ] ] } },
{ "type": "Feature", "properties": { "ward_number": 31, "ward_lgd_name": "Guwahati (M Corp.) - Ward No.31" }, "geometry": { "type": "MultiPolygon", "coordinates": [ [ [ [ 91.7454264353958, 26.190858847261499 ], [ 91.746007256414103, 26.191043255798 ], [ 91.746695465634701, 26.191280350331599 ], [ 91.747611029470605, 26.1917049133619 ], [ 91.750333141275505, 26.1931550327823 ], [ 91.751033640347501, 26.1914347365541 ], [ 91.751281719994694, 26.190722755991001 ], [ 91.752469686262401, 26.191079594009398 ], [ 91.752793734636498, 26.190122001775698 ], [ 91.753010028295705, 26.189532677284902 ], [ 91.753082496288002, 26.189356192685199 ], [ 91.753134041619006, 26.189247785006302 ], [ 91.753204916898298, 26.189156722800501 ], [ 91.753288678510302, 26.189088786626002 ], [ 91.753420764094699, 26.189000614959902 ], [ 91.753841183732504, 26.188665271663101 ], [ 91.7539958206238, 26.188536627002598 ], [ 91.754305095304801, 26.1881839366539 ], [ 91.754462953554807, 26.1879916914848 ], [ 91.754570877153, 26.187847145660101 ], [ 91.754590207101302, 26.187802336692101 ], [ 91.754615979766797, 26.1877127187044 ], [ 91.754633698137397, 26.187621654492599 ], [ 91.754672358034, 26.1874265176926 ], [ 91.754765784620204, 26.186968304894901 ], [ 91.755405272813107, 26.187042023731198 ], [ 91.755952945997393, 26.1871099610992 ], [ 91.756708412083398, 26.187169224687501 ], [ 91.757774401508499, 26.187266222215602 ], [ 91.758186097606597, 26.185033028092501 ], [ 91.756932574086093, 26.185021999502901 ], [ 91.756858837672596, 26.184641525018002 ], [ 91.7567789558843, 26.184371332635301 ], [ 91.756717508423904, 26.1841342240408 ], [ 91.756651637659104, 26.183942772678598 ], [ 91.756596580813607, 26.183798080757398 ], [ 91.756553321542796, 26.183706325047901 ], [ 91.756506130345997, 26.18361104001 ], [ 91.756423545526999, 26.183533400381499 ], [ 91.756329162235005, 26.1834557607013 ], [ 91.756175790171596, 26.183349887667099 ], [ 91.756069609305001, 26.183251073876999 ], [ 91.756014552459604, 26.183155788466902 ], [ 91.755943765215207, 26.183014624842698 ], [ 91.755920169167595, 26.182912280684999 ], [ 91.755896574018394, 26.1827534711631 ], [ 91.755896574018394, 26.182524079697298 ], [ 91.755947698039506, 26.182114702416101 ], [ 91.7560735421293, 26.1816453285718 ], [ 91.756187587746197, 26.1813065307113 ], [ 91.756270172565294, 26.181094782253702 ], [ 91.756297701437106, 26.180950086796301 ], [ 91.756337027883603, 26.1807983324769 ], [ 91.756364555857203, 26.180568937162398 ], [ 91.756549389616794, 26.179517240668002 ], [ 91.756867931318197, 26.178020850509199 ], [ 91.757198901211595, 26.176251838790801 ], [ 91.757539459722395, 26.174866144068801 ], [ 91.757400855962203, 26.174962803561701 ], [ 91.75678812948, 26.175390105022601 ], [ 91.755797400011005, 26.176108790808701 ], [ 91.754144036357502, 26.177198227879501 ], [ 91.753521983566003, 26.177556591488401 ], [ 91.753165521281502, 26.177790142112698 ], [ 91.7521901988179, 26.178467934650801 ], [ 91.751542208070902, 26.1789043321421 ], [ 91.7511327865071, 26.178752228506699 ], [ 91.750806229138405, 26.178570659192602 ], [ 91.750555590190999, 26.1785846575136 ], [ 91.749911883509498, 26.178559538088098 ], [ 91.749323322606699, 26.1785071346556 ], [ 91.749181803813499, 26.1785039688274 ], [ 91.749091216801901, 26.178500863461899 ], [ 91.748993260910098, 26.178512061158099 ], [ 91.748915904285994, 26.1785394685025 ], [ 91.748826826444201, 26.178588591618698 ], [ 91.748319196561894, 26.1789713286215 ], [ 91.747888141769494, 26.1793434689565 ], [ 91.747849798978194, 26.179423152582 ], [ 91.747833252010693, 26.179496540828001 ], [ 91.747828005849399, 26.179603425871701 ], [ 91.747654080332296, 26.1804119858623 ], [ 91.746179423029901, 26.1802773471771 ], [ 91.745746426079805, 26.1802376511746 ], [ 91.745765676976305, 26.1809681430037 ], [ 91.745757426848797, 26.181461716146099 ], [ 91.745666676343802, 26.182068807784699 ], [ 91.745391675984195, 26.1830608778331 ], [ 91.745419176110005, 26.1831743981489 ], [ 91.745496176102904, 26.183250900557599 ], [ 91.745688676085095, 26.183413776356101 ], [ 91.746645679205102, 26.184062811318501 ], [ 91.746881959481001, 26.184269810309299 ], [ 91.746809799610801, 26.184610958283098 ], [ 91.746728838945899, 26.185010542860098 ], [ 91.746559878417301, 26.185686515909499 ], [ 91.746515878036405, 26.1859028903983 ], [ 91.7464630786573, 26.186204549210998 ], [ 91.746438437869003, 26.186461985416599 ], [ 91.746281797734596, 26.187153744155701 ], [ 91.7461656374835, 26.187502781119999 ], [ 91.746133957496696, 26.187654397730899 ], [ 91.746098757012305, 26.188035019567401 ], [ 91.745942116877899, 26.188848377793299 ], [ 91.745857636613593, 26.189219519270399 ], [ 91.745600676221599, 26.189994965261398 ], [ 91.745489796267705, 26.190612476240201 ], [ 91.7454264353958, 26.190858847261499 ] ] ] ] } },
{ "type": "Feature", "properties": { "ward_number": 32, "ward_lgd_name": "Guwahati (M Corp.) - Ward No.32" }, "geometry": { "type": "MultiPolygon", "coordinates": [ [ [ [ 91.750333141275505, 26.1931550327823 ], [ 91.756500907540897, 26.1963105660003 ], [ 91.757086575868499, 26.196681009042202 ], [ 91.758449936398804, 26.197516655110299 ], [ 91.759707684696096, 26.198240302580501 ], [ 91.7600053199059, 26.1984470579443 ], [ 91.760341358992406, 26.198653812941 ], [ 91.760455742375896, 26.198758116429602 ], [ 91.760493494974, 26.198805540777901 ], [ 91.761170535440698, 26.1979767367168 ], [ 91.761339166287598, 26.197789295565201 ], [ 91.761432291039796, 26.197696703730902 ], [ 91.761517864553795, 26.197615403601599 ], [ 91.761573235809607, 26.197531844897199 ], [ 91.761648742802393, 26.1973376282691 ], [ 91.761870227825597, 26.1968294999633 ], [ 91.761938183580199, 26.1967075488399 ], [ 91.761938183580199, 26.196646573230399 ], [ 91.761923082001999, 26.196603664269901 ], [ 91.761915531661998, 26.196531396723199 ], [ 91.7618979139027, 26.196474938099499 ], [ 91.761900430083799, 26.1964388046948 ], [ 91.761923082001999, 26.196418479448301 ], [ 91.761950768079004, 26.196380086679401 ], [ 91.761991037756601, 26.196355245146201 ], [ 91.762033825411905, 26.196339436162202 ], [ 91.762053960250697, 26.1963010441733 ], [ 91.762046409012399, 26.196242326894399 ], [ 91.762076612168897, 26.196102308400299 ], [ 91.762121916005299, 26.195987131354901 ], [ 91.762152118263501, 26.1959419644081 ], [ 91.762177287261096, 26.195910347131999 ], [ 91.762197422099902, 26.195885504692601 ], [ 91.762210006598707, 26.1958448540028 ], [ 91.762197422099902, 26.1958064618508 ], [ 91.762144567923499, 26.195585141286099 ], [ 91.762137016685202, 26.195515131665001 ], [ 91.762131983424695, 26.195463188859701 ], [ 91.762142050844105, 26.195440604883899 ], [ 91.762222591097498, 26.195438347130899 ], [ 91.762310681690906, 26.195440604883899 ], [ 91.762403806443103, 26.194760831450001 ], [ 91.762408839703696, 26.1946637200598 ], [ 91.762401289363694, 26.194575642892101 ], [ 91.762401289363694, 26.194539508898199 ], [ 91.762366052946703, 26.1944830485028 ], [ 91.762212523678102, 26.1943091516024 ], [ 91.762003622255406, 26.194013301304 ], [ 91.761923082001999, 26.193965874198099 ], [ 91.761842542646903, 26.193925222838399 ], [ 91.761585820308397, 26.193814560821099 ], [ 91.761190670279504, 26.1936406629227 ], [ 91.760788756834799, 26.193499088817902 ], [ 91.760643249521806, 26.193453214792299 ], [ 91.760383696591802, 26.1933967546763 ], [ 91.760084817215301, 26.193333236609998 ], [ 91.759864589833498, 26.1932732466665 ], [ 91.759691554546805, 26.193206200373599 ], [ 91.759353349622202, 26.193089750099801 ], [ 91.7591173918414, 26.193001530679702 ], [ 91.758857838911396, 26.192899195294899 ], [ 91.758673005151806, 26.192828619809902 ], [ 91.758590420332794, 26.1927756875636 ], [ 91.758464576243, 26.192736871212499 ], [ 91.758323001754206, 26.192701583023101 ], [ 91.758138168892899, 26.192676880961798 ], [ 91.757780299846601, 26.1926380645778 ], [ 91.757229733188794, 26.192521613736002 ], [ 91.757155013120098, 26.1920346376194 ], [ 91.757021304280002, 26.1908277751307 ], [ 91.756879729791194, 26.189331530219199 ], [ 91.756708412083398, 26.187169224687501 ], [ 91.756572733237803, 26.187158580814501 ], [ 91.755952945997393, 26.1871099610992 ], [ 91.755405272813107, 26.187042023731198 ], [ 91.754765784620204, 26.186968304894901 ], [ 91.754672358034, 26.1874265176926 ], [ 91.754633698137397, 26.187621654492599 ], [ 91.754615979766797, 26.1877127187044 ], [ 91.754590207101302, 26.187802336692101 ], [ 91.754570877153, 26.187847145660101 ], [ 91.754462953554807, 26.1879916914848 ], [ 91.754305095304801, 26.1881839366539 ], [ 91.7539958206238, 26.188536627002598 ], [ 91.753841183732504, 26.188665271663101 ], [ 91.753420764094699, 26.189000614959902 ], [ 91.753288678510302, 26.189088786626002 ], [ 91.753204916898298, 26.189156722800501 ], [ 91.753134041619006, 26.189247785006302 ], [ 91.753082496288002, 26.189356192685199 ], [ 91.753010028295705, 26.189532677284902 ], [ 91.752793734636498, 26.190122001775698 ], [ 91.752469686262401, 26.191079594009398 ], [ 91.751281719994694, 26.190722755991001 ], [ 91.751033640347501, 26.1914347365541 ], [ 91.750333141275505, 26.1931550327823 ] ] ] ] } },
{ "type": "Feature", "properties": { "ward_number": 45, "ward_lgd_name": "Guwahati (M Corp.) - Ward No.45" }, "geometry": { "type": "MultiPolygon", "coordinates": [ [ [ [ 91.797734965182499, 26.112182338316298 ], [ 91.799341289454404, 26.1124054497533 ], [ 91.800889668797296, 26.112585670904298 ], [ 91.801446609002099, 26.1126841743027 ], [ 91.802298897306002, 26.1129190663145 ], [ 91.803817826280493, 26.113358540996298 ], [ 91.808340858109105, 26.114676955127301 ], [ 91.811387153933694, 26.115578620540401 ], [ 91.811876586643194, 26.115722583207098 ], [ 91.812247880113105, 26.115858968473098 ], [ 91.812703559524095, 26.116116585727902 ], [ 91.813235184305896, 26.116465124629599 ], [ 91.814382818912307, 26.117253123336301 ], [ 91.814981952087606, 26.117609235959002 ], [ 91.815479823570897, 26.1179123102945 ], [ 91.815952378732902, 26.118094153873201 ], [ 91.816163340890796, 26.118192652629102 ], [ 91.816526196485199, 26.1183290350126 ], [ 91.816829982459794, 26.118397226951199 ], [ 91.817285660972502, 26.118472994291299 ], [ 91.818256087617797, 26.118639684525 ], [ 91.819201198840005, 26.118798796681499 ], [ 91.821843325550205, 26.119303057064698 ], [ 91.821891606403497, 26.119312271419499 ], [ 91.821899192676099, 26.118722492368601 ], [ 91.821867913337897, 26.1183592642174 ], [ 91.821869999225996, 26.117926758709899 ], [ 91.821953408698405, 26.1179136524574 ], [ 91.822191126278796, 26.1179155253554 ], [ 91.822255769046606, 26.1179024191017 ], [ 91.822209893881706, 26.117863100331601 ], [ 91.822141081134305, 26.117812547377401 ], [ 91.8220847792239, 26.117752633125001 ], [ 91.822049329906093, 26.117692718841798 ], [ 91.822022221445806, 26.117634676623901 ], [ 91.822011795598598, 26.117587868570801 ], [ 91.822026392323707, 26.117544804693701 ], [ 91.822059756651598, 26.117501741607299 ], [ 91.822055585773796, 26.1174661668997 ], [ 91.822005539730995, 26.117402508270501 ], [ 91.821920045268797, 26.1173407209007 ], [ 91.821869999225996, 26.117316381170401 ], [ 91.821763651272803, 26.117290168527099 ], [ 91.821678156810506, 26.117263955877799 ], [ 91.821611428154597, 26.117226508995401 ], [ 91.821555127142503, 26.117190935010601 ], [ 91.8214550350569, 26.1171291475289 ], [ 91.821371625584405, 26.117102934843601 ], [ 91.821371625584405, 26.117125403320902 ], [ 91.821382051431698, 26.117151616001198 ], [ 91.821415415759603, 26.117202168434801 ], [ 91.821438353342103, 26.117252721653099 ], [ 91.821486313496806, 26.117323870380801 ], [ 91.821440438331905, 26.117351955117002 ], [ 91.821390392289103, 26.117353827217499 ], [ 91.8213382612565, 26.117346338009 ], [ 91.821261107651694, 26.117293912729899 ], [ 91.821169356423496, 26.117247104540301 ], [ 91.820881592800305, 26.117179700778799 ], [ 91.820785671592603, 26.117003701168201 ], [ 91.820537527266694, 26.116732212410799 ], [ 91.820433265201601, 26.1166385955629 ], [ 91.820212229336093, 26.1163465094508 ], [ 91.820145501578395, 26.1162678708505 ], [ 91.820128818965301, 26.116230424455502 ], [ 91.820099625515198, 26.116239785853701 ], [ 91.820070432065094, 26.1162678708505 ], [ 91.820034982747302, 26.116264126614801 ], [ 91.820005789297198, 26.116239785853701 ], [ 91.819997448439807, 26.116213572968899 ], [ 91.819978681735194, 26.116166764346598 ], [ 91.819934891560095, 26.1161274449926 ], [ 91.819880674639407, 26.1161162106586 ], [ 91.819805606024403, 26.1160937427939 ], [ 91.819738878266705, 26.1160675298763 ], [ 91.819697173081394, 26.116013231901601 ], [ 91.819672150509106, 26.115953316726799 ], [ 91.819651297916494, 26.115880294234099 ], [ 91.819632029951904, 26.115761362273201 ], [ 91.819661390488704, 26.1153791019292 ], [ 91.819724114455099, 26.114974072196599 ], [ 91.819809526272294, 26.114648130086099 ], [ 91.819825541437197, 26.114593007095401 ], [ 91.819842890600199, 26.114565445993499 ], [ 91.819864243554505, 26.114542677771201 ], [ 91.819898941880695, 26.114525901056201 ], [ 91.819928302417495, 26.114503132826101 ], [ 91.819957662055899, 26.114482761842499 ], [ 91.819967004534803, 26.114438423987 ], [ 91.819972425867604, 26.114243846357901 ], [ 91.820051665360495, 26.113717706432801 ], [ 91.820039153625203, 26.1136521727956 ], [ 91.819991192572203, 26.113603490987 ], [ 91.819870248792199, 26.1135379572858 ], [ 91.819755559981601, 26.113481785166901 ], [ 91.819661724661998, 26.113429358154299 ], [ 91.819607507741296, 26.1133844205809 ], [ 91.819572058423503, 26.113335738660801 ], [ 91.819559547586607, 26.113041772125101 ], [ 91.819555376708706, 26.112682271475698 ], [ 91.819536609105796, 26.1126317162806 ], [ 91.819476137215801, 26.112583034046999 ], [ 91.819444858775995, 26.1124969033953 ], [ 91.819446943765698, 26.112429496087799 ], [ 91.819453199633401, 26.112378941589899 ], [ 91.8195428649734, 26.112084972647899 ], [ 91.819519927390999, 26.112025055459402 ], [ 91.819476137215801, 26.111963266053401 ], [ 91.819165436010195, 26.111628103007 ], [ 91.819119560845294, 26.111581292548301 ], [ 91.819132071682205, 26.111547588232 ], [ 91.819278038932694, 26.1114595846227 ], [ 91.819388556865505, 26.111407156702999 ], [ 91.819444858775995, 26.1113846879331 ], [ 91.819517842401197, 26.111382814930501 ], [ 91.819605422751494, 26.111386560129102 ], [ 91.819674235498894, 26.111407156702999 ], [ 91.819755559981601, 26.1114333706658 ], [ 91.819838970352293, 26.1114595846227 ], [ 91.820287297951097, 26.111534481264201 ], [ 91.819936976549798, 26.111364091355298 ], [ 91.819503245676202, 26.111163741169101 ], [ 91.819292635657803, 26.111047650219799 ], [ 91.819079940649701, 26.110924070341799 ], [ 91.818890183223999, 26.110811724371501 ], [ 91.818708767554, 26.110671291151899 ], [ 91.818539862720996, 26.110534603796101 ], [ 91.818435599757606, 26.110459705707299 ], [ 91.818310485099801, 26.110345487078099 ], [ 91.818020636486807, 26.110027170967602 ], [ 91.817889265961398, 26.1099017169844 ], [ 91.817814197346294, 26.109853033613899 ], [ 91.817722446118196, 26.109806222444401 ], [ 91.817634865767801, 26.109766900950799 ], [ 91.817513921987896, 26.109748176310099 ], [ 91.816423338486899, 26.109441093549801 ], [ 91.816308649676202, 26.109413006912799 ], [ 91.816254433653896, 26.1093961552499 ], [ 91.816231496071396, 26.109364323338699 ], [ 91.816198131743505, 26.109317511973501 ], [ 91.815325746330004, 26.108160921991999 ], [ 91.813623466714404, 26.106225171302501 ], [ 91.812843917693996, 26.1052965714563 ], [ 91.8121590115787, 26.104349773559999 ], [ 91.811792008462604, 26.103842314694798 ], [ 91.811539694157204, 26.103507128367099 ], [ 91.811437517081799, 26.103361069400101 ], [ 91.811349936731503, 26.103239353723801 ], [ 91.811291549831296, 26.103074568712898 ], [ 91.811224822073697, 26.102887312260101 ], [ 91.811187287766202, 26.102881694457 ], [ 91.811087195680599, 26.102896675533501 ], [ 91.810974592758001, 26.102917273603101 ], [ 91.810851563089997, 26.1029434894694 ], [ 91.810747301024804, 26.102982813257899 ], [ 91.810595077906697, 26.1030633331244 ], [ 91.810282124624607, 26.103226395062102 ], [ 91.809951153832898, 26.103392977967701 ], [ 91.809912451715505, 26.103351032578701 ], [ 91.809879088285896, 26.103318674673801 ], [ 91.809841720166702, 26.103285118826498 ], [ 91.809813694526397, 26.103262348407199 ], [ 91.809784334888107, 26.103215609621099 ], [ 91.809772323514395, 26.103179656261599 ], [ 91.809748301665294, 26.1031101469936 ], [ 91.809693584383098, 26.102979517117099 ], [ 91.809622852834195, 26.102868062167801 ], [ 91.809592158299296, 26.102839299557001 ], [ 91.809573474239698, 26.102839299557001 ], [ 91.809549452390698, 26.1028608721208 ], [ 91.809516088961004, 26.1028932293456 ], [ 91.809489397318998, 26.102915999836799 ], [ 91.809460037680594, 26.102938770323501 ], [ 91.809448026306896, 26.1029591441254 ], [ 91.809421335563201, 26.102951953277302 ], [ 91.809394643921095, 26.102929182793101 ], [ 91.809353272908993, 26.1028776497031 ], [ 91.809326581267001, 26.102856077949099 ], [ 91.809323912372307, 26.102832109508199 ], [ 91.809327916163497, 26.1027985527145 ], [ 91.809355941803702, 26.102730241965801 ], [ 91.809438684726302, 26.102552872614002 ], [ 91.809472048155897, 26.1025217132363 ], [ 91.809526765438207, 26.1025217132363 ], [ 91.809626856625499, 26.102522911177601 ], [ 91.809753639454698, 26.102539689615199 ], [ 91.809964500103106, 26.102554070555001 ], [ 91.810148669109395, 26.102545681740899 ], [ 91.810212727074003, 26.1025241099256 ], [ 91.810276785936907, 26.102500140609902 ], [ 91.810323495636695, 26.102478568786299 ], [ 91.810356859964699, 26.1024318296869 ], [ 91.810386219603103, 26.1023838918195 ], [ 91.810391558290803, 26.1023527323967 ], [ 91.810382215811899, 26.102323969659199 ], [ 91.810355525068204, 26.102285619331401 ], [ 91.810318157847306, 26.102208918638102 ], [ 91.810294135099994, 26.1021022571571 ], [ 91.810248760296702, 26.101952450934601 ], [ 91.810167352270696, 26.101801446571599 ], [ 91.810144665318205, 26.101766691533101 ], [ 91.810104628304302, 26.1017463175234 ], [ 91.810015212695802, 26.101742722062198 ], [ 91.8099431471488, 26.101745119574201 ], [ 91.809781573466793, 26.101755588924501 ], [ 91.809551440362398, 26.101762952479898 ], [ 91.809521922620505, 26.1017580437119 ], [ 91.809510989225203, 26.101753134136999 ], [ 91.809508665283502, 26.101741299043599 ], [ 91.809527431988101, 26.1016663961285 ], [ 91.809556625438205, 26.1015746395686 ], [ 91.8095753930412, 26.101492245515999 ], [ 91.809587904776393, 26.101383636001799 ], [ 91.809585818888294, 26.101055932879401 ], [ 91.8095753930412, 26.100922979009798 ], [ 91.809508081378596, 26.100527486921301 ], [ 91.809489397318998, 26.100426815334298 ], [ 91.809461371678793, 26.1003381289452 ], [ 91.809421335563201, 26.100296183267201 ], [ 91.809371956968604, 26.100288992255301 ], [ 91.809315904789798, 26.100286595520199 ], [ 91.809262523302394, 26.100292587761299 ], [ 91.809182449274601, 26.100287793484402 ], [ 91.809051662654099, 26.100268617988199 ], [ 91.808916872242307, 26.100244649016901 ], [ 91.808695336015205, 26.100182328216501 ], [ 91.808539192649107, 26.1001260004393 ], [ 91.808400399344507, 26.1000960391879 ], [ 91.807994694111002, 26.100026528087 ], [ 91.807398147185395, 26.0999078792881 ], [ 91.806724195126606, 26.0997904291448 ], [ 91.806494651316996, 26.099749681240102 ], [ 91.806169020111298, 26.099698146748999 ], [ 91.805980847313805, 26.0996669866107 ], [ 91.805779329144499, 26.099634627686498 ], [ 91.805557792917298, 26.099590284200001 ], [ 91.805321576421704, 26.0995483374471 ], [ 91.805093366610294, 26.0994920093645 ], [ 91.804839800951697, 26.099446467851099 ], [ 91.804610257142102, 26.099404521046502 ], [ 91.804319324262593, 26.099338605069999 ], [ 91.804161846000099, 26.099307444029201 ], [ 91.804033729172602, 26.099293062690101 ], [ 91.803824203420703, 26.099282276079698 ], [ 91.803447857825702, 26.0992990549822 ], [ 91.803210307331994, 26.099313437127201 ], [ 91.802960744566306, 26.099305047273901 ], [ 91.8025977452414, 26.099291863908999 ], [ 91.802246757290206, 26.0993002537632 ], [ 91.802184032425501, 26.099308642810101 ], [ 91.802158175318397, 26.099325645975998 ], [ 91.802055999141302, 26.099432385820698 ], [ 91.801870411695205, 26.099600920733199 ], [ 91.801772405497701, 26.099662716672398 ], [ 91.801722359454899, 26.099672080204002 ], [ 91.801697336882697, 26.0996664622465 ], [ 91.801663972554707, 26.099647735988299 ], [ 91.801634779104603, 26.0996196469988 ], [ 91.801582648071999, 26.0995803220795 ], [ 91.801534687019, 26.099552233073801 ], [ 91.801484641874595, 26.099540997146899 ], [ 91.801413743239095, 26.099539124761201 ], [ 91.801359527216704, 26.099550359881601 ], [ 91.801292798560794, 26.099557851036799 ], [ 91.801057165970207, 26.099621519383199 ], [ 91.8008173634, 26.099694551224701 ], [ 91.800517088041602, 26.099760092685599 ], [ 91.800252262000896, 26.099831252059602 ], [ 91.799712183173995, 26.100026003724398 ], [ 91.799330583332903, 26.100188919849 ], [ 91.799233098158197, 26.100250365365302 ], [ 91.799086479629096, 26.100414217766598 ], [ 91.798855147273798, 26.100674626381501 ], [ 91.798597750300502, 26.1009555150527 ], [ 91.798483712768402, 26.1010784036343 ], [ 91.798027565335104, 26.101470476671199 ], [ 91.797102237710405, 26.102272174126199 ], [ 91.797125045037205, 26.102310210653599 ], [ 91.797245598948294, 26.102468209211199 ], [ 91.79730424636, 26.102570615046801 ], [ 91.797340086444805, 26.102699353684301 ], [ 91.797369410150694, 26.102819315366599 ], [ 91.797385701098307, 26.1029187950238 ], [ 91.797508078589502, 26.1040202064356 ], [ 91.797595658939798, 26.104664359714199 ], [ 91.797674898432703, 26.1053028917575 ], [ 91.797679069310604, 26.1054208607029 ], [ 91.797670728453198, 26.105508868857999 ], [ 91.797651960850203, 26.105591260080601 ], [ 91.797620682410397, 26.1056755235326 ], [ 91.797570636367595, 26.105765403782001 ], [ 91.797324577031503, 26.106310304692901 ], [ 91.797105626155698, 26.106960062962902 ], [ 91.797078518593693, 26.1070555598276 ], [ 91.797076432705595, 26.107154801948699 ], [ 91.797074347715807, 26.1072240845604 ], [ 91.797092260122596, 26.1073589107862 ], [ 91.797234805690195, 26.108277780516701 ], [ 91.797463897647205, 26.1098000709753 ], [ 91.797603999797204, 26.111067077231901 ], [ 91.797734965182499, 26.112182338316298 ] ] ] ] } },
{ "type": "Feature", "properties": { "ward_number": 38, "ward_lgd_name": "Guwahati (M Corp.) - Ward No.38" }, "geometry": { "type": "MultiPolygon", "coordinates": [ [ [ [ 91.768716488031899, 26.164923538680799 ], [ 91.768336815975402, 26.165276777531201 ], [ 91.770475949008599, 26.169969790394099 ], [ 91.770890147813105, 26.170932650807899 ], [ 91.771197780373697, 26.171691331471301 ], [ 91.771322051513494, 26.171976417433498 ], [ 91.771324115842006, 26.1719811531391 ], [ 91.771919098800794, 26.171778756778501 ], [ 91.771696867277598, 26.171239200200901 ], [ 91.771523855347098, 26.170828702944998 ], [ 91.771710788469505, 26.170753741943798 ], [ 91.771881811529894, 26.170709123121899 ], [ 91.7719951645458, 26.170685920811799 ], [ 91.772154256182603, 26.170655579384398 ], [ 91.772329256983099, 26.170627022929398 ], [ 91.772474427427895, 26.170600251448001 ], [ 91.772739415165404, 26.170560093408099 ], [ 91.773544194268894, 26.170459699860402 ], [ 91.774417334267198, 26.170376038638999 ], [ 91.7754613724601, 26.1702338130541 ], [ 91.776942355698694, 26.170091730804401 ], [ 91.777621994991506, 26.1700586053169 ], [ 91.777663995722605, 26.170057462891801 ], [ 91.777693268224496, 26.170044898632899 ], [ 91.777704722642696, 26.170028906290199 ], [ 91.777705995555394, 26.169999208062201 ], [ 91.777704812474198, 26.1697262639324 ], [ 91.7783884088458, 26.169748573936602 ], [ 91.778935310377307, 26.168082705815198 ], [ 91.779528150854105, 26.166359540068701 ], [ 91.779907981912402, 26.166391667659099 ], [ 91.780824747694197, 26.166288147093901 ], [ 91.781508840834206, 26.166193550065 ], [ 91.782214809747998, 26.166075749731998 ], [ 91.782624471161995, 26.166000786481401 ], [ 91.783040097389403, 26.165924038130399 ], [ 91.783217087059995, 26.165893695463801 ], [ 91.783300610618497, 26.165907974271899 ], [ 91.783437826481503, 26.165957950086099 ], [ 91.783487542842593, 26.165991862032101 ], [ 91.783531293491805, 26.166061470944499 ], [ 91.783567088660902, 26.166107877400499 ], [ 91.783596918118306, 26.1661614224201 ], [ 91.783636691027496, 26.1662256768949 ], [ 91.783775896658895, 26.1664291495679 ], [ 91.783925044843798, 26.166630836038301 ], [ 91.7840006129221, 26.1668021805359 ], [ 91.784038397859604, 26.166902131376698 ], [ 91.784135840813406, 26.167159147430802 ], [ 91.784267091862901, 26.167457213749302 ], [ 91.784302887032098, 26.167560734082901 ], [ 91.784340671071206, 26.167651759951202 ], [ 91.784360557975006, 26.167771342909901 ], [ 91.784378456008696, 26.167912343590501 ], [ 91.784404059790901, 26.1682342799662 ], [ 91.784450667981105, 26.1686358629156 ], [ 91.784482024574501, 26.168882068358901 ], [ 91.784686933884004, 26.168875214544801 ], [ 91.784866389429993, 26.168844372779699 ], [ 91.7850420271361, 26.168828381078502 ], [ 91.785072572550703, 26.168797539301 ], [ 91.7850878448088, 26.168743852787902 ], [ 91.785129845539899, 26.1686707472116 ], [ 91.785161663867299, 26.168644474342202 ], [ 91.785213846103801, 26.1686353364422 ], [ 91.785304209434898, 26.168653613047699 ], [ 91.785423846166097, 26.168668462334001 ], [ 91.785843848087296, 26.168743852787902 ], [ 91.786065303466103, 26.1688032506821 ], [ 91.786281668092201, 26.168884352426002 ], [ 91.786414032154298, 26.168939182116802 ], [ 91.786622761100503, 26.168987157168001 ], [ 91.786814943079094, 26.169025994330202 ], [ 91.7870987630982, 26.169060262546001 ], [ 91.787145853683697, 26.1690476981797 ], [ 91.7871763990983, 26.169020282959899 ], [ 91.787220944756598, 26.1689814457959 ], [ 91.787275672818694, 26.1689586003044 ], [ 91.787363491222493, 26.168931185869901 ], [ 91.787461491131793, 26.168917478247099 ], [ 91.7876282193469, 26.1689083403685 ], [ 91.787782220230994, 26.168901486555999 ], [ 91.787941311867797, 26.1688957751796 ], [ 91.788123312341, 26.168888921366399 ], [ 91.788221313148597, 26.168872929671299 ], [ 91.788296404221498, 26.168860364478601 ], [ 91.788381677698197, 26.168835234895301 ], [ 91.788421131705405, 26.168818100755701 ], [ 91.788461859523807, 26.168798681738501 ], [ 91.788558587418606, 26.1687587020627 ], [ 91.788654042400694, 26.168723292126302 ], [ 91.788762224713807, 26.168698161707301 ], [ 91.788834769961198, 26.168691307882401 ], [ 91.788917497612303, 26.1687015882164 ], [ 91.788976043514296, 26.168717580741198 ], [ 91.789049861674499, 26.168747279295701 ], [ 91.789146589569299, 26.1687895438506 ], [ 91.789249681129604, 26.1688363773325 ], [ 91.789359136355401, 26.1688946327431 ], [ 91.789408772766507, 26.1689220479924 ], [ 91.789429136675594, 26.168948319993 ], [ 91.789435500341099, 26.1689711654865 ], [ 91.789421500097404, 26.168997437476001 ], [ 91.789401136188204, 26.169035133005799 ], [ 91.789380772279003, 26.169059120917201 ], [ 91.789357863442703, 26.169107095919099 ], [ 91.789328590042501, 26.169153929273499 ], [ 91.789305681206102, 26.169207616404002 ], [ 91.789294226787902, 26.1692475951196 ], [ 91.789286590209699, 26.169283005703001 ], [ 91.789278953631495, 26.1694097979329 ], [ 91.789271317053306, 26.169485187907402 ], [ 91.789272589966004, 26.169557150543 ], [ 91.789270045038805, 26.169597129944901 ], [ 91.789289136035194, 26.169648532012999 ], [ 91.789298044627898, 26.169677088707701 ], [ 91.7893387724462, 26.169765043605999 ], [ 91.789466045755702, 26.170063174211201 ], [ 91.789678591643494, 26.170476673320099 ], [ 91.789729500967297, 26.170448116821198 ], [ 91.790128069984107, 26.170223822290701 ], [ 91.790482398769797, 26.1700512952469 ], [ 91.790576886266393, 26.170016935412399 ], [ 91.790889510764998, 26.169943216287901 ], [ 91.790968750257903, 26.1699301158745 ], [ 91.791091779027695, 26.169915144202001 ], [ 91.791225235441203, 26.169926373359701 ], [ 91.791367031813905, 26.169978775006101 ], [ 91.7914754647569, 26.1700255620554 ], [ 91.791556789239493, 26.170076092402201 ], [ 91.7916151761398, 26.170115393588802 ], [ 91.791650625457507, 26.170158437269599 ], [ 91.791698585612195, 26.1702089675588 ], [ 91.791750716644799, 26.170240782884999 ], [ 91.791834127015505, 26.170244525389698 ], [ 91.791888343037897, 26.170235168321501 ], [ 91.791942559060203, 26.1702127100646 ], [ 91.791984264245599, 26.170175280970501 ], [ 91.792013457695703, 26.170119136097501 ], [ 91.7920343102884, 26.1699600600199 ], [ 91.792050992003198, 26.1698889433675 ], [ 91.792076015473796, 26.169860871268501 ], [ 91.792109378903405, 26.169832799162801 ], [ 91.792123975628499, 26.169791625815201 ], [ 91.792098953056197, 26.1695932479414 ], [ 91.792143264254193, 26.169217896692601 ], [ 91.792452793158404, 26.169223745112902 ], [ 91.792517956949098, 26.169203275640399 ], [ 91.792550538844495, 26.1691506398375 ], [ 91.792547280655, 26.169077533709999 ], [ 91.792566829792193, 26.169039518924802 ], [ 91.792583120739906, 26.1690365947101 ], [ 91.792641768151498, 26.169071685282301 ], [ 91.792645026341006, 26.169095078991301 ], [ 91.792651542720094, 26.1691360187769 ], [ 91.792716706510802, 26.169156488261201 ], [ 91.792736255647995, 26.169156488261201 ], [ 91.792775353922394, 26.169127245333399 ], [ 91.7927720957329, 26.169095078991301 ], [ 91.7927720957329, 26.1690219736352 ], [ 91.792811194007299, 26.169007352558499 ], [ 91.792817710386402, 26.168966413533902 ], [ 91.792788386680598, 26.168943019799102 ], [ 91.792726481079399, 26.168945944016201 ], [ 91.792680866425897, 26.168948868233301 ], [ 91.792622219014305, 26.168948868233301 ], [ 91.792583120739906, 26.168922550277401 ], [ 91.792557055223597, 26.1688962323155 ], [ 91.792631993582901, 26.168864065909599 ], [ 91.792739513837603, 26.1688523690325 ], [ 91.792785128491005, 26.168820202614501 ], [ 91.792788386680598, 26.168744172863999 ], [ 91.792824226765504, 26.1687237033073 ], [ 91.792856808660801, 26.168703233747099 ], [ 91.792912198781295, 26.168694460270999 ], [ 91.792980620761497, 26.168688611824098 ], [ 91.793016460846403, 26.168644748463102 ], [ 91.793052300931294, 26.1686038093112 ], [ 91.793120722911496, 26.1686008850855 ], [ 91.793159821185995, 26.168633051564001 ], [ 91.793189144891798, 26.1687120064162 ], [ 91.793192403081306, 26.168776339303001 ], [ 91.793202177649903, 26.168866990128699 ], [ 91.793257566872001, 26.168998579911602 ], [ 91.793273857819699, 26.169057064211799 ], [ 91.793368346214507, 26.169074609496199 ], [ 91.793462833711104, 26.169086306351002 ], [ 91.793521481122696, 26.169098003204599 ], [ 91.793593161292506, 26.169100927417801 ], [ 91.793612710429699, 26.169100927417801 ], [ 91.793651808704098, 26.1690482915687 ], [ 91.793651808704098, 26.169007352558499 ], [ 91.793629001377397, 26.168966413533902 ], [ 91.793602935861102, 26.168916701841901 ], [ 91.793612710429699, 26.1688728385666 ], [ 91.793635517756499, 26.168826051054801 ], [ 91.793668099651796, 26.1687997330712 ], [ 91.793716972494806, 26.1687997330712 ], [ 91.793772361716904, 26.1688172783943 ], [ 91.793821234559999, 26.168855293251902 ], [ 91.793844042784997, 26.168890383878701 ], [ 91.793886399249004, 26.168934247147401 ], [ 91.793984144935095, 26.1689781103995 ], [ 91.794140538032806, 26.169045367354101 ], [ 91.794332772113705, 26.169144791413501 ], [ 91.794404452283402, 26.169200351429801 ], [ 91.794424001420694, 26.169244214581799 ], [ 91.7944598415055, 26.169302698758901 ], [ 91.794518488917205, 26.169355334493201 ], [ 91.794619492792805, 26.169410894409101 ], [ 91.794704205720706, 26.1694606058904 ], [ 91.794805210494602, 26.169475226910301 ], [ 91.794925763507393, 26.169478151114099 ], [ 91.795127771258706, 26.1695015447415 ], [ 91.795868845435507, 26.169516885721201 ], [ 91.795750087256593, 26.166808317715201 ], [ 91.795694697136099, 26.165387111088101 ], [ 91.794889923422602, 26.165153165542101 ], [ 91.794453325126497, 26.165009874157299 ], [ 91.793993919503706, 26.1648139440296 ], [ 91.793518222933201, 26.164585846792999 ], [ 91.793127239290598, 26.164363596968101 ], [ 91.792801419438703, 26.164135498850701 ], [ 91.792618960824797, 26.1639717350184 ], [ 91.792472342295696, 26.163834290872501 ], [ 91.792377853900803, 26.163690997867199 ], [ 91.792302915541498, 26.163503838584798 ], [ 91.792302915541498, 26.1633429990293 ], [ 91.792302915541498, 26.1631616887191 ], [ 91.792325722868199, 26.162997923519299 ], [ 91.792364821142698, 26.162845856376599 ], [ 91.792335497436895, 26.162655771363202 ], [ 91.7922475263194, 26.162486157501402 ], [ 91.792140006064699, 26.162351635987299 ], [ 91.7919999039147, 26.162234659825302 ], [ 91.791827218970994, 26.162073818519598 ], [ 91.791713182337205, 26.1619626916698 ], [ 91.791625211219795, 26.161831093141199 ], [ 91.791543756481403, 26.1616848732756 ], [ 91.791498141827901, 26.161541577629499 ], [ 91.791478592690694, 26.161424600655099 ], [ 91.791468818122098, 26.161293002325699 ], [ 91.791473378868801, 26.161135668694499 ], [ 91.790993772830205, 26.161167486496101 ], [ 91.790551701099105, 26.1611899456888 ], [ 91.790024134007396, 26.161247966257601 ], [ 91.789707176035904, 26.161294756809799 ], [ 91.789471543445202, 26.1613321895605 ], [ 91.789302638612298, 26.161364007308599 ], [ 91.789181694832294, 26.161408926420101 ], [ 91.789058665164305, 26.161472561059501 ], [ 91.788968999824206, 26.161519352327801 ], [ 91.788912697913702, 26.161517480129199 ], [ 91.788827202553193, 26.161485662423001 ], [ 91.788779242398505, 26.161472561059501 ], [ 91.788720855498298, 26.161476304651899 ], [ 91.788672894445298, 26.161491277407801 ], [ 91.788635360137704, 26.1615249665048 ], [ 91.788589484972803, 26.161553041416699 ], [ 91.7884664553048, 26.1615455542366 ], [ 91.788418495150097, 26.161528710095499 ], [ 91.788330914799801, 26.161485662423001 ], [ 91.788159924078698, 26.161435129160001 ], [ 91.787703255622503, 26.161378980078901 ], [ 91.787578140964698, 26.161360263712599 ], [ 91.787490560614401, 26.161362135913699 ], [ 91.787382127671407, 26.161371493693999 ], [ 91.787284121473903, 26.161395825048 ], [ 91.787246587166393, 26.161407054219701 ], [ 91.787196541123606, 26.1614295141725 ], [ 91.787117301630701, 26.1614444869344 ], [ 91.7870484888833, 26.1614444869344 ], [ 91.786992186972896, 26.1614370005537 ], [ 91.786912947480005, 26.1614145414087 ], [ 91.786839963854703, 26.161380851473499 ], [ 91.786299885926098, 26.161345290939799 ], [ 91.786057997467907, 26.161345290939799 ], [ 91.785997525577898, 26.1613359331574 ], [ 91.785966246239695, 26.161326574568001 ], [ 91.785941223667507, 26.161298500407899 ], [ 91.785920371074795, 26.161251709857201 ], [ 91.785805682264197, 26.161034601037102 ], [ 91.785776488813994, 26.160999039591601 ], [ 91.785734784526994, 26.160987810380501 ], [ 91.7856722267489, 26.1610046545998 ], [ 91.785138403789603, 26.1611918178927 ], [ 91.784798509133907, 26.161304115401698 ], [ 91.784464870345801, 26.1613976964423 ], [ 91.784181276702199, 26.161451973314701 ], [ 91.783937303254206, 26.1615343250782 ], [ 91.783614090313193, 26.161672824943999 ], [ 91.783144910121806, 26.161901162506599 ], [ 91.782636109734796, 26.1621557013939 ], [ 91.782442182329504, 26.162254896699199 ], [ 91.782321237651303, 26.162337247895898 ], [ 91.782208634728704, 26.162432699485301 ], [ 91.782108542643101, 26.1625281518028 ], [ 91.782035559017899, 26.1626217318613 ], [ 91.781906274380503, 26.162893113928799 ], [ 91.781827034887598, 26.1629904372383 ], [ 91.781718601944604, 26.163044713369501 ], [ 91.781528844518903, 26.1630784020177 ], [ 91.781257762610593, 26.163087760466599 ], [ 91.780807350022101, 26.163089631833799 ], [ 91.780599477170398, 26.1630681082876 ], [ 91.781045850035099, 26.161901279417801 ], [ 91.780678064486395, 26.161957310529999 ], [ 91.780411153455901, 26.162013459332702 ], [ 91.780140071547606, 26.162092067127301 ], [ 91.779796006013996, 26.1621931338683 ], [ 91.779339337557801, 26.162335376516602 ], [ 91.779432506327495, 26.162585422671999 ], [ 91.779448520594102, 26.162628544116401 ], [ 91.779451189488796, 26.162664479178598 ], [ 91.7794004768961, 26.162707601400001 ], [ 91.779329745347198, 26.162753118252802 ], [ 91.779144241444399, 26.162830977322901 ], [ 91.778888006891094, 26.162923209042599 ], [ 91.778315481814403, 26.163167564856501 ], [ 91.778166011134303, 26.163227455806499 ], [ 91.778099283376704, 26.163231049375401 ], [ 91.7780405632015, 26.163222664918699 ], [ 91.777967162758003, 26.163228653931601 ], [ 91.777859063089906, 26.163250214536902 ], [ 91.777683808964497, 26.163296114964702 ], [ 91.777447218769794, 26.163388107659401 ], [ 91.777081349327602, 26.163547622446 ], [ 91.776832789081794, 26.1636538795135 ], [ 91.776799508297202, 26.163576245942899 ], [ 91.776188898245707, 26.162204137204199 ], [ 91.775751078240901, 26.161075499306499 ], [ 91.775420167636298, 26.161180595150501 ], [ 91.7741168891271, 26.1616329653808 ], [ 91.772503063922599, 26.162062486207802 ], [ 91.7715765145891, 26.162213275608099 ], [ 91.770497237284204, 26.1632825010137 ], [ 91.768716488031899, 26.164923538680799 ] ] ] ] } },
{ "type": "Feature", "properties": { "ward_number": 50, "ward_lgd_name": "Guwahati (M Corp.) - Ward No.50" }, "geometry": { "type": "MultiPolygon", "coordinates": [ [ [ [ 91.795790827651302, 26.1614576044269 ], [ 91.795809831511207, 26.161057536772901 ], [ 91.795827107910696, 26.161001713251402 ], [ 91.795847839230902, 26.1609629467894 ], [ 91.795889302769396, 26.160947440200999 ], [ 91.795929037949406, 26.160938136408198 ], [ 91.796013692486795, 26.160931933610499 ], [ 91.796297024720701, 26.160911774717299 ], [ 91.796355763760502, 26.160900920423401 ], [ 91.796362674499903, 26.160879211026199 ], [ 91.796362674499903, 26.1608528501283 ], [ 91.796355763760502, 26.160815634116201 ], [ 91.796355763760502, 26.160776868398699 ], [ 91.796359219579401, 26.160750506671299 ], [ 91.796400682219598, 26.160748956170998 ], [ 91.796704746671907, 26.160744303863599 ], [ 91.79680322179, 26.160738101861899 ], [ 91.796829136389306, 26.160722595243602 ], [ 91.796825680570393, 26.1606838286888 ], [ 91.796829136389306, 26.160404709920201 ], [ 91.796846412788895, 26.1602915117194 ], [ 91.796874054848502, 26.1601504010378 ], [ 91.796877509769104, 26.160103880942302 ], [ 91.796886147968806, 26.160080620887602 ], [ 91.796910335107896, 26.160065114181901 ], [ 91.796981168166297, 26.160065114181901 ], [ 91.797079643284405, 26.160079070378401 ], [ 91.797157387082294, 26.1600930265732 ], [ 91.797269682781106, 26.160106981960102 ], [ 91.797347426578995, 26.1601224886602 ], [ 91.797478727035895, 26.160139546673001 ], [ 91.797627303892298, 26.160173661078598 ], [ 91.7976981369508, 26.1601845154402 ], [ 91.797786245510494, 26.160195370607099 ], [ 91.797869172587596, 26.160198471622401 ], [ 91.797924456706795, 26.160198471622401 ], [ 91.797990106486097, 26.160176762094501 ], [ 91.798010838704599, 26.160172110570599 ], [ 91.798024659285204, 26.160164357224101 ], [ 91.798031570024705, 26.1601441981982 ], [ 91.798021204364602, 26.160096127591199 ], [ 91.797997840980699, 26.160045306684498 ], [ 91.797960736966203, 26.1598836858944 ], [ 91.797919273427695, 26.159747227066699 ], [ 91.797876083327097, 26.159537886573599 ], [ 91.797863989308397, 26.159458802146201 ], [ 91.797860534387794, 26.159399876823201 ], [ 91.797874354968499, 26.1592773729157 ], [ 91.797896814647203, 26.1591409133787 ], [ 91.797917545967394, 26.158996700258001 ], [ 91.797936549827199, 26.158914514414299 ], [ 91.797962464426504, 26.158767199154202 ], [ 91.797965920245403, 26.158691216066 ], [ 91.797983196644907, 26.158612131064601 ], [ 91.797991834844694, 26.158547002389302 ], [ 91.798005655425399, 26.158488075799401 ], [ 91.798021204364602, 26.158441555847201 ], [ 91.798045391503607, 26.158422947054898 ], [ 91.798060939544598, 26.158407440128801 ], [ 91.7980798356066, 26.158374391146999 ], [ 91.798147459882898, 26.1579762859628 ], [ 91.798164045478003, 26.157750008910298 ], [ 91.798152504821502, 26.157732889268299 ], [ 91.798126590222196, 26.157718932791099 ], [ 91.798085126683603, 26.157725135759598 ], [ 91.798014293625101, 26.157735990349 ], [ 91.797905452847004, 26.157745294397198 ], [ 91.7977620592698, 26.157743743857001 ], [ 91.797549560094396, 26.157732889268299 ], [ 91.7974424467765, 26.157725135759598 ], [ 91.7973733411783, 26.1577096287408 ], [ 91.797335333458705, 26.157691019831699 ], [ 91.797295597380398, 26.157661557130499 ], [ 91.797223036861595, 26.1576119341522 ], [ 91.797159114542694, 26.1575592108736 ], [ 91.797090008944494, 26.1575235443539 ], [ 91.797017448425706, 26.157529747332902 ], [ 91.796975984887098, 26.157543703832701 ], [ 91.796925884047099, 26.157571616020999 ], [ 91.796908607647595, 26.157585572515899 ], [ 91.796879237229405, 26.1581190118956 ], [ 91.796863689188399, 26.1581407218065 ], [ 91.796841229509695, 26.158148475287501 ], [ 91.796782489571598, 26.158151576357199 ], [ 91.796665010593699, 26.1581469247526 ], [ 91.796442145758206, 26.158136069395098 ], [ 91.796034423806901, 26.1581112584126 ], [ 91.7958443843103, 26.158081795011299 ], [ 91.795711356393099, 26.158063186967901 ], [ 91.795630157674594, 26.158061636431899 ], [ 91.795453938758499, 26.158070940454099 ], [ 91.795352007821606, 26.158083346353401 ], [ 91.795092862726705, 26.1580879979606 ], [ 91.794975383748806, 26.158075592868101 ], [ 91.794833717631803, 26.1580569840173 ], [ 91.794755973833901, 26.158038375969898 ], [ 91.794693778975201, 26.1580213184561 ], [ 91.794638494856002, 26.158016666040002 ], [ 91.794610852796396, 26.1580182165766 ], [ 91.794557296137498, 26.158024419529301 ], [ 91.794517560059205, 26.1580259700658 ], [ 91.794486463078997, 26.158029071945101 ], [ 91.794450182819602, 26.158016666040002 ], [ 91.794410446741395, 26.157999608523099 ], [ 91.794360345901296, 26.1579794499294 ], [ 91.7943154274422, 26.157977898585901 ], [ 91.794239411104499, 26.157987203421101 ], [ 91.794139208526204, 26.157990304495101 ], [ 91.794101199908198, 26.1579732469744 ], [ 91.794064919648804, 26.157937580581301 ], [ 91.794009635529605, 26.157881755566699 ], [ 91.793945713210604, 26.1578538434526 ], [ 91.793873152691802, 26.157863147491401 ], [ 91.793783315773496, 26.1578771039513 ], [ 91.793605369397199, 26.157925175472801 ], [ 91.793417056462502, 26.157990304495101 ], [ 91.793284028545401, 26.158047679993999 ], [ 91.793171732846602, 26.158112808948001 ], [ 91.793066346989093, 26.158153126892099 ], [ 91.792967871870999, 26.158156228768 ], [ 91.792895311352197, 26.1581422723415 ], [ 91.792814112633707, 26.1581081573418 ], [ 91.792751917775007, 26.1580585353597 ], [ 91.792722547356803, 26.158010463086999 ], [ 91.792694905297196, 26.157945334075801 ], [ 91.792681084716506, 26.1578864079883 ], [ 91.792682812176807, 26.1578212789079 ], [ 91.792679356357894, 26.157774757883502 ], [ 91.792662079958404, 26.157728236840601 ], [ 91.792618889857806, 26.1576755128083 ], [ 91.792525597120601, 26.157644499561702 ], [ 91.792383931003698, 26.157625890642201 ], [ 91.792295821545693, 26.157610383610098 ], [ 91.792231899226707, 26.1575917754915 ], [ 91.792200801348201, 26.157560761416299 ], [ 91.792138606489502, 26.1575157908314 ], [ 91.792085049830604, 26.1574708210354 ], [ 91.792000396191497, 26.157446009911499 ], [ 91.791914014193793, 26.157435154488802 ], [ 91.791817266536, 26.157453763438699 ], [ 91.791730885436607, 26.157472371579299 ], [ 91.791630898453803, 26.157494856479101 ], [ 91.791536418143806, 26.1575069713601 ], [ 91.791433839521503, 26.157528778142598 ], [ 91.791360955609306, 26.157528778142598 ], [ 91.791333961234997, 26.157526355167001 ], [ 91.791312365735607, 26.157497279455502 ], [ 91.791312365735607, 26.157422167973401 ], [ 91.791293469673604, 26.157349478615998 ], [ 91.791258376987003, 26.157225906604499 ], [ 91.791198989363593, 26.157124142126602 ], [ 91.791150399489894, 26.1570102618223 ], [ 91.791115306803306, 26.156881843473499 ], [ 91.791088312428997, 26.156641968117501 ], [ 91.791085612991594, 26.156433591251201 ], [ 91.791058619515596, 26.156312441270501 ], [ 91.790947942580999, 26.156128293865098 ], [ 91.791149882958607, 26.155844642318399 ], [ 91.791347594966098, 26.155590273502501 ], [ 91.791446450969801, 26.155471962536499 ], [ 91.791512354972298, 26.155341820173899 ], [ 91.791571668933898, 26.1551939311327 ], [ 91.791637572936395, 26.1550164640357 ], [ 91.791624391956205, 26.154886321165101 ], [ 91.791604620935203, 26.154708853600201 ], [ 91.791591439954999, 26.154247436023098 ], [ 91.791598030894207, 26.153780101306801 ], [ 91.791571668933898, 26.1535316441235 ], [ 91.7915152313779, 26.1536076329911 ], [ 91.791475589622706, 26.153676323614398 ], [ 91.791446450969801, 26.153732776361799 ], [ 91.791314642964807, 26.1541232083983 ], [ 91.791237413901499, 26.154280231371501 ], [ 91.791136701978402, 26.1544367356592 ], [ 91.790912628010602, 26.154827165340102 ], [ 91.790472842491894, 26.155319009908201 ], [ 91.790362166455594, 26.155423199786402 ], [ 91.790294680519906, 26.1554498521898 ], [ 91.790256888395803, 26.155437737901501 ], [ 91.790224495146703, 26.155408661669401 ], [ 91.789878968054197, 26.1550573240985 ], [ 91.789501047712406, 26.154672062985298 ], [ 91.7890610412082, 26.154194725738101 ], [ 91.788348391523598, 26.153339390188499 ], [ 91.788140535739899, 26.153472657750001 ], [ 91.787687031150199, 26.153690732932599 ], [ 91.787203833647098, 26.153959690956899 ], [ 91.786618057521594, 26.154243186625099 ], [ 91.786558669898199, 26.154165649196202 ], [ 91.785881112900199, 26.154536373755999 ], [ 91.7858163264019, 26.154560604131099 ], [ 91.785786632590202, 26.154541219831401 ], [ 91.785765037090798, 26.154500028184 ], [ 91.7856246672428, 26.154228648361102 ], [ 91.785384417311704, 26.1539233452052 ], [ 91.785176561527905, 26.1536883098773 ], [ 91.785019995055407, 26.153550195639401 ], [ 91.784858028809694, 26.153455697136099 ], [ 91.784741953000207, 26.1533951206154 ], [ 91.784698762899694, 26.153426620410102 ], [ 91.784615080339407, 26.153569580103699 ], [ 91.784566490465707, 26.1536616562652 ], [ 91.784536796653896, 26.1537513084936 ], [ 91.784493605655101, 26.153807038723698 ], [ 91.784418022305402, 26.153874884185299 ], [ 91.784310044808294, 26.153959690956899 ], [ 91.784223662810504, 26.1540275363297 ], [ 91.784207466186004, 26.154083265621601 ], [ 91.784175072936804, 26.1541632261508 ], [ 91.784132746117294, 26.154214303616399 ], [ 91.784094738397599, 26.154257724887302 ], [ 91.784025632799398, 26.154335261448701 ], [ 91.783949616461697, 26.1544484662355 ], [ 91.783826955102995, 26.15470743929 ], [ 91.783766487704597, 26.154833049154401 ], [ 91.783723296705702, 26.154881121930099 ], [ 91.783685288986007, 26.154912136717702 ], [ 91.783642097987197, 26.154924542146599 ], [ 91.783585085509301, 26.1549400495356 ], [ 91.783562626728894, 26.154972614884599 ], [ 91.783533257209001, 26.155012933914001 ], [ 91.783509070069996, 26.155045500048899 ], [ 91.783490066210206, 26.1550889202042 ], [ 91.783474517270903, 26.155158703340302 ], [ 91.783465879071201, 26.155216080231799 ], [ 91.7834641516109, 26.1552765590475 ], [ 91.783453785950798, 26.1553742547854 ], [ 91.783439964471796, 26.155457993693901 ], [ 91.783433053732296, 26.155535530263901 ], [ 91.783384680352597, 26.155596008913999 ], [ 91.7832637455558, 26.1557123128058 ], [ 91.7832067339763, 26.155831718519501 ], [ 91.783151449857101, 26.155985239741302 ], [ 91.7831324450989, 26.156228702975302 ], [ 91.783115168699396, 26.1562767751759 ], [ 91.783087526639804, 26.1563093401518 ], [ 91.783052973840697, 26.156340354559699 ], [ 91.7830184219399, 26.1563992814282 ], [ 91.782957954541502, 26.156489223441501 ], [ 91.782928584123297, 26.156555903821602 ], [ 91.782923401742394, 26.1566256860803 ], [ 91.782923401742394, 26.156689265273901 ], [ 91.7829562270812, 26.1567032210679 ], [ 91.782961409462104, 26.156735786731101 ], [ 91.782951043802001, 26.156766800219302 ], [ 91.782926856662996, 26.156779206257301 ], [ 91.782887121483, 26.156788510381801 ], [ 91.782859479423394, 26.156808669987601 ], [ 91.782843930484205, 26.1568396842627 ], [ 91.782804194405898, 26.156907914993901 ], [ 91.782645252787702, 26.157430502855501 ], [ 91.782610699988695, 26.157627441184001 ], [ 91.782581329570505, 26.157793365972999 ], [ 91.782527772911493, 26.157920523052798 ], [ 91.782496675931299, 26.157962391600702 ], [ 91.782467305513094, 26.157990304495101 ], [ 91.782451757472202, 26.1581655327827 ], [ 91.782415477212794, 26.1582911389239 ], [ 91.782408566473293, 26.158399686665 ], [ 91.782386106794604, 26.158472568882001 ], [ 91.782341188335394, 26.1585423499941 ], [ 91.782284176755894, 26.158674158647699 ], [ 91.782220254436893, 26.158869544351301 ], [ 91.782121779318899, 26.1591067986711 ], [ 91.782104502919296, 26.159196737790701 ], [ 91.782095864719494, 26.1593223428215 ], [ 91.782082043240607, 26.1593890215823 ], [ 91.782030214041995, 26.159472758415198 ], [ 91.7819852955828, 26.159548740994399 ], [ 91.7819231007241, 26.159658838886401 ], [ 91.781874727344402, 26.159717764884899 ], [ 91.781824625606006, 26.159758082274301 ], [ 91.781800438467002, 26.159793747304501 ], [ 91.781807349206503, 26.159852673234798 ], [ 91.781769341486793, 26.1600589113377 ], [ 91.781691597688905, 26.1602868593938 ], [ 91.781629402830205, 26.160462084231501 ], [ 91.781551659032203, 26.160694683002902 ], [ 91.781525744432898, 26.1607613617855 ], [ 91.781449728993607, 26.160916427018002 ], [ 91.781413448734199, 26.161167633240801 ], [ 91.781396172334695, 26.1612963371355 ], [ 91.781373712655906, 26.161389375550499 ], [ 91.781325339276194, 26.161485515678699 ], [ 91.781202677019095, 26.161735170188699 ], [ 91.781178489880006, 26.161804949349101 ], [ 91.781119750840205, 26.1618545697374 ], [ 91.781045850035099, 26.161901279417801 ], [ 91.780599477170398, 26.1630681082876 ], [ 91.780807350022101, 26.163089631833799 ], [ 91.781257762610593, 26.163087760466599 ], [ 91.781528844518903, 26.1630784020177 ], [ 91.781718601944604, 26.163044713369501 ], [ 91.781827034887598, 26.1629904372383 ], [ 91.781906274380503, 26.162893113928799 ], [ 91.782035559017899, 26.1626217318613 ], [ 91.782108542643101, 26.1625281518028 ], [ 91.782208634728704, 26.162432699485301 ], [ 91.782321237651303, 26.162337247895898 ], [ 91.782442182329504, 26.162254896699199 ], [ 91.782636109734796, 26.1621557013939 ], [ 91.783144910121806, 26.161901162506599 ], [ 91.783614090313193, 26.161672824943999 ], [ 91.783937303254206, 26.1615343250782 ], [ 91.784181276702199, 26.161451973314701 ], [ 91.784464870345801, 26.1613976964423 ], [ 91.784798509133907, 26.161304115401698 ], [ 91.785138403789603, 26.1611918178927 ], [ 91.7856722267489, 26.1610046545998 ], [ 91.785734784526994, 26.160987810380501 ], [ 91.785776488813994, 26.160999039591601 ], [ 91.785805682264197, 26.161034601037102 ], [ 91.785920371074795, 26.161251709857201 ], [ 91.785941223667507, 26.161298500407899 ], [ 91.785966246239695, 26.161326574568001 ], [ 91.785997525577898, 26.1613359331574 ], [ 91.786057997467907, 26.161345290939799 ], [ 91.786299885926098, 26.161345290939799 ], [ 91.786839963854703, 26.161380851473499 ], [ 91.786912947480005, 26.1614145414087 ], [ 91.786992186972896, 26.1614370005537 ], [ 91.7870484888833, 26.1614444869344 ], [ 91.787117301630701, 26.1614444869344 ], [ 91.787196541123606, 26.1614295141725 ], [ 91.787246587166393, 26.161407054219701 ], [ 91.787284121473903, 26.161395825048 ], [ 91.787382127671407, 26.161371493693999 ], [ 91.787490560614401, 26.161362135913699 ], [ 91.787578140964698, 26.161360263712599 ], [ 91.787703255622503, 26.161378980078901 ], [ 91.788159924078698, 26.161435129160001 ], [ 91.788330914799801, 26.161485662423001 ], [ 91.788418495150097, 26.161528710095499 ], [ 91.7884664553048, 26.1615455542366 ], [ 91.788589484972803, 26.161553041416699 ], [ 91.788635360137704, 26.1615249665048 ], [ 91.788672894445298, 26.161491277407801 ], [ 91.788720855498298, 26.161476304651899 ], [ 91.788779242398505, 26.161472561059501 ], [ 91.788827202553193, 26.161485662423001 ], [ 91.788912697913702, 26.161517480129199 ], [ 91.788968999824206, 26.161519352327801 ], [ 91.789058665164305, 26.161472561059501 ], [ 91.789181694832294, 26.161408926420101 ], [ 91.789302638612298, 26.161364007308599 ], [ 91.789471543445202, 26.1613321895605 ], [ 91.789707176035904, 26.161294756809799 ], [ 91.790024134007396, 26.161247966257601 ], [ 91.790551701099105, 26.1611899456888 ], [ 91.790993772830205, 26.161167486496101 ], [ 91.791473378868801, 26.161135668694499 ], [ 91.791468818122098, 26.161293002325699 ], [ 91.791478592690694, 26.161424600655099 ], [ 91.791498141827901, 26.161541577629499 ], [ 91.791543756481403, 26.1616848732756 ], [ 91.791625211219795, 26.161831093141199 ], [ 91.791713182337205, 26.1619626916698 ], [ 91.791827218970994, 26.162073818519598 ], [ 91.7919999039147, 26.162234659825302 ], [ 91.792140006064699, 26.162351635987299 ], [ 91.7922475263194, 26.162486157501402 ], [ 91.792335497436895, 26.162655771363202 ], [ 91.792364821142698, 26.162845856376599 ], [ 91.792325722868199, 26.162997923519299 ], [ 91.792302915541498, 26.1631616887191 ], [ 91.792302915541498, 26.1633429990293 ], [ 91.792302915541498, 26.163503838584798 ], [ 91.792377853900803, 26.163690997867199 ], [ 91.792472342295696, 26.163834290872501 ], [ 91.792618960824797, 26.1639717350184 ], [ 91.792801419438703, 26.164135498850701 ], [ 91.793127239290598, 26.164363596968101 ], [ 91.793518222933201, 26.164585846792999 ], [ 91.793993919503706, 26.1648139440296 ], [ 91.794453325126497, 26.165009874157299 ], [ 91.794889923422602, 26.165153165542101 ], [ 91.795659165173404, 26.165376782086199 ], [ 91.795694697136099, 26.165387111088101 ], [ 91.795697674153004, 26.164094304947199 ], [ 91.795790827651302, 26.1614576044269 ] ] ] ] } },
{ "type": "Feature", "properties": { "ward_number": 39, "ward_lgd_name": "Guwahati (M Corp.) - Ward No.39" }, "geometry": { "type": "MultiPolygon", "coordinates": [ [ [ [ 91.775420167636298, 26.161180595150501 ], [ 91.775751078240901, 26.161075499306499 ], [ 91.776188898245707, 26.162204137204199 ], [ 91.776799508297202, 26.163576245942899 ], [ 91.776832789081794, 26.1636538795135 ], [ 91.777081349327602, 26.163547622446 ], [ 91.777447218769794, 26.163388107659401 ], [ 91.777683808964497, 26.163296114964702 ], [ 91.777859063089906, 26.163250214536902 ], [ 91.777967162758003, 26.163228653931601 ], [ 91.7780405632015, 26.163222664918699 ], [ 91.778099283376704, 26.163231049375401 ], [ 91.778166011134303, 26.163227455806499 ], [ 91.778315481814403, 26.163167564856501 ], [ 91.778888006891094, 26.162923209042599 ], [ 91.779144241444399, 26.162830977322901 ], [ 91.779329745347198, 26.162753118252802 ], [ 91.7794004768961, 26.162707601400001 ], [ 91.779451189488796, 26.162664479178598 ], [ 91.779448520594102, 26.162628544116401 ], [ 91.779432506327495, 26.162585422671999 ], [ 91.779339337557801, 26.162335376516602 ], [ 91.779796006013996, 26.1621931338683 ], [ 91.780140071547606, 26.162092067127301 ], [ 91.780411153455901, 26.162013459332702 ], [ 91.780678064486395, 26.161957310529999 ], [ 91.781045850035099, 26.161901279417801 ], [ 91.781119750840205, 26.1618545697374 ], [ 91.781178489880006, 26.161804949349101 ], [ 91.781202677019095, 26.161735170188699 ], [ 91.781325339276194, 26.161485515678699 ], [ 91.781373712655906, 26.161389375550499 ], [ 91.781396172334695, 26.1612963371355 ], [ 91.781413448734199, 26.161167633240801 ], [ 91.781449728993607, 26.160916427018002 ], [ 91.781525744432898, 26.1607613617855 ], [ 91.781551659032203, 26.160694683002902 ], [ 91.781629402830205, 26.160462084231501 ], [ 91.781691597688905, 26.1602868593938 ], [ 91.781769341486793, 26.1600589113377 ], [ 91.781807349206503, 26.159852673234798 ], [ 91.781800438467002, 26.159793747304501 ], [ 91.781824625606006, 26.159758082274301 ], [ 91.781874727344402, 26.159717764884899 ], [ 91.7819231007241, 26.159658838886401 ], [ 91.7819852955828, 26.159548740994399 ], [ 91.782030214041995, 26.159472758415198 ], [ 91.782082043240607, 26.1593890215823 ], [ 91.782095864719494, 26.1593223428215 ], [ 91.782104502919296, 26.159196737790701 ], [ 91.782121779318899, 26.1591067986711 ], [ 91.782220254436893, 26.158869544351301 ], [ 91.782284176755894, 26.158674158647699 ], [ 91.782341188335394, 26.1585423499941 ], [ 91.782386106794604, 26.158472568882001 ], [ 91.782408566473293, 26.158399686665 ], [ 91.782415477212794, 26.1582911389239 ], [ 91.782451757472202, 26.1581655327827 ], [ 91.782467305513094, 26.157990304495101 ], [ 91.782496675931299, 26.157962391600702 ], [ 91.782527772911493, 26.157920523052798 ], [ 91.782581329570505, 26.157793365972999 ], [ 91.782610699988695, 26.157627441184001 ], [ 91.782645252787702, 26.157430502855501 ], [ 91.782804194405898, 26.156907914993901 ], [ 91.782843930484205, 26.1568396842627 ], [ 91.782859479423394, 26.156808669987601 ], [ 91.782887121483, 26.156788510381801 ], [ 91.782926856662996, 26.156779206257301 ], [ 91.782951043802001, 26.156766800219302 ], [ 91.782961409462104, 26.156735786731101 ], [ 91.7829562270812, 26.1567032210679 ], [ 91.782923401742394, 26.156689265273901 ], [ 91.782923401742394, 26.1566256860803 ], [ 91.782928584123297, 26.156555903821602 ], [ 91.782957954541502, 26.156489223441501 ], [ 91.7830184219399, 26.1563992814282 ], [ 91.783052973840697, 26.156340354559699 ], [ 91.783087526639804, 26.1563093401518 ], [ 91.783115168699396, 26.1562767751759 ], [ 91.7831324450989, 26.156228702975302 ], [ 91.783151449857101, 26.155985239741302 ], [ 91.7832067339763, 26.155831718519501 ], [ 91.7832637455558, 26.1557123128058 ], [ 91.783384680352597, 26.155596008913999 ], [ 91.783433053732296, 26.155535530263901 ], [ 91.783439964471796, 26.155457993693901 ], [ 91.783453785950798, 26.1553742547854 ], [ 91.7834641516109, 26.1552765590475 ], [ 91.783465879071201, 26.155216080231799 ], [ 91.783474517270903, 26.155158703340302 ], [ 91.783490066210206, 26.1550889202042 ], [ 91.783509070069996, 26.155045500048899 ], [ 91.783533257209001, 26.155012933914001 ], [ 91.783562626728894, 26.154972614884599 ], [ 91.783585085509301, 26.1549400495356 ], [ 91.783642097987197, 26.154924542146599 ], [ 91.783685288986007, 26.154912136717702 ], [ 91.783723296705702, 26.154881121930099 ], [ 91.783766487704597, 26.154833049154401 ], [ 91.783826955102995, 26.15470743929 ], [ 91.783949616461697, 26.1544484662355 ], [ 91.784025632799398, 26.154335261448701 ], [ 91.784094738397599, 26.154257724887302 ], [ 91.784132746117294, 26.154214303616399 ], [ 91.784175072936804, 26.1541632261508 ], [ 91.784207466186004, 26.154083265621601 ], [ 91.784223662810504, 26.1540275363297 ], [ 91.784310044808294, 26.153959690956899 ], [ 91.784418022305402, 26.153874884185299 ], [ 91.784493605655101, 26.153807038723698 ], [ 91.784536796653896, 26.1537513084936 ], [ 91.784566490465707, 26.1536616562652 ], [ 91.784615080339407, 26.153569580103699 ], [ 91.784698762899694, 26.153426620410102 ], [ 91.784741953000207, 26.1533951206154 ], [ 91.784858028809694, 26.153455697136099 ], [ 91.785019995055407, 26.153550195639401 ], [ 91.785176561527905, 26.1536883098773 ], [ 91.785384417311704, 26.1539233452052 ], [ 91.7856246672428, 26.154228648361102 ], [ 91.785765037090798, 26.154500028184 ], [ 91.785786632590202, 26.154541219831401 ], [ 91.7858163264019, 26.154560604131099 ], [ 91.785881112900199, 26.154536373755999 ], [ 91.786558669898199, 26.154165649196202 ], [ 91.786618057521594, 26.154243186625099 ], [ 91.787203833647098, 26.153959690956899 ], [ 91.787687031150199, 26.153690732932599 ], [ 91.788140535739899, 26.153472657750001 ], [ 91.788348391523598, 26.153339390188499 ], [ 91.7890610412082, 26.154194725738101 ], [ 91.789501047712406, 26.154672062985298 ], [ 91.789878968054197, 26.1550573240985 ], [ 91.790224495146703, 26.155408661669401 ], [ 91.790256888395803, 26.155437737901501 ], [ 91.790294680519906, 26.1554498521898 ], [ 91.790362166455594, 26.155423199786402 ], [ 91.790472842491894, 26.155319009908201 ], [ 91.790912628010602, 26.154827165340102 ], [ 91.791136701978402, 26.1544367356592 ], [ 91.791237413901499, 26.154280231371501 ], [ 91.791314642964807, 26.1541232083983 ], [ 91.791446450969801, 26.153732776361799 ], [ 91.791475589622706, 26.153676323614398 ], [ 91.7915152313779, 26.1536076329911 ], [ 91.791571668933898, 26.1535316441235 ], [ 91.791644395641001, 26.153106776751699 ], [ 91.791698383491294, 26.152857201344101 ], [ 91.791733476177797, 26.1527627014732 ], [ 91.791765869426996, 26.1526972784409 ], [ 91.791830655925295, 26.152610047673999 ], [ 91.791915687755093, 26.152499949580601 ], [ 91.792127746755995, 26.152253432977599 ], [ 91.792301544712402, 26.152017560517201 ], [ 91.792459791932799, 26.1517919556964 ], [ 91.790822799177107, 26.1509164556211 ], [ 91.790452991520695, 26.150704233472499 ], [ 91.790353561493504, 26.1506364869626 ], [ 91.790095144033998, 26.150476876303902 ], [ 91.789760785695407, 26.150284776996099 ], [ 91.789524162263007, 26.150175291159201 ], [ 91.788984275675602, 26.149944336562999 ], [ 91.788773382687907, 26.1498307524453 ], [ 91.788258804337005, 26.149527860924199 ], [ 91.786636146896498, 26.148539859997999 ], [ 91.785135677402707, 26.149805233318201 ], [ 91.785899381039798, 26.1481381901216 ], [ 91.785827930838806, 26.1482075645484 ], [ 91.785559627419602, 26.1483921244177 ], [ 91.785298614727296, 26.1485950089006 ], [ 91.785114884997199, 26.148759934533601 ], [ 91.784980733287597, 26.148846323904198 ], [ 91.784824708499102, 26.1489366402526 ], [ 91.784404755086996, 26.149126434747298 ], [ 91.784051877978797, 26.149278270604601 ], [ 91.783647963985999, 26.149498170377999 ], [ 91.783531310559795, 26.1495662336457 ], [ 91.783389868123393, 26.149684036943 ], [ 91.782956791223199, 26.150066241463801 ], [ 91.782780352220001, 26.150224620558198 ], [ 91.782631618158405, 26.150369909729001 ], [ 91.782360398807796, 26.150631692332201 ], [ 91.781820875139701, 26.1511277686173 ], [ 91.781032004301593, 26.151831957314901 ], [ 91.780518727609504, 26.152287452927101 ], [ 91.780230009975497, 26.152546613013001 ], [ 91.779737148396606, 26.152986399021401 ], [ 91.779659864536001, 26.153071476564499 ], [ 91.779019727759504, 26.153737696653899 ], [ 91.778341677586397, 26.154371191002401 ], [ 91.7777365364784, 26.154897355024499 ], [ 91.7770803593842, 26.1554483854772 ], [ 91.776427098221404, 26.155978470639798 ], [ 91.775757797639201, 26.156584467753799 ], [ 91.775053500490102, 26.157080517924001 ], [ 91.774336080751397, 26.157507198740898 ], [ 91.774162557679503, 26.157585728940798 ], [ 91.7740386135265, 26.157628919963901 ], [ 91.773911752543796, 26.1576616409872 ], [ 91.773805305775895, 26.157678655818899 ], [ 91.773508208656907, 26.157698733026901 ], [ 91.773244769615005, 26.157717905547798 ], [ 91.772867410720295, 26.157762640611399 ], [ 91.772660932053995, 26.1577977902115 ], [ 91.772433092348507, 26.157848916077199 ], [ 91.772059293477298, 26.1579383868931 ], [ 91.771778054318006, 26.157986318091101 ], [ 91.771518175299605, 26.158011880582301 ], [ 91.771279655523699, 26.1580406392853 ], [ 91.768758756460898, 26.158635489781499 ], [ 91.766974774171899, 26.159022000478899 ], [ 91.766102468708496, 26.159186069593201 ], [ 91.766220864866398, 26.1595132113479 ], [ 91.767106766331594, 26.161870094749801 ], [ 91.767472797470504, 26.162865208657799 ], [ 91.767578892997193, 26.1631508854299 ], [ 91.767806999502298, 26.1636270129035 ], [ 91.767929009582502, 26.163826985250001 ], [ 91.768716488031899, 26.164923538680799 ], [ 91.770497237284204, 26.1632825010137 ], [ 91.7715765145891, 26.162213275608099 ], [ 91.772503063922599, 26.162062486207802 ], [ 91.7741168891271, 26.1616329653808 ], [ 91.775420167636298, 26.161180595150501 ] ] ] ] } },
{ "type": "Feature", "properties": { "ward_number": 37, "ward_lgd_name": "Guwahati (M Corp.) - Ward No.37" }, "geometry": { "type": "MultiPolygon", "coordinates": [ [ [ [ 91.773825437021401, 26.1783883027733 ], [ 91.774022626209401, 26.1783196799121 ], [ 91.7741280111686, 26.178285570009098 ], [ 91.774219576445603, 26.178270065724298 ], [ 91.774285226224805, 26.1782669651896 ], [ 91.7743232339445, 26.178274717332499 ], [ 91.774430347262395, 26.178293322150701 ], [ 91.774566830998396, 26.178299524024901 ], [ 91.774787968373602, 26.178288671349499 ], [ 91.775214694184697, 26.178208048564599 ], [ 91.775632781796006, 26.1781289776054 ], [ 91.775694976654705, 26.177924320927598 ], [ 91.776367026979997, 26.177911917138999 ], [ 91.777044259686207, 26.177865404935499 ], [ 91.777249848122196, 26.177862303583801 ], [ 91.777336230119801, 26.177859203038199 ], [ 91.777388059318497, 26.1778576527654 ], [ 91.777427794498493, 26.177843698696702 ], [ 91.777502082477497, 26.1778018372868 ], [ 91.777692122872494, 26.177656096162298 ], [ 91.7777750490513, 26.177598730310901 ], [ 91.777890800568898, 26.177570822916 ], [ 91.778098116465102, 26.1775692718332 ], [ 91.778386631978194, 26.177580125381802 ], [ 91.778849638048698, 26.177612684408899 ], [ 91.778987849244999, 26.177279340713099 ], [ 91.778998214905101, 26.177254533803598 ], [ 91.779029311885296, 26.177248331873798 ], [ 91.779079413623606, 26.177243680224699 ], [ 91.7791149204335, 26.1772444194903 ], [ 91.779145132573206, 26.177082248538198 ], [ 91.779141815993199, 26.1770425578969 ], [ 91.7791429218193, 26.177006835260201 ], [ 91.779131864456403, 26.176987981933099 ], [ 91.779127442050296, 26.176967144593299 ], [ 91.779127442050296, 26.1769502752697 ], [ 91.779131864456403, 26.1769294371169 ], [ 91.779136287760906, 26.176901653713699 ], [ 91.779138498514797, 26.176839140024398 ], [ 91.779138498514797, 26.176817309442502 ], [ 91.7791429218193, 26.176792502434601 ], [ 91.779153978283802, 26.176756779721298 ], [ 91.779167246400505, 26.176727011456901 ], [ 91.779178303763402, 26.1766982355952 ], [ 91.779184937821697, 26.1766754125766 ], [ 91.7791993117646, 26.176663505263399 ], [ 91.779241327767096, 26.176660528837999 ], [ 91.779324253945902, 26.176669458920198 ], [ 91.779546497147194, 26.176709150494698 ], [ 91.779661488690095, 26.1767309810967 ], [ 91.779720089389301, 26.176750826069 ], [ 91.779795276582007, 26.176784563965199 ], [ 91.779890365949697, 26.176822270682301 ], [ 91.779985454419204, 26.176875854315 ], [ 91.780152413501298, 26.176982028292599 ], [ 91.780217648258898, 26.177024696983 ], [ 91.780275144030298, 26.1770604188081 ], [ 91.780323794989499, 26.177083240945102 ], [ 91.780366915919799, 26.177101102656302 ], [ 91.780425517517301, 26.1771249171919 ], [ 91.780541614886303, 26.177158654979898 ], [ 91.780703044837793, 26.177209261240399 ], [ 91.780783760262693, 26.1772390293816 ], [ 91.780877743804396, 26.1772727671366 ], [ 91.780939661982003, 26.177291620417598 ], [ 91.780997157753404, 26.1773124576995 ], [ 91.781109937644104, 26.177356118673501 ], [ 91.781217189302495, 26.177392832801299 ], [ 91.781253677072698, 26.1774057324442 ], [ 91.781282424958405, 26.177419624489598 ], [ 91.781337709077604, 26.177437485342999 ], [ 91.781366456963397, 26.177440461748599 ], [ 91.781408472965794, 26.177448400173301 ], [ 91.781430586793107, 26.177449392577099 ], [ 91.781454911374396, 26.1774414541525 ], [ 91.781486976738506, 26.1774235932997 ], [ 91.781585382686302, 26.1773323033789 ], [ 91.781781089654103, 26.177145755309699 ], [ 91.781959105200698, 26.1769721058266 ], [ 91.782006649435402, 26.176921499463099 ], [ 91.7820265516105, 26.176904630132899 ], [ 91.782054193670106, 26.176900661305201 ], [ 91.782082941555899, 26.176912568594101 ], [ 91.782176925097502, 26.176978059467501 ], [ 91.782526322132298, 26.177165600211399 ], [ 91.782819329221795, 26.1772886432021 ], [ 91.783264920552199, 26.1774355005352 ], [ 91.783949340679001, 26.1776865470198 ], [ 91.784428819156801, 26.177850869616201 ], [ 91.784895820933698, 26.176830972602701 ], [ 91.7849633068694, 26.1766759285332 ], [ 91.784990301243695, 26.1766008285975 ], [ 91.785014596180503, 26.176511193126899 ], [ 91.7850280933677, 26.1764070228942 ], [ 91.785038891117395, 26.176222906411802 ], [ 91.785033492242505, 26.175857096781701 ], [ 91.785027661278093, 26.175711837745101 ], [ 91.785038026938096, 26.175677727885098 ], [ 91.785063941537402, 26.175660672951398 ], [ 91.7851123149172, 26.175643618015101 ], [ 91.7851814205153, 26.1756250119677 ], [ 91.785245342834301, 26.175637415999699 ], [ 91.785285078912594, 26.175637415999699 ], [ 91.785331724832005, 26.175631213983898 ], [ 91.785397374611307, 26.175614159043299 ], [ 91.785438838149901, 26.175614159043299 ], [ 91.785485484069298, 26.175614159043299 ], [ 91.785530402528494, 26.1756234616652 ], [ 91.785564955327601, 26.175631213983898 ], [ 91.785589142466605, 26.175645168317399 ], [ 91.785599508126694, 26.175668425267599 ], [ 91.785592597387193, 26.175702535130199 ], [ 91.785587415006304, 26.175721140359101 ], [ 91.785570138606701, 26.175741296692198 ], [ 91.785561500406999, 26.175766103923799 ], [ 91.785554589667498, 26.175790911150202 ], [ 91.785556317127799, 26.1758203700773 ], [ 91.7855684111465, 26.175837424987701 ], [ 91.785587415006304, 26.175856030195 ], [ 91.785613329605596, 26.175865333603799 ], [ 91.785651337325305, 26.175874636205499 ], [ 91.785689345044901, 26.175869984501599 ], [ 91.785737719322995, 26.175854479895499 ], [ 91.785768816303204, 26.175829672682699 ], [ 91.785796458362796, 26.175817269477399 ], [ 91.785839649361705, 26.1758203700773 ], [ 91.785870747240196, 26.175828122382899 ], [ 91.785903571680706, 26.175831222982499 ], [ 91.785924303899094, 26.175814168071302 ], [ 91.785948490139802, 26.175781608541701 ], [ 91.785960584158502, 26.175766103923799 ], [ 91.785988226218095, 26.175767654224501 ], [ 91.7860141408174, 26.175789360849802 ], [ 91.786040055416706, 26.175800213757899 ], [ 91.786062514197098, 26.175804865464599 ], [ 91.786081518057003, 26.175786260249101 ], [ 91.786090156256705, 26.175759901914901 ], [ 91.786103977735706, 26.175727342370099 ], [ 91.786155806934303, 26.175711837745101 ], [ 91.786402858908801, 26.175742846993199 ], [ 91.7866412717852, 26.1758095171711 ], [ 91.786871047360194, 26.175859131600099 ], [ 91.786993709617306, 26.175877736803901 ], [ 91.787073180875495, 26.1758808382084 ], [ 91.787221757731899, 26.175874636205499 ], [ 91.787434256907304, 26.175885489105699 ], [ 91.787653665923898, 26.175888589703799 ], [ 91.7878056985992, 26.1759009937077 ], [ 91.787914539377397, 26.1759133977103 ], [ 91.787999193016503, 26.175924250606801 ], [ 91.788054478033999, 26.175935103502301 ], [ 91.788097668134498, 26.175961461797002 ], [ 91.788121855273602, 26.175987819279499 ], [ 91.788137404212804, 26.176006424462798 ], [ 91.788194415792304, 26.176031231637999 ], [ 91.788266977209403, 26.1760560388079 ], [ 91.788361996508598, 26.17607309449 ], [ 91.788443195227103, 26.1760901493634 ], [ 91.788470837286695, 26.176096351354801 ], [ 91.788520939025105, 26.176105653938102 ], [ 91.788596955362706, 26.1761087545304 ], [ 91.788786994859393, 26.1760792956761 ], [ 91.788951120655099, 26.176051387917401 ], [ 91.789424492385606, 26.175944406098601 ], [ 91.789573069241996, 26.175914948008899 ], [ 91.789726828479303, 26.175885489105699 ], [ 91.789833941797198, 26.1758808382084 ], [ 91.789908229776202, 26.175874636205499 ], [ 91.789975607914101, 26.175918048606199 ], [ 91.789989428494707, 26.175970764391099 ], [ 91.790001522513407, 26.176014176755999 ], [ 91.790004977433995, 26.176042085329701 ], [ 91.790004977433995, 26.176068442794001 ], [ 91.789987701034505, 26.176099451947199 ], [ 91.789979062834703, 26.176132011387999 ], [ 91.790011888173495, 26.1761382133772 ], [ 91.790067172292694, 26.176113406224701 ], [ 91.790108635831302, 26.1760901493634 ], [ 91.790170830689902, 26.176071543387199 ], [ 91.7902295706281, 26.1760637910978 ], [ 91.790265850887494, 26.176059140207599 ], [ 91.7902934929471, 26.1760746447865 ], [ 91.790296947867603, 26.176110304826398 ], [ 91.790298675327904, 26.176169222511799 ], [ 91.790305586067404, 26.176217286492999 ], [ 91.790305586067404, 26.176240543329001 ], [ 91.790312496806905, 26.176279303905901 ], [ 91.790331500666696, 26.176311864102601 ], [ 91.790371235846706, 26.176336671212798 ], [ 91.790447252184407, 26.176353726047601 ], [ 91.790552638041902, 26.1763583769261 ], [ 91.790658023899496, 26.1763583769261 ], [ 91.790782413616895, 26.1763475240699 ], [ 91.790854974135598, 26.176325817548499 ], [ 91.790891254395007, 26.176277753612101 ], [ 91.790908530794496, 26.176198680537201 ], [ 91.790913714073696, 26.176161470229001 ], [ 91.790924079733799, 26.176127359694402 ], [ 91.790937900314404, 26.1760901493634 ], [ 91.790960359993207, 26.176057589910901 ], [ 91.790993185331999, 26.176038983929502 ], [ 91.791017371572707, 26.1760033238678 ], [ 91.791039831251396, 26.1759754152848 ], [ 91.791050196911499, 26.175942855800301 ], [ 91.791064017492104, 26.1759056454103 ], [ 91.791091660450107, 26.175883938806599 ], [ 91.791140033829805, 26.175890140808999 ], [ 91.7912402364082, 26.175911846605398 ], [ 91.791342167345107, 26.175922700308199 ], [ 91.791440642463201, 26.1759102963067 ], [ 91.791554666520497, 26.1759211500096 ], [ 91.791630681959802, 26.175945957203002 ], [ 91.791672145498396, 26.175966112691 ], [ 91.791786169555706, 26.175989369577099 ], [ 91.791865640813995, 26.176001773570299 ], [ 91.791898465254505, 26.176023479345901 ], [ 91.791934746412196, 26.176037433632501 ], [ 91.791991757991696, 26.176046736220599 ], [ 91.792053952850395, 26.176049837620599 ], [ 91.792155882889006, 26.176045185923702 ], [ 91.792237082505906, 26.176025030449299 ], [ 91.792321736144999, 26.1759971218715 ], [ 91.792390841743199, 26.175978516686701 ], [ 91.792456491522401, 26.175961461797002 ], [ 91.792594702718802, 26.175958360394599 ], [ 91.7926482593777, 26.175961461797002 ], [ 91.792706998417501, 26.175961461797002 ], [ 91.792803746075293, 26.175973864986901 ], [ 91.792876307492406, 26.176000222466602 ], [ 91.792922953411804, 26.176017278156799 ], [ 91.792966144410698, 26.176014176755999 ], [ 91.793030066729699, 26.175953709500199 ], [ 91.793085350848898, 26.1758451772921 ], [ 91.793137180047495, 26.1757583516141 ], [ 91.793168277027704, 26.1756591226493 ], [ 91.793176915227505, 26.175628113378899 ], [ 91.793346223404001, 26.175547489559801 ], [ 91.793451609261595, 26.175508727933501 ], [ 91.793712482715094, 26.175411049061498 ], [ 91.793850693013098, 26.175359883329602 ], [ 91.793966444530696, 26.175311818994899 ], [ 91.794134025247004, 26.1752063876115 ], [ 91.794206585765707, 26.175159873522201 ], [ 91.794251504224903, 26.175125763500699 ], [ 91.794277418824194, 26.1751071573707 ], [ 91.794289512842894, 26.175076148759601 ], [ 91.794298151042597, 26.1750342855496 ], [ 91.794317154902501, 26.175009478162199 ], [ 91.794393170341806, 26.174987771391599 ], [ 91.794464003400293, 26.174978468719001 ], [ 91.794533108998493, 26.174967615734499 ], [ 91.794654043795305, 26.174949010385301 ], [ 91.794723149393405, 26.174924202173599 ], [ 91.794783615893493, 26.174890092083199 ], [ 91.794940830949699, 26.174766054940001 ], [ 91.795054855006995, 26.174677678143102 ], [ 91.795118777325996, 26.174632714158601 ], [ 91.795167151604105, 26.1745582917242 ], [ 91.795212070063201, 26.1744962725896 ], [ 91.795243167043395, 26.1744652630098 ], [ 91.795275992382201, 26.174438905183099 ], [ 91.795310545181295, 26.1744109962255 ], [ 91.795369284221096, 26.174398592869299 ], [ 91.795431479079795, 26.1743908404686 ], [ 91.795485035738693, 26.174389289343399 ], [ 91.795521315998101, 26.174372234221199 ], [ 91.795536864937304, 26.174353628777101 ], [ 91.795555868797194, 26.174342775734299 ], [ 91.795588694136001, 26.1743381239692 ], [ 91.795633612595196, 26.1743381239692 ], [ 91.795702718193297, 26.174335023329899 ], [ 91.7957182671326, 26.174325719799 ], [ 91.795745909192206, 26.1743009122609 ], [ 91.795759729772797, 26.174280756484901 ], [ 91.7957752787121, 26.174224939293499 ], [ 91.7957821894516, 26.174193929641699 ], [ 91.795785644372103, 26.174175324168999 ], [ 91.795792555111603, 26.174147415148401 ], [ 91.795802920771706, 26.1741210572497 ], [ 91.7958322902916, 26.1741009006365 ], [ 91.795880664569594, 26.1740977999909 ], [ 91.795925583028804, 26.174080744826 ], [ 91.795949770167795, 26.174071441274801 ], [ 91.795951497628096, 26.174046633682501 ], [ 91.795942859428294, 26.174024927538799 ], [ 91.795920399749605, 26.173986165406198 ], [ 91.7959083066293, 26.1739582563402 ], [ 91.795922128108202, 26.173916393534899 ], [ 91.795953225088397, 26.173893136235201 ], [ 91.796030968886299, 26.173843520969498 ], [ 91.796174362463603, 26.173789253895698 ], [ 91.796393772378494, 26.1737086288048 ], [ 91.796509523896106, 26.173679169343899 ], [ 91.796604543195301, 26.1736497106819 ], [ 91.796646006733795, 26.1736404070963 ], [ 91.796663283133398, 26.173654361668198 ], [ 91.796656372393898, 26.1736822708069 ], [ 91.796649461654397, 26.173703977014402 ], [ 91.796651190012994, 26.173727234351801 ], [ 91.796673648793401, 26.1737349867966 ], [ 91.796732388731598, 26.173727234351801 ], [ 91.796981168166297, 26.173711729460699 ], [ 91.797128016664104, 26.1736962245676 ], [ 91.797283504260093, 26.1736993260301 ], [ 91.797302508119898, 26.173550479115899 ], [ 91.797359519699398, 26.173544276989102 ], [ 91.797459723176104, 26.1735721861541 ], [ 91.797585840353705, 26.173612498753801 ], [ 91.7976359420921, 26.1736481595469 ], [ 91.797673949811696, 26.1736574631318 ], [ 91.797767241650604, 26.173680719672401 ], [ 91.797829436509403, 26.1736977757019 ], [ 91.797872627508198, 26.1737132805949 ], [ 91.797921001786307, 26.1737179315787 ], [ 91.797957282045601, 26.1737179315787 ], [ 91.798000473044496, 26.1737132805949 ], [ 91.798076488483801, 26.173683821135299 ], [ 91.798114496203496, 26.173629553987102 ], [ 91.798116224562094, 26.173590791723001 ], [ 91.798121406942997, 26.173545828125398 ], [ 91.798128317682497, 26.1734962119057 ], [ 91.798131772603, 26.173463651728699 ], [ 91.798140410802802, 26.1734310915426 ], [ 91.798152504821502, 26.173417136944 ], [ 91.798185329261997, 26.173409384478099 ], [ 91.798225065340304, 26.173398531347399 ], [ 91.798245796660396, 26.1733907788803 ], [ 91.798268256339099, 26.173350466203999 ], [ 91.798294170938405, 26.1733070528471 ], [ 91.798354637438507, 26.173221775613101 ], [ 91.798411649916304, 26.1730977358886 ], [ 91.798447930175698, 26.172996954321501 ], [ 91.798472117314702, 26.172914777537901 ], [ 91.798508397574096, 26.1728139958126 ], [ 91.798618965812594, 26.1722930272282 ], [ 91.798815916048696, 26.171629409976099 ], [ 91.799081324197701, 26.170759860371898 ], [ 91.799102919697106, 26.1706823339224 ], [ 91.799138012383693, 26.170551507922202 ], [ 91.799159607883098, 26.170476404847101 ], [ 91.799175804507698, 26.170403723625501 ], [ 91.799205498319395, 26.1703334650683 ], [ 91.799251388755707, 26.1702801654449 ], [ 91.799340469292503, 26.1701735669313 ], [ 91.799440348477404, 26.170091194662898 ], [ 91.799499736100898, 26.1700209359173 ], [ 91.799542927099694, 26.169960367999298 ], [ 91.799572620911405, 26.1699070690116 ], [ 91.799605013262294, 26.169841655594801 ], [ 91.799634707074006, 26.169756860370299 ], [ 91.799672499197996, 26.169635725034599 ], [ 91.799780476695105, 26.1693328849354 ], [ 91.799864159255407, 26.169039734995799 ], [ 91.799880355880006, 26.1689937029936 ], [ 91.797873779148404, 26.1692645099007 ], [ 91.795868845435507, 26.169516885721201 ], [ 91.7957621219864, 26.169514676646099 ], [ 91.795127771258706, 26.1695015447415 ], [ 91.794925763507393, 26.169478151114099 ], [ 91.794805210494602, 26.169475226910301 ], [ 91.794704205720706, 26.1694606058904 ], [ 91.794619492792805, 26.169410894409101 ], [ 91.794518488917205, 26.169355334493201 ], [ 91.7944598415055, 26.169302698758901 ], [ 91.794424001420694, 26.169244214581799 ], [ 91.794404452283402, 26.169200351429801 ], [ 91.794332772113705, 26.169144791413501 ], [ 91.794140538032806, 26.169045367354101 ], [ 91.793984144935095, 26.1689781103995 ], [ 91.793886399249004, 26.168934247147401 ], [ 91.793844042784997, 26.168890383878701 ], [ 91.793821234559999, 26.168855293251902 ], [ 91.793772361716904, 26.1688172783943 ], [ 91.793716972494806, 26.1687997330712 ], [ 91.793668099651796, 26.1687997330712 ], [ 91.793635517756499, 26.168826051054801 ], [ 91.793612710429699, 26.1688728385666 ], [ 91.793602935861102, 26.168916701841901 ], [ 91.793629001377397, 26.168966413533902 ], [ 91.793651808704098, 26.169007352558499 ], [ 91.793651808704098, 26.1690482915687 ], [ 91.793612710429699, 26.169100927417801 ], [ 91.793593161292506, 26.169100927417801 ], [ 91.793521481122696, 26.169098003204599 ], [ 91.793462833711104, 26.169086306351002 ], [ 91.793368346214507, 26.169074609496199 ], [ 91.793273857819699, 26.169057064211799 ], [ 91.793257566872001, 26.168998579911602 ], [ 91.793202177649903, 26.168866990128699 ], [ 91.793192403081306, 26.168776339303001 ], [ 91.793189144891798, 26.1687120064162 ], [ 91.793159821185995, 26.168633051564001 ], [ 91.793120722911496, 26.1686008850855 ], [ 91.793052300931294, 26.1686038093112 ], [ 91.793016460846403, 26.168644748463102 ], [ 91.792980620761497, 26.168688611824098 ], [ 91.792912198781295, 26.168694460270999 ], [ 91.792856808660801, 26.168703233747099 ], [ 91.792824226765504, 26.1687237033073 ], [ 91.792788386680598, 26.168744172863999 ], [ 91.792785128491005, 26.168820202614501 ], [ 91.792739513837603, 26.1688523690325 ], [ 91.792631993582901, 26.168864065909599 ], [ 91.792557055223597, 26.1688962323155 ], [ 91.792583120739906, 26.168922550277401 ], [ 91.792622219014305, 26.168948868233301 ], [ 91.792680866425897, 26.168948868233301 ], [ 91.792726481079399, 26.168945944016201 ], [ 91.792788386680598, 26.168943019799102 ], [ 91.792817710386402, 26.168966413533902 ], [ 91.792811194007299, 26.169007352558499 ], [ 91.7927720957329, 26.1690219736352 ], [ 91.7927720957329, 26.169095078991301 ], [ 91.792775353922394, 26.169127245333399 ], [ 91.792736255647995, 26.169156488261201 ], [ 91.792716706510802, 26.169156488261201 ], [ 91.792651542720094, 26.1691360187769 ], [ 91.792645026341006, 26.169095078991301 ], [ 91.792641768151498, 26.169071685282301 ], [ 91.792583120739906, 26.1690365947101 ], [ 91.792566829792193, 26.169039518924802 ], [ 91.792547280655, 26.169077533709999 ], [ 91.792550538844495, 26.1691506398375 ], [ 91.792517956949098, 26.169203275640399 ], [ 91.792452793158404, 26.169223745112902 ], [ 91.792143264254193, 26.169217896692601 ], [ 91.792098953056197, 26.1695932479414 ], [ 91.792123975628499, 26.169791625815201 ], [ 91.792109378903405, 26.169832799162801 ], [ 91.792076015473796, 26.169860871268501 ], [ 91.792050992003198, 26.1698889433675 ], [ 91.7920343102884, 26.1699600600199 ], [ 91.792013457695703, 26.170119136097501 ], [ 91.791984264245599, 26.170175280970501 ], [ 91.791942559060203, 26.1702127100646 ], [ 91.791888343037897, 26.170235168321501 ], [ 91.791834127015505, 26.170244525389698 ], [ 91.791750716644799, 26.170240782884999 ], [ 91.791698585612195, 26.1702089675588 ], [ 91.791650625457507, 26.170158437269599 ], [ 91.7916151761398, 26.170115393588802 ], [ 91.791556789239493, 26.170076092402201 ], [ 91.7914754647569, 26.1700255620554 ], [ 91.791367031813905, 26.169978775006101 ], [ 91.791225235441203, 26.169926373359701 ], [ 91.791091779027695, 26.169915144202001 ], [ 91.790968750257903, 26.1699301158745 ], [ 91.790889510764998, 26.169943216287901 ], [ 91.790576886266393, 26.170016935412399 ], [ 91.790482398769797, 26.1700512952469 ], [ 91.790128069984107, 26.170223822290701 ], [ 91.789729500967297, 26.170448116821198 ], [ 91.789678591643494, 26.170476673320099 ], [ 91.789466045755702, 26.170063174211201 ], [ 91.7893387724462, 26.169765043605999 ], [ 91.789298044627898, 26.169677088707701 ], [ 91.789289136035194, 26.169648532012999 ], [ 91.789270045038805, 26.169597129944901 ], [ 91.789272589966004, 26.169557150543 ], [ 91.789271317053306, 26.169485187907402 ], [ 91.789278953631495, 26.1694097979329 ], [ 91.789286590209699, 26.169283005703001 ], [ 91.789294226787902, 26.1692475951196 ], [ 91.789305681206102, 26.169207616404002 ], [ 91.789328590042501, 26.169153929273499 ], [ 91.789357863442703, 26.169107095919099 ], [ 91.789380772279003, 26.169059120917201 ], [ 91.789401136188204, 26.169035133005799 ], [ 91.789421500097404, 26.168997437476001 ], [ 91.789435500341099, 26.1689711654865 ], [ 91.789429136675594, 26.168948319993 ], [ 91.789408772766507, 26.1689220479924 ], [ 91.789359136355401, 26.1688946327431 ], [ 91.789249681129604, 26.1688363773325 ], [ 91.789146589569299, 26.1687895438506 ], [ 91.789049861674499, 26.168747279295701 ], [ 91.788976043514296, 26.168717580741198 ], [ 91.788917497612303, 26.1687015882164 ], [ 91.788834769961198, 26.168691307882401 ], [ 91.788762224713807, 26.168698161707301 ], [ 91.788654042400694, 26.168723292126302 ], [ 91.788558587418606, 26.1687587020627 ], [ 91.788461859523807, 26.168798681738501 ], [ 91.788421131705405, 26.168818100755701 ], [ 91.788381677698197, 26.168835234895301 ], [ 91.788296404221498, 26.168860364478601 ], [ 91.788221313148597, 26.168872929671299 ], [ 91.788123312341, 26.168888921366399 ], [ 91.787941311867797, 26.1688957751796 ], [ 91.787782220230994, 26.168901486555999 ], [ 91.7876282193469, 26.1689083403685 ], [ 91.787461491131793, 26.168917478247099 ], [ 91.787363491222493, 26.168931185869901 ], [ 91.787275672818694, 26.1689586003044 ], [ 91.787220944756598, 26.1689814457959 ], [ 91.7871763990983, 26.169020282959899 ], [ 91.787145853683697, 26.1690476981797 ], [ 91.7870987630982, 26.169060262546001 ], [ 91.786814943079094, 26.169025994330202 ], [ 91.786622761100503, 26.168987157168001 ], [ 91.786414032154298, 26.168939182116802 ], [ 91.786281668092201, 26.168884352426002 ], [ 91.786065303466103, 26.1688032506821 ], [ 91.785843848087296, 26.168743852787902 ], [ 91.785423846166097, 26.168668462334001 ], [ 91.785304209434898, 26.168653613047699 ], [ 91.785213846103801, 26.1686353364422 ], [ 91.785161663867299, 26.168644474342202 ], [ 91.785129845539899, 26.1686707472116 ], [ 91.7850878448088, 26.168743852787902 ], [ 91.785072572550703, 26.168797539301 ], [ 91.7850420271361, 26.168828381078502 ], [ 91.784866389429993, 26.168844372779699 ], [ 91.784686933884004, 26.168875214544801 ], [ 91.784482024574501, 26.168882068358901 ], [ 91.784450667981105, 26.1686358629156 ], [ 91.784404059790901, 26.1682342799662 ], [ 91.784378456008696, 26.167912343590501 ], [ 91.784360557975006, 26.167771342909901 ], [ 91.784340671071206, 26.167651759951202 ], [ 91.784302887032098, 26.167560734082901 ], [ 91.784267091862901, 26.167457213749302 ], [ 91.784135840813406, 26.167159147430802 ], [ 91.784038397859604, 26.166902131376698 ], [ 91.7840006129221, 26.1668021805359 ], [ 91.783925044843798, 26.166630836038301 ], [ 91.783775896658895, 26.1664291495679 ], [ 91.783636691027496, 26.1662256768949 ], [ 91.783596918118306, 26.1661614224201 ], [ 91.783567088660902, 26.166107877400499 ], [ 91.783531293491805, 26.166061470944499 ], [ 91.783487542842593, 26.165991862032101 ], [ 91.783437826481503, 26.165957950086099 ], [ 91.783300610618497, 26.165907974271899 ], [ 91.783217087059995, 26.165893695463801 ], [ 91.783040097389403, 26.165924038130399 ], [ 91.782624471161995, 26.166000786481401 ], [ 91.782214809747998, 26.166075749731998 ], [ 91.781508840834206, 26.166193550065 ], [ 91.780824747694197, 26.166288147093901 ], [ 91.779907981912402, 26.166391667659099 ], [ 91.779528150854105, 26.166359540068701 ], [ 91.778935310377307, 26.168082705815198 ], [ 91.7783884088458, 26.169748573936602 ], [ 91.777704812474198, 26.1697262639324 ], [ 91.777705995555394, 26.169999208062201 ], [ 91.777704722642696, 26.170028906290199 ], [ 91.777693268224496, 26.170044898632899 ], [ 91.777663995722605, 26.170057462891801 ], [ 91.777621994991506, 26.1700586053169 ], [ 91.776942355698694, 26.170091730804401 ], [ 91.7754613724601, 26.1702338130541 ], [ 91.774417334267198, 26.170376038638999 ], [ 91.773544194268894, 26.170459699860402 ], [ 91.772739415165404, 26.170560093408099 ], [ 91.772474427427895, 26.170600251448001 ], [ 91.772329256983099, 26.170627022929398 ], [ 91.772154256182603, 26.170655579384398 ], [ 91.7719951645458, 26.170685920811799 ], [ 91.771881811529894, 26.170709123121899 ], [ 91.771710788469505, 26.170753741943798 ], [ 91.771523855347098, 26.170828702944998 ], [ 91.771696867277598, 26.171239200200901 ], [ 91.771919098800794, 26.171778756778501 ], [ 91.771324115842006, 26.1719811531391 ], [ 91.771691088415395, 26.172823004391699 ], [ 91.771779179008803, 26.1730195216863 ], [ 91.771874819942099, 26.1731866733906 ], [ 91.772023315950094, 26.1734351419151 ], [ 91.772428533398397, 26.174329625831 ], [ 91.772921841439995, 26.175549364758002 ], [ 91.773316991468903, 26.176667448301401 ], [ 91.773651736981407, 26.177708723287999 ], [ 91.773825437021401, 26.1783883027733 ] ] ] ] } },
{ "type": "Feature", "properties": { "ward_number": 49, "ward_lgd_name": "Guwahati (M Corp.) - Ward No.49" }, "geometry": { "type": "MultiPolygon", "coordinates": [ [ [ [ 91.7938186357338, 26.150135259137301 ], [ 91.794087379327493, 26.150130950724801 ], [ 91.794322529522802, 26.150165413181501 ], [ 91.794581674617703, 26.150247260870501 ], [ 91.794706448813997, 26.1503334161008 ], [ 91.794807227212402, 26.150389417288899 ], [ 91.794917604109699, 26.150445417643802 ], [ 91.795003985209107, 26.150475572414301 ], [ 91.795200744104093, 26.150501418778202 ], [ 91.795378306899806, 26.150514342361198 ], [ 91.795795818691005, 26.150518649953099 ], [ 91.796112551185502, 26.150510034769201 ], [ 91.796414887279198, 26.150522957544901 ], [ 91.796664434773604, 26.1505488038983 ], [ 91.797019559466605, 26.150634959712399 ], [ 91.797216318361606, 26.150686652363898 ], [ 91.797557046653907, 26.150742653382501 ], [ 91.797897774047996, 26.150764192104599 ], [ 91.798185713740907, 26.150781423240701 ], [ 91.798377672937306, 26.150781423240701 ], [ 91.798627220431698, 26.150755576132401 ], [ 91.798915159226297, 26.1506564984543 ], [ 91.799308676118002, 26.150535881125499 ], [ 91.799793373807702, 26.1503161848985 ], [ 91.800027618501204, 26.150202984166299 ], [ 91.800239910165701, 26.150111231853799 ], [ 91.800424682839903, 26.150060062279099 ], [ 91.800538690727507, 26.1500424173705 ], [ 91.800686115943805, 26.1500177151391 ], [ 91.800849266168996, 26.149985954773999 ], [ 91.801053694879897, 26.149880086827999 ], [ 91.801210948563707, 26.149791862928701 ], [ 91.801397686751699, 26.149772454452201 ], [ 91.801655188827894, 26.149791862928701 ], [ 91.802345137186904, 26.149925962680999 ], [ 91.802875866348302, 26.1501218186317 ], [ 91.803052776068796, 26.150176516834801 ], [ 91.803190372817497, 26.1502135709359 ], [ 91.803316175584797, 26.150232979339101 ], [ 91.803493085305305, 26.1502523885454 ], [ 91.803650338090804, 26.150266504769601 ], [ 91.804045436915601, 26.1502770915335 ], [ 91.804800252621305, 26.150314144796301 ], [ 91.805545238961201, 26.150344140746899 ], [ 91.806119213020395, 26.150375901014499 ], [ 91.806321677115804, 26.1504129550523 ], [ 91.806447478984794, 26.150453536918999 ], [ 91.806918801658199, 26.150646255235198 ], [ 91.807377457187698, 26.150861910973401 ], [ 91.807743288900696, 26.151033454421299 ], [ 91.807999481233097, 26.151124618173 ], [ 91.808111305316402, 26.151159123073199 ], [ 91.808261569208895, 26.151184216953201 ], [ 91.808450272910704, 26.151203038166098 ], [ 91.809177132146402, 26.151240679776301 ], [ 91.809477660829799, 26.151240679776301 ], [ 91.809694321001601, 26.151253226708199 ], [ 91.809872541364101, 26.151287731570399 ], [ 91.810113662661095, 26.151350466997499 ], [ 91.810253443214194, 26.151375561642801 ], [ 91.810431663576693, 26.151400655476301 ], [ 91.810557466343994, 26.1514257501107 ], [ 91.810693751552407, 26.151453981467199 ], [ 91.810840521896793, 26.151494759722901 ], [ 91.811060676515098, 26.151563768487801 ], [ 91.811511413395394, 26.151740778795102 ], [ 91.811563886686102, 26.151761385993499 ], [ 91.811653801757799, 26.148612212133798 ], [ 91.811674793589404, 26.147769322492 ], [ 91.811674842098398, 26.147767372659999 ], [ 91.811685539236805, 26.147337853231399 ], [ 91.810386410045894, 26.147333627773399 ], [ 91.810178529109393, 26.147332952022701 ], [ 91.810178529109393, 26.144382268450201 ], [ 91.809925657848495, 26.144335511435798 ], [ 91.809811596960202, 26.144331496341 ], [ 91.809706481495596, 26.144345549575299 ], [ 91.809585711090506, 26.1443736568453 ], [ 91.809502960981504, 26.144403772057899 ], [ 91.809438102618003, 26.144413810191502 ], [ 91.809359826119007, 26.144413810191502 ], [ 91.809303913179093, 26.144409795099499 ], [ 91.8090914472414, 26.144379679888399 ], [ 91.808899108955899, 26.144353580570101 ], [ 91.808778338550795, 26.144331496341 ], [ 91.808655331340603, 26.144285319918701 ], [ 91.808610601527704, 26.144243158576099 ], [ 91.808565871714706, 26.144132736477601 ], [ 91.808431682275895, 26.143777378874301 ], [ 91.807689168099699, 26.143775370914099 ], [ 91.807239633165295, 26.1437653327256 ], [ 91.806682747757705, 26.143823555497601 ], [ 91.806570223886894, 26.143489402356799 ], [ 91.806451410910796, 26.142827492118901 ], [ 91.807636051615304, 26.142808670361799 ], [ 91.807604600698895, 26.142080878910299 ], [ 91.805866428896095, 26.142100956382698 ], [ 91.805806043244402, 26.141066983433699 ], [ 91.805826171794905, 26.140215704806899 ], [ 91.805861956184302, 26.1396093662451 ], [ 91.805850773057301, 26.139525040973499 ], [ 91.805846300345493, 26.139480870684 ], [ 91.805846300345493, 26.1394387076062 ], [ 91.805853009862304, 26.139386505948099 ], [ 91.805866428896095, 26.139308203820399 ], [ 91.805893266963494, 26.139245963526701 ], [ 91.805973780267493, 26.139125498113799 ], [ 91.806034165919201, 26.139031133896999 ], [ 91.806085604350699, 26.138952830724499 ], [ 91.806109580385595, 26.1389066521747 ], [ 91.806122462226796, 26.138871958170299 ], [ 91.806126756173896, 26.1388321246889 ], [ 91.806122462226796, 26.138755026210799 ], [ 91.806108148470997, 26.1386432336095 ], [ 91.806078089943298, 26.1385532859066 ], [ 91.806026561680298, 26.138265452146801 ], [ 91.805967875641102, 26.138081700456901 ], [ 91.805944973991302, 26.1379660531871 ], [ 91.805909190500202, 26.137777160706499 ], [ 91.805870544078402, 26.1373813868762 ], [ 91.805578547593598, 26.137383957044701 ], [ 91.805598587210895, 26.136678498911198 ], [ 91.805635801718196, 26.1359627557169 ], [ 91.805936386097102, 26.135944765930301 ], [ 91.805902033622303, 26.135348524748899 ], [ 91.805846210514005, 26.134839660929501 ], [ 91.805817583900804, 26.134423316888402 ], [ 91.805816152884603, 26.134344930784799 ], [ 91.805807564092106, 26.134283249958798 ], [ 91.805790388303905, 26.134202293522701 ], [ 91.805760329776206, 26.134125192794102 ], [ 91.805723114370593, 26.134028816408499 ], [ 91.805645821526895, 26.133881038269202 ], [ 91.805565665752397, 26.1337255508091 ], [ 91.805424008618701, 26.133531377086701 ], [ 91.803209579696599, 26.135301375398701 ], [ 91.796451021113199, 26.140739094013998 ], [ 91.793295024822697, 26.143231360007299 ], [ 91.790122151882997, 26.145700847735998 ], [ 91.786636146896498, 26.148539859997999 ], [ 91.788258804337005, 26.149527860924199 ], [ 91.788773382687907, 26.1498307524453 ], [ 91.788984275675602, 26.149944336562999 ], [ 91.789524162263007, 26.150175291159201 ], [ 91.789760785695407, 26.150284776996099 ], [ 91.790095144033998, 26.150476876303902 ], [ 91.790353561493504, 26.1506364869626 ], [ 91.790452991520695, 26.150704233472499 ], [ 91.790822799177107, 26.1509164556211 ], [ 91.792459791932799, 26.1517919556964 ], [ 91.793506702039707, 26.150324800903199 ], [ 91.793597882837602, 26.150212798438002 ], [ 91.793684264835306, 26.1501740283909 ], [ 91.7938186357338, 26.150135259137301 ] ] ] ] } },
{ "type": "Feature", "properties": { "ward_number": 51, "ward_lgd_name": "Guwahati (M Corp.) - Ward No.51" }, "geometry": { "type": "MultiPolygon", "coordinates": [ [ [ [ 91.805775576881501, 26.168170031435601 ], [ 91.805986540836102, 26.168149606927599 ], [ 91.806186243510297, 26.1681561842436 ], [ 91.806704736719198, 26.1681783824808 ], [ 91.807160938051396, 26.168213736145798 ], [ 91.807975019209593, 26.168262822494899 ], [ 91.808806713635704, 26.168328685873099 ], [ 91.809047834932699, 26.168347503513601 ], [ 91.809428737681102, 26.168360049411898 ], [ 91.809883024703495, 26.168331822146701 ], [ 91.810501553404094, 26.168272232127102 ], [ 91.812472459832406, 26.168090323992999 ], [ 91.813035910128093, 26.1680398613161 ], [ 91.813513675518706, 26.167993918412101 ], [ 91.814085287907005, 26.167993918412101 ], [ 91.814443612399103, 26.168032203629199 ], [ 91.814725153392303, 26.1680245467481 ], [ 91.814929909988294, 26.167963290067998 ], [ 91.816542368855295, 26.166784091496702 ], [ 91.816654302532996, 26.166701700708799 ], [ 91.816725284711794, 26.166662495928001 ], [ 91.816812647669806, 26.166623291134101 ], [ 91.816987373585803, 26.166593887126901 ], [ 91.817598914291906, 26.166549781908401 ], [ 91.821191711897697, 26.166280249028201 ], [ 91.822253607700105, 26.166202231009901 ], [ 91.822519191020604, 26.166202231009901 ], [ 91.822651982680796, 26.166217913469499 ], [ 91.822890588695003, 26.166219042225901 ], [ 91.823076216565298, 26.166219042225901 ], [ 91.823255135817107, 26.1662411223124 ], [ 91.823366960798595, 26.166249151800201 ], [ 91.823429582356994, 26.1662732394541 ], [ 91.823487731203699, 26.166311377691699 ], [ 91.823530224211595, 26.1663354653327 ], [ 91.823581663541404, 26.166359552162501 ], [ 91.823642049193097, 26.166373603549999 ], [ 91.823677832684098, 26.166349515916899 ], [ 91.823735981530803, 26.166303348208199 ], [ 91.823760582793099, 26.166253166140802 ], [ 91.823796366284199, 26.166192947792702 ], [ 91.823832150673496, 26.166148786790998 ], [ 91.823883590003305, 26.166098604657101 ], [ 91.823941738849996, 26.1660504292722 ], [ 91.824015542637099, 26.166006269022802 ], [ 91.824073691483804, 26.165998240324502 ], [ 91.824158677499497, 26.1660122909493 ], [ 91.824236954896705, 26.166046414924701 ], [ 91.824301813260305, 26.166060466349901 ], [ 91.824547826782293, 26.166026342378601 ], [ 91.8246529422469, 26.166004262251398 ], [ 91.824737929161003, 26.165970138263699 ], [ 91.824805023431296, 26.1659059046107 ], [ 91.824842846996305, 26.165817901651099 ], [ 91.824939950386906, 26.165740615405699 ], [ 91.8250196480206, 26.165677307210998 ], [ 91.8251588895846, 26.165537534179599 ], [ 91.825288971027703, 26.165429005175 ], [ 91.825437373610896, 26.165328697510699 ], [ 91.824542515044001, 26.16445524777 ], [ 91.823588513195403, 26.163517448478601 ], [ 91.822795257680397, 26.162761557570299 ], [ 91.821617605868795, 26.161729649550999 ], [ 91.820429471616194, 26.160722825036999 ], [ 91.819870348505205, 26.160239796715501 ], [ 91.819664172571095, 26.160067286346401 ], [ 91.819412567036395, 26.159885365413899 ], [ 91.819178434632406, 26.159719127531201 ], [ 91.818996719823403, 26.1596281672321 ], [ 91.818748609633502, 26.159515250483 ], [ 91.818472542973694, 26.1593835145407 ], [ 91.818119596695198, 26.1592486419318 ], [ 91.817899442076893, 26.159167090826401 ], [ 91.817745683737996, 26.1591169048822 ], [ 91.817536012459001, 26.159044764061299 ], [ 91.817322847631999, 26.158997715395401 ], [ 91.817106187460197, 26.158960076287801 ], [ 91.816704318033004, 26.158928710221101 ], [ 91.816281481927106, 26.158916164114601 ], [ 91.815502205096195, 26.158960076287801 ], [ 91.814561900759102, 26.158956437434199 ], [ 91.814054217876304, 26.158956437434199 ], [ 91.813841751040201, 26.158936363667902 ], [ 91.813580081679405, 26.1589022376122 ], [ 91.8133139396068, 26.158842014662401 ], [ 91.812938209357796, 26.158729599481099 ], [ 91.812486438516601, 26.158542908765298 ], [ 91.812153201275393, 26.1583441739132 ], [ 91.811871403364094, 26.158125364816701 ], [ 91.811726031696594, 26.1579868518693 ], [ 91.811629862553801, 26.157880457404001 ], [ 91.811551585156593, 26.157776071367302 ], [ 91.8115023826319, 26.157677706787801 ], [ 91.811444233785195, 26.157523133939801 ], [ 91.811426342039695, 26.157384620277401 ], [ 91.811421869327901, 26.157260158935902 ], [ 91.811417396616093, 26.157169824034199 ], [ 91.811408450294195, 26.157089526105899 ], [ 91.811379376320005, 26.157007220389801 ], [ 91.811332409702004, 26.156918893026202 ], [ 91.811258605016604, 26.156796438117802 ], [ 91.811236240559296, 26.156698072712199 ], [ 91.811213875203606, 26.156557551136199 ], [ 91.8111937475513, 26.156344760307899 ], [ 91.811200457068196, 26.156115909528602 ], [ 91.811218348813696, 26.155158344522999 ], [ 91.811297865886004, 26.154219223888202 ], [ 91.811403138555903, 26.153461509255099 ], [ 91.811455556151003, 26.153078826403299 ], [ 91.811480018174507, 26.152749467695401 ], [ 91.811563886686102, 26.151761385993499 ], [ 91.811511413395394, 26.151740778795102 ], [ 91.811060676515098, 26.151563768487801 ], [ 91.810840521896793, 26.151494759722901 ], [ 91.810693751552407, 26.151453981467199 ], [ 91.810557466343994, 26.1514257501107 ], [ 91.810431663576693, 26.151400655476301 ], [ 91.810253443214194, 26.151375561642801 ], [ 91.810113662661095, 26.151350466997499 ], [ 91.809872541364101, 26.151287731570399 ], [ 91.809694321001601, 26.151253226708199 ], [ 91.809477660829799, 26.151240679776301 ], [ 91.809177132146402, 26.151240679776301 ], [ 91.808450272910704, 26.151203038166098 ], [ 91.808261569208895, 26.151184216953201 ], [ 91.808111305316402, 26.151159123073199 ], [ 91.807999481233097, 26.151124618173 ], [ 91.807743288900696, 26.151033454421299 ], [ 91.807377457187698, 26.150861910973401 ], [ 91.806918801658199, 26.150646255235198 ], [ 91.806447478984794, 26.150453536918999 ], [ 91.806321677115804, 26.1504129550523 ], [ 91.806119213020395, 26.150375901014499 ], [ 91.805545238961201, 26.150344140746899 ], [ 91.804800252621305, 26.150314144796301 ], [ 91.804045436915601, 26.1502770915335 ], [ 91.803650338090804, 26.150266504769601 ], [ 91.803493085305305, 26.1502523885454 ], [ 91.803316175584797, 26.150232979339101 ], [ 91.803190372817497, 26.1502135709359 ], [ 91.803052776068796, 26.150176516834801 ], [ 91.802875866348302, 26.1501218186317 ], [ 91.802345137186904, 26.149925962680999 ], [ 91.801655188827894, 26.149791862928701 ], [ 91.801397686751699, 26.149772454452201 ], [ 91.801210948563707, 26.149791862928701 ], [ 91.801053694879897, 26.149880086827999 ], [ 91.800849266168996, 26.149985954773999 ], [ 91.800686115943805, 26.1500177151391 ], [ 91.800538690727507, 26.1500424173705 ], [ 91.800424682839903, 26.150060062279099 ], [ 91.800239910165701, 26.150111231853799 ], [ 91.800027618501204, 26.150202984166299 ], [ 91.799793373807702, 26.1503161848985 ], [ 91.799308676118002, 26.150535881125499 ], [ 91.798915159226297, 26.1506564984543 ], [ 91.798627220431698, 26.150755576132401 ], [ 91.798377672937306, 26.150781423240701 ], [ 91.798185713740907, 26.150781423240701 ], [ 91.797897774047996, 26.150764192104599 ], [ 91.797557046653907, 26.150742653382501 ], [ 91.797216318361606, 26.150686652363898 ], [ 91.797019559466605, 26.150634959712399 ], [ 91.796664434773604, 26.1505488038983 ], [ 91.796414887279198, 26.150522957544901 ], [ 91.796112551185502, 26.150510034769201 ], [ 91.795795818691005, 26.150518649953099 ], [ 91.795378306899806, 26.150514342361198 ], [ 91.795200744104093, 26.150501418778202 ], [ 91.795003985209107, 26.150475572414301 ], [ 91.794917604109699, 26.150445417643802 ], [ 91.794807227212402, 26.150389417288899 ], [ 91.794706448813997, 26.1503334161008 ], [ 91.794581674617703, 26.150247260870501 ], [ 91.794322529522802, 26.150165413181501 ], [ 91.794087379327493, 26.150130950724801 ], [ 91.7938186357338, 26.150135259137301 ], [ 91.793684264835306, 26.1501740283909 ], [ 91.793597882837602, 26.150212798438002 ], [ 91.793506702039707, 26.150324800903199 ], [ 91.792459791932799, 26.1517919556964 ], [ 91.792301544712402, 26.152017560517201 ], [ 91.792127746755995, 26.152253432977599 ], [ 91.791915687755093, 26.152499949580601 ], [ 91.791830655925295, 26.152610047673999 ], [ 91.791765869426996, 26.1526972784409 ], [ 91.791733476177797, 26.1527627014732 ], [ 91.791698383491294, 26.152857201344101 ], [ 91.791644395641001, 26.153106776751699 ], [ 91.791571668933898, 26.1535316441235 ], [ 91.791598030894207, 26.153780101306801 ], [ 91.791591439954999, 26.154247436023098 ], [ 91.791604620935203, 26.154708853600201 ], [ 91.791624391956205, 26.154886321165101 ], [ 91.791637572936395, 26.1550164640357 ], [ 91.791571668933898, 26.1551939311327 ], [ 91.791512354972298, 26.155341820173899 ], [ 91.791446450969801, 26.155471962536499 ], [ 91.791347594966098, 26.155590273502501 ], [ 91.791149882958607, 26.155844642318399 ], [ 91.790947942580999, 26.156128293865098 ], [ 91.791058619515596, 26.156312441270501 ], [ 91.791085612991594, 26.156433591251201 ], [ 91.791088312428997, 26.156641968117501 ], [ 91.791115306803306, 26.156881843473499 ], [ 91.791150399489894, 26.1570102618223 ], [ 91.791198989363593, 26.157124142126602 ], [ 91.791258376987003, 26.157225906604499 ], [ 91.791293469673604, 26.157349478615998 ], [ 91.791312365735607, 26.157422167973401 ], [ 91.791312365735607, 26.157497279455502 ], [ 91.791333961234997, 26.157526355167001 ], [ 91.791360955609306, 26.157528778142598 ], [ 91.791433839521503, 26.157528778142598 ], [ 91.791536418143806, 26.1575069713601 ], [ 91.791630898453803, 26.157494856479101 ], [ 91.791730885436607, 26.157472371579299 ], [ 91.791817266536, 26.157453763438699 ], [ 91.791914014193793, 26.157435154488802 ], [ 91.792000396191497, 26.157446009911499 ], [ 91.792085049830604, 26.1574708210354 ], [ 91.792138606489502, 26.1575157908314 ], [ 91.792200801348201, 26.157560761416299 ], [ 91.792231899226707, 26.1575917754915 ], [ 91.792295821545693, 26.157610383610098 ], [ 91.792383931003698, 26.157625890642201 ], [ 91.792525597120601, 26.157644499561702 ], [ 91.792618889857806, 26.1576755128083 ], [ 91.792662079958404, 26.157728236840601 ], [ 91.792679356357894, 26.157774757883502 ], [ 91.792682812176807, 26.1578212789079 ], [ 91.792681084716506, 26.1578864079883 ], [ 91.792694905297196, 26.157945334075801 ], [ 91.792722547356803, 26.158010463086999 ], [ 91.792751917775007, 26.1580585353597 ], [ 91.792814112633707, 26.1581081573418 ], [ 91.792895311352197, 26.1581422723415 ], [ 91.792967871870999, 26.158156228768 ], [ 91.793066346989093, 26.158153126892099 ], [ 91.793171732846602, 26.158112808948001 ], [ 91.793284028545401, 26.158047679993999 ], [ 91.793417056462502, 26.157990304495101 ], [ 91.793605369397199, 26.157925175472801 ], [ 91.793783315773496, 26.1578771039513 ], [ 91.793873152691802, 26.157863147491401 ], [ 91.793945713210604, 26.1578538434526 ], [ 91.794009635529605, 26.157881755566699 ], [ 91.794064919648804, 26.157937580581301 ], [ 91.794101199908198, 26.1579732469744 ], [ 91.794139208526204, 26.157990304495101 ], [ 91.794239411104499, 26.157987203421101 ], [ 91.7943154274422, 26.157977898585901 ], [ 91.794360345901296, 26.1579794499294 ], [ 91.794410446741395, 26.157999608523099 ], [ 91.794450182819602, 26.158016666040002 ], [ 91.794486463078997, 26.158029071945101 ], [ 91.794517560059205, 26.1580259700658 ], [ 91.794557296137498, 26.158024419529301 ], [ 91.794610852796396, 26.1580182165766 ], [ 91.794638494856002, 26.158016666040002 ], [ 91.794693778975201, 26.1580213184561 ], [ 91.794755973833901, 26.158038375969898 ], [ 91.794833717631803, 26.1580569840173 ], [ 91.794975383748806, 26.158075592868101 ], [ 91.795092862726705, 26.1580879979606 ], [ 91.795352007821606, 26.158083346353401 ], [ 91.795453938758499, 26.158070940454099 ], [ 91.795630157674594, 26.158061636431899 ], [ 91.795711356393099, 26.158063186967901 ], [ 91.7958443843103, 26.158081795011299 ], [ 91.796034423806901, 26.1581112584126 ], [ 91.796442145758206, 26.158136069395098 ], [ 91.796665010593699, 26.1581469247526 ], [ 91.796782489571598, 26.158151576357199 ], [ 91.796841229509695, 26.158148475287501 ], [ 91.796863689188399, 26.1581407218065 ], [ 91.796879237229405, 26.1581190118956 ], [ 91.796908607647595, 26.157585572515899 ], [ 91.796925884047099, 26.157571616020999 ], [ 91.796975984887098, 26.157543703832701 ], [ 91.797017448425706, 26.157529747332902 ], [ 91.797090008944494, 26.1575235443539 ], [ 91.797159114542694, 26.1575592108736 ], [ 91.797223036861595, 26.1576119341522 ], [ 91.797295597380398, 26.157661557130499 ], [ 91.797335333458705, 26.157691019831699 ], [ 91.7973733411783, 26.1577096287408 ], [ 91.7974424467765, 26.157725135759598 ], [ 91.797549560094396, 26.157732889268299 ], [ 91.7977620592698, 26.157743743857001 ], [ 91.797905452847004, 26.157745294397198 ], [ 91.798014293625101, 26.157735990349 ], [ 91.798085126683603, 26.157725135759598 ], [ 91.798126590222196, 26.157718932791099 ], [ 91.798152504821502, 26.157732889268299 ], [ 91.798164045478003, 26.157750008910298 ], [ 91.798147459882898, 26.1579762859628 ], [ 91.7980798356066, 26.158374391146999 ], [ 91.798060939544598, 26.158407440128801 ], [ 91.798045391503607, 26.158422947054898 ], [ 91.798021204364602, 26.158441555847201 ], [ 91.798005655425399, 26.158488075799401 ], [ 91.797991834844694, 26.158547002389302 ], [ 91.797983196644907, 26.158612131064601 ], [ 91.797965920245403, 26.158691216066 ], [ 91.797962464426504, 26.158767199154202 ], [ 91.797936549827199, 26.158914514414299 ], [ 91.797917545967394, 26.158996700258001 ], [ 91.797896814647203, 26.1591409133787 ], [ 91.797874354968499, 26.1592773729157 ], [ 91.797860534387794, 26.159399876823201 ], [ 91.797863989308397, 26.159458802146201 ], [ 91.797876083327097, 26.159537886573599 ], [ 91.797919273427695, 26.159747227066699 ], [ 91.797960736966203, 26.1598836858944 ], [ 91.797997840980699, 26.160045306684498 ], [ 91.798021204364602, 26.160096127591199 ], [ 91.798031570024705, 26.1601441981982 ], [ 91.798024659285204, 26.160164357224101 ], [ 91.798010838704599, 26.160172110570599 ], [ 91.797990106486097, 26.160176762094501 ], [ 91.797924456706795, 26.160198471622401 ], [ 91.797869172587596, 26.160198471622401 ], [ 91.797786245510494, 26.160195370607099 ], [ 91.7976981369508, 26.1601845154402 ], [ 91.797627303892298, 26.160173661078598 ], [ 91.797478727035895, 26.160139546673001 ], [ 91.797347426578995, 26.1601224886602 ], [ 91.797269682781106, 26.160106981960102 ], [ 91.797157387082294, 26.1600930265732 ], [ 91.797079643284405, 26.160079070378401 ], [ 91.796981168166297, 26.160065114181901 ], [ 91.796910335107896, 26.160065114181901 ], [ 91.796886147968806, 26.160080620887602 ], [ 91.796877509769104, 26.160103880942302 ], [ 91.796874054848502, 26.1601504010378 ], [ 91.796846412788895, 26.1602915117194 ], [ 91.796829136389306, 26.160404709920201 ], [ 91.796825680570393, 26.1606838286888 ], [ 91.796829136389306, 26.160722595243602 ], [ 91.79680322179, 26.160738101861899 ], [ 91.796704746671907, 26.160744303863599 ], [ 91.796400682219598, 26.160748956170998 ], [ 91.796359219579401, 26.160750506671299 ], [ 91.796355763760502, 26.160776868398699 ], [ 91.796355763760502, 26.160815634116201 ], [ 91.796362674499903, 26.1608528501283 ], [ 91.796362674499903, 26.160879211026199 ], [ 91.796355763760502, 26.160900920423401 ], [ 91.796297024720701, 26.160911774717299 ], [ 91.796013692486795, 26.160931933610499 ], [ 91.795929037949406, 26.160938136408198 ], [ 91.795889302769396, 26.160947440200999 ], [ 91.795847839230902, 26.1609629467894 ], [ 91.795827107910696, 26.161001713251402 ], [ 91.795809831511207, 26.161057536772901 ], [ 91.795790827651302, 26.1614576044269 ], [ 91.795697674153004, 26.164094304947199 ], [ 91.795694697136099, 26.165387111088101 ], [ 91.795750087256593, 26.166808317715201 ], [ 91.795868845435507, 26.169516885721201 ], [ 91.797873779148404, 26.1692645099007 ], [ 91.799880355880006, 26.1689937029936 ], [ 91.805553756786693, 26.1682083165949 ], [ 91.805775576881501, 26.168170031435601 ] ] ] ] } },
{ "type": "Feature", "properties": { "ward_number": 52, "ward_lgd_name": "Guwahati (M Corp.) - Ward No.52" }, "geometry": { "type": "MultiPolygon", "coordinates": [ [ [ [ 91.788875071978097, 26.176064319150001 ], [ 91.789153140982705, 26.176158723553701 ], [ 91.789457304249694, 26.176255065144002 ], [ 91.789578074654798, 26.176301228912099 ], [ 91.789633986696401, 26.176373484822399 ], [ 91.789638459408195, 26.176445740687999 ], [ 91.789633986696401, 26.1764798616097 ], [ 91.789647405730094, 26.176522011301898 ], [ 91.789669770187402, 26.176554124805399 ], [ 91.789730155839095, 26.176588245695399 ], [ 91.789812905948196, 26.176646452086299 ], [ 91.789924730031302, 26.1768732559939 ], [ 91.790108122893201, 26.177272669589001 ], [ 91.790197581620802, 26.177505492804801 ], [ 91.790197581620802, 26.177567712688599 ], [ 91.790166270841596, 26.177595811954099 ], [ 91.789994061106697, 26.177700181055801 ], [ 91.789857635761095, 26.177792507428901 ], [ 91.789815142753199, 26.1778085640067 ], [ 91.789736865356005, 26.177838670587999 ], [ 91.789663060670605, 26.1778888476688 ], [ 91.789620567662695, 26.177975152584199 ], [ 91.789589256883403, 26.1780494148271 ], [ 91.789580310561504, 26.178109627051398 ], [ 91.789591493688505, 26.178213995693 ], [ 91.789604912722197, 26.178284243857501 ], [ 91.789620567662695, 26.178312342950299 ], [ 91.789674780091801, 26.178345901424599 ], [ 91.789737760077998, 26.1783600311784 ], [ 91.789823640815797, 26.178365168903799 ], [ 91.789933855117994, 26.178390859945999 ], [ 91.790031187579004, 26.178410128223899 ], [ 91.790099892528602, 26.1784422412072 ], [ 91.790144263913703, 26.1784782076734 ], [ 91.790171459510603, 26.1787749342243 ], [ 91.790225851602798, 26.179107626291799 ], [ 91.7902158317941, 26.179150016076999 ], [ 91.790194361160502, 26.1791731368921 ], [ 91.790104186475702, 26.179220664341301 ], [ 91.7896418595315, 26.1795379413104 ], [ 91.789451489454805, 26.179676669701301 ], [ 91.789418567996293, 26.179707498120599 ], [ 91.789387078452293, 26.179751171096001 ], [ 91.789374195712895, 26.179814112907099 ], [ 91.789348432030494, 26.179945133276799 ], [ 91.789317803072606, 26.1806883279048 ], [ 91.789296835495506, 26.180776135836599 ], [ 91.789258396584501, 26.1808921679329 ], [ 91.789219956775199, 26.180989384316799 ], [ 91.789164043835299, 26.181067784229199 ], [ 91.789143077156595, 26.181143047353899 ], [ 91.789055714198497, 26.1814096066507 ], [ 91.789027757728604, 26.181569541775001 ], [ 91.789027757728604, 26.181679301252402 ], [ 91.789048725305605, 26.181914498632999 ], [ 91.795049584591297, 26.181396017387002 ], [ 91.7956071536168, 26.181302634586999 ], [ 91.7959736896089, 26.181207857877201 ], [ 91.796327800103995, 26.181096356668 ], [ 91.796594936611598, 26.181012729683399 ], [ 91.796793735580593, 26.180956978595798 ], [ 91.797216183614296, 26.1809402533449 ], [ 91.797520594816305, 26.180956978595798 ], [ 91.797843643365596, 26.180929103444999 ], [ 91.798253666800605, 26.180873352317299 ], [ 91.803031056601895, 26.180516545113399 ], [ 91.803055906697594, 26.1811465323463 ], [ 91.806646715433303, 26.180756274620499 ], [ 91.806901426443901, 26.180750700064898 ], [ 91.807087800814202, 26.180750700064898 ], [ 91.807385999267694, 26.180778575258401 ], [ 91.807603435583999, 26.180828751073498 ], [ 91.807802234552994, 26.180845476340401 ], [ 91.808243319933894, 26.180828751073498 ], [ 91.809013666612501, 26.180767425342999 ], [ 91.812703874832806, 26.180499819799302 ], [ 91.814430941662096, 26.180393891679401 ], [ 91.815698285763204, 26.180349291058199 ], [ 91.817071242097299, 26.180326990338202 ], [ 91.817276253814896, 26.180287964269301 ], [ 91.817394290646604, 26.180209912898601 ], [ 91.817543390322498, 26.180081684554398 ], [ 91.8176241524598, 26.179875403668099 ], [ 91.817680064501403, 26.179724874120499 ], [ 91.817760826638704, 26.179507442566798 ], [ 91.817841588776005, 26.179373638828299 ], [ 91.817940988260503, 26.1792342595019 ], [ 91.8180244839712, 26.179162004558801 ], [ 91.818163642890198, 26.179065665371301 ], [ 91.818346538085393, 26.1790121432077 ], [ 91.818521481393702, 26.178969326104099 ], [ 91.818851488293106, 26.1789336443662 ], [ 91.8196268044519, 26.178930076272401 ], [ 91.822374207425298, 26.1788801229482 ], [ 91.822823990294793, 26.178849570825399 ], [ 91.823159464341003, 26.178799394158201 ], [ 91.823407962603099, 26.1787269164432 ], [ 91.823600549721903, 26.1785931110023 ], [ 91.823817986038094, 26.178442579798599 ], [ 91.824054059701496, 26.178375677337201 ], [ 91.824389533747805, 26.1783589517159 ], [ 91.825383528592795, 26.1783812528125 ], [ 91.827949279639299, 26.178425854186798 ], [ 91.828318300371507, 26.178426969120199 ], [ 91.828684090761897, 26.178430537229399 ], [ 91.828898793504706, 26.1784341061446 ], [ 91.828982289215404, 26.178430537229399 ], [ 91.829089640586801, 26.178466219121301 ], [ 91.829189040071398, 26.178512604516399 ], [ 91.829526998857602, 26.178280675743899 ], [ 91.8296462780594, 26.1781950401773 ], [ 91.829781461933194, 26.1780772906667 ], [ 91.829892789248106, 26.177966678090101 ], [ 91.829992188732604, 26.177848929154901 ], [ 91.830099540104001, 26.177713338640601 ], [ 91.830218819305699, 26.177527794064702 ], [ 91.830302315016397, 26.177324407673702 ], [ 91.830365931009894, 26.177153135072501 ], [ 91.830425570161594, 26.176892657542499 ], [ 91.830532922431303, 26.1764430649636 ], [ 91.830556778092003, 26.176236108503598 ], [ 91.830576657809303, 26.1760398570297 ], [ 91.830556778092003, 26.175807922530701 ], [ 91.830485210211606, 26.175608102140401 ], [ 91.830318218790197, 26.1752584152302 ], [ 91.830210867418799, 26.174958682297198 ], [ 91.830143275481902, 26.174751724007901 ], [ 91.830016044393204, 26.174398465489901 ], [ 91.829940500569407, 26.174034501977101 ], [ 91.829900741135006, 26.173688378600701 ], [ 91.829789413820095, 26.173021106690399 ], [ 91.829765557261098, 26.1727606199271 ], [ 91.829737725656997, 26.172553656929399 ], [ 91.829693990279097, 26.172396651300801 ], [ 91.829530974801102, 26.171972018725501 ], [ 91.829193016014798, 26.171254780399298 ], [ 91.828807345907094, 26.170348412500299 ], [ 91.828274564095295, 26.169484858964701 ], [ 91.827181169765694, 26.167693499231799 ], [ 91.826849671662998, 26.167146629622099 ], [ 91.826520411263601, 26.166572324720999 ], [ 91.826414799030502, 26.166410626706501 ], [ 91.826247062007397, 26.166221049799901 ], [ 91.825437373610896, 26.165328697510699 ], [ 91.825355258610799, 26.165384200488202 ], [ 91.825288971027703, 26.165429005175 ], [ 91.8251588895846, 26.165537534179599 ], [ 91.8250196480206, 26.165677307210998 ], [ 91.824939950386906, 26.165740615405699 ], [ 91.824842846996305, 26.165817901651099 ], [ 91.824805023431296, 26.1659059046107 ], [ 91.824737929161003, 26.165970138263699 ], [ 91.8246529422469, 26.166004262251398 ], [ 91.824547826782293, 26.166026342378601 ], [ 91.824301813260305, 26.166060466349901 ], [ 91.824236954896705, 26.166046414924701 ], [ 91.824158677499497, 26.1660122909493 ], [ 91.824073691483804, 26.165998240324502 ], [ 91.824015542637099, 26.166006269022802 ], [ 91.823941738849996, 26.1660504292722 ], [ 91.823883590003305, 26.166098604657101 ], [ 91.823832150673496, 26.166148786790998 ], [ 91.823796366284199, 26.166192947792702 ], [ 91.823760582793099, 26.166253166140802 ], [ 91.823735981530803, 26.166303348208199 ], [ 91.823677832684098, 26.166349515916899 ], [ 91.823642049193097, 26.166373603549999 ], [ 91.823581663541404, 26.166359552162501 ], [ 91.823530224211595, 26.1663354653327 ], [ 91.823487731203699, 26.166311377691699 ], [ 91.823429582356994, 26.1662732394541 ], [ 91.823366960798595, 26.166249151800201 ], [ 91.823255135817107, 26.1662411223124 ], [ 91.823076216565298, 26.166219042225901 ], [ 91.822890588695003, 26.166219042225901 ], [ 91.822651982680796, 26.166217913469499 ], [ 91.822519191020604, 26.166202231009901 ], [ 91.822253607700105, 26.166202231009901 ], [ 91.821191711897697, 26.166280249028201 ], [ 91.817598914291906, 26.166549781908401 ], [ 91.816987373585803, 26.166593887126901 ], [ 91.816812647669806, 26.166623291134101 ], [ 91.816725284711794, 26.166662495928001 ], [ 91.816654302532996, 26.166701700708799 ], [ 91.816542368855295, 26.166784091496702 ], [ 91.814929909988294, 26.167963290067998 ], [ 91.814725153392303, 26.1680245467481 ], [ 91.814443612399103, 26.168032203629199 ], [ 91.814085287907005, 26.167993918412101 ], [ 91.813513675518706, 26.167993918412101 ], [ 91.813035910128093, 26.1680398613161 ], [ 91.812472459832406, 26.168090323992999 ], [ 91.810501553404094, 26.168272232127102 ], [ 91.809883024703495, 26.168331822146701 ], [ 91.809428737681102, 26.168360049411898 ], [ 91.809047834932699, 26.168347503513601 ], [ 91.808806713635704, 26.168328685873099 ], [ 91.807975019209593, 26.168262822494899 ], [ 91.807160938051396, 26.168213736145798 ], [ 91.806704736719198, 26.1681783824808 ], [ 91.806186243510297, 26.1681561842436 ], [ 91.805986540836102, 26.168149606927599 ], [ 91.805775576881501, 26.168170031435601 ], [ 91.805553756786693, 26.1682083165949 ], [ 91.799880355880006, 26.1689937029936 ], [ 91.799864159255407, 26.169039734995799 ], [ 91.799780476695105, 26.1693328849354 ], [ 91.799672499197996, 26.169635725034599 ], [ 91.799634707074006, 26.169756860370299 ], [ 91.799605013262294, 26.169841655594801 ], [ 91.799572620911405, 26.1699070690116 ], [ 91.799542927099694, 26.169960367999298 ], [ 91.799499736100898, 26.1700209359173 ], [ 91.799440348477404, 26.170091194662898 ], [ 91.799340469292503, 26.1701735669313 ], [ 91.799251388755707, 26.1702801654449 ], [ 91.799205498319395, 26.1703334650683 ], [ 91.799175804507698, 26.170403723625501 ], [ 91.799159607883098, 26.170476404847101 ], [ 91.799138012383693, 26.170551507922202 ], [ 91.799102919697106, 26.1706823339224 ], [ 91.799081324197701, 26.170759860371898 ], [ 91.798815916048696, 26.171629409976099 ], [ 91.798618965812594, 26.1722930272282 ], [ 91.798508397574096, 26.1728139958126 ], [ 91.798472117314702, 26.172914777537901 ], [ 91.798447930175698, 26.172996954321501 ], [ 91.798411649916304, 26.1730977358886 ], [ 91.798354637438507, 26.173221775613101 ], [ 91.798294170938405, 26.1733070528471 ], [ 91.798268256339099, 26.173350466203999 ], [ 91.798245796660396, 26.1733907788803 ], [ 91.798225065340304, 26.173398531347399 ], [ 91.798185329261997, 26.173409384478099 ], [ 91.798152504821502, 26.173417136944 ], [ 91.798140410802802, 26.1734310915426 ], [ 91.798131772603, 26.173463651728699 ], [ 91.798128317682497, 26.1734962119057 ], [ 91.798121406942997, 26.173545828125398 ], [ 91.798116224562094, 26.173590791723001 ], [ 91.798114496203496, 26.173629553987102 ], [ 91.798076488483801, 26.173683821135299 ], [ 91.798000473044496, 26.1737132805949 ], [ 91.797957282045601, 26.1737179315787 ], [ 91.797921001786307, 26.1737179315787 ], [ 91.797872627508198, 26.1737132805949 ], [ 91.797829436509403, 26.1736977757019 ], [ 91.797767241650604, 26.173680719672401 ], [ 91.797673949811696, 26.1736574631318 ], [ 91.7976359420921, 26.1736481595469 ], [ 91.797585840353705, 26.173612498753801 ], [ 91.797459723176104, 26.1735721861541 ], [ 91.797359519699398, 26.173544276989102 ], [ 91.797302508119898, 26.173550479115899 ], [ 91.797283504260093, 26.1736993260301 ], [ 91.797128016664104, 26.1736962245676 ], [ 91.796981168166297, 26.173711729460699 ], [ 91.796732388731598, 26.173727234351801 ], [ 91.796673648793401, 26.1737349867966 ], [ 91.796651190012994, 26.173727234351801 ], [ 91.796649461654397, 26.173703977014402 ], [ 91.796656372393898, 26.1736822708069 ], [ 91.796663283133398, 26.173654361668198 ], [ 91.796646006733795, 26.1736404070963 ], [ 91.796604543195301, 26.1736497106819 ], [ 91.796509523896106, 26.173679169343899 ], [ 91.796393772378494, 26.1737086288048 ], [ 91.796174362463603, 26.173789253895698 ], [ 91.796030968886299, 26.173843520969498 ], [ 91.795953225088397, 26.173893136235201 ], [ 91.795922128108202, 26.173916393534899 ], [ 91.7959083066293, 26.1739582563402 ], [ 91.795920399749605, 26.173986165406198 ], [ 91.795942859428294, 26.174024927538799 ], [ 91.795951497628096, 26.174046633682501 ], [ 91.795949770167795, 26.174071441274801 ], [ 91.795925583028804, 26.174080744826 ], [ 91.795880664569594, 26.1740977999909 ], [ 91.7958322902916, 26.1741009006365 ], [ 91.795802920771706, 26.1741210572497 ], [ 91.795792555111603, 26.174147415148401 ], [ 91.795785644372103, 26.174175324168999 ], [ 91.7957821894516, 26.174193929641699 ], [ 91.7957752787121, 26.174224939293499 ], [ 91.795759729772797, 26.174280756484901 ], [ 91.795745909192206, 26.1743009122609 ], [ 91.7957182671326, 26.174325719799 ], [ 91.795702718193297, 26.174335023329899 ], [ 91.795633612595196, 26.1743381239692 ], [ 91.795588694136001, 26.1743381239692 ], [ 91.795555868797194, 26.174342775734299 ], [ 91.795536864937304, 26.174353628777101 ], [ 91.795521315998101, 26.174372234221199 ], [ 91.795485035738693, 26.174389289343399 ], [ 91.795431479079795, 26.1743908404686 ], [ 91.795369284221096, 26.174398592869299 ], [ 91.795310545181295, 26.1744109962255 ], [ 91.795275992382201, 26.174438905183099 ], [ 91.795243167043395, 26.1744652630098 ], [ 91.795212070063201, 26.1744962725896 ], [ 91.795167151604105, 26.1745582917242 ], [ 91.795118777325996, 26.174632714158601 ], [ 91.795054855006995, 26.174677678143102 ], [ 91.794940830949699, 26.174766054940001 ], [ 91.794783615893493, 26.174890092083199 ], [ 91.794723149393405, 26.174924202173599 ], [ 91.794654043795305, 26.174949010385301 ], [ 91.794533108998493, 26.174967615734499 ], [ 91.794464003400293, 26.174978468719001 ], [ 91.794393170341806, 26.174987771391599 ], [ 91.794317154902501, 26.175009478162199 ], [ 91.794298151042597, 26.1750342855496 ], [ 91.794289512842894, 26.175076148759601 ], [ 91.794277418824194, 26.1751071573707 ], [ 91.794251504224903, 26.175125763500699 ], [ 91.794206585765707, 26.175159873522201 ], [ 91.794134025247004, 26.1752063876115 ], [ 91.793966444530696, 26.175311818994899 ], [ 91.793850693013098, 26.175359883329602 ], [ 91.793712482715094, 26.175411049061498 ], [ 91.793451609261595, 26.175508727933501 ], [ 91.793346223404001, 26.175547489559801 ], [ 91.793176915227505, 26.175628113378899 ], [ 91.793168277027704, 26.1756591226493 ], [ 91.793137180047495, 26.1757583516141 ], [ 91.793085350848898, 26.1758451772921 ], [ 91.793030066729699, 26.175953709500199 ], [ 91.792966144410698, 26.176014176755999 ], [ 91.792922953411804, 26.176017278156799 ], [ 91.792876307492406, 26.176000222466602 ], [ 91.792803746075293, 26.175973864986901 ], [ 91.792706998417501, 26.175961461797002 ], [ 91.7926482593777, 26.175961461797002 ], [ 91.792594702718802, 26.175958360394599 ], [ 91.792456491522401, 26.175961461797002 ], [ 91.792390841743199, 26.175978516686701 ], [ 91.792321736144999, 26.1759971218715 ], [ 91.792237082505906, 26.176025030449299 ], [ 91.792155882889006, 26.176045185923702 ], [ 91.792053952850395, 26.176049837620599 ], [ 91.791991757991696, 26.176046736220599 ], [ 91.791934746412196, 26.176037433632501 ], [ 91.791898465254505, 26.176023479345901 ], [ 91.791865640813995, 26.176001773570299 ], [ 91.791786169555706, 26.175989369577099 ], [ 91.791672145498396, 26.175966112691 ], [ 91.791630681959802, 26.175945957203002 ], [ 91.791554666520497, 26.1759211500096 ], [ 91.791440642463201, 26.1759102963067 ], [ 91.791342167345107, 26.175922700308199 ], [ 91.7912402364082, 26.175911846605398 ], [ 91.791140033829805, 26.175890140808999 ], [ 91.791091660450107, 26.175883938806599 ], [ 91.791064017492104, 26.1759056454103 ], [ 91.791050196911499, 26.175942855800301 ], [ 91.791039831251396, 26.1759754152848 ], [ 91.791017371572707, 26.1760033238678 ], [ 91.790993185331999, 26.176038983929502 ], [ 91.790960359993207, 26.176057589910901 ], [ 91.790937900314404, 26.1760901493634 ], [ 91.790924079733799, 26.176127359694402 ], [ 91.790913714073696, 26.176161470229001 ], [ 91.790908530794496, 26.176198680537201 ], [ 91.790891254395007, 26.176277753612101 ], [ 91.790854974135598, 26.176325817548499 ], [ 91.790782413616895, 26.1763475240699 ], [ 91.790658023899496, 26.1763583769261 ], [ 91.790552638041902, 26.1763583769261 ], [ 91.790447252184407, 26.176353726047601 ], [ 91.790371235846706, 26.176336671212798 ], [ 91.790331500666696, 26.176311864102601 ], [ 91.790312496806905, 26.176279303905901 ], [ 91.790305586067404, 26.176240543329001 ], [ 91.790305586067404, 26.176217286492999 ], [ 91.790298675327904, 26.176169222511799 ], [ 91.790296947867603, 26.176110304826398 ], [ 91.7902934929471, 26.1760746447865 ], [ 91.790265850887494, 26.176059140207599 ], [ 91.7902295706281, 26.1760637910978 ], [ 91.790170830689902, 26.176071543387199 ], [ 91.790108635831302, 26.1760901493634 ], [ 91.790067172292694, 26.176113406224701 ], [ 91.790011888173495, 26.1761382133772 ], [ 91.789979062834703, 26.176132011387999 ], [ 91.789987701034505, 26.176099451947199 ], [ 91.790004977433995, 26.176068442794001 ], [ 91.790004977433995, 26.176042085329701 ], [ 91.790001522513407, 26.176014176755999 ], [ 91.789989428494707, 26.175970764391099 ], [ 91.789975607914101, 26.175918048606199 ], [ 91.789908229776202, 26.175874636205499 ], [ 91.789833941797198, 26.1758808382084 ], [ 91.789726828479303, 26.175885489105699 ], [ 91.789573069241996, 26.175914948008899 ], [ 91.789424492385606, 26.175944406098601 ], [ 91.788951120655099, 26.176051387917401 ], [ 91.788875071978097, 26.176064319150001 ] ] ] ] } },
{ "type": "Feature", "properties": { "ward_number": 53, "ward_lgd_name": "Guwahati (M Corp.) - Ward No.53" }, "geometry": { "type": "MultiPolygon", "coordinates": [ [ [ [ 91.790006377009206, 26.1886897827236 ], [ 91.789958028782294, 26.1885687621843 ], [ 91.789891868759895, 26.188436323906199 ], [ 91.789835886649797, 26.188344986991499 ], [ 91.789739191094299, 26.1881782979655 ], [ 91.789627227772201, 26.188000191045202 ], [ 91.789520353406203, 26.187870035815799 ], [ 91.789316782586397, 26.1876622435637 ], [ 91.789138659241999, 26.1874727189529 ], [ 91.789006338298904, 26.1873562637536 ], [ 91.788919820655593, 26.187283193227799 ], [ 91.788896919005794, 26.187237524730399 ], [ 91.788899463933006, 26.187214690072 ], [ 91.788861294516593, 26.187146186875999 ], [ 91.788800223450295, 26.187075399929 ], [ 91.788746786267296, 26.1869863456599 ], [ 91.788693349084298, 26.1868698899743 ], [ 91.788622099207501, 26.1867671348611 ], [ 91.788573750980603, 26.186719182443898 ], [ 91.788499957075004, 26.186666663375799 ], [ 91.788471966469004, 26.186643828605501 ], [ 91.788449064819204, 26.186602726491301 ], [ 91.788433797052605, 26.1865570577272 ], [ 91.788449064819204, 26.186506821501801 ], [ 91.788477055425105, 26.1864337512494 ], [ 91.788550849330804, 26.186269342409201 ], [ 91.788614465324301, 26.186102649607299 ], [ 91.788642455930201, 26.1859884767705 ], [ 91.7886526347407, 26.185929106174001 ], [ 91.788655179667899, 26.185844618498201 ], [ 91.788655179667899, 26.1857646966217 ], [ 91.788662813551099, 26.185687059234301 ], [ 91.788665357580001, 26.185618555140099 ], [ 91.788683170273799, 26.1855454835244 ], [ 91.788731518500697, 26.185449577664698 ], [ 91.788802767479197, 26.1853125691567 ], [ 91.788830758983394, 26.185266899886901 ], [ 91.788886741093606, 26.1851938288568 ], [ 91.788952901116005, 26.185111623590899 ], [ 91.788980891721906, 26.185052252547599 ], [ 91.789003793371805, 26.184965480484099 ], [ 91.789011427255005, 26.184901542666001 ], [ 91.789097944898401, 26.184232480046202 ], [ 91.789048725305605, 26.181914498632999 ], [ 91.789045841713602, 26.181882153630202 ], [ 91.789027757728604, 26.181679301252402 ], [ 91.789027757728604, 26.181569541775001 ], [ 91.789055714198497, 26.1814096066507 ], [ 91.789143077156595, 26.181143047353899 ], [ 91.789164043835299, 26.181067784229199 ], [ 91.789219956775199, 26.180989384316799 ], [ 91.789258396584501, 26.1808921679329 ], [ 91.789296835495506, 26.180776135836599 ], [ 91.789317803072606, 26.1806883279048 ], [ 91.789348432030494, 26.179945133276799 ], [ 91.789374195712895, 26.179814112907099 ], [ 91.789387078452293, 26.179751171096001 ], [ 91.789418567996293, 26.179707498120599 ], [ 91.789451489454805, 26.179676669701301 ], [ 91.7896418595315, 26.1795379413104 ], [ 91.790104186475702, 26.179220664341301 ], [ 91.790194361160502, 26.1791731368921 ], [ 91.7902158317941, 26.179150016076999 ], [ 91.790225851602798, 26.179107626291799 ], [ 91.790171459510603, 26.1787749342243 ], [ 91.790144263913703, 26.1784782076734 ], [ 91.790099892528602, 26.1784422412072 ], [ 91.790031187579004, 26.178410128223899 ], [ 91.789933855117994, 26.178390859945999 ], [ 91.789823640815797, 26.178365168903799 ], [ 91.789737760077998, 26.1783600311784 ], [ 91.789674780091801, 26.178345901424599 ], [ 91.789620567662695, 26.178312342950299 ], [ 91.789604912722197, 26.178284243857501 ], [ 91.789591493688505, 26.178213995693 ], [ 91.789580310561504, 26.178109627051398 ], [ 91.789589256883403, 26.1780494148271 ], [ 91.789620567662695, 26.177975152584199 ], [ 91.789663060670605, 26.1778888476688 ], [ 91.789736865356005, 26.177838670587999 ], [ 91.789815142753199, 26.1778085640067 ], [ 91.789857635761095, 26.177792507428901 ], [ 91.789994061106697, 26.177700181055801 ], [ 91.790166270841596, 26.177595811954099 ], [ 91.790197581620802, 26.177567712688599 ], [ 91.790197581620802, 26.177505492804801 ], [ 91.790108122893201, 26.177272669589001 ], [ 91.789924730031302, 26.1768732559939 ], [ 91.789812905948196, 26.176646452086299 ], [ 91.789730155839095, 26.176588245695399 ], [ 91.789669770187402, 26.176554124805399 ], [ 91.789647405730094, 26.176522011301898 ], [ 91.789633986696401, 26.1764798616097 ], [ 91.789638459408195, 26.176445740687999 ], [ 91.789633986696401, 26.176373484822399 ], [ 91.789578074654798, 26.176301228912099 ], [ 91.789457304249694, 26.176255065144002 ], [ 91.789153140982705, 26.176158723553701 ], [ 91.788875071978097, 26.176064319150001 ], [ 91.788786994859393, 26.1760792956761 ], [ 91.788596955362706, 26.1761087545304 ], [ 91.788520939025105, 26.176105653938102 ], [ 91.788470837286695, 26.176096351354801 ], [ 91.788443195227103, 26.1760901493634 ], [ 91.788361996508598, 26.17607309449 ], [ 91.788266977209403, 26.1760560388079 ], [ 91.788194415792304, 26.176031231637999 ], [ 91.788137404212804, 26.176006424462798 ], [ 91.788121855273602, 26.175987819279499 ], [ 91.788097668134498, 26.175961461797002 ], [ 91.788054478033999, 26.175935103502301 ], [ 91.787999193016503, 26.175924250606801 ], [ 91.787914539377397, 26.1759133977103 ], [ 91.7878056985992, 26.1759009937077 ], [ 91.787653665923898, 26.175888589703799 ], [ 91.787434256907304, 26.175885489105699 ], [ 91.787221757731899, 26.175874636205499 ], [ 91.787073180875495, 26.1758808382084 ], [ 91.786993709617306, 26.175877736803901 ], [ 91.786871047360194, 26.175859131600099 ], [ 91.7866412717852, 26.1758095171711 ], [ 91.786402858908801, 26.175742846993199 ], [ 91.786155806934303, 26.175711837745101 ], [ 91.786103977735706, 26.175727342370099 ], [ 91.786090156256705, 26.175759901914901 ], [ 91.786081518057003, 26.175786260249101 ], [ 91.786062514197098, 26.175804865464599 ], [ 91.786040055416706, 26.175800213757899 ], [ 91.7860141408174, 26.175789360849802 ], [ 91.785988226218095, 26.175767654224501 ], [ 91.785960584158502, 26.175766103923799 ], [ 91.785948490139802, 26.175781608541701 ], [ 91.785924303899094, 26.175814168071302 ], [ 91.785903571680706, 26.175831222982499 ], [ 91.785870747240196, 26.175828122382899 ], [ 91.785839649361705, 26.1758203700773 ], [ 91.785796458362796, 26.175817269477399 ], [ 91.785768816303204, 26.175829672682699 ], [ 91.785737719322995, 26.175854479895499 ], [ 91.785689345044901, 26.175869984501599 ], [ 91.785651337325305, 26.175874636205499 ], [ 91.785613329605596, 26.175865333603799 ], [ 91.785587415006304, 26.175856030195 ], [ 91.7855684111465, 26.175837424987701 ], [ 91.785556317127799, 26.1758203700773 ], [ 91.785554589667498, 26.175790911150202 ], [ 91.785561500406999, 26.175766103923799 ], [ 91.785570138606701, 26.175741296692198 ], [ 91.785587415006304, 26.175721140359101 ], [ 91.785592597387193, 26.175702535130199 ], [ 91.785599508126694, 26.175668425267599 ], [ 91.785589142466605, 26.175645168317399 ], [ 91.785564955327601, 26.175631213983898 ], [ 91.785530402528494, 26.1756234616652 ], [ 91.785485484069298, 26.175614159043299 ], [ 91.785438838149901, 26.175614159043299 ], [ 91.785397374611307, 26.175614159043299 ], [ 91.785331724832005, 26.175631213983898 ], [ 91.785285078912594, 26.175637415999699 ], [ 91.785245342834301, 26.175637415999699 ], [ 91.7851814205153, 26.1756250119677 ], [ 91.7851123149172, 26.175643618015101 ], [ 91.785063941537402, 26.175660672951398 ], [ 91.785038026938096, 26.175677727885098 ], [ 91.785027661278093, 26.175711837745101 ], [ 91.785033492242505, 26.175857096781701 ], [ 91.785038891117395, 26.176222906411802 ], [ 91.7850280933677, 26.1764070228942 ], [ 91.785014596180503, 26.176511193126899 ], [ 91.784990301243695, 26.1766008285975 ], [ 91.7849633068694, 26.1766759285332 ], [ 91.784895820933698, 26.176830972602701 ], [ 91.784428819156801, 26.177850869616201 ], [ 91.783949340679001, 26.1776865470198 ], [ 91.783264920552199, 26.1774355005352 ], [ 91.782819329221795, 26.1772886432021 ], [ 91.782526322132298, 26.177165600211399 ], [ 91.782176925097502, 26.176978059467501 ], [ 91.782082941555899, 26.176912568594101 ], [ 91.782054193670106, 26.176900661305201 ], [ 91.7820265516105, 26.176904630132899 ], [ 91.782006649435402, 26.176921499463099 ], [ 91.781959105200698, 26.1769721058266 ], [ 91.781781089654103, 26.177145755309699 ], [ 91.781585382686302, 26.1773323033789 ], [ 91.781486976738506, 26.1774235932997 ], [ 91.781454911374396, 26.1774414541525 ], [ 91.781430586793107, 26.177449392577099 ], [ 91.781408472965794, 26.177448400173301 ], [ 91.781366456963397, 26.177440461748599 ], [ 91.781337709077604, 26.177437485342999 ], [ 91.781282424958405, 26.177419624489598 ], [ 91.781253677072698, 26.1774057324442 ], [ 91.781217189302495, 26.177392832801299 ], [ 91.781109937644104, 26.177356118673501 ], [ 91.780997157753404, 26.1773124576995 ], [ 91.780939661982003, 26.177291620417598 ], [ 91.780877743804396, 26.1772727671366 ], [ 91.780783760262693, 26.1772390293816 ], [ 91.780703044837793, 26.177209261240399 ], [ 91.780541614886303, 26.177158654979898 ], [ 91.780425517517301, 26.1771249171919 ], [ 91.780366915919799, 26.177101102656302 ], [ 91.780323794989499, 26.177083240945102 ], [ 91.780275144030298, 26.1770604188081 ], [ 91.780217648258898, 26.177024696983 ], [ 91.780152413501298, 26.176982028292599 ], [ 91.779985454419204, 26.176875854315 ], [ 91.779890365949697, 26.176822270682301 ], [ 91.779795276582007, 26.176784563965199 ], [ 91.779720089389301, 26.176750826069 ], [ 91.779661488690095, 26.1767309810967 ], [ 91.779546497147194, 26.176709150494698 ], [ 91.779324253945902, 26.176669458920198 ], [ 91.779241327767096, 26.176660528837999 ], [ 91.7791993117646, 26.176663505263399 ], [ 91.779184937821697, 26.1766754125766 ], [ 91.779178303763402, 26.1766982355952 ], [ 91.779167246400505, 26.176727011456901 ], [ 91.779153978283802, 26.176756779721298 ], [ 91.7791429218193, 26.176792502434601 ], [ 91.779138498514797, 26.176817309442502 ], [ 91.779138498514797, 26.176839140024398 ], [ 91.779136287760906, 26.176901653713699 ], [ 91.779131864456403, 26.1769294371169 ], [ 91.779127442050296, 26.1769502752697 ], [ 91.779127442050296, 26.176967144593299 ], [ 91.779131864456403, 26.176987981933099 ], [ 91.7791429218193, 26.177006835260201 ], [ 91.779141815993199, 26.1770425578969 ], [ 91.779145132573206, 26.177082248538198 ], [ 91.7791149204335, 26.1772444194903 ], [ 91.779079413623606, 26.177243680224699 ], [ 91.779029311885296, 26.177248331873798 ], [ 91.778998214905101, 26.177254533803598 ], [ 91.778987849244999, 26.177279340713099 ], [ 91.778849638048698, 26.177612684408899 ], [ 91.778386631978194, 26.177580125381802 ], [ 91.778098116465102, 26.1775692718332 ], [ 91.778069579683503, 26.177569485469899 ], [ 91.778066788617906, 26.178264125854302 ], [ 91.777774371721605, 26.1783264831883 ], [ 91.777867769561695, 26.178445545698199 ], [ 91.777928249536501, 26.178534941861301 ], [ 91.777951966856605, 26.178636044332499 ], [ 91.777965011292807, 26.1787424682311 ], [ 91.777968351229106, 26.179319009136801 ], [ 91.777725153027106, 26.179287829933301 ], [ 91.777652772171507, 26.1792774376697 ], [ 91.777606448747207, 26.179285231665901 ], [ 91.777580392214105, 26.179300821269099 ], [ 91.777557230052807, 26.179337196195501 ], [ 91.777548544242293, 26.179412545084901 ], [ 91.777664353252106, 26.180475212695701 ], [ 91.777696200325593, 26.1807038536341 ], [ 91.777696200325593, 26.180810379638299 ], [ 91.777678829602905, 26.1808961196955 ], [ 91.777655667441607, 26.181028627005599 ], [ 91.777612239287507, 26.181233883651501 ], [ 91.777487744467294, 26.1821068691081 ], [ 91.777458792664007, 26.182260159845601 ], [ 91.777418259780006, 26.182338105044501 ], [ 91.777357460005007, 26.182403058396702 ], [ 91.777293764959794, 26.182439433160901 ], [ 91.777247441535494, 26.1824732089114 ], [ 91.777273498068595, 26.182842145751199 ], [ 91.777290869689594, 26.182927884313401 ], [ 91.778819546283302, 26.182808370107601 ], [ 91.780823039996804, 26.1826394901307 ], [ 91.781972442487699, 26.182629098166 ], [ 91.782273546092796, 26.182634294551601 ], [ 91.782059299694197, 26.183359175161101 ], [ 91.782574648799695, 26.183317605135201 ], [ 91.782930760741195, 26.183304615053299 ], [ 91.783029199028405, 26.183307213231 ], [ 91.783081312993005, 26.183712520991001 ], [ 91.783103441193404, 26.183768752828101 ], [ 91.783123601184997, 26.183803871210799 ], [ 91.783149690955796, 26.183830476014801 ], [ 91.783185266935902, 26.1838528236262 ], [ 91.783224401143002, 26.1838698507588 ], [ 91.783277766460799, 26.183891135074099 ], [ 91.783332316656399, 26.183915610862901 ], [ 91.7833844952997, 26.1839571145726 ], [ 91.783436674841298, 26.184028415307498 ], [ 91.783653690745894, 26.184355120572601 ], [ 91.783682152069105, 26.1844370627682 ], [ 91.783684523621403, 26.184504106852799 ], [ 91.783692824952894, 26.184638194100401 ], [ 91.783695099487204, 26.185076528979899 ], [ 91.783712471108203, 26.185188246452402 ], [ 91.783732737101005, 26.185276581422102 ], [ 91.783779061423601, 26.185370113394601 ], [ 91.783928223083294, 26.1856096563763 ], [ 91.784115370004699, 26.185947198691299 ], [ 91.784165398979496, 26.1860519528929 ], [ 91.784202458078298, 26.186138417016799 ], [ 91.784220987627606, 26.1861899625343 ], [ 91.784224693178203, 26.186228206306001 ], [ 91.784176517427795, 26.186284740028601 ], [ 91.783835575336397, 26.186439377124401 ], [ 91.783733664162398, 26.1864809460365 ], [ 91.783692899513099, 26.186497573758398 ], [ 91.783631752090002, 26.1865291661816 ], [ 91.783598399440194, 26.186562421609299 ], [ 91.7835020461428, 26.186672163485898 ], [ 91.783472399043504, 26.1867120701103 ], [ 91.7834557227185, 26.186761952363799 ], [ 91.783442751944094, 26.186823474049099 ], [ 91.783461281493501, 26.186924902253299 ], [ 91.783589134216299, 26.187528480627002 ], [ 91.783611370214601, 26.187614943655099 ], [ 91.783646576088898, 26.187666488519302 ], [ 91.783670663514897, 26.1877030688097 ], [ 91.783741075263507, 26.187739649088599 ], [ 91.783852252559697, 26.187771241175099 ], [ 91.7839560169582, 26.187776229356 ], [ 91.784020869931794, 26.187769578179299 ], [ 91.784087576129807, 26.187747962456999 ], [ 91.7841672522039, 26.187728009727 ], [ 91.784241370401404, 26.1877147081738 ], [ 91.7843321640255, 26.187706393997001 ], [ 91.784398870223598, 26.187706393997001 ], [ 91.784515605396393, 26.187709719990199 ], [ 91.784634193793707, 26.187713045177301 ], [ 91.784780576065899, 26.187713045177301 ], [ 91.784930663888602, 26.187684778262899 ], [ 91.785025163961507, 26.187659837336401 ], [ 91.785132634808903, 26.187631571215199 ], [ 91.785259423926405, 26.1876148396674 ], [ 91.7853327093856, 26.1876163011387 ], [ 91.785394594325496, 26.187630915044501 ], [ 91.785401108907905, 26.1877434426222 ], [ 91.785422280402599, 26.187836971808199 ], [ 91.785308280599693, 26.187877890501198 ], [ 91.785221966874005, 26.187886658502801 ], [ 91.785151938705994, 26.187889581438501 ], [ 91.785099824741394, 26.187898350245401 ], [ 91.785047710776894, 26.187915887050899 ], [ 91.7850265392822, 26.1879655737118 ], [ 91.784998854103506, 26.188177475740702 ], [ 91.785000482749098, 26.188273927504401 ], [ 91.785003740040295, 26.188342612216299 ], [ 91.7850265392822, 26.188418605000201 ], [ 91.785068882271503, 26.188509210724 ], [ 91.785177996137506, 26.188617353077301 ], [ 91.785251280698304, 26.188675808187298 ], [ 91.7853180524734, 26.1887108815617 ], [ 91.785379937413296, 26.188751799947699 ], [ 91.785443451897194, 26.188785411842598 ], [ 91.7854915270362, 26.188793303546799 ], [ 91.785494653173402, 26.1888063978096 ], [ 91.785475892757006, 26.1888120090603 ], [ 91.785447751234102, 26.188811073986201 ], [ 91.785426904929693, 26.188814815088499 ], [ 91.785417524721495, 26.188838196774 ], [ 91.785417524721495, 26.188902731362301 ], [ 91.785410228604704, 26.188929854934901 ], [ 91.785392510234004, 26.188940143157101 ], [ 91.785380002990294, 26.188951366451398 ], [ 91.785374790965093, 26.188971007012199 ], [ 91.785374790965093, 26.1889831661823 ], [ 91.785386256162994, 26.189001871665202 ], [ 91.785390425244302, 26.189019642072701 ], [ 91.785384172071602, 26.189049570834602 ], [ 91.785360199629906, 26.1891028820272 ], [ 91.785343523305002, 26.189121587490899 ], [ 91.785291409340402, 26.189176769599001 ], [ 91.785264309863194, 26.189202957230702 ], [ 91.785233041304807, 26.189243174141001 ], [ 91.785218449071294, 26.189275908862601 ], [ 91.785188223456998, 26.189398431227001 ], [ 91.785192392538207, 26.189459223617298 ], [ 91.785195519573705, 26.189498505370501 ], [ 91.785215322934206, 26.189578939779199 ], [ 91.785233041304807, 26.189599516108 ], [ 91.785267436898707, 26.1896116744064 ], [ 91.785309127711102, 26.189619156559601 ], [ 91.785384172071602, 26.189628509653399 ], [ 91.785489662133699, 26.1896282605708 ], [ 91.785571089922598, 26.189639678067099 ], [ 91.785657607565994, 26.189655661270201 ], [ 91.785795017465105, 26.189687629282201 ], [ 91.785922248553703, 26.189744713499 ], [ 91.786197068351996, 26.1899502183824 ], [ 91.786789967219207, 26.190265325972401 ], [ 91.786891751730806, 26.190336110175 ], [ 91.786955367724303, 26.190365794354101 ], [ 91.787110590317198, 26.190406895140701 ], [ 91.787367597421706, 26.190447995912699 ], [ 91.787616971541198, 26.190466262649199 ], [ 91.787800184739993, 26.1904594125226 ], [ 91.787955406434605, 26.190466262649199 ], [ 91.788143709487798, 26.190463979811099 ], [ 91.788400716592307, 26.1904160289155 ], [ 91.788561028141203, 26.190347527601901 ], [ 91.788797678523096, 26.190263042324201 ], [ 91.788993615459603, 26.190219657838 ], [ 91.7891081237089, 26.190217374995001 ], [ 91.789237899724696, 26.1902356417676 ], [ 91.789316782586397, 26.1902539085374 ], [ 91.789385487535995, 26.1902539085374 ], [ 91.789505085639604, 26.1901625738539 ], [ 91.790057269265006, 26.189632827891799 ], [ 91.790225214697301, 26.189438739158401 ], [ 91.790202110028105, 26.1893509651618 ], [ 91.790188244531706, 26.189306641235198 ], [ 91.790114868342698, 26.189032289732399 ], [ 91.790066684507494, 26.1888521334042 ], [ 91.790006377009206, 26.1886897827236 ] ] ] ] } },
{ "type": "Feature", "properties": { "ward_number": 56, "ward_lgd_name": "Guwahati (M Corp.) - Ward No.56" }, "geometry": { "type": "MultiPolygon", "coordinates": [ [ [ [ 91.815983225981398, 26.191241265863098 ], [ 91.816037776176998, 26.191129532430701 ], [ 91.816087583268001, 26.190997581519898 ], [ 91.816100628602499, 26.190929477141399 ], [ 91.816107743259593, 26.190878398831501 ], [ 91.816110114811906, 26.190810295189401 ], [ 91.816095884599505, 26.190725164573202 ], [ 91.816057936168704, 26.1905666099447 ], [ 91.816019987737803, 26.190416567381799 ], [ 91.815965437542204, 26.190252691344 ], [ 91.815859893581106, 26.189952605216298 ], [ 91.815680826107297, 26.189458845559301 ], [ 91.815553936378507, 26.189130026511702 ], [ 91.815435347981193, 26.188879952651 ], [ 91.815271696495998, 26.1885787989352 ], [ 91.815237305393694, 26.188502180721901 ], [ 91.815170896538007, 26.188287222544901 ], [ 91.815144806767194, 26.188161652749201 ], [ 91.815084326792402, 26.188042467159399 ], [ 91.815041635256804, 26.1879711688809 ], [ 91.814995385494399, 26.187890293229 ], [ 91.814952693958901, 26.187818994857398 ], [ 91.814915931304199, 26.187762594886699 ], [ 91.814902886867898, 26.1877253495777 ], [ 91.814874425544801, 26.187665756574901 ], [ 91.814831734009204, 26.187548699406499 ], [ 91.814751094042805, 26.187278403328499 ], [ 91.814692985620297, 26.187134741727601 ], [ 91.814657408741795, 26.187058122564601 ], [ 91.814647921634105, 26.187017684025701 ], [ 91.814643178529394, 26.186979374412001 ], [ 91.814641992753195, 26.186934679577998 ], [ 91.814643178529394, 26.186907011415698 ], [ 91.814646735857906, 26.1868814713817 ], [ 91.814660966968603, 26.1868495461297 ], [ 91.8146799402857, 26.186816557607099 ], [ 91.814725004272006, 26.186789953485 ], [ 91.814805644238405, 26.1867559000708 ], [ 91.814937277071905, 26.186709077013099 ], [ 91.815117531220196, 26.186631392694402 ], [ 91.815282369379901, 26.186596275163801 ], [ 91.815419931094297, 26.1865696709914 ], [ 91.815665409220401, 26.186531361230401 ], [ 91.815775696286195, 26.1865047570431 ], [ 91.816168223234399, 26.186401532448901 ], [ 91.816327131614898, 26.1863685437994 ], [ 91.816449277340695, 26.186323848731199 ], [ 91.816515687094693, 26.186298308569299 ], [ 91.816556007077907, 26.1862738324748 ], [ 91.816592769732594, 26.186252549400901 ], [ 91.816596327061106, 26.186234458543201 ], [ 91.816595141285006, 26.186211046508902 ], [ 91.816582096848705, 26.1861940197184 ], [ 91.816559564406504, 26.186181250027001 ], [ 91.816529917307193, 26.186168479528099 ], [ 91.816455207119901, 26.1861482605091 ], [ 91.816401842700401, 26.186144004212501 ], [ 91.816371009825005, 26.186131233709499 ], [ 91.816347291606505, 26.1861056935054 ], [ 91.816286811631699, 26.186069511741501 ], [ 91.816254792980004, 26.186037587073201 ], [ 91.816221588552196, 26.186023752483301 ], [ 91.816180081894501, 26.1860067256655 ], [ 91.816172967237407, 26.185967351643601 ], [ 91.816174153013606, 26.185858806189501 ], [ 91.816181268568997, 26.185822624348901 ], [ 91.816210915668293, 26.185783250264802 ], [ 91.816257164532402, 26.185737490088101 ], [ 91.8163389902749, 26.1856917306994 ], [ 91.816510943989996, 26.185610853465199 ], [ 91.816744562557702, 26.185503371759001 ], [ 91.817045776655704, 26.1853746067193 ], [ 91.817845061662894, 26.185018106727401 ], [ 91.817954162952404, 26.184970218886399 ], [ 91.818051405581997, 26.184932972684798 ], [ 91.8181012126729, 26.184914881622099 ], [ 91.818181852639299, 26.184905304047 ], [ 91.818343132572195, 26.184877635402799 ], [ 91.818493739621104, 26.184870185996299 ], [ 91.818640789341501, 26.184885084002701 ], [ 91.818753447959594, 26.184897854642301 ], [ 91.818843575033796, 26.184914881622099 ], [ 91.818887452345507, 26.1849372290256 ], [ 91.818933702107898, 26.184949999659501 ], [ 91.818978765195794, 26.1849648976557 ], [ 91.819040431845195, 26.184961705400902 ], [ 91.819121071811594, 26.1849361649404 ], [ 91.819277607741398, 26.184877635402799 ], [ 91.819402125917904, 26.1848191050296 ], [ 91.819505297428293, 26.184738227189701 ], [ 91.819577636063201, 26.184685017990301 ], [ 91.819616770270201, 26.184657349293701 ], [ 91.819676064468794, 26.1846435145399 ], [ 91.819769749769804, 26.184624359344301 ], [ 91.819960676801998, 26.184567957827198 ], [ 91.820075706972403, 26.184517940817098 ], [ 91.820301194888501, 26.1844114149776 ], [ 91.820426593413998, 26.184345650166598 ], [ 91.820693677819307, 26.1841162037937 ], [ 91.820910276905707, 26.183939369995301 ], [ 91.821014504834807, 26.183766919681101 ], [ 91.821097561269397, 26.1835023972369 ], [ 91.821162703500505, 26.1832744115354 ], [ 91.821192018223201, 26.1831501882297 ], [ 91.821206675135301, 26.183069808230901 ], [ 91.821208303780907, 26.1830142725602 ], [ 91.821208303780907, 26.182951430020399 ], [ 91.821178989058296, 26.182879819069001 ], [ 91.821094303978199, 26.182768748326101 ], [ 91.821025904455794, 26.182664985144498 ], [ 91.8209526189966, 26.182550991127201 ], [ 91.820850019713006, 26.1824633030357 ], [ 91.820700192401702, 26.182328848908799 ], [ 91.820475450985697, 26.182154934671399 ], [ 91.820364708474102, 26.1820555547603 ], [ 91.820250708671196, 26.1819722517284 ], [ 91.8200992527143, 26.1818991778262 ], [ 91.8193354574491, 26.181517734633701 ], [ 91.819165272516798, 26.181426027109801 ], [ 91.819045674413104, 26.1813552366878 ], [ 91.818923532280607, 26.181304998219598 ], [ 91.818760676702695, 26.181263894222202 ], [ 91.8185774635039, 26.181231924705099 ], [ 91.818409518071604, 26.181183970009901 ], [ 91.818241572639394, 26.181078926054301 ], [ 91.817831886970893, 26.180782063486301 ], [ 91.817450192806703, 26.1805491387911 ], [ 91.817071242097299, 26.180326990338202 ], [ 91.817013287286798, 26.1803279319296 ], [ 91.815698285763204, 26.180349291058199 ], [ 91.814430941662096, 26.180393891679401 ], [ 91.812703874832806, 26.180499819799302 ], [ 91.809013666612501, 26.180767425342999 ], [ 91.808243319933894, 26.180828751073498 ], [ 91.807802234552994, 26.180845476340401 ], [ 91.807603435583999, 26.180828751073498 ], [ 91.807385999267694, 26.180778575258401 ], [ 91.807087800814202, 26.180750700064898 ], [ 91.806901426443901, 26.180750700064898 ], [ 91.806646715433303, 26.180756274620499 ], [ 91.803055906697594, 26.1811465323463 ], [ 91.803031056601895, 26.180516545113399 ], [ 91.798253666800605, 26.180873352317299 ], [ 91.797843643365596, 26.180929103444999 ], [ 91.797520594816305, 26.180956978595798 ], [ 91.797216183614296, 26.1809402533449 ], [ 91.796793735580593, 26.180956978595798 ], [ 91.796594936611598, 26.181012729683399 ], [ 91.796327800103995, 26.181096356668 ], [ 91.7959736896089, 26.181207857877201 ], [ 91.7956071536168, 26.181302634586999 ], [ 91.795049584591297, 26.181396017387002 ], [ 91.789048725305605, 26.181914498632999 ], [ 91.789097944898401, 26.184232480046202 ], [ 91.789011427255005, 26.184901542666001 ], [ 91.789003793371805, 26.184965480484099 ], [ 91.788980891721906, 26.185052252547599 ], [ 91.788952901116005, 26.185111623590899 ], [ 91.788886741093606, 26.1851938288568 ], [ 91.788830758983394, 26.185266899886901 ], [ 91.788802767479197, 26.1853125691567 ], [ 91.788731518500697, 26.185449577664698 ], [ 91.788683170273799, 26.1855454835244 ], [ 91.788665357580001, 26.185618555140099 ], [ 91.788662813551099, 26.185687059234301 ], [ 91.788655179667899, 26.1857646966217 ], [ 91.788655179667899, 26.185844618498201 ], [ 91.7886526347407, 26.185929106174001 ], [ 91.788642455930201, 26.1859884767705 ], [ 91.788614465324301, 26.186102649607299 ], [ 91.788550849330804, 26.186269342409201 ], [ 91.788477055425105, 26.1864337512494 ], [ 91.788449064819204, 26.186506821501801 ], [ 91.788433797052605, 26.1865570577272 ], [ 91.788449064819204, 26.186602726491301 ], [ 91.788471966469004, 26.186643828605501 ], [ 91.788499957075004, 26.186666663375799 ], [ 91.788573750980603, 26.186719182443898 ], [ 91.788622099207501, 26.1867671348611 ], [ 91.788693349084298, 26.1868698899743 ], [ 91.788746786267296, 26.1869863456599 ], [ 91.788800223450295, 26.187075399929 ], [ 91.788861294516593, 26.187146186875999 ], [ 91.788899463933006, 26.187214690072 ], [ 91.788896919005794, 26.187237524730399 ], [ 91.788919820655593, 26.187283193227799 ], [ 91.789006338298904, 26.1873562637536 ], [ 91.789138659241999, 26.1874727189529 ], [ 91.789316782586397, 26.1876622435637 ], [ 91.789520353406203, 26.187870035815799 ], [ 91.789627227772201, 26.188000191045202 ], [ 91.789739191094299, 26.1881782979655 ], [ 91.789835886649797, 26.188344986991499 ], [ 91.789891868759895, 26.188436323906199 ], [ 91.789958028782294, 26.1885687621843 ], [ 91.790006377009206, 26.1886897827236 ], [ 91.790066684507494, 26.1888521334042 ], [ 91.790114868342698, 26.189032289732399 ], [ 91.790188244531706, 26.189306641235198 ], [ 91.790202110028105, 26.1893509651618 ], [ 91.790225214697301, 26.189438739158401 ], [ 91.790314480286995, 26.189587707652699 ], [ 91.790342166364098, 26.189669544600498 ], [ 91.790361709213101, 26.189748458601802 ], [ 91.790366594251594, 26.189852215475099 ], [ 91.790374737479695, 26.189947204410199 ], [ 91.790371480188497, 26.190018811823901 ], [ 91.790376366125301, 26.190100648468899 ], [ 91.790381252062105, 26.190145950685501 ], [ 91.790394280328698, 26.190167870664499 ], [ 91.790413823177701, 26.190175177860699 ], [ 91.790464308496695, 26.1901854071284 ], [ 91.790513165169997, 26.1901912528845 ], [ 91.790563650489005, 26.1901912528845 ], [ 91.790654850151597, 26.1901766392998 ], [ 91.790693935849603, 26.190160564273999 ], [ 91.790734649294905, 26.1901357206082 ], [ 91.790770477701699, 26.190088956947399 ], [ 91.790806306108493, 26.190034886869402 ], [ 91.790838878122401, 26.189988123168 ], [ 91.790866563301094, 26.1899588959459 ], [ 91.790913791328805, 26.1899238229473 ], [ 91.790982190851196, 26.189881443530101 ], [ 91.791254161193393, 26.189763072240201 ], [ 91.791477273963906, 26.189682696803398 ], [ 91.791682472530994, 26.189627165090801 ], [ 91.791928385441693, 26.189586246206101 ], [ 91.792050527574204, 26.1895804012258 ], [ 91.792172669706801, 26.189595014885199 ], [ 91.792288696108798, 26.189626846684199 ], [ 91.792379489732994, 26.189660101227599 ], [ 91.792455461154802, 26.189696680891998 ], [ 91.792509195680196, 26.189728272447802 ], [ 91.792559225553305, 26.189734922706599 ], [ 91.792642608076306, 26.189709982218901 ], [ 91.792751931249697, 26.189678390658202 ], [ 91.792889049196404, 26.189655113127301 ], [ 91.793050255467406, 26.189635159917898 ], [ 91.793142902315907, 26.189636822887 ], [ 91.793222578390001, 26.189655113127301 ], [ 91.793517196158803, 26.189754875898899 ], [ 91.793858137351805, 26.1898829041669 ], [ 91.793980432197998, 26.189914495672099 ], [ 91.794115696920201, 26.189939436922 ], [ 91.794310255841097, 26.189946087168799 ], [ 91.794491843987501, 26.1899311229039 ], [ 91.7946252554854, 26.1898978692439 ], [ 91.794753108208198, 26.189839674308502 ], [ 91.794847608281103, 26.189784804471898 ], [ 91.794925432029103, 26.1897615261562 ], [ 91.7950644032002, 26.1897648520907 ], [ 91.795249696897201, 26.1898313602833 ], [ 91.795570256214802, 26.189949413098098 ], [ 91.7956666086138, 26.189962714396099 ], [ 91.795905638632902, 26.189982667549401 ], [ 91.796152079753, 26.1900308854391 ], [ 91.796474491396594, 26.1900990572484 ], [ 91.797058168159197, 26.190247038246099 ], [ 91.797430609675999, 26.190381717001099 ], [ 91.797543638400001, 26.190421621548602 ], [ 91.797701139120505, 26.190489793129199 ], [ 91.7978123155183, 26.190513070493299 ], [ 91.797960551014896, 26.1905230466202 ], [ 91.798219962909499, 26.1905280346834 ], [ 91.7984311981552, 26.1905247095767 ], [ 91.798594256752295, 26.190539673765201 ], [ 91.798709139599097, 26.190577916109099 ], [ 91.798779551347707, 26.190619483544499 ], [ 91.798870344971803, 26.190694305213299 ], [ 91.798981521369598, 26.190857249602601 ], [ 91.799027844793898, 26.1908988169384 ], [ 91.799088992216994, 26.190922095026799 ], [ 91.799166815964995, 26.1909237571715 ], [ 91.799454021734306, 26.1909038049854 ], [ 91.799608447521607, 26.1908797062998 ], [ 91.799675031548801, 26.1908683098832 ], [ 91.799718992403797, 26.190860574699801 ], [ 91.799780139826893, 26.190820670302699 ], [ 91.799824610026704, 26.190744185761702 ], [ 91.799895021775299, 26.190647749746802 ], [ 91.799982109848898, 26.190617820589399 ], [ 91.800119227795506, 26.190606182321499 ], [ 91.800606551260799, 26.1905429996776 ], [ 91.800849286830299, 26.190501431408801 ], [ 91.801021610651205, 26.190459863931299 ], [ 91.801079051625507, 26.190449887798898 ], [ 91.801136492599696, 26.1904548758652 ], [ 91.801205052022198, 26.190478154042399 ], [ 91.801338463519897, 26.1905230466202 ], [ 91.801872110409406, 26.190705944278601 ], [ 91.802276052249994, 26.1908140192998 ], [ 91.802368699098494, 26.190835634453201 ], [ 91.802470611170804, 26.190848936456099 ], [ 91.802589199568104, 26.190857249602601 ], [ 91.802826375464406, 26.190863900603102 ], [ 91.803043170383503, 26.190860574699801 ], [ 91.8031339640076, 26.1908688886516 ], [ 91.803243288079301, 26.190897153987301 ], [ 91.803326669704006, 26.190940384259299 ], [ 91.803469346425601, 26.191085039097501 ], [ 91.803589788047304, 26.191191451626199 ], [ 91.803686140446402, 26.191271260958999 ], [ 91.803754699868904, 26.191296201112301 ], [ 91.803847346717404, 26.191326129289301 ], [ 91.803923317241001, 26.191336105346601 ], [ 91.803978905889096, 26.191336105346601 ], [ 91.804043758862704, 26.1913211412603 ], [ 91.804116022937393, 26.191301189142301 ], [ 91.804229052559705, 26.191287887997099 ], [ 91.804388405606304, 26.191297864057699 ], [ 91.804468082578694, 26.191296201112301 ], [ 91.804725641248794, 26.1912612848961 ], [ 91.804809023771796, 26.191259621950199 ], [ 91.804931317719607, 26.1912529709724 ], [ 91.805033229791903, 26.191259621950199 ], [ 91.805096229541107, 26.191279574075299 ], [ 91.805229641038906, 26.191316153231099 ], [ 91.805303759236395, 26.191341093374898 ], [ 91.805361200210598, 26.1913444192644 ], [ 91.805427906408696, 26.191347744347699 ], [ 91.805477935383493, 26.191347744347699 ], [ 91.805514994482195, 26.1913444192644 ], [ 91.805579847455803, 26.191334443207801 ], [ 91.805631729655104, 26.1913211412603 ], [ 91.805698435853103, 26.191286225051599 ], [ 91.8057336417274, 26.191216391796701 ], [ 91.805765141152804, 26.191159860467302 ], [ 91.805792935925993, 26.191111642238798 ], [ 91.8058522301247, 26.1910916900849 ], [ 91.805989347172996, 26.191053447909699 ], [ 91.806122759569107, 26.191030169847501 ], [ 91.806187612542701, 26.191003566687598 ], [ 91.806270994167406, 26.190973638427799 ], [ 91.806391435789095, 26.190925420122198 ], [ 91.806467406312706, 26.190913781078901 ], [ 91.806548935611303, 26.190913781078901 ], [ 91.806706435433398, 26.190917106980599 ], [ 91.807251200771105, 26.1909304081681 ], [ 91.8080739066544, 26.190920432076101 ], [ 91.8081517304024, 26.1908988169384 ], [ 91.808220288926606, 26.190870551603101 ], [ 91.808286995124703, 26.1908472735043 ], [ 91.808390759523206, 26.190833971501199 ], [ 91.808576054118504, 26.190837297405199 ], [ 91.808850289113494, 26.190855586650901 ], [ 91.809042995708197, 26.1908871778924 ], [ 91.809219025079699, 26.190943710160202 ], [ 91.809345024578107, 26.190978626471601 ], [ 91.809422848326093, 26.191006892586699 ], [ 91.809552554273296, 26.191043471828198 ], [ 91.809641495571299, 26.191058435950101 ], [ 91.809713760544398, 26.191065086939101 ], [ 91.809776760293502, 26.1910634239904 ], [ 91.8098582895921, 26.191045133971102 ], [ 91.810075083612901, 26.190976963521699 ], [ 91.810256672657701, 26.1909653252896 ], [ 91.811127555189699, 26.1909802894215 ], [ 91.811388819410297, 26.1910235196627 ], [ 91.811692702402894, 26.1911133051868 ], [ 91.811827967125097, 26.1911615226085 ], [ 91.8119002311998, 26.1911764875214 ], [ 91.811976202621693, 26.1911831376975 ], [ 91.812079967020196, 26.191163185555901 ], [ 91.812204114192497, 26.191096678123699 ], [ 91.8123078785909, 26.191045133971102 ], [ 91.812372731564494, 26.191021856713402 ], [ 91.812478349187401, 26.190998578644798 ], [ 91.812643261009001, 26.191013542772499 ], [ 91.812858202703595, 26.191086702045901 ], [ 91.813160231573505, 26.1911764875214 ], [ 91.813293643969601, 26.191206415729098 ], [ 91.8134122323669, 26.191226367863401 ], [ 91.813508584765998, 26.191238006875398 ], [ 91.813614202388905, 26.191238006875398 ], [ 91.813717967685605, 26.191226367863401 ], [ 91.813921790932, 26.191216391796701 ], [ 91.814138584952801, 26.191214728850099 ], [ 91.814333143873696, 26.1912213798301 ], [ 91.814544379119496, 26.1912529709724 ], [ 91.814703732165995, 26.191291213082099 ], [ 91.814868643987595, 26.191359383347699 ], [ 91.815089144457204, 26.191444180589201 ], [ 91.815270732603693, 26.191512350765301 ], [ 91.815381909001601, 26.191547266906301 ], [ 91.815464995080504, 26.1915551817997 ], [ 91.815570539041602, 26.191537091765401 ], [ 91.815651179008, 26.191508360671001 ], [ 91.815754350518404, 26.1914668596513 ], [ 91.815811273164698, 26.191436000487901 ], [ 91.815888354904303, 26.191388114478901 ], [ 91.815939347771405, 26.191329588182601 ], [ 91.815983225981398, 26.191241265863098 ] ] ] ] } },
{ "type": "Feature", "properties": { "ward_number": 33, "ward_lgd_name": "Guwahati (M Corp.) - Ward No.33" }, "geometry": { "type": "MultiPolygon", "coordinates": [ [ [ [ 91.767414958542602, 26.200401316077102 ], [ 91.767526783524104, 26.200390168039799 ], [ 91.767706945145903, 26.2004068904984 ], [ 91.767831193827803, 26.200423612954499 ], [ 91.768079692988195, 26.200479354726198 ], [ 91.768266067358496, 26.200535096471299 ], [ 91.768620177853606, 26.2005741157576 ], [ 91.768918376307198, 26.2005685413443 ], [ 91.769098537928997, 26.200546244494699 ], [ 91.769191725563303, 26.2005072251991 ], [ 91.7692600622036, 26.200457057859499 ], [ 91.769334612490695, 26.200289832432201 ], [ 91.769402949131006, 26.2000557167529 ], [ 91.769409161879494, 26.199983252261301 ], [ 91.768843826918399, 26.1994146836435 ], [ 91.768639133204502, 26.1991633172345 ], [ 91.768570428254904, 26.199115369920399 ], [ 91.768448286122293, 26.1990286075265 ], [ 91.768377037143907, 26.198969244382301 ], [ 91.768331233844194, 26.198900748099099 ], [ 91.768305787267096, 26.1988276856213 ], [ 91.768298153383896, 26.198747772652599 ], [ 91.768463553888907, 26.198647311500999 ], [ 91.768738373687199, 26.198615346754199 ], [ 91.768829980286597, 26.1985810985136 ], [ 91.768924131813193, 26.1985148846824 ], [ 91.769076809478904, 26.198348210210099 ], [ 91.769232032071798, 26.1981975175303 ], [ 91.769387254664693, 26.198046823849399 ], [ 91.769550110242506, 26.197861882327398 ], [ 91.7696620744629, 26.197772836304701 ], [ 91.769679886258302, 26.197718038718399 ], [ 91.769601003396602, 26.197606160770299 ], [ 91.769453414687007, 26.197430350967199 ], [ 91.769326183598395, 26.1973253224659 ], [ 91.769191317728101, 26.197227142792901 ], [ 91.768254895011395, 26.196667746395399 ], [ 91.768056414046001, 26.1965444506199 ], [ 91.767911370263604, 26.196430288017201 ], [ 91.767537309084304, 26.196128897498902 ], [ 91.765673793553304, 26.1946952522323 ], [ 91.765741650493197, 26.194508528834 ], [ 91.765786887854304, 26.194415167828598 ], [ 91.765850220878406, 26.194342102536599 ], [ 91.765940696498902, 26.194264977071601 ], [ 91.766008553438894, 26.1942162668192 ], [ 91.766194028595606, 26.194232503303599 ], [ 91.7662709324687, 26.194277155034602 ], [ 91.7663252185597, 26.194342102536599 ], [ 91.766356885071701, 26.1944070491964 ], [ 91.766379503752304, 26.1944476415457 ], [ 91.766424741113397, 26.194476055939901 ], [ 91.766488074137499, 26.1944963517013 ], [ 91.766546883245894, 26.194549121147801 ], [ 91.766632835848895, 26.1945856541377 ], [ 91.766664502360996, 26.194634364235501 ], [ 91.766705215806297, 26.194674955699501 ], [ 91.766786644493493, 26.194654659969299 ], [ 91.766800215342599, 26.1946140684983 ], [ 91.766773072746204, 26.194553180459099 ], [ 91.766691644957305, 26.1944841737612 ], [ 91.766637358866404, 26.1944435822308 ], [ 91.766610216270095, 26.194370516150599 ], [ 91.7666056932526, 26.194301510150598 ], [ 91.766592121505298, 26.194240621948001 ], [ 91.766610629495105, 26.194184260553101 ], [ 91.766627305819995, 26.1941643089256 ], [ 91.7666495409199, 26.194136044382699 ], [ 91.766673629244295, 26.1941194177511 ], [ 91.766694011119796, 26.1940961403016 ], [ 91.766723658219107, 26.1940712007477 ], [ 91.766745894217294, 26.1940462611885 ], [ 91.766755158542793, 26.194021320817999 ], [ 91.766771834867797, 26.193981417503601 ], [ 91.766790364417105, 26.1939531521103 ], [ 91.766823717066998, 26.193923224608302 ], [ 91.766879305715094, 26.193893296292501 ], [ 91.767146129609003, 26.193785224128298 ], [ 91.767242482008101, 26.193743657822601 ], [ 91.767320305756101, 26.1937020915021 ], [ 91.767344394080396, 26.193660525166699 ], [ 91.767374041179707, 26.193627271765301 ], [ 91.767398129504102, 26.193615632992 ], [ 91.767425923378994, 26.193592355441801 ], [ 91.767448158478899, 26.193562427847102 ], [ 91.767459276927198, 26.193552451980501 ], [ 91.767492629577006, 26.193545801133599 ], [ 91.767546365000698, 26.193550789067299 ], [ 91.767616776749307, 26.193570740799998 ], [ 91.767661246949103, 26.193602332111102 ], [ 91.767705718047296, 26.193638910537501 ], [ 91.767748335022603, 26.193672163129499 ], [ 91.767787247345794, 26.193695440663799 ], [ 91.767822453220106, 26.193718717387299 ], [ 91.767881747418798, 26.193732019060899 ], [ 91.7679021292942, 26.193732019060899 ], [ 91.767942893943498, 26.193723706119599 ], [ 91.767989218266095, 26.193708741534 ], [ 91.768033688465906, 26.193695440663799 ], [ 91.768068894340203, 26.193670501024101 ], [ 91.768089277114001, 26.193657199343399 ], [ 91.768120776539504, 26.193615632992 ], [ 91.768118924213297, 26.193584042490599 ], [ 91.768054071239703, 26.193584042490599 ], [ 91.768017012141001, 26.193575729538701 ], [ 91.767983658592797, 26.193562427847102 ], [ 91.767954012391797, 26.193537488179 ], [ 91.767926217618594, 26.193504234742498 ], [ 91.767903982518703, 26.1934526924613 ], [ 91.767903982518703, 26.1934177760855 ], [ 91.767855805869999, 26.193268137004701 ], [ 91.767835423994498, 26.193170039354602 ], [ 91.767816894445104, 26.193055315644401 ], [ 91.767803923670698, 26.193003773164602 ], [ 91.767781688570807, 26.1929572186211 ], [ 91.767770571020904, 26.192927290057199 ], [ 91.767733511922202, 26.1928973622916 ], [ 91.767713129148305, 26.192885723445301 ], [ 91.7676760709479, 26.192842493895299 ], [ 91.767670512172899, 26.192814229031601 ], [ 91.767672364499106, 26.192792614245398 ], [ 91.767674217723496, 26.192762685639099 ], [ 91.767674217723496, 26.192704492134901 ], [ 91.767683482048994, 26.1926596003977 ], [ 91.767702011598402, 26.192637985582699 ], [ 91.767724247596604, 26.192618033690302 ], [ 91.7677372174727, 26.192593093820001 ], [ 91.767742776247701, 26.192571478992701 ], [ 91.767748335022603, 26.192526586398198 ], [ 91.767740923921593, 26.192483356714899 ], [ 91.767735365146606, 26.1924584168157 ], [ 91.767724247596604, 26.192445115802599 ], [ 91.767703864822806, 26.1924251630711 ], [ 91.767674217723496, 26.1924218380185 ], [ 91.767642717399795, 26.1924268260004 ], [ 91.767626041074806, 26.192440127015502 ], [ 91.7675889828744, 26.192456753886901 ], [ 91.767538953001306, 26.192496658529599 ], [ 91.767496335127603, 26.192523261348502 ], [ 91.7674537172539, 26.192558177186399 ], [ 91.767420364604007, 26.192586442918302 ], [ 91.767375894404196, 26.192609719863398 ], [ 91.767338835305395, 26.192621358737298 ], [ 91.767292511881195, 26.192621358737298 ], [ 91.767249894007506, 26.1926246845902 ], [ 91.767212834908705, 26.192613045716701 ], [ 91.767177629034407, 26.192599743915199 ], [ 91.767160952709503, 26.1925847799913 ], [ 91.767140570834002, 26.192558177186399 ], [ 91.767136864385193, 26.192523261348502 ], [ 91.767131305610206, 26.192501646508301 ], [ 91.767135012059001, 26.192418512965901 ], [ 91.767142423160195, 26.192343692404599 ], [ 91.767135012059001, 26.1919995176873 ], [ 91.767138717609598, 26.191947974740302 ], [ 91.767140570834002, 26.19192968486 ], [ 91.767149835159501, 26.191908069909498 ], [ 91.767159100383395, 26.191896430964398 ], [ 91.767177629034407, 26.191858189859499 ], [ 91.767201717358802, 26.191823273005699 ], [ 91.767205423807695, 26.191808308982001 ], [ 91.767214688133194, 26.1917767179904 ], [ 91.767214688133194, 26.191751777939899 ], [ 91.767212834908705, 26.1917301629565 ], [ 91.767186894258302, 26.1917118730419 ], [ 91.767138717609598, 26.191705222896001 ], [ 91.7670720114115, 26.191695246064199 ], [ 91.767025687987299, 26.191688595917402 ], [ 91.766990482113002, 26.191688595917402 ], [ 91.7668459530652, 26.191691920990799 ], [ 91.766777393642798, 26.191685270037699 ], [ 91.766719952668495, 26.1916769569503 ], [ 91.766638423369997, 26.191655341952998 ], [ 91.766586541170795, 26.1916470288635 ], [ 91.766542070072603, 26.191638714967201 ], [ 91.766486482322804, 26.191630401876498 ], [ 91.766425334899793, 26.191618762903701 ], [ 91.766375305924896, 26.191598810836599 ], [ 91.766369747149994, 26.191578857960099 ], [ 91.766362335150603, 26.191543941828598 ], [ 91.766366040701101, 26.191477434613901 ], [ 91.766353069926694, 26.191424228492298 ], [ 91.766327129276206, 26.191395962478499 ], [ 91.766312305277395, 26.191387649370402 ], [ 91.766295628952506, 26.1913760103733 ], [ 91.766295628952506, 26.191356058264699 ], [ 91.766290070177504, 26.191322804205399 ], [ 91.766286364627007, 26.191271260958999 ], [ 91.766299335401399, 26.191256296864399 ], [ 91.766301187727507, 26.1912463199941 ], [ 91.7663048941764, 26.191224705722998 ], [ 91.766293775728101, 26.191198102607501 ], [ 91.766240041202707, 26.191156534572499 ], [ 91.7662270704283, 26.191141570463198 ], [ 91.766212246429504, 26.191114967328801 ], [ 91.766204835328395, 26.1911000032141 ], [ 91.7661955701046, 26.191080051058201 ], [ 91.766162217454706, 26.191080051058201 ], [ 91.766141834680894, 26.1910883641882 ], [ 91.766130717131006, 26.1911099792908 ], [ 91.766121452805393, 26.191119955366499 ], [ 91.766078834931704, 26.191128269299799 ], [ 91.7660621586068, 26.191128269299799 ], [ 91.766047334608004, 26.191126606352 ], [ 91.766025099508099, 26.191119955366499 ], [ 91.766013981958096, 26.191119955366499 ], [ 91.765971364084393, 26.191111642238798 ], [ 91.765886129235298, 26.1910900271366 ], [ 91.765778658388001, 26.191075063018701 ], [ 91.765671187540605, 26.191060098898902 ], [ 91.765560011142796, 26.1910368208381 ], [ 91.765379747113002, 26.191009451094601 ], [ 91.765234986299902, 26.190964798917101 ], [ 91.765167129359995, 26.1909445025404 ], [ 91.765094749402607, 26.190920146722402 ], [ 91.765049511143204, 26.190887672021901 ], [ 91.765054035058995, 26.190855197312299 ], [ 91.765085701571095, 26.190806485633999 ], [ 91.765108320251599, 26.190761832572498 ], [ 91.765158082426794, 26.1906968838802 ], [ 91.765194271956304, 26.1906319343456 ], [ 91.765266652812002, 26.190518272975901 ], [ 91.765316414088801, 26.190477680063299 ], [ 91.765352604516707, 26.190449264693701 ], [ 91.7653073671556, 26.190400552039499 ], [ 91.765289271492506, 26.190392433933599 ], [ 91.765248558047205, 26.1903640185431 ], [ 91.765216891535104, 26.190335603145702 ], [ 91.765216891535104, 26.1902950093634 ], [ 91.765216891535104, 26.1902665939492 ], [ 91.765225938468404, 26.190242237989501 ], [ 91.765325461920398, 26.190193526054902 ], [ 91.765348080600901, 26.1901894665918 ], [ 91.765492842312298, 26.190169170079901 ], [ 91.7655335557576, 26.190148873564599 ], [ 91.765569746185506, 26.190128576239601 ], [ 91.765642127041204, 26.190104220251101 ], [ 91.765719030914298, 26.1900230333171 ], [ 91.765714507896902, 26.1899580834068 ], [ 91.765728078745894, 26.189917490298999 ], [ 91.765759745257995, 26.1898728377029 ], [ 91.765782363938499, 26.189840362710399 ], [ 91.765809506534794, 26.189799768755499 ], [ 91.7658683165415, 26.189767293742602 ], [ 91.765913553902607, 26.1897469971573 ], [ 91.765967839095197, 26.189734819526802 ], [ 91.766031172119398, 26.189738878199702 ], [ 91.766067362547204, 26.189742937678599 ], [ 91.766103552975096, 26.1897267005684 ], [ 91.7661261716556, 26.189706403975901 ], [ 91.766180456848303, 26.1896658099744 ], [ 91.766203076427104, 26.1896252167647 ], [ 91.766225695107593, 26.189576503765998 ], [ 91.766243789872405, 26.189531851039199 ], [ 91.766248313788196, 26.189495316464299 ], [ 91.766225695107593, 26.1894303670658 ], [ 91.766171409915003, 26.189426307575999 ], [ 91.766085457312002, 26.1894506637063 ], [ 91.766049267782506, 26.189475019831502 ], [ 91.765958792161996, 26.189495316464299 ], [ 91.765886411306298, 26.1895115544128 ], [ 91.765809506534794, 26.189491256976801 ], [ 91.765737126577406, 26.189458782684 ], [ 91.765664745721693, 26.189422248086199 ], [ 91.765610460529103, 26.189389772967999 ], [ 91.765578794017003, 26.189349179662202 ], [ 91.765569746185506, 26.189341060676899 ], [ 91.765502570168593, 26.189335871039301 ], [ 91.765430305195494, 26.189330882925098 ], [ 91.765376569771803, 26.189329219951599 ], [ 91.765313570022698, 26.189305942351002 ], [ 91.765269098924506, 26.1892893150299 ], [ 91.765226481949099, 26.1892294568155 ], [ 91.765213511174693, 26.189196202149098 ], [ 91.765200540400301, 26.1891629482793 ], [ 91.765194981625399, 26.189133018740499 ], [ 91.765183864075397, 26.189088125626999 ], [ 91.765174599749898, 26.189058196874999 ], [ 91.765157922526598, 26.189024942159701 ], [ 91.765135687426707, 26.188993350413199 ], [ 91.765098628328005, 26.1889733978966 ], [ 91.764971701768204, 26.188942429249401 ], [ 91.764806674962401, 26.188885272896801 ], [ 91.764595323833902, 26.188773558969299 ], [ 91.764288429688406, 26.188526747437599 ], [ 91.763692013916796, 26.187991554447098 ], [ 91.763654376302995, 26.1879395937768 ], [ 91.763625424499693, 26.1879006234605 ], [ 91.763596471798095, 26.187846064673199 ], [ 91.763564624724594, 26.1877993000933 ], [ 91.763553043643995, 26.1877655258867 ], [ 91.763541462563296, 26.187726554706 ], [ 91.763532776752896, 26.187682388158201 ], [ 91.763532776752896, 26.187646015836801 ], [ 91.763524091840694, 26.1875654769119 ], [ 91.763479157211904, 26.187024667362898 ], [ 91.763542157859405, 26.187001389301798 ], [ 91.763644069033404, 26.186979773436899 ], [ 91.763957216351599, 26.186918251834101 ], [ 91.7645038340154, 26.186831788288998 ], [ 91.764690981835201, 26.186823474049099 ], [ 91.764926305405396, 26.186818485827299 ], [ 91.765126423101194, 26.1868251370583 ], [ 91.765884276010894, 26.186830125279801 ], [ 91.766249305528206, 26.186850078163602 ], [ 91.7664531287746, 26.186861717612899 ], [ 91.766758864093404, 26.1869365416952 ], [ 91.767059040637207, 26.187041295007202 ], [ 91.767440747377805, 26.187174315270099 ], [ 91.767683482048994, 26.187245813951399 ], [ 91.767750188247106, 26.187267428960801 ], [ 91.767912509327303, 26.187293902384202 ], [ 91.767940073233504, 26.187263992517899 ], [ 91.767952959566301, 26.1872422767443 ], [ 91.767961423492906, 26.187211726813899 ], [ 91.767961423492906, 26.187182628678901 ], [ 91.767942893943498, 26.1870529344374 ], [ 91.767918805619203, 26.186851741172401 ], [ 91.767866923419902, 26.186552445143199 ], [ 91.767855805869999, 26.186434388886202 ], [ 91.767835423994498, 26.1864194241703 ], [ 91.767800334002899, 26.186357382327198 ], [ 91.7677974387327, 26.1862872341509 ], [ 91.7677945434625, 26.1862612538417 ], [ 91.767658467561603, 26.186253459505899 ], [ 91.767574506523601, 26.186237870832901 ], [ 91.767505020938103, 26.1862066942867 ], [ 91.767467383324302, 26.1861677233907 ], [ 91.767438430622605, 26.186133948711099 ], [ 91.767421059900002, 26.186105369446299 ], [ 91.767415269359702, 26.186056006051299 ], [ 91.767418164629902, 26.1858715428653 ], [ 91.767395002468604, 26.185513008131799 ], [ 91.767359662745307, 26.185490601991901 ], [ 91.767335944526906, 26.1854608053258 ], [ 91.767326457419102, 26.185408660537199 ], [ 91.767192318286007, 26.184455477968601 ], [ 91.767051457957805, 26.184476372010799 ], [ 91.766294900418799, 26.1845885898578 ], [ 91.765373723010697, 26.1847353976856 ], [ 91.764417309185603, 26.184852843814699 ], [ 91.763908899565706, 26.184891240382999 ], [ 91.763221791679598, 26.184929636132601 ], [ 91.763179004922605, 26.1846744158089 ], [ 91.763151318845601, 26.184378540234999 ], [ 91.763136218165599, 26.183818408206101 ], [ 91.763138734346796, 26.183262790268799 ], [ 91.762363535867294, 26.183213100796301 ], [ 91.762162185682897, 26.183222135174098 ], [ 91.761882812324401, 26.183199548825101 ], [ 91.761923082001999, 26.182831393460201 ], [ 91.7618176287708, 26.1828053051638 ], [ 91.761799195341197, 26.1824358514701 ], [ 91.758143084474099, 26.182242853552101 ], [ 91.757098482139298, 26.1821877108856 ], [ 91.756840403344697, 26.182237338722299 ], [ 91.756551601268995, 26.182286967344002 ], [ 91.755928666331897, 26.182267101548501 ], [ 91.755896574018394, 26.182524079697298 ], [ 91.755896574018394, 26.1827534711631 ], [ 91.755920169167595, 26.182912280684999 ], [ 91.755943765215207, 26.183014624842698 ], [ 91.756014552459604, 26.183155788466902 ], [ 91.756069609305001, 26.183251073876999 ], [ 91.756175790171596, 26.183349887667099 ], [ 91.756329162235005, 26.1834557607013 ], [ 91.756423545526999, 26.183533400381499 ], [ 91.756506130345997, 26.18361104001 ], [ 91.756553321542796, 26.183706325047901 ], [ 91.756596580813607, 26.183798080757398 ], [ 91.756651637659104, 26.183942772678598 ], [ 91.756717508423904, 26.1841342240408 ], [ 91.7567789558843, 26.184371332635301 ], [ 91.756858837672596, 26.184641525018002 ], [ 91.756932574086093, 26.185021999502901 ], [ 91.758186097606597, 26.185033028092501 ], [ 91.757774401508499, 26.187266222215602 ], [ 91.756708412083398, 26.187169224687501 ], [ 91.756879729791194, 26.189331530219199 ], [ 91.757021304280002, 26.1908277751307 ], [ 91.757155013120098, 26.1920346376194 ], [ 91.757229733188794, 26.192521613736002 ], [ 91.757780299846601, 26.1926380645778 ], [ 91.758138168892899, 26.192676880961798 ], [ 91.758323001754206, 26.192701583023101 ], [ 91.758464576243, 26.192736871212499 ], [ 91.758590420332794, 26.1927756875636 ], [ 91.758673005151806, 26.192828619809902 ], [ 91.758857838911396, 26.192899195294899 ], [ 91.7591173918414, 26.193001530679702 ], [ 91.759353349622202, 26.193089750099801 ], [ 91.759691554546805, 26.193206200373599 ], [ 91.759864589833498, 26.1932732466665 ], [ 91.760084817215301, 26.193333236609998 ], [ 91.760383696591802, 26.1933967546763 ], [ 91.760643249521806, 26.193453214792299 ], [ 91.760788756834799, 26.193499088817902 ], [ 91.761190670279504, 26.1936406629227 ], [ 91.761585820308397, 26.193814560821099 ], [ 91.761842542646903, 26.193925222838399 ], [ 91.761923082001999, 26.193965874198099 ], [ 91.762003622255406, 26.194013301304 ], [ 91.762212523678102, 26.1943091516024 ], [ 91.762366052946703, 26.1944830485028 ], [ 91.762401289363694, 26.194539508898199 ], [ 91.762401289363694, 26.194575642892101 ], [ 91.762408839703696, 26.1946637200598 ], [ 91.762403806443103, 26.194760831450001 ], [ 91.762310681690906, 26.195440604883899 ], [ 91.762222591097498, 26.195438347130899 ], [ 91.762142050844105, 26.195440604883899 ], [ 91.762131983424695, 26.195463188859701 ], [ 91.762137016685202, 26.195515131665001 ], [ 91.762144567923499, 26.195585141286099 ], [ 91.762197422099902, 26.1958064618508 ], [ 91.762210006598707, 26.1958448540028 ], [ 91.762197422099902, 26.195885504692601 ], [ 91.762177287261096, 26.195910347131999 ], [ 91.762152118263501, 26.1959419644081 ], [ 91.762121916005299, 26.195987131354901 ], [ 91.762076612168897, 26.196102308400299 ], [ 91.762046409012399, 26.196242326894399 ], [ 91.762053960250697, 26.1963010441733 ], [ 91.762033825411905, 26.196339436162202 ], [ 91.761991037756601, 26.196355245146201 ], [ 91.761950768079004, 26.196380086679401 ], [ 91.761923082001999, 26.196418479448301 ], [ 91.761900430083799, 26.1964388046948 ], [ 91.7618979139027, 26.196474938099499 ], [ 91.761915531661998, 26.196531396723199 ], [ 91.761923082001999, 26.196603664269901 ], [ 91.761938183580199, 26.196646573230399 ], [ 91.761938183580199, 26.1967075488399 ], [ 91.761870227825597, 26.1968294999633 ], [ 91.761648742802393, 26.1973376282691 ], [ 91.761573235809607, 26.197531844897199 ], [ 91.761517864553795, 26.197615403601599 ], [ 91.761432291039796, 26.197696703730902 ], [ 91.761339166287598, 26.197789295565201 ], [ 91.761170535440698, 26.1979767367168 ], [ 91.760493494974, 26.198805540777901 ], [ 91.760643364506095, 26.199124823811101 ], [ 91.760804888780697, 26.199358941362 ], [ 91.760929138360893, 26.1994258317741 ], [ 91.761146574677099, 26.1995150191992 ], [ 91.761277037005897, 26.1995596132891 ], [ 91.761376436490394, 26.1995874839821 ], [ 91.761506897920796, 26.1995930584423 ], [ 91.761724335135298, 26.199581909521601 ], [ 91.761954196050198, 26.1995596132891 ], [ 91.762202695210604, 26.1995651869446 ], [ 91.762333156641006, 26.1996042065559 ], [ 91.762457406221202, 26.199665523176598 ], [ 91.762600293148594, 26.1997491359656 ], [ 91.762774242920202, 26.199983252261301 ], [ 91.762917128949297, 26.2001281811993 ], [ 91.763115928816603, 26.200261961907302 ], [ 91.763302302288594, 26.200395741655601 ], [ 91.763420339120302, 26.200473780308499 ], [ 91.763563226047793, 26.200535096471299 ], [ 91.763743387669507, 26.200579689364499 ], [ 91.764085073565994, 26.200652153484899 ], [ 91.7645944964855, 26.200663302303099 ], [ 91.764892694938993, 26.200663302303099 ], [ 91.765072856560806, 26.200735766371398 ], [ 91.765221956236701, 26.200780359187799 ], [ 91.765408330607002, 26.200819378391799 ], [ 91.765588492228801, 26.200824952793099 ], [ 91.765979877418403, 26.200852823183201 ], [ 91.766309138716096, 26.200869545575301 ], [ 91.766470662990699, 26.200869545575301 ], [ 91.766607337169603, 26.200830526388 ], [ 91.766930385718794, 26.2006744503142 ], [ 91.767091909993397, 26.2005685413443 ], [ 91.767172672130698, 26.200535096471299 ], [ 91.767303134459397, 26.200457057859499 ], [ 91.767414958542602, 26.200401316077102 ] ] ] ] } },
{ "type": "Feature", "properties": { "ward_number": 34, "ward_lgd_name": "Guwahati (M Corp.) - Ward No.34" }, "geometry": { "type": "MultiPolygon", "coordinates": [ [ [ [ 91.785015899635994, 26.200926113298401 ], [ 91.785167840683201, 26.2009144760605 ], [ 91.785253076430607, 26.2009144760605 ], [ 91.785388341152796, 26.200919463678598 ], [ 91.785493958775703, 26.200951052190302 ], [ 91.785594017623595, 26.2010025911528 ], [ 91.785673693697703, 26.201080730956601 ], [ 91.785801547318897, 26.2012203855952 ], [ 91.785897899717995, 26.2012752492383 ], [ 91.785983135465301, 26.201328450859499 ], [ 91.786055399540103, 26.2013484012597 ], [ 91.786146194062496, 26.201356714462701 ], [ 91.786196223935605, 26.201353389665201 ], [ 91.786259223684795, 26.201333438459798 ], [ 91.786290724008495, 26.201303512854501 ], [ 91.786320370209495, 26.201283562446601 ], [ 91.786357429308296, 26.201251974025201 ], [ 91.786385223183203, 26.201228698001401 ], [ 91.786403752732497, 26.201218722791499 ], [ 91.786424135506294, 26.201208747580701 ], [ 91.786470458930594, 26.201203759975002 ], [ 91.7865241943543, 26.201223710396501 ], [ 91.786585340879, 26.2012685996385 ], [ 91.786652047077098, 26.201341751664 ], [ 91.786698370501298, 26.201378327659501 ], [ 91.786755812373897, 26.201408253245699 ], [ 91.786822517673599, 26.201433191228201 ], [ 91.786869794210403, 26.201436898878701 ], [ 91.786994143503506, 26.201460143426502 ], [ 91.787153033019393, 26.201522127252499 ], [ 91.787369780327793, 26.201625951014101 ], [ 91.787641792890796, 26.2017166028843 ], [ 91.787760930158697, 26.201754801257799 ], [ 91.787889400922396, 26.201781401961799 ], [ 91.788021164910006, 26.2017873132286 ], [ 91.788189165139499, 26.2017607125258 ], [ 91.788304459414604, 26.2017607125258 ], [ 91.788442812544801, 26.201784357595201 ], [ 91.788518577354196, 26.201781401961799 ], [ 91.788597636285701, 26.201751845623601 ], [ 91.788824929815505, 26.201698645001901 ], [ 91.788933635846405, 26.201683866823199 ], [ 91.789039047755097, 26.201677955551201 ], [ 91.789144459663802, 26.201692733730599 ], [ 91.789289401038204, 26.201716378007799 ], [ 91.789381636458302, 26.201763668159799 ], [ 91.789440930656994, 26.2017873132286 ], [ 91.789516695466403, 26.201766623793599 ], [ 91.789615519130805, 26.201742978720699 ], [ 91.7897209301412, 26.201745934354999 ], [ 91.789948224569301, 26.201728200547599 ], [ 91.790103048310201, 26.201698645001901 ], [ 91.790172224875306, 26.201672044278901 ], [ 91.790264460295404, 26.201636576638801 ], [ 91.790340225104799, 26.2015951977118 ], [ 91.790396225181297, 26.201530173653801 ], [ 91.790425872280593, 26.2014651495595 ], [ 91.790439048769201, 26.2013971697857 ], [ 91.790435754647007, 26.201320323037098 ], [ 91.790442342891296, 26.2012612101191 ], [ 91.790442342891296, 26.201202097170999 ], [ 91.790452225257795, 26.2011400285433 ], [ 91.790475284112802, 26.2010986494397 ], [ 91.790544459779596, 26.201036580756799 ], [ 91.790788224818399, 26.200794217817499 ], [ 91.790949636803603, 26.200646434798401 ], [ 91.791045166345896, 26.200566631890101 ], [ 91.791084695811605, 26.2005252525828 ], [ 91.791117637033096, 26.2005104742552 ], [ 91.791140695888103, 26.200448405258701 ], [ 91.791153872376697, 26.2004129372459 ], [ 91.791140695888103, 26.200371557884001 ], [ 91.791091284055895, 26.200315400154899 ], [ 91.790587283367501, 26.199940030181999 ], [ 91.790346813349103, 26.1997449551261 ], [ 91.790215048463196, 26.199653328850701 ], [ 91.790122813043098, 26.199564658192902 ], [ 91.7900305776229, 26.199455297621999 ], [ 91.789981165790806, 26.199402095951001 ], [ 91.789813165561299, 26.199340026363799 ], [ 91.789625401497204, 26.199260222560099 ], [ 91.789315754015405, 26.199094703385502 ], [ 91.788857871036996, 26.1989232725638 ], [ 91.788703048194407, 26.1988523355983 ], [ 91.788508694987698, 26.1987813985895 ], [ 91.788343988880399, 26.198728195804598 ], [ 91.788218812238796, 26.198689771555902 ], [ 91.788103517963705, 26.198677948707601 ], [ 91.787978341322102, 26.198651347294501 ], [ 91.787866342067403, 26.198574499539799 ], [ 91.787704930082199, 26.198479916626201 ], [ 91.787148223439402, 26.198113407110299 ], [ 91.786917635787404, 26.197986310799099 ], [ 91.786736459069303, 26.197903550335901 ], [ 91.786624458916407, 26.197785321806599 ], [ 91.786489399908305, 26.197690738252099 ], [ 91.786321399678798, 26.197560685738999 ], [ 91.786143517981202, 26.197436544568401 ], [ 91.786074341416196, 26.197386296914001 ], [ 91.785982105995998, 26.197347872222601 ], [ 91.7855538701169, 26.197167571577999 ], [ 91.785343047197898, 26.1970700325747 ], [ 91.785138811624805, 26.196987271460198 ], [ 91.784983987883905, 26.196951802393201 ], [ 91.784956300908505, 26.196940664504201 ], [ 91.784862079313299, 26.196902760368999 ], [ 91.784781123139894, 26.196867650771299 ], [ 91.784716358201194, 26.196834962515499 ], [ 91.784698817696906, 26.196805906280499 ], [ 91.784681277192703, 26.196729633629101 ], [ 91.784690722079603, 26.196665467709099 ], [ 91.7846961191578, 26.196632779396602 ], [ 91.784702865505594, 26.1966037231111 ], [ 91.784689372810007, 26.196554084467301 ], [ 91.784495077095499, 26.1963325299578 ], [ 91.784059781356603, 26.195900103858101 ], [ 91.7837930895151, 26.1956214055358 ], [ 91.783746634936804, 26.195692275149099 ], [ 91.783725789530607, 26.195715528098098 ], [ 91.783657693638801, 26.1957704185164 ], [ 91.783596546215705, 26.195810322023899 ], [ 91.783129604625998, 26.1960447517307 ], [ 91.783062899326296, 26.196059715210101 ], [ 91.782959134029497, 26.196046414608301 ], [ 91.782801634207402, 26.1959715963776 ], [ 91.782445869015504, 26.195793695631199 ], [ 91.782167928470002, 26.195637408069501 ], [ 91.782056752072094, 26.195607481000302 ], [ 91.782006722199, 26.195610805961898 ], [ 91.781967810774105, 26.195654034484399 ], [ 91.781780662954304, 26.195908416644102 ], [ 91.781725075204605, 26.195958295765699 ], [ 91.781695428105195, 26.195991547695499 ], [ 91.781621309907806, 26.196046414608301 ], [ 91.781567575382397, 26.196063040964901 ], [ 91.781447133760693, 26.1960813293901 ], [ 91.781224780964905, 26.196096293670799 ], [ 91.781058015919001, 26.196119569914501 ], [ 91.780920897972294, 26.196149496852101 ], [ 91.780817133573805, 26.196176098836698 ], [ 91.780700398400995, 26.196184412409 ], [ 91.780633692202898, 26.196154484674299 ], [ 91.780581810003696, 26.196132871313999 ], [ 91.780511398255101, 26.196117907037902 ], [ 91.7804335745071, 26.196119569914501 ], [ 91.780355750759099, 26.196099618618501 ], [ 91.780311280559303, 26.1960647030361 ], [ 91.780292751009895, 26.196028125371601 ], [ 91.780283486684397, 26.1960131618881 ], [ 91.780237163260097, 26.195993210573899 ], [ 91.780194545386394, 26.195983234915499 ], [ 91.780133397963297, 26.195993210573899 ], [ 91.780081515764095, 26.196028125371601 ], [ 91.780050015440395, 26.196056390261301 ], [ 91.780027780340404, 26.1960713537392 ], [ 91.780001839690001, 26.196104606442798 ], [ 91.779985162466701, 26.196117907037902 ], [ 91.779938839042501, 26.196124557737999 ], [ 91.779912898391999, 26.196124557737999 ], [ 91.779846192194, 26.196116244967399 ], [ 91.779798015545296, 26.196101281495299 ], [ 91.779785044770904, 26.196091305040099 ], [ 91.779773927220901, 26.196076341564702 ], [ 91.7797535453454, 26.1960514024349 ], [ 91.779735015796106, 26.196033113198901 ], [ 91.779716486246699, 26.196014824766198 ], [ 91.779699809921794, 26.1960065119878 ], [ 91.779692397922403, 26.1960015233532 ], [ 91.779659045272496, 26.195983234915499 ], [ 91.779629398173199, 26.195976584207401 ], [ 91.779597897849399, 26.1959632835961 ], [ 91.779581221524495, 26.1959483201043 ], [ 91.779555279975696, 26.195925043020299 ], [ 91.779544162425793, 26.195918392308901 ], [ 91.779523780550306, 26.195901765931801 ], [ 91.779499692225897, 26.195888465311899 ], [ 91.779477457126006, 26.1958784896445 ], [ 91.779364427503694, 26.1958286104888 ], [ 91.779256956656397, 26.1957737442794 ], [ 91.779243985882005, 26.195758779957199 ], [ 91.779232868332002, 26.195738828599399 ], [ 91.779232868332002, 26.1957188772381 ], [ 91.779221750782099, 26.195705575791401 ], [ 91.779193956907207, 26.195682299464899 ], [ 91.779162456583407, 26.195672323779899 ], [ 91.779143927034099, 26.195665673054101 ], [ 91.779093898059301, 26.195667335937099 ], [ 91.779067956510502, 26.1956773116225 ], [ 91.779023486310706, 26.1956773116225 ], [ 91.778969750887001, 26.195635745992099 ], [ 91.778930838563895, 26.195607481000302 ], [ 91.778904897913407, 26.195594180346799 ], [ 91.778773338741701, 26.1955310004087 ], [ 91.778395338449897, 26.195397989688299 ], [ 91.778206338304102, 26.195308207467001 ], [ 91.778089603131207, 26.195264978816098 ], [ 91.778024750157599, 26.1952350516511 ], [ 91.778004368282097, 26.195195147946599 ], [ 91.777987691957193, 26.195165220763698 ], [ 91.777972867958297, 26.195150257169399 ], [ 91.777956191633393, 26.195135292767102 ], [ 91.777902456209702, 26.195128642816599 ], [ 91.777863544784907, 26.195120329168901 ], [ 91.7778505740105, 26.195100377701699 ], [ 91.777837603236094, 26.195078763339701 ], [ 91.777820926911204, 26.195063799734299 ], [ 91.777787574261296, 26.195042185365502 ], [ 91.777730132388797, 26.195005607379802 ], [ 91.777698632963293, 26.194982330107401 ], [ 91.777656015089605, 26.194959053636399 ], [ 91.777628221214698, 26.1949391021416 ], [ 91.777604132890403, 26.194924137712199 ], [ 91.777591162115996, 26.194897535441601 ], [ 91.7775930153404, 26.1948775839363 ], [ 91.777605985216496, 26.194859295322001 ], [ 91.777620809215307, 26.194831030141799 ], [ 91.777646749865795, 26.194799439970001 ], [ 91.777667132639607, 26.194771174775202 ], [ 91.777704191738295, 26.194739584587101 ], [ 91.7777264268382, 26.194716308067601 ], [ 91.777715309288297, 26.194701344415598 ], [ 91.777693074188406, 26.1946880428527 ], [ 91.777646749865795, 26.1946697542087 ], [ 91.777570779342199, 26.194646476869199 ], [ 91.777437892460597, 26.1946089943619 ], [ 91.777350809776905, 26.1945836244826 ], [ 91.777223012749602, 26.194541002525 ], [ 91.777045454445499, 26.194457789026199 ], [ 91.776970811631898, 26.194426330140899 ], [ 91.776908609586698, 26.1944121233416 ], [ 91.776762717794696, 26.1943126732798 ], [ 91.776728789324693, 26.194273095713701 ], [ 91.776714087496799, 26.194255844404601 ], [ 91.776649623493697, 26.194234532964799 ], [ 91.776565933746895, 26.1942243854648 ], [ 91.776493552891196, 26.194220326142101 ], [ 91.776388374544396, 26.1942162668192 ], [ 91.776266232411899, 26.1942243854648 ], [ 91.776000460445204, 26.194214237157802 ], [ 91.775857961590006, 26.194222355803401 ], [ 91.7757279026048, 26.194261932580702 ], [ 91.775637426984403, 26.194292376680401 ], [ 91.775580879833797, 26.194322820772101 ], [ 91.775499451146601, 26.194320791112499 ], [ 91.775424809231396, 26.194274110543901 ], [ 91.7753965356561, 26.194237577456398 ], [ 91.775343380544101, 26.194232503303599 ], [ 91.775309452074097, 26.194232503303599 ], [ 91.775287964372595, 26.194240621948001 ], [ 91.775244988969305, 26.194242651608999 ], [ 91.775224631348394, 26.194232503303599 ], [ 91.775207667562597, 26.194218296480699 ], [ 91.775191833857406, 26.194201045163499 ], [ 91.775182786924105, 26.194189882023501 ], [ 91.775171477134705, 26.194176690026499 ], [ 91.7751556434295, 26.194157408234599 ], [ 91.775127369854204, 26.1941330530885 ], [ 91.775110406068407, 26.1941208759165 ], [ 91.7750538589179, 26.1941086979372 ], [ 91.774906836146997, 26.194058972787399 ], [ 91.774783563035498, 26.194028528626699 ], [ 91.774637670345101, 26.1939879361314 ], [ 91.774503088342499, 26.193952418593199 ], [ 91.774052971299696, 26.193779901688199 ], [ 91.773969281552894, 26.193757576132501 ], [ 91.773925174272506, 26.193739309106199 ], [ 91.773902555591903, 26.193713939037501 ], [ 91.773898031676097, 26.193663198883598 ], [ 91.773883329848204, 26.193565777855099 ], [ 91.773853925294006, 26.193446030323798 ], [ 91.7738494013782, 26.193403408755898 ], [ 91.773801901160894, 26.193372964423901 ], [ 91.773751008905194, 26.193353682498898 ], [ 91.773588152428999, 26.19330903122 ], [ 91.773512379534793, 26.193310046058599 ], [ 91.773449046510606, 26.193308016381401 ], [ 91.773367618721693, 26.1932846758965 ], [ 91.773332559272802, 26.193265394762999 ], [ 91.773277143101197, 26.193228861359099 ], [ 91.773238690715502, 26.1932065356979 ], [ 91.773196845392903, 26.1931872537454 ], [ 91.773121072498697, 26.1931649280762 ], [ 91.773036250874597, 26.193143617242701 ], [ 91.772960477980405, 26.193149706282998 ], [ 91.772839466826795, 26.193190298264401 ], [ 91.772770478907901, 26.193204506018802 ], [ 91.772646074817501, 26.193195372462601 ], [ 91.772761431076404, 26.193087802637699 ], [ 91.772890359082595, 26.193005602942002 ], [ 91.7729457752542, 26.192980232713499 ], [ 91.772968394833001, 26.192957907004601 ], [ 91.773005715341498, 26.19291426961 ], [ 91.773027203941396, 26.1928716478475 ], [ 91.773052084579803, 26.192819892483801 ], [ 91.773082620113001, 26.1927650925671 ], [ 91.773121072498697, 26.192708262936801 ], [ 91.773188928540307, 26.192606780924699 ], [ 91.773219464073406, 26.192579380919401 ], [ 91.7732567854802, 26.192554010598101 ], [ 91.773312201651805, 26.192511388703799 ], [ 91.773344999142793, 26.192482973830199 ], [ 91.773361963827, 26.192458618334001 ], [ 91.773361963827, 26.192436292525102 ], [ 91.773377796633895, 26.192253624896601 ], [ 91.773384582507504, 26.1921592472352 ], [ 91.773392499360099, 26.192135905714 ], [ 91.773426427830103, 26.192109520447101 ], [ 91.773452439447496, 26.192074002336 ], [ 91.773472796170097, 26.192041527957201 ], [ 91.773482974980595, 26.192014127818901 ], [ 91.773480713022707, 26.191992816774999 ], [ 91.773467141275404, 26.191971504921 ], [ 91.7734558323843, 26.191937001618498 ], [ 91.773445653573802, 26.191921778858799 ], [ 91.773425296851102, 26.191893363841402 ], [ 91.773390237402197, 26.1918740824776 ], [ 91.773356308932307, 26.191853786259301 ], [ 91.773220595052393, 26.1917959413327 ], [ 91.773101633854296, 26.191755601973799 ], [ 91.773046853689905, 26.1917540164184 ], [ 91.772965566936506, 26.191773043887601 ], [ 91.772931992402704, 26.191793657714499 ], [ 91.772880746210703, 26.191815857092401 ], [ 91.772861307566302, 26.191811100428701 ], [ 91.772831267004904, 26.191798415185101 ], [ 91.772808295286495, 26.1917682872221 ], [ 91.772802993429593, 26.1917413311686 ], [ 91.772794158498797, 26.191715960664801 ], [ 91.772764117039102, 26.191695346824002 ], [ 91.7727305425053, 26.191684247124101 ], [ 91.772721706676194, 26.191660462164499 ], [ 91.772716405717702, 26.191633506086099 ], [ 91.772725240648498, 26.1915780075466 ], [ 91.7727146387316, 26.1913988280944 ], [ 91.772709336874797, 26.191189520253999 ], [ 91.772679296313299, 26.1911054797385 ], [ 91.772645721779597, 26.191057909578099 ], [ 91.772615680319802, 26.1909833831693 ], [ 91.772608612375194, 26.190813716211998 ], [ 91.772603310518406, 26.190490238089101 ], [ 91.7725980095599, 26.190433154237599 ], [ 91.772560900155497, 26.190380826274399 ], [ 91.772495518074194, 26.190363384152199 ], [ 91.772451339826802, 26.190350698750901 ], [ 91.7723523823135, 26.190323742369301 ], [ 91.772271095560001, 26.190260314521399 ], [ 91.772219849368, 26.190207987286701 ], [ 91.772166836189797, 26.190163587913901 ], [ 91.772140329600703, 26.1901065039023 ], [ 91.772119124868496, 26.190062104490799 ], [ 91.772092618279402, 26.190035148042501 ], [ 91.772059042847303, 26.190011362746102 ], [ 91.772021934341197, 26.190006606008701 ], [ 91.771986591922996, 26.1900145339043 ], [ 91.771937112717197, 26.190041490357402 ], [ 91.771894702354302, 26.190084304198699 ], [ 91.771820484443793, 26.190138217066401 ], [ 91.771788676896193, 26.190174687758599 ], [ 91.771763937293301, 26.190177859718499 ], [ 91.771603130772604, 26.190157245605501 ], [ 91.771560720409795, 26.190133460334099 ], [ 91.771546583622097, 26.190058933333901 ], [ 91.771530679848297, 26.189992334183199 ], [ 91.771505940245405, 26.1899415924081 ], [ 91.771477666670094, 26.1899035360623 ], [ 91.771417584649001, 26.189873408415298 ], [ 91.771368106341498, 26.189852794248601 ], [ 91.771325695080293, 26.189836937628701 ], [ 91.771304490348001, 26.1898083947403 ], [ 91.771302723361799, 26.189794123696601 ], [ 91.771323928094105, 26.189776681486499 ], [ 91.7713345309094, 26.1897433818352 ], [ 91.771368106341498, 26.1896545835246 ], [ 91.771424653492005, 26.189575298656901 ], [ 91.771490036471604, 26.1895071144497 ], [ 91.771550117594401, 26.189443686157201 ], [ 91.771610198717298, 26.189413558391301 ], [ 91.771730361861302, 26.189323174240801 ], [ 91.771848758019104, 26.1892121749339 ], [ 91.771885867423507, 26.189182047108101 ], [ 91.771864661792904, 26.189142404923299 ], [ 91.771684417526004, 26.1890773908403 ], [ 91.771518310046901, 26.1890060351563 ], [ 91.771251477169798, 26.188883936386599 ], [ 91.771103040450598, 26.188772936661199 ], [ 91.770949302772905, 26.188600095287899 ], [ 91.770811468868899, 26.188444696876299 ], [ 91.770579978410098, 26.188206840447201 ], [ 91.770509293573696, 26.188129141005099 ], [ 91.770456281293804, 26.188062540751002 ], [ 91.770428006820197, 26.187999112478099 ], [ 91.770408569074107, 26.187927755327401 ], [ 91.770394432286494, 26.187843712458701 ], [ 91.7703838294712, 26.187786627310501 ], [ 91.770371459669704, 26.1877342981585 ], [ 91.770378528512694, 26.1876851410107 ], [ 91.770405035101803, 26.187626469367 ], [ 91.770428006820197, 26.1875804842043 ], [ 91.770442143607895, 26.1875582840193 ], [ 91.770461582252295, 26.1874536262928 ], [ 91.770458048280005, 26.187285540616902 ], [ 91.770431541690897, 26.186865323351 ], [ 91.770403268115601, 26.186567206701302 ], [ 91.770101096413597, 26.186568149854502 ], [ 91.770037477725197, 26.186552934454401 ], [ 91.7699897655055, 26.186502191181301 ], [ 91.769904944779697, 26.186473648282 ], [ 91.769832493855503, 26.186472062654701 ], [ 91.769668153362403, 26.186459376829699 ], [ 91.769500277998702, 26.1864435189419 ], [ 91.769411923300694, 26.1864419333142 ], [ 91.769364211080998, 26.186464133711901 ], [ 91.769323567704305, 26.1864895053595 ], [ 91.769291760156705, 26.186503776808099 ], [ 91.769198834830405, 26.186605024721199 ], [ 91.769171220618603, 26.186627580583899 ], [ 91.769033803533006, 26.186739448924499 ], [ 91.768905397447895, 26.1868723695741 ], [ 91.768706849108895, 26.186960467076499 ], [ 91.768627329341598, 26.186985838616 ], [ 91.768563713348101, 26.1870270671544 ], [ 91.768535439772904, 26.187066710865199 ], [ 91.768521302985306, 26.187093668000401 ], [ 91.768514235040598, 26.187128554027499 ], [ 91.768503632225304, 26.187182468263099 ], [ 91.768493029409996, 26.187233211239899 ], [ 91.768455920005593, 26.187271268458002 ], [ 91.768431181300997, 26.187296639929802 ], [ 91.768325154944705, 26.187334103025201 ], [ 91.768167882396298, 26.187334103025201 ], [ 91.768033641753505, 26.187320205712801 ], [ 91.767912509327303, 26.187293902384202 ], [ 91.767750188247106, 26.187267428960801 ], [ 91.767683482048994, 26.187245813951399 ], [ 91.767440747377805, 26.187174315270099 ], [ 91.767059040637207, 26.187041295007202 ], [ 91.766758864093404, 26.1869365416952 ], [ 91.7664531287746, 26.186861717612899 ], [ 91.766249305528206, 26.186850078163602 ], [ 91.765884276010894, 26.186830125279801 ], [ 91.765126423101194, 26.1868251370583 ], [ 91.764926305405396, 26.186818485827299 ], [ 91.764690981835201, 26.186823474049099 ], [ 91.7645038340154, 26.186831788288998 ], [ 91.763957216351599, 26.186918251834101 ], [ 91.763644069033404, 26.186979773436899 ], [ 91.763542157859405, 26.187001389301798 ], [ 91.763479157211904, 26.187024667362898 ], [ 91.763524091840694, 26.1875654769119 ], [ 91.763532776752896, 26.187646015836801 ], [ 91.763532776752896, 26.187682388158201 ], [ 91.763541462563296, 26.187726554706 ], [ 91.763553043643995, 26.1877655258867 ], [ 91.763564624724594, 26.1877993000933 ], [ 91.763596471798095, 26.187846064673199 ], [ 91.763625424499693, 26.1879006234605 ], [ 91.763654376302995, 26.1879395937768 ], [ 91.763692013916796, 26.187991554447098 ], [ 91.764288429688406, 26.188526747437599 ], [ 91.764595323833902, 26.188773558969299 ], [ 91.764806674962401, 26.188885272896801 ], [ 91.764971701768204, 26.188942429249401 ], [ 91.765098628328005, 26.1889733978966 ], [ 91.765135687426707, 26.188993350413199 ], [ 91.765157922526598, 26.189024942159701 ], [ 91.765174599749898, 26.189058196874999 ], [ 91.765183864075397, 26.189088125626999 ], [ 91.765194981625399, 26.189133018740499 ], [ 91.765200540400301, 26.1891629482793 ], [ 91.765213511174693, 26.189196202149098 ], [ 91.765226481949099, 26.1892294568155 ], [ 91.765269098924506, 26.1892893150299 ], [ 91.765313570022698, 26.189305942351002 ], [ 91.765376569771803, 26.189329219951599 ], [ 91.765430305195494, 26.189330882925098 ], [ 91.765502570168593, 26.189335871039301 ], [ 91.765569746185506, 26.189341060676899 ], [ 91.765578794017003, 26.189349179662202 ], [ 91.765610460529103, 26.189389772967999 ], [ 91.765664745721693, 26.189422248086199 ], [ 91.765737126577406, 26.189458782684 ], [ 91.765809506534794, 26.189491256976801 ], [ 91.765886411306298, 26.1895115544128 ], [ 91.765958792161996, 26.189495316464299 ], [ 91.766049267782506, 26.189475019831502 ], [ 91.766085457312002, 26.1894506637063 ], [ 91.766171409915003, 26.189426307575999 ], [ 91.766225695107593, 26.1894303670658 ], [ 91.766248313788196, 26.189495316464299 ], [ 91.766243789872405, 26.189531851039199 ], [ 91.766225695107593, 26.189576503765998 ], [ 91.766203076427104, 26.1896252167647 ], [ 91.766180456848303, 26.1896658099744 ], [ 91.7661261716556, 26.189706403975901 ], [ 91.766103552975096, 26.1897267005684 ], [ 91.766067362547204, 26.189742937678599 ], [ 91.766031172119398, 26.189738878199702 ], [ 91.765967839095197, 26.189734819526802 ], [ 91.765913553902607, 26.1897469971573 ], [ 91.7658683165415, 26.189767293742602 ], [ 91.765809506534794, 26.189799768755499 ], [ 91.765782363938499, 26.189840362710399 ], [ 91.765759745257995, 26.1898728377029 ], [ 91.765728078745894, 26.189917490298999 ], [ 91.765714507896902, 26.1899580834068 ], [ 91.765719030914298, 26.1900230333171 ], [ 91.765642127041204, 26.190104220251101 ], [ 91.765569746185506, 26.190128576239601 ], [ 91.7655335557576, 26.190148873564599 ], [ 91.765492842312298, 26.190169170079901 ], [ 91.765348080600901, 26.1901894665918 ], [ 91.765325461920398, 26.190193526054902 ], [ 91.765225938468404, 26.190242237989501 ], [ 91.765216891535104, 26.1902665939492 ], [ 91.765216891535104, 26.1902950093634 ], [ 91.765216891535104, 26.190335603145702 ], [ 91.765248558047205, 26.1903640185431 ], [ 91.765289271492506, 26.190392433933599 ], [ 91.7653073671556, 26.190400552039499 ], [ 91.765352604516707, 26.190449264693701 ], [ 91.765316414088801, 26.190477680063299 ], [ 91.765266652812002, 26.190518272975901 ], [ 91.765194271956304, 26.1906319343456 ], [ 91.765158082426794, 26.1906968838802 ], [ 91.765108320251599, 26.190761832572498 ], [ 91.765085701571095, 26.190806485633999 ], [ 91.765054035058995, 26.190855197312299 ], [ 91.765049511143204, 26.190887672021901 ], [ 91.765094749402607, 26.190920146722402 ], [ 91.765167129359995, 26.1909445025404 ], [ 91.765234986299902, 26.190964798917101 ], [ 91.765379747113002, 26.191009451094601 ], [ 91.765560011142796, 26.1910368208381 ], [ 91.765671187540605, 26.191060098898902 ], [ 91.765778658388001, 26.191075063018701 ], [ 91.765886129235298, 26.1910900271366 ], [ 91.765971364084393, 26.191111642238798 ], [ 91.766013981958096, 26.191119955366499 ], [ 91.766025099508099, 26.191119955366499 ], [ 91.766047334608004, 26.191126606352 ], [ 91.7660621586068, 26.191128269299799 ], [ 91.766078834931704, 26.191128269299799 ], [ 91.766121452805393, 26.191119955366499 ], [ 91.766130717131006, 26.1911099792908 ], [ 91.766141834680894, 26.1910883641882 ], [ 91.766162217454706, 26.191080051058201 ], [ 91.7661955701046, 26.191080051058201 ], [ 91.766204835328395, 26.1911000032141 ], [ 91.766212246429504, 26.191114967328801 ], [ 91.7662270704283, 26.191141570463198 ], [ 91.766240041202707, 26.191156534572499 ], [ 91.766293775728101, 26.191198102607501 ], [ 91.7663048941764, 26.191224705722998 ], [ 91.766301187727507, 26.1912463199941 ], [ 91.766299335401399, 26.191256296864399 ], [ 91.766286364627007, 26.191271260958999 ], [ 91.766290070177504, 26.191322804205399 ], [ 91.766295628952506, 26.191356058264699 ], [ 91.766295628952506, 26.1913760103733 ], [ 91.766312305277395, 26.191387649370402 ], [ 91.766327129276206, 26.191395962478499 ], [ 91.766353069926694, 26.191424228492298 ], [ 91.766366040701101, 26.191477434613901 ], [ 91.766362335150603, 26.191543941828598 ], [ 91.766369747149994, 26.191578857960099 ], [ 91.766375305924896, 26.191598810836599 ], [ 91.766425334899793, 26.191618762903701 ], [ 91.766486482322804, 26.191630401876498 ], [ 91.766542070072603, 26.191638714967201 ], [ 91.766586541170795, 26.1916470288635 ], [ 91.766638423369997, 26.191655341952998 ], [ 91.766719952668495, 26.1916769569503 ], [ 91.766777393642798, 26.191685270037699 ], [ 91.7668459530652, 26.191691920990799 ], [ 91.766990482113002, 26.191688595917402 ], [ 91.767025687987299, 26.191688595917402 ], [ 91.7670720114115, 26.191695246064199 ], [ 91.767138717609598, 26.191705222896001 ], [ 91.767186894258302, 26.1917118730419 ], [ 91.767212834908705, 26.1917301629565 ], [ 91.767214688133194, 26.191751777939899 ], [ 91.767214688133194, 26.1917767179904 ], [ 91.767205423807695, 26.191808308982001 ], [ 91.767201717358802, 26.191823273005699 ], [ 91.767177629034407, 26.191858189859499 ], [ 91.767159100383395, 26.191896430964398 ], [ 91.767149835159501, 26.191908069909498 ], [ 91.767140570834002, 26.19192968486 ], [ 91.767138717609598, 26.191947974740302 ], [ 91.767135012059001, 26.1919995176873 ], [ 91.767142423160195, 26.192343692404599 ], [ 91.767135012059001, 26.192418512965901 ], [ 91.767131305610206, 26.192501646508301 ], [ 91.767136864385193, 26.192523261348502 ], [ 91.767140570834002, 26.192558177186399 ], [ 91.767160952709503, 26.1925847799913 ], [ 91.767177629034407, 26.192599743915199 ], [ 91.767212834908705, 26.192613045716701 ], [ 91.767249894007506, 26.1926246845902 ], [ 91.767292511881195, 26.192621358737298 ], [ 91.767338835305395, 26.192621358737298 ], [ 91.767375894404196, 26.192609719863398 ], [ 91.767420364604007, 26.192586442918302 ], [ 91.7674537172539, 26.192558177186399 ], [ 91.767496335127603, 26.192523261348502 ], [ 91.767538953001306, 26.192496658529599 ], [ 91.7675889828744, 26.192456753886901 ], [ 91.767626041074806, 26.192440127015502 ], [ 91.767642717399795, 26.1924268260004 ], [ 91.767674217723496, 26.1924218380185 ], [ 91.767703864822806, 26.1924251630711 ], [ 91.767724247596604, 26.192445115802599 ], [ 91.767735365146606, 26.1924584168157 ], [ 91.767740923921593, 26.192483356714899 ], [ 91.767748335022603, 26.192526586398198 ], [ 91.767742776247701, 26.192571478992701 ], [ 91.7677372174727, 26.192593093820001 ], [ 91.767724247596604, 26.192618033690302 ], [ 91.767702011598402, 26.192637985582699 ], [ 91.767683482048994, 26.1926596003977 ], [ 91.767674217723496, 26.192704492134901 ], [ 91.767674217723496, 26.192762685639099 ], [ 91.767672364499106, 26.192792614245398 ], [ 91.767670512172899, 26.192814229031601 ], [ 91.7676760709479, 26.192842493895299 ], [ 91.767713129148305, 26.192885723445301 ], [ 91.767733511922202, 26.1928973622916 ], [ 91.767770571020904, 26.192927290057199 ], [ 91.767781688570807, 26.1929572186211 ], [ 91.767803923670698, 26.193003773164602 ], [ 91.767816894445104, 26.193055315644401 ], [ 91.767835423994498, 26.193170039354602 ], [ 91.767855805869999, 26.193268137004701 ], [ 91.767903982518703, 26.1934177760855 ], [ 91.767903982518703, 26.1934526924613 ], [ 91.767926217618594, 26.193504234742498 ], [ 91.767954012391797, 26.193537488179 ], [ 91.767983658592797, 26.193562427847102 ], [ 91.768017012141001, 26.193575729538701 ], [ 91.768054071239703, 26.193584042490599 ], [ 91.768118924213297, 26.193584042490599 ], [ 91.768120776539504, 26.193615632992 ], [ 91.768089277114001, 26.193657199343399 ], [ 91.768068894340203, 26.193670501024101 ], [ 91.768033688465906, 26.193695440663799 ], [ 91.767989218266095, 26.193708741534 ], [ 91.767942893943498, 26.193723706119599 ], [ 91.7679021292942, 26.193732019060899 ], [ 91.767881747418798, 26.193732019060899 ], [ 91.767822453220106, 26.193718717387299 ], [ 91.767787247345794, 26.193695440663799 ], [ 91.767748335022603, 26.193672163129499 ], [ 91.767705718047296, 26.193638910537501 ], [ 91.767661246949103, 26.193602332111102 ], [ 91.767616776749307, 26.193570740799998 ], [ 91.767546365000698, 26.193550789067299 ], [ 91.767492629577006, 26.193545801133599 ], [ 91.767459276927198, 26.193552451980501 ], [ 91.767448158478899, 26.193562427847102 ], [ 91.767425923378994, 26.193592355441801 ], [ 91.767398129504102, 26.193615632992 ], [ 91.767374041179707, 26.193627271765301 ], [ 91.767344394080396, 26.193660525166699 ], [ 91.767320305756101, 26.1937020915021 ], [ 91.767242482008101, 26.193743657822601 ], [ 91.767146129609003, 26.193785224128298 ], [ 91.766879305715094, 26.193893296292501 ], [ 91.766823717066998, 26.193923224608302 ], [ 91.766790364417105, 26.1939531521103 ], [ 91.766771834867797, 26.193981417503601 ], [ 91.766755158542793, 26.194021320817999 ], [ 91.766745894217294, 26.1940462611885 ], [ 91.766723658219107, 26.1940712007477 ], [ 91.766694011119796, 26.1940961403016 ], [ 91.766673629244295, 26.1941194177511 ], [ 91.7666495409199, 26.194136044382699 ], [ 91.766627305819995, 26.1941643089256 ], [ 91.766610629495105, 26.194184260553101 ], [ 91.766592121505298, 26.194240621948001 ], [ 91.7666056932526, 26.194301510150598 ], [ 91.766610216270095, 26.194370516150599 ], [ 91.766637358866404, 26.1944435822308 ], [ 91.766691644957305, 26.1944841737612 ], [ 91.766773072746204, 26.194553180459099 ], [ 91.766800215342599, 26.1946140684983 ], [ 91.766786644493493, 26.194654659969299 ], [ 91.766705215806297, 26.194674955699501 ], [ 91.766664502360996, 26.194634364235501 ], [ 91.766632835848895, 26.1945856541377 ], [ 91.766546883245894, 26.194549121147801 ], [ 91.766488074137499, 26.1944963517013 ], [ 91.766424741113397, 26.194476055939901 ], [ 91.766379503752304, 26.1944476415457 ], [ 91.766356885071701, 26.1944070491964 ], [ 91.7663252185597, 26.194342102536599 ], [ 91.7662709324687, 26.194277155034602 ], [ 91.766194028595606, 26.194232503303599 ], [ 91.766008553438894, 26.1942162668192 ], [ 91.765940696498902, 26.194264977071601 ], [ 91.765850220878406, 26.194342102536599 ], [ 91.765786887854304, 26.194415167828598 ], [ 91.765741650493197, 26.194508528834 ], [ 91.765673793553304, 26.1946952522323 ], [ 91.767537309084304, 26.196128897498902 ], [ 91.767911370263604, 26.196430288017201 ], [ 91.768056414046001, 26.1965444506199 ], [ 91.768254895011395, 26.196667746395399 ], [ 91.769191317728101, 26.197227142792901 ], [ 91.769326183598395, 26.1973253224659 ], [ 91.769453414687007, 26.197430350967199 ], [ 91.769601003396602, 26.197606160770299 ], [ 91.769679886258302, 26.197718038718399 ], [ 91.7696620744629, 26.197772836304701 ], [ 91.769550110242506, 26.197861882327398 ], [ 91.769387254664693, 26.198046823849399 ], [ 91.769232032071798, 26.1981975175303 ], [ 91.769076809478904, 26.198348210210099 ], [ 91.768924131813193, 26.1985148846824 ], [ 91.768829980286597, 26.1985810985136 ], [ 91.768738373687199, 26.198615346754199 ], [ 91.768463553888907, 26.198647311500999 ], [ 91.768298153383896, 26.198747772652599 ], [ 91.768305787267096, 26.1988276856213 ], [ 91.768331233844194, 26.198900748099099 ], [ 91.768377037143907, 26.198969244382301 ], [ 91.768448286122293, 26.1990286075265 ], [ 91.768570428254904, 26.199115369920399 ], [ 91.768639133204502, 26.1991633172345 ], [ 91.768843826918399, 26.1994146836435 ], [ 91.769409161879494, 26.199983252261301 ], [ 91.769462190328994, 26.199905508283599 ], [ 91.769485352490307, 26.199850955925601 ], [ 91.769502724111305, 26.199791207115901 ], [ 91.769525885374307, 26.1992093058848 ], [ 91.769531675914607, 26.1991521545702 ], [ 91.769557733346005, 26.199087209750601 ], [ 91.769595370959806, 26.199030059182199 ], [ 91.769667751815504, 26.198985896920501 ], [ 91.769916740557704, 26.198962516466 ], [ 91.770342338084802, 26.1989495273227 ], [ 91.770637650251402, 26.1989781034362 ], [ 91.770944544396798, 26.199024863528098 ], [ 91.771190637868898, 26.1991001988787 ], [ 91.771569911971696, 26.199232685483601 ], [ 91.772143165582094, 26.199450899145301 ], [ 91.772591925270504, 26.199637938640599 ], [ 91.772898818517604, 26.199749642953901 ], [ 91.773046474600903, 26.199814586597999 ], [ 91.773162283610702, 26.199853553734201 ], [ 91.773266511539802, 26.199871737587401 ], [ 91.773527081362701, 26.199892520051499 ], [ 91.775038387233806, 26.199941877582901 ], [ 91.775322119218004, 26.199970452646799 ], [ 91.775623221924803, 26.200045788191701 ], [ 91.775880896477503, 26.200126318487001 ], [ 91.777612239287507, 26.2007913427605 ], [ 91.778275245374502, 26.2010563119713 ], [ 91.778512653036202, 26.2011342445937 ], [ 91.778857184795399, 26.201240751916199 ], [ 91.779276991782197, 26.201378431635 ], [ 91.780047120170195, 26.2016719749621 ], [ 91.780272947649493, 26.201757699665201 ], [ 91.780521936391693, 26.2017940675799 ], [ 91.781040181665603, 26.201877194429599 ], [ 91.7815757976622, 26.201978505550102 ], [ 91.782001395189297, 26.202074621064401 ], [ 91.782560172448896, 26.202233081843399 ], [ 91.783046569750994, 26.202381151398299 ], [ 91.783153692950293, 26.202412323615199 ], [ 91.783700890027603, 26.201682365227999 ], [ 91.783825384847901, 26.2015524791811 ], [ 91.783891974264904, 26.201505720104301 ], [ 91.7839411938577, 26.201456363235799 ], [ 91.784065687779602, 26.201300499176 ], [ 91.7842135756282, 26.2011572087094 ], [ 91.784293252600705, 26.201099019399798 ], [ 91.784354399125405, 26.201059117704599 ], [ 91.784434076097796, 26.2010208788023 ], [ 91.784535988170205, 26.200990953116602 ], [ 91.784650870118597, 26.2009643522319 ], [ 91.784850987814494, 26.2009410769566 ], [ 91.785015899635994, 26.200926113298401 ] ] ] ] } },
{ "type": "Feature", "properties": { "ward_number": 35, "ward_lgd_name": "Guwahati (M Corp.) - Ward No.35" }, "geometry": { "type": "MultiPolygon", "coordinates": [ [ [ [ 91.781058015919001, 26.196119569914501 ], [ 91.781224780964905, 26.196096293670799 ], [ 91.781447133760693, 26.1960813293901 ], [ 91.781567575382397, 26.196063040964901 ], [ 91.781621309907806, 26.196046414608301 ], [ 91.781695428105195, 26.195991547695499 ], [ 91.781725075204605, 26.195958295765699 ], [ 91.781780662954304, 26.195908416644102 ], [ 91.781967810774105, 26.195654034484399 ], [ 91.782006722199, 26.195610805961898 ], [ 91.782056752072094, 26.195607481000302 ], [ 91.782167928470002, 26.195637408069501 ], [ 91.782445869015504, 26.195793695631199 ], [ 91.782801634207402, 26.1959715963776 ], [ 91.782959134029497, 26.196046414608301 ], [ 91.783062899326296, 26.196059715210101 ], [ 91.783129604625998, 26.1960447517307 ], [ 91.783596546215705, 26.195810322023899 ], [ 91.783657693638801, 26.1957704185164 ], [ 91.783725789530607, 26.195715528098098 ], [ 91.783746634936804, 26.195692275149099 ], [ 91.7837930895151, 26.1956214055358 ], [ 91.783508280450903, 26.195288250389599 ], [ 91.783216312712199, 26.194944612339899 ], [ 91.783026723271504, 26.194726860971699 ], [ 91.7828143830979, 26.194560143999201 ], [ 91.782541374303193, 26.194345794291699 ], [ 91.782492080150305, 26.194250527628402 ], [ 91.782484496572707, 26.1941654680417 ], [ 91.782526206249699, 26.194053189292202 ], [ 91.782598251135497, 26.193937508043199 ], [ 91.782647544390002, 26.193866057802499 ], [ 91.782647544390002, 26.193825229073902 ], [ 91.782624793657106, 26.1937469739708 ], [ 91.782473121206294, 26.193597268409501 ], [ 91.782461745839797, 26.193536024363802 ], [ 91.782473121206294, 26.193484988306199 ], [ 91.782545166092007, 26.193403330567499 ], [ 91.782647544390002, 26.193342087225901 ], [ 91.782696837644593, 26.193270636619999 ], [ 91.782696837644593, 26.1931991859703 ], [ 91.782445062328307, 26.1926392833584 ], [ 91.782248495672803, 26.192221191677699 ], [ 91.782148999170303, 26.191983837084301 ], [ 91.782076197004699, 26.191790033589101 ], [ 91.7820082475383, 26.191570098297198 ], [ 91.781894191141603, 26.190803588566101 ], [ 91.781818961728206, 26.190381135812 ], [ 91.781777706598703, 26.1902766104017 ], [ 91.781709758030701, 26.1902766104017 ], [ 91.781613216985406, 26.190302335091602 ], [ 91.781461356786593, 26.190317200966 ], [ 91.781323300998807, 26.190324633902499 ], [ 91.781251513031194, 26.190312245943499 ], [ 91.781077563259501, 26.190324633902499 ], [ 91.7808456317279, 26.190349410622801 ], [ 91.780688248686801, 26.190371708618599 ], [ 91.780563999106505, 26.190391529503501 ], [ 91.780381766868004, 26.190446037927298 ], [ 91.780265800653098, 26.1904609029773 ], [ 91.780218861882801, 26.190453470049501 ], [ 91.780196773208303, 26.190431172069399 ], [ 91.780136029128798, 26.190312245943499 ], [ 91.780044913009505, 26.190044662320901 ], [ 91.780028346279096, 26.1899604226811 ], [ 91.780009019025698, 26.1897919432189 ], [ 91.780014540969802, 26.18964576326 ], [ 91.780000735660494, 26.189298893050701 ], [ 91.780102895667895, 26.189271638976599 ], [ 91.780180206477894, 26.1892567729688 ], [ 91.780227145248105, 26.189241906959101 ], [ 91.780279605962406, 26.189219607940899 ], [ 91.780318261367299, 26.189184920839601 ], [ 91.7803734835028, 26.189137845644002 ], [ 91.7804287056383, 26.1891031585183 ], [ 91.780461839099203, 26.189058561230699 ], [ 91.780517060336393, 26.188996619943001 ], [ 91.780563999106505, 26.188902468574501 ], [ 91.780588849202303, 26.188820706054901 ], [ 91.780583327258199, 26.1887042562335 ], [ 91.780569521948905, 26.1885927613916 ], [ 91.780539149909202, 26.188513476607401 ], [ 91.780508776971104, 26.1884193248484 ], [ 91.780470122464493, 26.1883202187121 ], [ 91.780387288812094, 26.188144303802702 ], [ 91.780304456058104, 26.187837072571401 ], [ 91.780083568414497, 26.187066512562001 ], [ 91.780061479739999, 26.186992181097001 ], [ 91.780014540969802, 26.186950060987201 ], [ 91.779923424850494, 26.186947583001299 ], [ 91.779812980579607, 26.186955016152801 ], [ 91.779708059151005, 26.186964926483299 ], [ 91.779663880903698, 26.186964926483299 ], [ 91.779594853458903, 26.186955016152801 ], [ 91.779553437531106, 26.186927761530399 ], [ 91.7795147821261, 26.186883162604001 ], [ 91.779476126721093, 26.1868212201597 ], [ 91.7793850106018, 26.186600704758298 ], [ 91.779194494998094, 26.1861125962856 ], [ 91.779150316750702, 26.185991188551 ], [ 91.779128228076203, 26.1858846463238 ], [ 91.779128228076203, 26.185750849101399 ], [ 91.7791779282676, 26.185379190329598 ], [ 91.779158600115906, 26.185327158361702 ], [ 91.779100617457601, 26.185297425337499 ], [ 91.778981889821395, 26.185275125564299 ], [ 91.778849356875995, 26.1852354820501 ], [ 91.778738913503403, 26.185183450017998 ], [ 91.778625708709598, 26.185096728837902 ], [ 91.778592575248695, 26.185019918895399 ], [ 91.778562203208907, 26.184933198399801 ], [ 91.778534591691994, 26.184843999809001 ], [ 91.778479370454903, 26.184767189699901 ], [ 91.778388253437299, 26.184668080456898 ], [ 91.778286093429898, 26.184564015056502 ], [ 91.778244676603705, 26.184484726724602 ], [ 91.778228454826305, 26.184415814022302 ], [ 91.778219826508007, 26.183827347413299 ], [ 91.776416484626296, 26.1836105426251 ], [ 91.7746081508066, 26.1834321860754 ], [ 91.774562846970198, 26.183429927283498 ], [ 91.774356462626898, 26.183438961644502 ], [ 91.774140010864201, 26.183459289155799 ], [ 91.773988998675094, 26.1834796166636 ], [ 91.773105573865095, 26.183653529730101 ], [ 91.772186913536402, 26.1838138906373 ], [ 91.771147442378506, 26.183947148363199 ], [ 91.769312637902203, 26.1841910772009 ], [ 91.767513069843005, 26.184407901868301 ], [ 91.767192318286007, 26.184455477968601 ], [ 91.767326457419102, 26.185408660537199 ], [ 91.767335944526906, 26.1854608053258 ], [ 91.767359662745307, 26.185490601991901 ], [ 91.767395002468604, 26.185513008131799 ], [ 91.767418164629902, 26.1858715428653 ], [ 91.767415269359702, 26.186056006051299 ], [ 91.767421059900002, 26.186105369446299 ], [ 91.767438430622605, 26.186133948711099 ], [ 91.767467383324302, 26.1861677233907 ], [ 91.767505020938103, 26.1862066942867 ], [ 91.767574506523601, 26.186237870832901 ], [ 91.767658467561603, 26.186253459505899 ], [ 91.7677945434625, 26.1862612538417 ], [ 91.7677974387327, 26.1862872341509 ], [ 91.767800334002899, 26.186357382327198 ], [ 91.767835423994498, 26.1864194241703 ], [ 91.767855805869999, 26.186434388886202 ], [ 91.767866923419902, 26.186552445143199 ], [ 91.767918805619203, 26.186851741172401 ], [ 91.767942893943498, 26.1870529344374 ], [ 91.767961423492906, 26.187182628678901 ], [ 91.767961423492906, 26.187211726813899 ], [ 91.767952959566301, 26.1872422767443 ], [ 91.767940073233504, 26.187263992517899 ], [ 91.767912509327303, 26.187293902384202 ], [ 91.768033641753505, 26.187320205712801 ], [ 91.768167882396298, 26.187334103025201 ], [ 91.768325154944705, 26.187334103025201 ], [ 91.768431181300997, 26.187296639929802 ], [ 91.768455920005593, 26.187271268458002 ], [ 91.768493029409996, 26.187233211239899 ], [ 91.768503632225304, 26.187182468263099 ], [ 91.768514235040598, 26.187128554027499 ], [ 91.768521302985306, 26.187093668000401 ], [ 91.768535439772904, 26.187066710865199 ], [ 91.768563713348101, 26.1870270671544 ], [ 91.768627329341598, 26.186985838616 ], [ 91.768706849108895, 26.186960467076499 ], [ 91.768905397447895, 26.1868723695741 ], [ 91.769033803533006, 26.186739448924499 ], [ 91.769171220618603, 26.186627580583899 ], [ 91.769198834830405, 26.186605024721199 ], [ 91.769291760156705, 26.186503776808099 ], [ 91.769323567704305, 26.1864895053595 ], [ 91.769364211080998, 26.186464133711901 ], [ 91.769411923300694, 26.1864419333142 ], [ 91.769500277998702, 26.1864435189419 ], [ 91.769668153362403, 26.186459376829699 ], [ 91.769832493855503, 26.186472062654701 ], [ 91.769904944779697, 26.186473648282 ], [ 91.7699897655055, 26.186502191181301 ], [ 91.770037477725197, 26.186552934454401 ], [ 91.770101096413597, 26.186568149854502 ], [ 91.770403268115601, 26.186567206701302 ], [ 91.770431541690897, 26.186865323351 ], [ 91.770458048280005, 26.187285540616902 ], [ 91.770461582252295, 26.1874536262928 ], [ 91.770442143607895, 26.1875582840193 ], [ 91.770428006820197, 26.1875804842043 ], [ 91.770405035101803, 26.187626469367 ], [ 91.770378528512694, 26.1876851410107 ], [ 91.770371459669704, 26.1877342981585 ], [ 91.7703838294712, 26.187786627310501 ], [ 91.770394432286494, 26.187843712458701 ], [ 91.770408569074107, 26.187927755327401 ], [ 91.770428006820197, 26.187999112478099 ], [ 91.770456281293804, 26.188062540751002 ], [ 91.770509293573696, 26.188129141005099 ], [ 91.770579978410098, 26.188206840447201 ], [ 91.770811468868899, 26.188444696876299 ], [ 91.770949302772905, 26.188600095287899 ], [ 91.771103040450598, 26.188772936661199 ], [ 91.771251477169798, 26.188883936386599 ], [ 91.771518310046901, 26.1890060351563 ], [ 91.771684417526004, 26.1890773908403 ], [ 91.771864661792904, 26.189142404923299 ], [ 91.771885867423507, 26.189182047108101 ], [ 91.771848758019104, 26.1892121749339 ], [ 91.771730361861302, 26.189323174240801 ], [ 91.771610198717298, 26.189413558391301 ], [ 91.771550117594401, 26.189443686157201 ], [ 91.771490036471604, 26.1895071144497 ], [ 91.771424653492005, 26.189575298656901 ], [ 91.771368106341498, 26.1896545835246 ], [ 91.7713345309094, 26.1897433818352 ], [ 91.771323928094105, 26.189776681486499 ], [ 91.771302723361799, 26.189794123696601 ], [ 91.771304490348001, 26.1898083947403 ], [ 91.771325695080293, 26.189836937628701 ], [ 91.771368106341498, 26.189852794248601 ], [ 91.771417584649001, 26.189873408415298 ], [ 91.771477666670094, 26.1899035360623 ], [ 91.771505940245405, 26.1899415924081 ], [ 91.771530679848297, 26.189992334183199 ], [ 91.771546583622097, 26.190058933333901 ], [ 91.771560720409795, 26.190133460334099 ], [ 91.771603130772604, 26.190157245605501 ], [ 91.771763937293301, 26.190177859718499 ], [ 91.771788676896193, 26.190174687758599 ], [ 91.771820484443793, 26.190138217066401 ], [ 91.771894702354302, 26.190084304198699 ], [ 91.771937112717197, 26.190041490357402 ], [ 91.771986591922996, 26.1900145339043 ], [ 91.772021934341197, 26.190006606008701 ], [ 91.772059042847303, 26.190011362746102 ], [ 91.772092618279402, 26.190035148042501 ], [ 91.772119124868496, 26.190062104490799 ], [ 91.772140329600703, 26.1901065039023 ], [ 91.772166836189797, 26.190163587913901 ], [ 91.772219849368, 26.190207987286701 ], [ 91.772271095560001, 26.190260314521399 ], [ 91.7723523823135, 26.190323742369301 ], [ 91.772451339826802, 26.190350698750901 ], [ 91.772495518074194, 26.190363384152199 ], [ 91.772560900155497, 26.190380826274399 ], [ 91.7725980095599, 26.190433154237599 ], [ 91.772603310518406, 26.190490238089101 ], [ 91.772608612375194, 26.190813716211998 ], [ 91.772615680319802, 26.1909833831693 ], [ 91.772645721779597, 26.191057909578099 ], [ 91.772679296313299, 26.1911054797385 ], [ 91.772709336874797, 26.191189520253999 ], [ 91.7727146387316, 26.1913988280944 ], [ 91.772725240648498, 26.1915780075466 ], [ 91.772716405717702, 26.191633506086099 ], [ 91.772721706676194, 26.191660462164499 ], [ 91.7727305425053, 26.191684247124101 ], [ 91.772764117039102, 26.191695346824002 ], [ 91.772794158498797, 26.191715960664801 ], [ 91.772802993429593, 26.1917413311686 ], [ 91.772808295286495, 26.1917682872221 ], [ 91.772831267004904, 26.191798415185101 ], [ 91.772861307566302, 26.191811100428701 ], [ 91.772880746210703, 26.191815857092401 ], [ 91.772931992402704, 26.191793657714499 ], [ 91.772965566936506, 26.191773043887601 ], [ 91.773046853689905, 26.1917540164184 ], [ 91.773101633854296, 26.191755601973799 ], [ 91.773220595052393, 26.1917959413327 ], [ 91.773356308932307, 26.191853786259301 ], [ 91.773390237402197, 26.1918740824776 ], [ 91.773425296851102, 26.191893363841402 ], [ 91.773445653573802, 26.191921778858799 ], [ 91.7734558323843, 26.191937001618498 ], [ 91.773467141275404, 26.191971504921 ], [ 91.773480713022707, 26.191992816774999 ], [ 91.773482974980595, 26.192014127818901 ], [ 91.773472796170097, 26.192041527957201 ], [ 91.773452439447496, 26.192074002336 ], [ 91.773426427830103, 26.192109520447101 ], [ 91.773392499360099, 26.192135905714 ], [ 91.773384582507504, 26.1921592472352 ], [ 91.773377796633895, 26.192253624896601 ], [ 91.773361963827, 26.192436292525102 ], [ 91.773361963827, 26.192458618334001 ], [ 91.773344999142793, 26.192482973830199 ], [ 91.773312201651805, 26.192511388703799 ], [ 91.7732567854802, 26.192554010598101 ], [ 91.773219464073406, 26.192579380919401 ], [ 91.773188928540307, 26.192606780924699 ], [ 91.773121072498697, 26.192708262936801 ], [ 91.773082620113001, 26.1927650925671 ], [ 91.773052084579803, 26.192819892483801 ], [ 91.773027203941396, 26.1928716478475 ], [ 91.773005715341498, 26.19291426961 ], [ 91.772968394833001, 26.192957907004601 ], [ 91.7729457752542, 26.192980232713499 ], [ 91.772890359082595, 26.193005602942002 ], [ 91.772761431076404, 26.193087802637699 ], [ 91.772646074817501, 26.193195372462601 ], [ 91.772770478907901, 26.193204506018802 ], [ 91.772839466826795, 26.193190298264401 ], [ 91.772960477980405, 26.193149706282998 ], [ 91.773036250874597, 26.193143617242701 ], [ 91.773121072498697, 26.1931649280762 ], [ 91.773196845392903, 26.1931872537454 ], [ 91.773238690715502, 26.1932065356979 ], [ 91.773277143101197, 26.193228861359099 ], [ 91.773332559272802, 26.193265394762999 ], [ 91.773367618721693, 26.1932846758965 ], [ 91.773449046510606, 26.193308016381401 ], [ 91.773512379534793, 26.193310046058599 ], [ 91.773588152428999, 26.19330903122 ], [ 91.773751008905194, 26.193353682498898 ], [ 91.773801901160894, 26.193372964423901 ], [ 91.7738494013782, 26.193403408755898 ], [ 91.773853925294006, 26.193446030323798 ], [ 91.773883329848204, 26.193565777855099 ], [ 91.773898031676097, 26.193663198883598 ], [ 91.773902555591903, 26.193713939037501 ], [ 91.773925174272506, 26.193739309106199 ], [ 91.773969281552894, 26.193757576132501 ], [ 91.774052971299696, 26.193779901688199 ], [ 91.774503088342499, 26.193952418593199 ], [ 91.774637670345101, 26.1939879361314 ], [ 91.774783563035498, 26.194028528626699 ], [ 91.774906836146997, 26.194058972787399 ], [ 91.7750538589179, 26.1941086979372 ], [ 91.775110406068407, 26.1941208759165 ], [ 91.775127369854204, 26.1941330530885 ], [ 91.7751556434295, 26.194157408234599 ], [ 91.775171477134705, 26.194176690026499 ], [ 91.775182786924105, 26.194189882023501 ], [ 91.775191833857406, 26.194201045163499 ], [ 91.775207667562597, 26.194218296480699 ], [ 91.775224631348394, 26.194232503303599 ], [ 91.775244988969305, 26.194242651608999 ], [ 91.775287964372595, 26.194240621948001 ], [ 91.775309452074097, 26.194232503303599 ], [ 91.775343380544101, 26.194232503303599 ], [ 91.7753965356561, 26.194237577456398 ], [ 91.775424809231396, 26.194274110543901 ], [ 91.775499451146601, 26.194320791112499 ], [ 91.775580879833797, 26.194322820772101 ], [ 91.775637426984403, 26.194292376680401 ], [ 91.7757279026048, 26.194261932580702 ], [ 91.775857961590006, 26.194222355803401 ], [ 91.776000460445204, 26.194214237157802 ], [ 91.776266232411899, 26.1942243854648 ], [ 91.776388374544396, 26.1942162668192 ], [ 91.776493552891196, 26.194220326142101 ], [ 91.776565933746895, 26.1942243854648 ], [ 91.776649623493697, 26.194234532964799 ], [ 91.776714087496799, 26.194255844404601 ], [ 91.776728789324693, 26.194273095713701 ], [ 91.776762717794696, 26.1943126732798 ], [ 91.776908609586698, 26.1944121233416 ], [ 91.776970811631898, 26.194426330140899 ], [ 91.777045454445499, 26.194457789026199 ], [ 91.777223012749602, 26.194541002525 ], [ 91.777350809776905, 26.1945836244826 ], [ 91.777437892460597, 26.1946089943619 ], [ 91.777570779342199, 26.194646476869199 ], [ 91.777646749865795, 26.1946697542087 ], [ 91.777693074188406, 26.1946880428527 ], [ 91.777715309288297, 26.194701344415598 ], [ 91.7777264268382, 26.194716308067601 ], [ 91.777704191738295, 26.194739584587101 ], [ 91.777667132639607, 26.194771174775202 ], [ 91.777646749865795, 26.194799439970001 ], [ 91.777620809215307, 26.194831030141799 ], [ 91.777605985216496, 26.194859295322001 ], [ 91.7775930153404, 26.1948775839363 ], [ 91.777591162115996, 26.194897535441601 ], [ 91.777604132890403, 26.194924137712199 ], [ 91.777628221214698, 26.1949391021416 ], [ 91.777656015089605, 26.194959053636399 ], [ 91.777698632963293, 26.194982330107401 ], [ 91.777730132388797, 26.195005607379802 ], [ 91.777787574261296, 26.195042185365502 ], [ 91.777820926911204, 26.195063799734299 ], [ 91.777837603236094, 26.195078763339701 ], [ 91.7778505740105, 26.195100377701699 ], [ 91.777863544784907, 26.195120329168901 ], [ 91.777902456209702, 26.195128642816599 ], [ 91.777956191633393, 26.195135292767102 ], [ 91.777972867958297, 26.195150257169399 ], [ 91.777987691957193, 26.195165220763698 ], [ 91.778004368282097, 26.195195147946599 ], [ 91.778024750157599, 26.1952350516511 ], [ 91.778089603131207, 26.195264978816098 ], [ 91.778206338304102, 26.195308207467001 ], [ 91.778395338449897, 26.195397989688299 ], [ 91.778773338741701, 26.1955310004087 ], [ 91.778904897913407, 26.195594180346799 ], [ 91.778930838563895, 26.195607481000302 ], [ 91.778969750887001, 26.195635745992099 ], [ 91.779023486310706, 26.1956773116225 ], [ 91.779067956510502, 26.1956773116225 ], [ 91.779093898059301, 26.195667335937099 ], [ 91.779143927034099, 26.195665673054101 ], [ 91.779162456583407, 26.195672323779899 ], [ 91.779193956907207, 26.195682299464899 ], [ 91.779221750782099, 26.195705575791401 ], [ 91.779232868332002, 26.1957188772381 ], [ 91.779232868332002, 26.195738828599399 ], [ 91.779243985882005, 26.195758779957199 ], [ 91.779256956656397, 26.1957737442794 ], [ 91.779364427503694, 26.1958286104888 ], [ 91.779477457126006, 26.1958784896445 ], [ 91.779499692225897, 26.195888465311899 ], [ 91.779523780550306, 26.195901765931801 ], [ 91.779544162425793, 26.195918392308901 ], [ 91.779555279975696, 26.195925043020299 ], [ 91.779581221524495, 26.1959483201043 ], [ 91.779597897849399, 26.1959632835961 ], [ 91.779629398173199, 26.195976584207401 ], [ 91.779659045272496, 26.195983234915499 ], [ 91.779692397922403, 26.1960015233532 ], [ 91.779699809921794, 26.1960065119878 ], [ 91.779716486246699, 26.196014824766198 ], [ 91.779735015796106, 26.196033113198901 ], [ 91.7797535453454, 26.1960514024349 ], [ 91.779773927220901, 26.196076341564702 ], [ 91.779785044770904, 26.196091305040099 ], [ 91.779798015545296, 26.196101281495299 ], [ 91.779846192194, 26.196116244967399 ], [ 91.779912898391999, 26.196124557737999 ], [ 91.779938839042501, 26.196124557737999 ], [ 91.779985162466701, 26.196117907037902 ], [ 91.780001839690001, 26.196104606442798 ], [ 91.780027780340404, 26.1960713537392 ], [ 91.780050015440395, 26.196056390261301 ], [ 91.780081515764095, 26.196028125371601 ], [ 91.780133397963297, 26.195993210573899 ], [ 91.780194545386394, 26.195983234915499 ], [ 91.780237163260097, 26.195993210573899 ], [ 91.780283486684397, 26.1960131618881 ], [ 91.780292751009895, 26.196028125371601 ], [ 91.780311280559303, 26.1960647030361 ], [ 91.780355750759099, 26.196099618618501 ], [ 91.7804335745071, 26.196119569914501 ], [ 91.780511398255101, 26.196117907037902 ], [ 91.780581810003696, 26.196132871313999 ], [ 91.780633692202898, 26.196154484674299 ], [ 91.780700398400995, 26.196184412409 ], [ 91.780817133573805, 26.196176098836698 ], [ 91.780920897972294, 26.196149496852101 ], [ 91.781058015919001, 26.196119569914501 ] ] ] ] } },
{ "type": "Feature", "properties": { "ward_number": 55, "ward_lgd_name": "Guwahati (M Corp.) - Ward No.55" }, "geometry": { "type": "MultiPolygon", "coordinates": [ [ [ [ 91.810688805428498, 26.2083280668753 ], [ 91.811262758826402, 26.208303149712801 ], [ 91.811586023869594, 26.208321090457201 ], [ 91.811633420780694, 26.208161622449701 ], [ 91.811710441434798, 26.207970261358302 ], [ 91.811775613310303, 26.207784215304802 ], [ 91.811799311765895, 26.207571590534201 ], [ 91.811799311765895, 26.207337703079698 ], [ 91.811716366722393, 26.2071888652907 ], [ 91.811674893302396, 26.206970924043102 ], [ 91.811704517045499, 26.2067901917904 ], [ 91.811734140788602, 26.206577566010001 ], [ 91.811751913956499, 26.206375570675402 ], [ 91.811722291111707, 26.2062533095771 ], [ 91.810620301701505, 26.204796804613899 ], [ 91.810442561039395, 26.204451281204101 ], [ 91.810093005901095, 26.203781493450698 ], [ 91.809399819115498, 26.2027927521438 ], [ 91.808677008586798, 26.201952846307702 ], [ 91.808517041990896, 26.2017721070705 ], [ 91.808195270845999, 26.201503777618999 ], [ 91.808071506356001, 26.2014166825101 ], [ 91.807962302658495, 26.201340473329601 ], [ 91.807833685469404, 26.201314344847699 ], [ 91.807605570879403, 26.2012729738662 ], [ 91.807338629306201, 26.201240313445499 ], [ 91.807081394029595, 26.201251200253399 ], [ 91.806877547427106, 26.201266441944 ], [ 91.806642152890007, 26.201351360128101 ], [ 91.805227359318096, 26.202067720842098 ], [ 91.805137570010501, 26.2021003810307 ], [ 91.804414399257297, 26.2016017602439 ], [ 91.804290635665694, 26.201423214423802 ], [ 91.804212979902601, 26.201362246925601 ], [ 91.804035826738698, 26.201264264905198 ], [ 91.803839260981505, 26.201142330516401 ], [ 91.803778591462205, 26.201081362871101 ], [ 91.803756751620995, 26.201011686213999 ], [ 91.803691229402503, 26.200878864719101 ], [ 91.803613572741099, 26.2007547528783 ], [ 91.803428655438196, 26.200487406035698 ], [ 91.803362388516305, 26.2004155616407 ], [ 91.803262989031793, 26.200336284098199 ], [ 91.803158067603306, 26.200249575005198 ], [ 91.803031056601895, 26.200155432732998 ], [ 91.802906807021699, 26.2000786327201 ], [ 91.802793602227894, 26.200011742682999 ], [ 91.802732858148403, 26.199944852607501 ], [ 91.802437421115997, 26.199513780339899 ], [ 91.8023104101146, 26.199352747863099 ], [ 91.802191683376805, 26.199184281987002 ], [ 91.802097805836397, 26.199087661931902 ], [ 91.801995644930699, 26.1989984741796 ], [ 91.801813412692098, 26.198877079875398 ], [ 91.801631179555301, 26.198785414227601 ], [ 91.801302609062006, 26.198656587296998 ], [ 91.801051349378696, 26.198572353885901 ], [ 91.800791806330196, 26.198446003654901 ], [ 91.800593007361201, 26.198327085712599 ], [ 91.800427340954798, 26.198200736021601 ], [ 91.800234063929906, 26.198039700923001 ], [ 91.800189555102506, 26.198004520736902 ], [ 91.799896216534606, 26.1984389678043 ], [ 91.799714204383406, 26.198155150795898 ], [ 91.799670800483796, 26.1981115475899 ], [ 91.799491328768099, 26.198126412467602 ], [ 91.799438868053798, 26.197499613045601 ], [ 91.799364318664999, 26.196563125065001 ], [ 91.799353273878594, 26.1958223531242 ], [ 91.799356035299795, 26.195051845936899 ], [ 91.799277516255799, 26.194206387735999 ], [ 91.799264573329097, 26.193904436891099 ], [ 91.799281829965807, 26.193556030911399 ], [ 91.799337915382196, 26.193273434480201 ], [ 91.799441456100197, 26.1926850118057 ], [ 91.799540683108106, 26.191860441233199 ], [ 91.799675031548801, 26.1908683098832 ], [ 91.799608447521607, 26.1908797062998 ], [ 91.799454021734306, 26.1909038049854 ], [ 91.799166815964995, 26.1909237571715 ], [ 91.799088992216994, 26.190922095026799 ], [ 91.799027844793898, 26.1908988169384 ], [ 91.798981521369598, 26.190857249602601 ], [ 91.798870344971803, 26.190694305213299 ], [ 91.798779551347707, 26.190619483544499 ], [ 91.798709139599097, 26.190577916109099 ], [ 91.798594256752295, 26.190539673765201 ], [ 91.7984311981552, 26.1905247095767 ], [ 91.798219962909499, 26.1905280346834 ], [ 91.797960551014896, 26.1905230466202 ], [ 91.7978123155183, 26.190513070493299 ], [ 91.797701139120505, 26.190489793129199 ], [ 91.797543638400001, 26.190421621548602 ], [ 91.797430609675999, 26.190381717001099 ], [ 91.797058168159197, 26.190247038246099 ], [ 91.796474491396594, 26.1900990572484 ], [ 91.796152079753, 26.1900308854391 ], [ 91.795905638632902, 26.189982667549401 ], [ 91.7956666086138, 26.189962714396099 ], [ 91.795570256214802, 26.189949413098098 ], [ 91.795249696897201, 26.1898313602833 ], [ 91.7950644032002, 26.1897648520907 ], [ 91.794925432029103, 26.1897615261562 ], [ 91.794847608281103, 26.189784804471898 ], [ 91.794753108208198, 26.189839674308502 ], [ 91.7946252554854, 26.1898978692439 ], [ 91.794491843987501, 26.1899311229039 ], [ 91.794310255841097, 26.189946087168799 ], [ 91.794115696920201, 26.189939436922 ], [ 91.793980432197998, 26.189914495672099 ], [ 91.793858137351805, 26.1898829041669 ], [ 91.793517196158803, 26.189754875898899 ], [ 91.793222578390001, 26.189655113127301 ], [ 91.793142902315907, 26.189636822887 ], [ 91.793050255467406, 26.189635159917898 ], [ 91.792889049196404, 26.189655113127301 ], [ 91.792751931249697, 26.189678390658202 ], [ 91.792642608076306, 26.189709982218901 ], [ 91.792559225553305, 26.189734922706599 ], [ 91.792509195680196, 26.189728272447802 ], [ 91.792455461154802, 26.189696680891998 ], [ 91.792379489732994, 26.189660101227599 ], [ 91.792288696108798, 26.189626846684199 ], [ 91.792172669706801, 26.189595014885199 ], [ 91.792050527574204, 26.1895804012258 ], [ 91.791928385441693, 26.189586246206101 ], [ 91.791682472530994, 26.189627165090801 ], [ 91.791477273963906, 26.189682696803398 ], [ 91.791254161193393, 26.189763072240201 ], [ 91.790982190851196, 26.189881443530101 ], [ 91.790913791328805, 26.1899238229473 ], [ 91.790866563301094, 26.1899588959459 ], [ 91.790838878122401, 26.189988123168 ], [ 91.790806306108493, 26.190034886869402 ], [ 91.790770477701699, 26.190088956947399 ], [ 91.790734649294905, 26.1901357206082 ], [ 91.790693935849603, 26.190160564273999 ], [ 91.790654850151597, 26.1901766392998 ], [ 91.790563650489005, 26.1901912528845 ], [ 91.790513165169997, 26.1901912528845 ], [ 91.790464308496695, 26.1901854071284 ], [ 91.790413823177701, 26.190175177860699 ], [ 91.790394280328698, 26.190167870664499 ], [ 91.790381252062105, 26.190145950685501 ], [ 91.790376366125301, 26.190100648468899 ], [ 91.790371480188497, 26.190018811823901 ], [ 91.790374737479695, 26.189947204410199 ], [ 91.790366594251594, 26.189852215475099 ], [ 91.790361709213101, 26.189748458601802 ], [ 91.790342166364098, 26.189669544600498 ], [ 91.790314480286995, 26.189587707652699 ], [ 91.790225214697301, 26.189438739158401 ], [ 91.790057269265006, 26.189632827891799 ], [ 91.789505085639604, 26.1901625738539 ], [ 91.789385487535995, 26.1902539085374 ], [ 91.789316782586397, 26.1902539085374 ], [ 91.789237899724696, 26.1902356417676 ], [ 91.7891081237089, 26.190217374995001 ], [ 91.788993615459603, 26.190219657838 ], [ 91.788797678523096, 26.190263042324201 ], [ 91.788561028141203, 26.190347527601901 ], [ 91.788400716592307, 26.1904160289155 ], [ 91.788143709487798, 26.190463979811099 ], [ 91.787955406434605, 26.190466262649199 ], [ 91.787800184739993, 26.1904594125226 ], [ 91.787616971541198, 26.190466262649199 ], [ 91.787367597421706, 26.190447995912699 ], [ 91.7872432130942, 26.190428104101699 ], [ 91.787146458249893, 26.190678933971501 ], [ 91.787078075795506, 26.190956680044401 ], [ 91.787047540262293, 26.191147467760601 ], [ 91.7870509323009, 26.191321003420502 ], [ 91.787027730613701, 26.191481678624399 ], [ 91.786911764398795, 26.191776513246602 ], [ 91.786660504715499, 26.191989586020998 ], [ 91.786566958653395, 26.192077490225799 ], [ 91.786508078577995, 26.192126772880101 ], [ 91.786488852834395, 26.192151128445801 ], [ 91.786477543044896, 26.192175484006299 ], [ 91.786463972195904, 26.1922130325888 ], [ 91.786454924364406, 26.192254639744501 ], [ 91.7864379596802, 26.192287114063902 ], [ 91.786420995894403, 26.1923175586798 ], [ 91.786394984277095, 26.192339884511401 ], [ 91.786357662870202, 26.192367284573098 ], [ 91.786323734400298, 26.192386565855202 ], [ 91.786271711165597, 26.192429188601299 ], [ 91.786197068351996, 26.192494137133799 ], [ 91.786125819373495, 26.192585469989101 ], [ 91.7866053400722, 26.192774225350899 ], [ 91.786895639639397, 26.1929495980384 ], [ 91.786991063180494, 26.1930003385032 ], [ 91.7871465687426, 26.193046322332499 ], [ 91.787293237577401, 26.1930891342633 ], [ 91.7875883440297, 26.193150974228399 ], [ 91.787740314721205, 26.193184272905601 ], [ 91.787924093858706, 26.193241356215001 ], [ 91.788049557961202, 26.1932556268364 ], [ 91.788311088981402, 26.1932540413015 ], [ 91.788558483214004, 26.1932603834411 ], [ 91.788754632153001, 26.193273068525599 ], [ 91.788827083077294, 26.193277825935699 ], [ 91.788918972646002, 26.1932920965526 ], [ 91.7890462037346, 26.193315881179 ], [ 91.789143394261899, 26.193347594275401 ], [ 91.789097449926601, 26.193403091165699 ], [ 91.789028532974697, 26.1934427319006 ], [ 91.788941945262806, 26.1934728594304 ], [ 91.788853589666303, 26.193488715555301 ], [ 91.788775836885307, 26.193504571678002 ], [ 91.788703385961, 26.1935346991919 ], [ 91.788646838810493, 26.193579097279699 ], [ 91.788597359604594, 26.193663135204499 ], [ 91.788558483214004, 26.193731317785002 ], [ 91.788509004906501, 26.1937931574092 ], [ 91.788445388913104, 26.193813770878702 ], [ 91.7883287606397, 26.1938327980113 ], [ 91.7882121314681, 26.1938613399136 ], [ 91.788122008885495, 26.193893052055401 ], [ 91.788044257002696, 26.193943792109099 ], [ 91.787977107036895, 26.1940278305768 ], [ 91.787954134420104, 26.194118211882898 ], [ 91.787941764618694, 26.194229205708702 ], [ 91.7879506004478, 26.194344955989202 ], [ 91.787984174981503, 26.1944892479031 ], [ 91.787982407995401, 26.194546330572798 ], [ 91.787959435378596, 26.1945891419522 ], [ 91.787899354255799, 26.194635125154299 ], [ 91.787747383564295, 26.1946906222372 ], [ 91.787575974228304, 26.194701721650599 ], [ 91.787436373338195, 26.194730262533898 ], [ 91.787309142249498, 26.1947603889246 ], [ 91.787243759269899, 26.194785758765299 ], [ 91.787174842317896, 26.194838084749701 ], [ 91.787137732913493, 26.194939564011602 ], [ 91.787121829139707, 26.1950568999026 ], [ 91.7871129933106, 26.1951155678038 ], [ 91.787052912187704, 26.195196433603002 ], [ 91.786994597152798, 26.195240831057401 ], [ 91.786916845269999, 26.195255101433801 ], [ 91.786876201893307, 26.195261444270599 ], [ 91.786847928317997, 26.195245587580999 ], [ 91.786837325502702, 26.195224975171101 ], [ 91.786824955701306, 26.195193262585899 ], [ 91.786823188715104, 26.195169478342802 ], [ 91.786814352885997, 26.195145694094901 ], [ 91.786794915139794, 26.195128252686199 ], [ 91.786771942523103, 26.195109224959101 ], [ 91.786748969906299, 26.1951060539396 ], [ 91.786717162358698, 26.1951171533135 ], [ 91.7866871217973, 26.195142523076399 ], [ 91.786648245406795, 26.195218632332299 ], [ 91.786614669974696, 26.195282056674198 ], [ 91.786554588851899, 26.1953153547421 ], [ 91.786462699283206, 26.1953058408942 ], [ 91.786139319255597, 26.195313769235099 ], [ 91.785729351516096, 26.195286814002198 ], [ 91.785701077940899, 26.195320111262699 ], [ 91.785692243010004, 26.1953708506948 ], [ 91.785692243010004, 26.195416833588201 ], [ 91.785706379797702, 26.195456473637702 ], [ 91.785757625091406, 26.195485015142101 ], [ 91.785780597708097, 26.195504042001701 ], [ 91.785787666551101, 26.195537340006201 ], [ 91.785768227906701, 26.195583322833901 ], [ 91.785619791187401, 26.195808478587701 ], [ 91.785513764831094, 26.196052661482302 ], [ 91.785312315832002, 26.196466502835001 ], [ 91.784956300908505, 26.196940664504201 ], [ 91.784966910910299, 26.196944932497001 ], [ 91.784983987883905, 26.196951802393201 ], [ 91.785138811624805, 26.196987271460198 ], [ 91.785343047197898, 26.1970700325747 ], [ 91.7855538701169, 26.197167571577999 ], [ 91.785982105995998, 26.197347872222601 ], [ 91.786074341416196, 26.197386296914001 ], [ 91.786143517981202, 26.197436544568401 ], [ 91.786321399678798, 26.197560685738999 ], [ 91.786489399908305, 26.197690738252099 ], [ 91.786624458916407, 26.197785321806599 ], [ 91.786736459069303, 26.197903550335901 ], [ 91.786917635787404, 26.197986310799099 ], [ 91.787148223439402, 26.198113407110299 ], [ 91.787704930082199, 26.198479916626201 ], [ 91.787866342067403, 26.198574499539799 ], [ 91.787978341322102, 26.198651347294501 ], [ 91.788103517963705, 26.198677948707601 ], [ 91.788218812238796, 26.198689771555902 ], [ 91.788343988880399, 26.198728195804598 ], [ 91.788508694987698, 26.1987813985895 ], [ 91.788703048194407, 26.1988523355983 ], [ 91.788857871036996, 26.1989232725638 ], [ 91.789315754015405, 26.199094703385502 ], [ 91.789625401497204, 26.199260222560099 ], [ 91.789813165561299, 26.199340026363799 ], [ 91.789981165790806, 26.199402095951001 ], [ 91.7900305776229, 26.199455297621999 ], [ 91.790122813043098, 26.199564658192902 ], [ 91.790215048463196, 26.199653328850701 ], [ 91.790346813349103, 26.1997449551261 ], [ 91.790587283367501, 26.199940030181999 ], [ 91.791091284055895, 26.200315400154899 ], [ 91.791140695888103, 26.200371557884001 ], [ 91.791153872376697, 26.2004129372459 ], [ 91.791140695888103, 26.200448405258701 ], [ 91.791117637033096, 26.2005104742552 ], [ 91.791084695811605, 26.2005252525828 ], [ 91.791045166345896, 26.200566631890101 ], [ 91.790949636803603, 26.200646434798401 ], [ 91.790788224818399, 26.200794217817499 ], [ 91.790544459779596, 26.201036580756799 ], [ 91.790475284112802, 26.2010986494397 ], [ 91.790452225257795, 26.2011400285433 ], [ 91.790442342891296, 26.201202097170999 ], [ 91.790442342891296, 26.2012612101191 ], [ 91.790435754647007, 26.201320323037098 ], [ 91.790439048769201, 26.2013971697857 ], [ 91.790425872280593, 26.2014651495595 ], [ 91.790396225181297, 26.201530173653801 ], [ 91.790340225104799, 26.2015951977118 ], [ 91.790264460295404, 26.201636576638801 ], [ 91.790172224875306, 26.201672044278901 ], [ 91.790103048310201, 26.201698645001901 ], [ 91.789948224569301, 26.201728200547599 ], [ 91.7897209301412, 26.201745934354999 ], [ 91.789615519130805, 26.201742978720699 ], [ 91.789516695466403, 26.201766623793599 ], [ 91.789440930656994, 26.2017873132286 ], [ 91.789381636458302, 26.201763668159799 ], [ 91.789289401038204, 26.201716378007799 ], [ 91.789144459663802, 26.201692733730599 ], [ 91.789039047755097, 26.201677955551201 ], [ 91.788933635846405, 26.201683866823199 ], [ 91.788824929815505, 26.201698645001901 ], [ 91.788597636285701, 26.201751845623601 ], [ 91.788518577354196, 26.201781401961799 ], [ 91.788442812544801, 26.201784357595201 ], [ 91.788304459414604, 26.2017607125258 ], [ 91.788189165139499, 26.2017607125258 ], [ 91.788021164910006, 26.2017873132286 ], [ 91.787889400922396, 26.201781401961799 ], [ 91.787760930158697, 26.201754801257799 ], [ 91.787641792890796, 26.2017166028843 ], [ 91.787369780327793, 26.201625951014101 ], [ 91.787153033019393, 26.201522127252499 ], [ 91.786994143503506, 26.201460143426502 ], [ 91.786869794210403, 26.201436898878701 ], [ 91.786822517673599, 26.201433191228201 ], [ 91.786755812373897, 26.201408253245699 ], [ 91.786698370501298, 26.201378327659501 ], [ 91.786652047077098, 26.201341751664 ], [ 91.786585340879, 26.2012685996385 ], [ 91.7865241943543, 26.201223710396501 ], [ 91.786470458930594, 26.201203759975002 ], [ 91.786424135506294, 26.201208747580701 ], [ 91.786403752732497, 26.201218722791499 ], [ 91.786385223183203, 26.201228698001401 ], [ 91.786357429308296, 26.201251974025201 ], [ 91.786320370209495, 26.201283562446601 ], [ 91.786290724008495, 26.201303512854501 ], [ 91.786259223684795, 26.201333438459798 ], [ 91.786196223935605, 26.201353389665201 ], [ 91.786146194062496, 26.201356714462701 ], [ 91.786055399540103, 26.2013484012597 ], [ 91.785983135465301, 26.201328450859499 ], [ 91.785897899717995, 26.2012752492383 ], [ 91.785801547318897, 26.2012203855952 ], [ 91.785673693697703, 26.201080730956601 ], [ 91.785594017623595, 26.2010025911528 ], [ 91.785493958775703, 26.200951052190302 ], [ 91.785388341152796, 26.200919463678598 ], [ 91.785253076430607, 26.2009144760605 ], [ 91.785167840683201, 26.2009144760605 ], [ 91.785015899635994, 26.200926113298401 ], [ 91.784850987814494, 26.2009410769566 ], [ 91.784650870118597, 26.2009643522319 ], [ 91.784535988170205, 26.200990953116602 ], [ 91.784434076097796, 26.2010208788023 ], [ 91.784354399125405, 26.201059117704599 ], [ 91.784293252600705, 26.201099019399798 ], [ 91.7842135756282, 26.2011572087094 ], [ 91.784065687779602, 26.201300499176 ], [ 91.7839411938577, 26.201456363235799 ], [ 91.783891974264904, 26.201505720104301 ], [ 91.783825384847901, 26.2015524791811 ], [ 91.783700890027603, 26.201682365227999 ], [ 91.783153692950293, 26.202412323615199 ], [ 91.783526765982799, 26.2025960658315 ], [ 91.783834848599398, 26.202707698796701 ], [ 91.784083685526298, 26.202787435757301 ], [ 91.784320671878106, 26.202829962812601 ], [ 91.784622830105405, 26.202941595553501 ], [ 91.785090879317806, 26.2032286498753 ], [ 91.785553004140993, 26.203446598128998 ], [ 91.786044752707298, 26.203685808941099 ], [ 91.786382459066999, 26.203824019336899 ], [ 91.786826808925696, 26.2039462821805 ], [ 91.787354105624402, 26.204079176745498 ], [ 91.787804380770694, 26.204249282179902 ], [ 91.788124313064202, 26.2043981229214 ], [ 91.788533115688693, 26.204637332584401 ], [ 91.789060411489203, 26.205014749931902 ], [ 91.789652879165104, 26.205429376699801 ], [ 91.789883941127599, 26.2055622695718 ], [ 91.790286819362805, 26.205774898012599 ], [ 91.791045177125696, 26.206146996245099 ], [ 91.791696891389606, 26.2064393580774 ], [ 91.792028673359994, 26.206561618980199 ], [ 91.792283434676193, 26.2066307224915 ], [ 91.792591517292806, 26.206673247336902 ], [ 91.792976621461804, 26.206689194351402 ], [ 91.7933735744095, 26.206758297786902 ], [ 91.793877171754403, 26.206859295166002 ], [ 91.794398543165499, 26.206939030089099 ], [ 91.794706626680394, 26.206933714698 ], [ 91.794884366444194, 26.2068911891418 ], [ 91.795281319391904, 26.2068965053409 ], [ 91.795749368604305, 26.206875242155 ], [ 91.796004129920604, 26.2068486643761 ], [ 91.796205569038193, 26.2067795609942 ], [ 91.7963536859572, 26.206683878948802 ], [ 91.796744714515597, 26.206673247336902 ], [ 91.797266085926694, 26.2066785635459 ], [ 91.797953347424695, 26.2068008233916 ], [ 91.8000269833923, 26.207151656015199 ], [ 91.802432401330194, 26.2075556436406 ], [ 91.804932613988598, 26.208119098148099 ], [ 91.805421399911097, 26.2082367052633 ], [ 91.806402673713393, 26.208427733860098 ], [ 91.808328192761905, 26.208784873859901 ], [ 91.808670713193195, 26.208834707167298 ], [ 91.808874373844503, 26.2088430125822 ], [ 91.809198379997895, 26.208726735108499 ], [ 91.809587186124205, 26.208560623309101 ], [ 91.809855648545195, 26.2084692618796 ], [ 91.8102537127088, 26.208377900378402 ], [ 91.810688805428498, 26.2083280668753 ] ] ] ] } },
{ "type": "Feature", "properties": { "ward_number": 54, "ward_lgd_name": "Guwahati (M Corp.) - Ward No.54" }, "geometry": { "type": "MultiPolygon", "coordinates": [ [ [ [ 91.785701077940899, 26.195320111262699 ], [ 91.785729351516096, 26.195286814002198 ], [ 91.786139319255597, 26.195313769235099 ], [ 91.786462699283206, 26.1953058408942 ], [ 91.786554588851899, 26.1953153547421 ], [ 91.786614669974696, 26.195282056674198 ], [ 91.786648245406795, 26.195218632332299 ], [ 91.7866871217973, 26.195142523076399 ], [ 91.786717162358698, 26.1951171533135 ], [ 91.786748969906299, 26.1951060539396 ], [ 91.786771942523103, 26.195109224959101 ], [ 91.786794915139794, 26.195128252686199 ], [ 91.786814352885997, 26.195145694094901 ], [ 91.786823188715104, 26.195169478342802 ], [ 91.786824955701306, 26.195193262585899 ], [ 91.786837325502702, 26.195224975171101 ], [ 91.786847928317997, 26.195245587580999 ], [ 91.786876201893307, 26.195261444270599 ], [ 91.786916845269999, 26.195255101433801 ], [ 91.786994597152798, 26.195240831057401 ], [ 91.787052912187704, 26.195196433603002 ], [ 91.7871129933106, 26.1951155678038 ], [ 91.787121829139707, 26.1950568999026 ], [ 91.787137732913493, 26.194939564011602 ], [ 91.787174842317896, 26.194838084749701 ], [ 91.787243759269899, 26.194785758765299 ], [ 91.787309142249498, 26.1947603889246 ], [ 91.787436373338195, 26.194730262533898 ], [ 91.787575974228304, 26.194701721650599 ], [ 91.787747383564295, 26.1946906222372 ], [ 91.787899354255799, 26.194635125154299 ], [ 91.787959435378596, 26.1945891419522 ], [ 91.787982407995401, 26.194546330572798 ], [ 91.787984174981503, 26.1944892479031 ], [ 91.7879506004478, 26.194344955989202 ], [ 91.787941764618694, 26.194229205708702 ], [ 91.787954134420104, 26.194118211882898 ], [ 91.787977107036895, 26.1940278305768 ], [ 91.788044257002696, 26.193943792109099 ], [ 91.788122008885495, 26.193893052055401 ], [ 91.7882121314681, 26.1938613399136 ], [ 91.7883287606397, 26.1938327980113 ], [ 91.788445388913104, 26.193813770878702 ], [ 91.788509004906501, 26.1937931574092 ], [ 91.788558483214004, 26.193731317785002 ], [ 91.788597359604594, 26.193663135204499 ], [ 91.788646838810493, 26.193579097279699 ], [ 91.788703385961, 26.1935346991919 ], [ 91.788775836885307, 26.193504571678002 ], [ 91.788853589666303, 26.193488715555301 ], [ 91.788941945262806, 26.1934728594304 ], [ 91.789028532974697, 26.1934427319006 ], [ 91.789097449926601, 26.193403091165699 ], [ 91.789143394261899, 26.193347594275401 ], [ 91.7890462037346, 26.193315881179 ], [ 91.788918972646002, 26.1932920965526 ], [ 91.788827083077294, 26.193277825935699 ], [ 91.788754632153001, 26.193273068525599 ], [ 91.788558483214004, 26.1932603834411 ], [ 91.788311088981402, 26.1932540413015 ], [ 91.788049557961202, 26.1932556268364 ], [ 91.787924093858706, 26.193241356215001 ], [ 91.787740314721205, 26.193184272905601 ], [ 91.7875883440297, 26.193150974228399 ], [ 91.787293237577401, 26.1930891342633 ], [ 91.7871465687426, 26.193046322332499 ], [ 91.786991063180494, 26.1930003385032 ], [ 91.786895639639397, 26.1929495980384 ], [ 91.7866053400722, 26.192774225350899 ], [ 91.786125819373495, 26.192585469989101 ], [ 91.786197068351996, 26.192494137133799 ], [ 91.786271711165597, 26.192429188601299 ], [ 91.786323734400298, 26.192386565855202 ], [ 91.786357662870202, 26.192367284573098 ], [ 91.786394984277095, 26.192339884511401 ], [ 91.786420995894403, 26.1923175586798 ], [ 91.7864379596802, 26.192287114063902 ], [ 91.786454924364406, 26.192254639744501 ], [ 91.786463972195904, 26.1922130325888 ], [ 91.786477543044896, 26.192175484006299 ], [ 91.786488852834395, 26.192151128445801 ], [ 91.786508078577995, 26.192126772880101 ], [ 91.786566958653395, 26.192077490225799 ], [ 91.786660504715499, 26.191989586020998 ], [ 91.786911764398795, 26.191776513246602 ], [ 91.787027730613701, 26.191481678624399 ], [ 91.7870509323009, 26.191321003420502 ], [ 91.787047540262293, 26.191147467760601 ], [ 91.787078075795506, 26.190956680044401 ], [ 91.787146458249893, 26.190678933971501 ], [ 91.7872432130942, 26.190428104101699 ], [ 91.787110590317198, 26.190406895140701 ], [ 91.786955367724303, 26.190365794354101 ], [ 91.786891751730806, 26.190336110175 ], [ 91.786789967219207, 26.190265325972401 ], [ 91.786197068351996, 26.1899502183824 ], [ 91.785922248553703, 26.189744713499 ], [ 91.785795017465105, 26.189687629282201 ], [ 91.785657607565994, 26.189655661270201 ], [ 91.785571089922598, 26.189639678067099 ], [ 91.785489662133699, 26.1896282605708 ], [ 91.785384172071602, 26.189628509653399 ], [ 91.785309127711102, 26.189619156559601 ], [ 91.785267436898707, 26.1896116744064 ], [ 91.785233041304807, 26.189599516108 ], [ 91.785215322934206, 26.189578939779199 ], [ 91.785195519573705, 26.189498505370501 ], [ 91.785192392538207, 26.189459223617298 ], [ 91.785188223456998, 26.189398431227001 ], [ 91.785218449071294, 26.189275908862601 ], [ 91.785233041304807, 26.189243174141001 ], [ 91.785264309863194, 26.189202957230702 ], [ 91.785291409340402, 26.189176769599001 ], [ 91.785343523305002, 26.189121587490899 ], [ 91.785360199629906, 26.1891028820272 ], [ 91.785384172071602, 26.189049570834602 ], [ 91.785390425244302, 26.189019642072701 ], [ 91.785386256162994, 26.189001871665202 ], [ 91.785374790965093, 26.1889831661823 ], [ 91.785374790965093, 26.188971007012199 ], [ 91.785380002990294, 26.188951366451398 ], [ 91.785392510234004, 26.188940143157101 ], [ 91.785410228604704, 26.188929854934901 ], [ 91.785417524721495, 26.188902731362301 ], [ 91.785417524721495, 26.188838196774 ], [ 91.785426904929693, 26.188814815088499 ], [ 91.785447751234102, 26.188811073986201 ], [ 91.785475892757006, 26.1888120090603 ], [ 91.785494653173402, 26.1888063978096 ], [ 91.7854915270362, 26.188793303546799 ], [ 91.785443451897194, 26.188785411842598 ], [ 91.785379937413296, 26.188751799947699 ], [ 91.7853180524734, 26.1887108815617 ], [ 91.785251280698304, 26.188675808187298 ], [ 91.785177996137506, 26.188617353077301 ], [ 91.785068882271503, 26.188509210724 ], [ 91.7850265392822, 26.188418605000201 ], [ 91.785003740040295, 26.188342612216299 ], [ 91.785000482749098, 26.188273927504401 ], [ 91.784998854103506, 26.188177475740702 ], [ 91.7850265392822, 26.1879655737118 ], [ 91.785047710776894, 26.187915887050899 ], [ 91.785099824741394, 26.187898350245401 ], [ 91.785151938705994, 26.187889581438501 ], [ 91.785221966874005, 26.187886658502801 ], [ 91.785308280599693, 26.187877890501198 ], [ 91.785422280402599, 26.187836971808199 ], [ 91.785401108907905, 26.1877434426222 ], [ 91.785394594325496, 26.187630915044501 ], [ 91.7853327093856, 26.1876163011387 ], [ 91.785259423926405, 26.1876148396674 ], [ 91.785132634808903, 26.187631571215199 ], [ 91.785025163961507, 26.187659837336401 ], [ 91.784930663888602, 26.187684778262899 ], [ 91.784780576065899, 26.187713045177301 ], [ 91.784634193793707, 26.187713045177301 ], [ 91.784515605396393, 26.187709719990199 ], [ 91.784398870223598, 26.187706393997001 ], [ 91.7843321640255, 26.187706393997001 ], [ 91.784241370401404, 26.1877147081738 ], [ 91.7841672522039, 26.187728009727 ], [ 91.784087576129807, 26.187747962456999 ], [ 91.784020869931794, 26.187769578179299 ], [ 91.7839560169582, 26.187776229356 ], [ 91.783852252559697, 26.187771241175099 ], [ 91.783741075263507, 26.187739649088599 ], [ 91.783670663514897, 26.1877030688097 ], [ 91.783646576088898, 26.187666488519302 ], [ 91.783611370214601, 26.187614943655099 ], [ 91.783589134216299, 26.187528480627002 ], [ 91.783461281493501, 26.186924902253299 ], [ 91.783442751944094, 26.186823474049099 ], [ 91.7834557227185, 26.186761952363799 ], [ 91.783472399043504, 26.1867120701103 ], [ 91.7835020461428, 26.186672163485898 ], [ 91.783598399440194, 26.186562421609299 ], [ 91.783631752090002, 26.1865291661816 ], [ 91.783692899513099, 26.186497573758398 ], [ 91.783733664162398, 26.1864809460365 ], [ 91.783835575336397, 26.186439377124401 ], [ 91.784176517427795, 26.186284740028601 ], [ 91.784224693178203, 26.186228206306001 ], [ 91.784220987627606, 26.1861899625343 ], [ 91.784202458078298, 26.186138417016799 ], [ 91.784165398979496, 26.1860519528929 ], [ 91.784115370004699, 26.185947198691299 ], [ 91.783928223083294, 26.1856096563763 ], [ 91.783779061423601, 26.185370113394601 ], [ 91.783732737101005, 26.185276581422102 ], [ 91.783712471108203, 26.185188246452402 ], [ 91.783695099487204, 26.185076528979899 ], [ 91.783692824952894, 26.184638194100401 ], [ 91.783684523621403, 26.184504106852799 ], [ 91.783682152069105, 26.1844370627682 ], [ 91.783653690745894, 26.184355120572601 ], [ 91.783436674841298, 26.184028415307498 ], [ 91.7833844952997, 26.1839571145726 ], [ 91.783332316656399, 26.183915610862901 ], [ 91.783277766460799, 26.183891135074099 ], [ 91.783224401143002, 26.1838698507588 ], [ 91.783185266935902, 26.1838528236262 ], [ 91.783149690955796, 26.183830476014801 ], [ 91.783123601184997, 26.183803871210799 ], [ 91.783103441193404, 26.183768752828101 ], [ 91.783081312993005, 26.183712520991001 ], [ 91.783029199028405, 26.183307213231 ], [ 91.782930760741195, 26.183304615053299 ], [ 91.782574648799695, 26.183317605135201 ], [ 91.782059299694197, 26.183359175161101 ], [ 91.782273546092796, 26.182634294551601 ], [ 91.781972442487699, 26.182629098166 ], [ 91.780823039996804, 26.1826394901307 ], [ 91.778819546283302, 26.182808370107601 ], [ 91.777290869689594, 26.182927884313401 ], [ 91.777273498068595, 26.182842145751199 ], [ 91.777247441535494, 26.1824732089114 ], [ 91.777293764959794, 26.182439433160901 ], [ 91.777357460005007, 26.182403058396702 ], [ 91.777418259780006, 26.182338105044501 ], [ 91.777458792664007, 26.182260159845601 ], [ 91.777487744467294, 26.1821068691081 ], [ 91.777612239287507, 26.181233883651501 ], [ 91.777655667441607, 26.181028627005599 ], [ 91.777678829602905, 26.1808961196955 ], [ 91.777696200325593, 26.180810379638299 ], [ 91.777696200325593, 26.1807038536341 ], [ 91.777664353252106, 26.180475212695701 ], [ 91.777548544242293, 26.179412545084901 ], [ 91.777557230052807, 26.179337196195501 ], [ 91.777580392214105, 26.179300821269099 ], [ 91.777606448747207, 26.179285231665901 ], [ 91.777652772171507, 26.1792774376697 ], [ 91.777725153027106, 26.179287829933301 ], [ 91.777968351229106, 26.179319009136801 ], [ 91.777965011292807, 26.1787424682311 ], [ 91.777951966856605, 26.178636044332499 ], [ 91.777928249536501, 26.178534941861301 ], [ 91.777867769561695, 26.178445545698199 ], [ 91.777774371721605, 26.1783264831883 ], [ 91.778066788617906, 26.178264125854302 ], [ 91.778069579683503, 26.177569485469899 ], [ 91.777890800568898, 26.177570822916 ], [ 91.7777750490513, 26.177598730310901 ], [ 91.777692122872494, 26.177656096162298 ], [ 91.777502082477497, 26.1778018372868 ], [ 91.777427794498493, 26.177843698696702 ], [ 91.777388059318497, 26.1778576527654 ], [ 91.777336230119801, 26.177859203038199 ], [ 91.777249848122196, 26.177862303583801 ], [ 91.777044259686207, 26.177865404935499 ], [ 91.776367026979997, 26.177911917138999 ], [ 91.775694976654705, 26.177924320927598 ], [ 91.775632781796006, 26.1781289776054 ], [ 91.775214694184697, 26.178208048564599 ], [ 91.774787968373602, 26.178288671349499 ], [ 91.774566830998396, 26.178299524024901 ], [ 91.774430347262395, 26.178293322150701 ], [ 91.7743232339445, 26.178274717332499 ], [ 91.774285226224805, 26.1782669651896 ], [ 91.774219576445603, 26.178270065724298 ], [ 91.7741280111686, 26.178285570009098 ], [ 91.774022626209401, 26.1783196799121 ], [ 91.773825437021401, 26.1783883027733 ], [ 91.773875739084104, 26.178585104937401 ], [ 91.774114841866606, 26.1799358027842 ], [ 91.774197899199507, 26.1804620739642 ], [ 91.774333810708697, 26.181268415920599 ], [ 91.774484823796101, 26.182162839722999 ], [ 91.774557812811295, 26.182666514393699 ], [ 91.774580464729496, 26.1828923763014 ], [ 91.7746081508066, 26.1834321860754 ], [ 91.776416484626296, 26.1836105426251 ], [ 91.778219826508007, 26.183827347413299 ], [ 91.778228454826305, 26.184415814022302 ], [ 91.778244676603705, 26.184484726724602 ], [ 91.778286093429898, 26.184564015056502 ], [ 91.778388253437299, 26.184668080456898 ], [ 91.778479370454903, 26.184767189699901 ], [ 91.778534591691994, 26.184843999809001 ], [ 91.778562203208907, 26.184933198399801 ], [ 91.778592575248695, 26.185019918895399 ], [ 91.778625708709598, 26.185096728837902 ], [ 91.778738913503403, 26.185183450017998 ], [ 91.778849356875995, 26.1852354820501 ], [ 91.778981889821395, 26.185275125564299 ], [ 91.779100617457601, 26.185297425337499 ], [ 91.779158600115906, 26.185327158361702 ], [ 91.7791779282676, 26.185379190329598 ], [ 91.779128228076203, 26.185750849101399 ], [ 91.779128228076203, 26.1858846463238 ], [ 91.779150316750702, 26.185991188551 ], [ 91.779194494998094, 26.1861125962856 ], [ 91.7793850106018, 26.186600704758298 ], [ 91.779476126721093, 26.1868212201597 ], [ 91.7795147821261, 26.186883162604001 ], [ 91.779553437531106, 26.186927761530399 ], [ 91.779594853458903, 26.186955016152801 ], [ 91.779663880903698, 26.186964926483299 ], [ 91.779708059151005, 26.186964926483299 ], [ 91.779812980579607, 26.186955016152801 ], [ 91.779923424850494, 26.186947583001299 ], [ 91.780014540969802, 26.186950060987201 ], [ 91.780061479739999, 26.186992181097001 ], [ 91.780083568414497, 26.187066512562001 ], [ 91.780304456058104, 26.187837072571401 ], [ 91.780387288812094, 26.188144303802702 ], [ 91.780470122464493, 26.1883202187121 ], [ 91.780508776971104, 26.1884193248484 ], [ 91.780539149909202, 26.188513476607401 ], [ 91.780569521948905, 26.1885927613916 ], [ 91.780583327258199, 26.1887042562335 ], [ 91.780588849202303, 26.188820706054901 ], [ 91.780563999106505, 26.188902468574501 ], [ 91.780517060336393, 26.188996619943001 ], [ 91.780461839099203, 26.189058561230699 ], [ 91.7804287056383, 26.1891031585183 ], [ 91.7803734835028, 26.189137845644002 ], [ 91.780318261367299, 26.189184920839601 ], [ 91.780279605962406, 26.189219607940899 ], [ 91.780227145248105, 26.189241906959101 ], [ 91.780180206477894, 26.1892567729688 ], [ 91.780102895667895, 26.189271638976599 ], [ 91.780000735660494, 26.189298893050701 ], [ 91.780014540969802, 26.18964576326 ], [ 91.780009019025698, 26.1897919432189 ], [ 91.780028346279096, 26.1899604226811 ], [ 91.780044913009505, 26.190044662320901 ], [ 91.780136029128798, 26.190312245943499 ], [ 91.780196773208303, 26.190431172069399 ], [ 91.780218861882801, 26.190453470049501 ], [ 91.780265800653098, 26.1904609029773 ], [ 91.780381766868004, 26.190446037927298 ], [ 91.780563999106505, 26.190391529503501 ], [ 91.780688248686801, 26.190371708618599 ], [ 91.7808456317279, 26.190349410622801 ], [ 91.781077563259501, 26.190324633902499 ], [ 91.781251513031194, 26.190312245943499 ], [ 91.781323300998807, 26.190324633902499 ], [ 91.781461356786593, 26.190317200966 ], [ 91.781613216985406, 26.190302335091602 ], [ 91.781709758030701, 26.1902766104017 ], [ 91.781777706598703, 26.1902766104017 ], [ 91.781818961728206, 26.190381135812 ], [ 91.781894191141603, 26.190803588566101 ], [ 91.7820082475383, 26.191570098297198 ], [ 91.782076197004699, 26.191790033589101 ], [ 91.782148999170303, 26.191983837084301 ], [ 91.782248495672803, 26.192221191677699 ], [ 91.782445062328307, 26.1926392833584 ], [ 91.782696837644593, 26.1931991859703 ], [ 91.782696837644593, 26.193270636619999 ], [ 91.782647544390002, 26.193342087225901 ], [ 91.782545166092007, 26.193403330567499 ], [ 91.782473121206294, 26.193484988306199 ], [ 91.782461745839797, 26.193536024363802 ], [ 91.782473121206294, 26.193597268409501 ], [ 91.782624793657106, 26.1937469739708 ], [ 91.782647544390002, 26.193825229073902 ], [ 91.782647544390002, 26.193866057802499 ], [ 91.782598251135497, 26.193937508043199 ], [ 91.782526206249699, 26.194053189292202 ], [ 91.782484496572707, 26.1941654680417 ], [ 91.782492080150305, 26.194250527628402 ], [ 91.782541374303193, 26.194345794291699 ], [ 91.7828143830979, 26.194560143999201 ], [ 91.783026723271504, 26.194726860971699 ], [ 91.783216312712199, 26.194944612339899 ], [ 91.783508280450903, 26.195288250389599 ], [ 91.7837930895151, 26.1956214055358 ], [ 91.784059781356603, 26.195900103858101 ], [ 91.784495077095499, 26.1963325299578 ], [ 91.784689372810007, 26.196554084467301 ], [ 91.784702865505594, 26.1966037231111 ], [ 91.7846961191578, 26.196632779396602 ], [ 91.784690722079603, 26.196665467709099 ], [ 91.784681277192703, 26.196729633629101 ], [ 91.784698817696906, 26.196805906280499 ], [ 91.784716358201194, 26.196834962515499 ], [ 91.784781123139894, 26.196867650771299 ], [ 91.784862079313299, 26.196902760368999 ], [ 91.784956300908505, 26.196940664504201 ], [ 91.785312315832002, 26.196466502835001 ], [ 91.785513764831094, 26.196052661482302 ], [ 91.785619791187401, 26.195808478587701 ], [ 91.785768227906701, 26.195583322833901 ], [ 91.785787666551101, 26.195537340006201 ], [ 91.785780597708097, 26.195504042001701 ], [ 91.785757625091406, 26.195485015142101 ], [ 91.785706379797702, 26.195456473637702 ], [ 91.785692243010004, 26.195416833588201 ], [ 91.785692243010004, 26.1953708506948 ], [ 91.785701077940899, 26.195320111262699 ] ] ] ] } },
{ "type": "Feature", "properties": { "ward_number": 44, "ward_lgd_name": "Guwahati (M Corp.) - Ward No.44" }, "geometry": { "type": "MultiPolygon", "coordinates": [ [ [ [ 91.797603999797204, 26.111067077231901 ], [ 91.797463897647205, 26.1098000709753 ], [ 91.797234805690195, 26.108277780516701 ], [ 91.797092260122596, 26.1073589107862 ], [ 91.797074347715807, 26.1072240845604 ], [ 91.797076432705595, 26.107154801948699 ], [ 91.797078518593693, 26.1070555598276 ], [ 91.797105626155698, 26.106960062962902 ], [ 91.797324577031503, 26.106310304692901 ], [ 91.797570636367595, 26.105765403782001 ], [ 91.797620682410397, 26.1056755235326 ], [ 91.797651960850203, 26.105591260080601 ], [ 91.797670728453198, 26.105508868857999 ], [ 91.797679069310604, 26.1054208607029 ], [ 91.797674898432703, 26.1053028917575 ], [ 91.797595658939798, 26.104664359714199 ], [ 91.797508078589502, 26.1040202064356 ], [ 91.797385701098307, 26.1029187950238 ], [ 91.797369410150694, 26.102819315366599 ], [ 91.797340086444805, 26.102699353684301 ], [ 91.79730424636, 26.102570615046801 ], [ 91.797245598948294, 26.102468209211199 ], [ 91.797125045037205, 26.102310210653599 ], [ 91.797102237710405, 26.102272174126199 ], [ 91.798027565335104, 26.101470476671199 ], [ 91.798483712768402, 26.1010784036343 ], [ 91.798597750300502, 26.1009555150527 ], [ 91.798855147273798, 26.100674626381501 ], [ 91.799086479629096, 26.100414217766598 ], [ 91.799233098158197, 26.100250365365302 ], [ 91.799330583332903, 26.100188919849 ], [ 91.799712183173995, 26.100026003724398 ], [ 91.800252262000896, 26.099831252059602 ], [ 91.800517088041602, 26.099760092685599 ], [ 91.8008173634, 26.099694551224701 ], [ 91.801057165970207, 26.099621519383199 ], [ 91.801292798560794, 26.099557851036799 ], [ 91.801359527216704, 26.099550359881601 ], [ 91.801413743239095, 26.099539124761201 ], [ 91.801484641874595, 26.099540997146899 ], [ 91.801534687019, 26.099552233073801 ], [ 91.801582648071999, 26.0995803220795 ], [ 91.801634779104603, 26.0996196469988 ], [ 91.801663972554707, 26.099647735988299 ], [ 91.801697336882697, 26.0996664622465 ], [ 91.801722359454899, 26.099672080204002 ], [ 91.801772405497701, 26.099662716672398 ], [ 91.801870411695205, 26.099600920733199 ], [ 91.802055999141302, 26.099432385820698 ], [ 91.802158175318397, 26.099325645975998 ], [ 91.802170270235393, 26.0993176925573 ], [ 91.802184032425501, 26.099308642810101 ], [ 91.802310408317993, 26.099089270528101 ], [ 91.802644162988798, 26.098735380475599 ], [ 91.802750723842706, 26.0986035735461 ], [ 91.802807019465007, 26.0984844061947 ], [ 91.802902964028902, 26.098206059224001 ], [ 91.802998184550702, 26.097832809896801 ], [ 91.802998184550702, 26.097805076238 ], [ 91.802967302267803, 26.097756541915999 ], [ 91.802923552516901, 26.0977264969647 ], [ 91.802888809274904, 26.097703385830801 ], [ 91.802838625789903, 26.097669874355802 ], [ 91.802794876038902, 26.097631740318501 ], [ 91.802749839002203, 26.0975496944151 ], [ 91.802720243106805, 26.0975265824395 ], [ 91.802702228292105, 26.0974872931193 ], [ 91.802682927089904, 26.097454936818899 ], [ 91.802655904867805, 26.0974364481919 ], [ 91.802640463726405, 26.097414492237601 ], [ 91.802614728790203, 26.0973532461072 ], [ 91.802584372920094, 26.097249685305002 ], [ 91.802574555232397, 26.0971659296697 ], [ 91.802535286278001, 26.097060133246799 ], [ 91.802486200534304, 26.097033684529499 ], [ 91.8023978449379, 26.097007234999499 ], [ 91.802284946469598, 26.097002827012801 ], [ 91.802191683376805, 26.096998419026001 ], [ 91.802137688339997, 26.096985194257702 ], [ 91.802078784908502, 26.096936703965799 ], [ 91.802029698266495, 26.0968485401139 ], [ 91.801931525880605, 26.096628130596901 ], [ 91.801857897264995, 26.096456210368999 ], [ 91.801774450063306, 26.096275473860398 ], [ 91.801725364319594, 26.0961917175275 ], [ 91.801739728380895, 26.096055526331799 ], [ 91.801706272424795, 26.0956233352277 ], [ 91.801661235388096, 26.095523954241798 ], [ 91.801607191842294, 26.095355237584702 ], [ 91.801559581132196, 26.095230432618401 ], [ 91.801555721071395, 26.095189987268 ], [ 91.801555721071395, 26.0951402957947 ], [ 91.801541566317496, 26.095075582693401 ], [ 91.801527412461894, 26.0950131800777 ], [ 91.801492106874605, 26.094957057144999 ], [ 91.801303615175101, 26.094751102604299 ], [ 91.801168530116001, 26.0946918550089 ], [ 91.801086850798796, 26.094689033809299 ], [ 91.799117120265194, 26.095120691879501 ], [ 91.798919204340095, 26.095154546951601 ], [ 91.798881506539203, 26.095143262197499 ], [ 91.798890930764799, 26.095081193610699 ], [ 91.798922345748593, 26.094841384135599 ], [ 91.7989097801144, 26.094714425409698 ], [ 91.798894072173397, 26.0946128589752 ], [ 91.798828100797195, 26.094381512161402 ], [ 91.798780977872397, 26.094294051484301 ], [ 91.798736996356098, 26.094263017373098 ], [ 91.798636468587503, 26.094271481809098 ], [ 91.798469967646298, 26.094277124228299 ], [ 91.798356873345298, 26.094271481809098 ], [ 91.798253203269894, 26.094257374953202 ], [ 91.798218646877501, 26.094223518814701 ], [ 91.798171523952703, 26.094164271758899 ], [ 91.798127542436404, 26.0940937390111 ], [ 91.798045863119199, 26.093794679462 ], [ 91.798027013769598, 26.093735432189099 ], [ 91.798008165318294, 26.0936620779583 ], [ 91.798008165318294, 26.093619757971801 ], [ 91.798008165318294, 26.093566153063701 ], [ 91.798033296586695, 26.093537939179999 ], [ 91.798077278102994, 26.093512547324298 ], [ 91.798140108968894, 26.093464584825501 ], [ 91.798212363162094, 26.093399694117299 ], [ 91.798253203269894, 26.0933291609085 ], [ 91.798324875354893, 26.093224541303499 ], [ 91.7983537319367, 26.093210665054301 ], [ 91.798363156162395, 26.093165523668102 ], [ 91.798338023995697, 26.093083705365402 ], [ 91.798312891828999, 26.093024456925601 ], [ 91.798287759662202, 26.0929567455388 ], [ 91.798243779044199, 26.0928636413094 ], [ 91.798184089586897, 26.092781821988801 ], [ 91.798130683844903, 26.0926746113802 ], [ 91.798030155178097, 26.0925025086608 ], [ 91.797942193043795, 26.092426332403001 ], [ 91.797800825167499, 26.0923275852385 ], [ 91.797678305742593, 26.092245765543101 ], [ 91.797543220683394, 26.092189338745602 ], [ 91.797430125484098, 26.092200623784599 ], [ 91.797263625441104, 26.092226015925 ], [ 91.796968323156094, 26.092285264769199 ], [ 91.796908633698706, 26.092293728541598 ], [ 91.796842662322604, 26.092285264769199 ], [ 91.796770407230994, 26.092245765543101 ], [ 91.796632180763297, 26.092161125336698 ], [ 91.796377717687704, 26.092036984965599 ], [ 91.796239491220007, 26.0919579871392 ], [ 91.7960290096607, 26.091833847359499 ], [ 91.795768263767997, 26.091698421554899 ], [ 91.795617470767795, 26.091588387872399 ], [ 91.795501235058197, 26.091495282554099 ], [ 91.795413272025598, 26.091407820526001 ], [ 91.795341017832399, 26.091297786570198 ], [ 91.795202790466305, 26.091057969339701 ], [ 91.794860365256497, 26.090589618598401 ], [ 91.794728421605797, 26.090431620131 ], [ 91.794662450229694, 26.090358263828801 ], [ 91.7945870537296, 26.090313121342 ], [ 91.794511657229506, 26.090293371397799 ], [ 91.794404845745504, 26.090279264868901 ], [ 91.794307458487296, 26.090296192703299 ], [ 91.794235203395701, 26.090330049978299 ], [ 91.794140958444302, 26.090358263828801 ], [ 91.794106401153698, 26.090397763692099 ], [ 91.794087552702393, 26.090459833956999 ], [ 91.794068703352707, 26.090527547595698 ], [ 91.794049854003205, 26.0906827246374 ], [ 91.794052995411704, 26.0907730093083 ], [ 91.793999589669696, 26.090815329517898 ], [ 91.793949325336399, 26.090826615496201 ], [ 91.793795391825896, 26.090826615496201 ], [ 91.793704287384699, 26.0908181516177 ], [ 91.793619466658996, 26.090787115777701 ], [ 91.7935063714596, 26.090708117107301 ], [ 91.793292748491794, 26.0905726899997 ], [ 91.793132531265897, 26.090462655258499 ], [ 91.792997446206797, 26.090324407368801 ], [ 91.792720992373006, 26.090028159496601 ], [ 91.792431972905106, 26.089700875553 ], [ 91.792177510727797, 26.089483626459302 ], [ 91.792089547695198, 26.089421554869901 ], [ 91.792045567077196, 26.089362305382299 ], [ 91.792029859136093, 26.089260733494601 ], [ 91.792014151195104, 26.0890321982403 ], [ 91.791970170577102, 26.088919340711701 ], [ 91.791970170577102, 26.088775447507501 ], [ 91.7919953027438, 26.0885525531938 ], [ 91.791989019926703, 26.0884199457489 ], [ 91.791891632668396, 26.088357873595101 ], [ 91.791787962593105, 26.088315551689998 ], [ 91.791747122485305, 26.0882760511237 ], [ 91.791696607521899, 26.088230117983201 ], [ 91.791600099714302, 26.088132608932899 ], [ 91.7915035928051, 26.0880748255444 ], [ 91.791391000662301, 26.088042322224599 ], [ 91.7912965032843, 26.088011624502101 ], [ 91.791226133756496, 26.087993567631401 ], [ 91.791165816376704, 26.087961064289001 ], [ 91.7911115311842, 26.087878000688601 ], [ 91.791079361615502, 26.0877877137839 ], [ 91.791015023376502, 26.087717290143502 ], [ 91.790898410374595, 26.0875981108959 ], [ 91.790830051276401, 26.087558384990899 ], [ 91.790717459133603, 26.087448234463402 ], [ 91.790466138364906, 26.0872405740384 ], [ 91.790371640986905, 26.087177373352301 ], [ 91.790289207983193, 26.0871484810224 ], [ 91.790176615840394, 26.087134035258099 ], [ 91.790100214125502, 26.087099726056699 ], [ 91.790035875886502, 26.087052776691799 ], [ 91.789875030738301, 26.0868884537662 ], [ 91.789758416837998, 26.086745798928099 ], [ 91.789690057739804, 26.0866789867212 ], [ 91.7896598994991, 26.086630230753102 ], [ 91.789677994263798, 26.086547166208099 ], [ 91.789712174262107, 26.0865291091114 ], [ 91.789758416837998, 26.0865110512052 ], [ 91.789806670741797, 26.086500216621499 ], [ 91.789856935075207, 26.086494799732598 ], [ 91.789893125502999, 26.086485770777202 ], [ 91.789925294173401, 26.0864604903438 ], [ 91.789943389836395, 26.086435209098099 ], [ 91.790003707216201, 26.086364784643798 ], [ 91.790136404553294, 26.086310612454199 ], [ 91.790267091460805, 26.086283525543202 ], [ 91.790534497463099, 26.0862456048255 ], [ 91.790582751366898, 26.086236575850901 ], [ 91.790639046989099, 26.086202266386302 ], [ 91.790671216557698, 26.086167956911702 ], [ 91.790721480891193, 26.086139065139399 ], [ 91.790876294750603, 26.0860632227912 ], [ 91.791135658136, 26.085987381200699 ], [ 91.7912804189491, 26.085945848304 ], [ 91.791330683282595, 26.0859386249445 ], [ 91.7913849684751, 26.0859350136679 ], [ 91.7914251797622, 26.085954877301099 ], [ 91.791477454525193, 26.0859801578437 ], [ 91.7915035928051, 26.086005438380901 ], [ 91.791594068425496, 26.086032524549399 ], [ 91.79167248057, 26.0860433591765 ], [ 91.791742850097805, 26.086037942266501 ], [ 91.7918574526702, 26.086027107639001 ], [ 91.791941897001905, 26.0860198842845 ], [ 91.7920263404352, 26.0859964093877 ], [ 91.7920864062867, 26.085925758762802 ], [ 91.792080123469603, 26.0857169677153 ], [ 91.792054991302905, 26.0856041069894 ], [ 91.792004726969495, 26.0855589626686 ], [ 91.791728274034, 26.0854404589452 ], [ 91.791417263807901, 26.0852598813049 ], [ 91.791319876549693, 26.085234487652698 ], [ 91.791181650081995, 26.085220379707199 ], [ 91.791084262823702, 26.085220379707199 ], [ 91.790902054839606, 26.0851837003318 ], [ 91.790744979022307, 26.085144198708399 ], [ 91.790616176780205, 26.085115983600801 ], [ 91.790540780280196, 26.085042623966299 ], [ 91.790411978038094, 26.0848535814022 ], [ 91.790330298720903, 26.0847068617582 ], [ 91.790258043629294, 26.084647609076701 ], [ 91.790154373554003, 26.084608107272398 ], [ 91.789494655300899, 26.084388027275999 ], [ 91.789045418607103, 26.084218734627299 ], [ 91.788960597881299, 26.084261058014199 ], [ 91.788784672714399, 26.084692753749099 ], [ 91.788724984155294, 26.0848817965731 ], [ 91.788681002638995, 26.0850567311264 ], [ 91.788668437004802, 26.085200629710201 ], [ 91.788709276214306, 26.0853529915846 ], [ 91.788778389897303, 26.085468673974699 ], [ 91.788787814122898, 26.085567426927501 ], [ 91.788702993397195, 26.085643607650798 ], [ 91.788508219779004, 26.085578713411898 ], [ 91.788266322337606, 26.0854997104185 ], [ 91.788018142977407, 26.085403778831999 ], [ 91.787383556891001, 26.085065196228499 ], [ 91.786799234239794, 26.084726611838601 ], [ 91.786306016029599, 26.0843823843799 ], [ 91.786170930970499, 26.0843146671852 ], [ 91.786089251653195, 26.0843513468329 ], [ 91.786007572336004, 26.084447280088899 ], [ 91.785913326486295, 26.084529104430601 ], [ 91.785841072293096, 26.084585534922098 ], [ 91.7857688172015, 26.084608107272398 ], [ 91.785680854168902, 26.084610929521901 ], [ 91.785567759867902, 26.084588357172098 ], [ 91.785407542642005, 26.084548855347801 ], [ 91.785071400249194, 26.0844726739119 ], [ 91.784917465840394, 26.084469852465901 ], [ 91.784864060098499, 26.084551676791801 ], [ 91.784788663598405, 26.0847520064078 ], [ 91.784587229870596, 26.084959896350199 ], [ 91.7844324160112, 26.085089912999798 ], [ 91.784267549105394, 26.085212705293898 ], [ 91.784148925673804, 26.0852957707862 ], [ 91.784058450053394, 26.0853589732953 ], [ 91.783974005721703, 26.085436621745899 ], [ 91.783913689240293, 26.085526910464498 ], [ 91.783700568430703, 26.085855559908602 ], [ 91.783672420619595, 26.085857365548101 ], [ 91.783437183287703, 26.085696652227899 ], [ 91.783055175611494, 26.0861571222962 ], [ 91.782990837372495, 26.086234770217199 ], [ 91.782946604327904, 26.0862456048255 ], [ 91.782872213042594, 26.0862149066316 ], [ 91.782789780038897, 26.086241993558499 ], [ 91.7826832200832, 26.086299777851899 ], [ 91.782507922838704, 26.086334877151099 ], [ 91.781628298800698, 26.0864110573748 ], [ 91.781336137025903, 26.0871418224975 ], [ 91.781298439224997, 26.0872462176035 ], [ 91.781238750665906, 26.087322397233901 ], [ 91.781144504816197, 26.087370362250599 ], [ 91.780990570407397, 26.0874550067294 ], [ 91.780764381805398, 26.0875763297839 ], [ 91.780547616530697, 26.087692009976099 ], [ 91.780384257896301, 26.087841547242199 ], [ 91.780195767095194, 26.088072906988 ], [ 91.780114087778003, 26.088197050758101 ], [ 91.779997851170094, 26.0883832665696 ], [ 91.77992245467, 26.0885497318462 ], [ 91.779869048928006, 26.088817768439501 ], [ 91.779834492535699, 26.089099911898401 ], [ 91.779724539643198, 26.089935052936699 ], [ 91.779683699535497, 26.090152301192202 ], [ 91.779598878809693, 26.090330049978299 ], [ 91.779554897293394, 26.0903695498512 ], [ 91.779545473067799, 26.0904541913537 ], [ 91.779517199492503, 26.090679903341201 ], [ 91.779366406492301, 26.091035398233501 ], [ 91.779363265083703, 26.0911341464885 ], [ 91.779341274325603, 26.091210323587799 ], [ 91.779278444357999, 26.091255465728398 ], [ 91.779218755798894, 26.091345749957298 ], [ 91.779218755798894, 26.091385249487299 ], [ 91.779303576524697, 26.091458605145601 ], [ 91.779451227218004, 26.091633529867099 ], [ 91.7795643224174, 26.091749206048299 ], [ 91.779667992492705, 26.091822561478299 ], [ 91.779897323401599, 26.091966450935299 ], [ 91.780142361353199, 26.092093412643401 ], [ 91.780255455654299, 26.0921554820087 ], [ 91.780352842912507, 26.092251408866701 ], [ 91.780478503745996, 26.0923783694588 ], [ 91.780575890105993, 26.092575863618599 ], [ 91.780638720971893, 26.092753608722798 ], [ 91.780682702488207, 26.0929228890239 ], [ 91.780732965923306, 26.093027278972102 ], [ 91.780833494590098, 26.093117561027 ], [ 91.781442949408103, 26.093670541631099 ], [ 91.781521487316795, 26.093704397122899 ], [ 91.781540335768, 26.093529475497601 ], [ 91.781631440209196, 26.093461763596299 ], [ 91.781760242451298, 26.093430729264298 ], [ 91.781970724010606, 26.093422264767401 ], [ 91.782099526252594, 26.093408158615802 ], [ 91.782237752720405, 26.093461763596299 ], [ 91.782366554962394, 26.093571795516901 ], [ 91.782460799913807, 26.093729788937001 ], [ 91.782624159446598, 26.0939357452758 ], [ 91.782771810139906, 26.094085275368901 ], [ 91.782925744548706, 26.094198127107799 ], [ 91.783129943290902, 26.094347656865601 ], [ 91.783356132791198, 26.0945197560638 ], [ 91.783547765000904, 26.094629786989302 ], [ 91.783714265043798, 26.094711604210701 ], [ 91.783821076527701, 26.094762387396099 ], [ 91.7838870488022, 26.094858311309899 ], [ 91.784015851044302, 26.095016303799301 ], [ 91.7842860211626, 26.095213794312599 ], [ 91.784380267012295, 26.095295611125501 ], [ 91.784386549829406, 26.095402820138901 ], [ 91.784361417662694, 26.095741372829298 ], [ 91.784433672754304, 26.095888078637099 ], [ 91.784556192179195, 26.0959783592909 ], [ 91.784766673738503, 26.096094031176001 ], [ 91.7849268909644, 26.096133529102801 ], [ 91.785134231115194, 26.096158920389701 ], [ 91.785285023217099, 26.096223809567199 ], [ 91.785410684050603, 26.096345123529101 ], [ 91.785504929900299, 26.096457973894601 ], [ 91.785655722900501, 26.0966385334462 ], [ 91.785771958609999, 26.0968557692538 ], [ 91.785869345868306, 26.0970391501411 ], [ 91.7859227516103, 26.097174569763201 ], [ 91.786027599376993, 26.097268420014402 ], [ 91.786104296637603, 26.097323522130999 ], [ 91.786311378971803, 26.097419951377599 ], [ 91.786464773493194, 26.097585257435298 ], [ 91.786564479303195, 26.097771226773499 ], [ 91.786687195459194, 26.0979158696565 ], [ 91.787338385107006, 26.0985074590903 ], [ 91.787767531877705, 26.0981896101149 ], [ 91.787867076889299, 26.098108161579301 ], [ 91.787895833758199, 26.098064457247201 ], [ 91.787906894714297, 26.098036645391101 ], [ 91.787906894714297, 26.098010819686699 ], [ 91.787911095236495, 26.097937949752499 ], [ 91.787915792527201, 26.0979250138985 ], [ 91.787929015728196, 26.0979055322656 ], [ 91.787995378769807, 26.097836002114899 ], [ 91.788152437519102, 26.0977128350324 ], [ 91.788232073168999, 26.097683036928601 ], [ 91.788322769775107, 26.097663171252901 ], [ 91.788448859105003, 26.0976154936175 ], [ 91.788570525130396, 26.097549936433701 ], [ 91.788639099824294, 26.0975141789811 ], [ 91.788663432490395, 26.0974784207109 ], [ 91.788694401909794, 26.097458555000401 ], [ 91.788725371329207, 26.097428756025099 ], [ 91.788765189154205, 26.097412863450302 ], [ 91.788813855384703, 26.097400944017799 ], [ 91.788849249006901, 26.097394984704401 ], [ 91.788869158368499, 26.097357239421399 ], [ 91.788882430976898, 26.0973334005438 ], [ 91.788981975090095, 26.0972400319631 ], [ 91.789057186537306, 26.097194340327501 ], [ 91.789097004362205, 26.097180434700199 ], [ 91.7891434589406, 26.097156595786501 ], [ 91.789196549373798, 26.0971367300215 ], [ 91.789238578850998, 26.097112891098899 ], [ 91.789265124067697, 26.097085079016399 ], [ 91.789318214500994, 26.097043360476999 ], [ 91.789360244876505, 26.096999655746998 ], [ 91.789389001745405, 26.096963897319501 ], [ 91.789422183715303, 26.096924165720502 ], [ 91.789448728932001, 26.096888407269802 ], [ 91.789477485800802, 26.096824836663899 ], [ 91.789495182611901, 26.096765239189502 ], [ 91.789501819365299, 26.0967076286721 ], [ 91.7895084552203, 26.0966301522752 ], [ 91.7895128794231, 26.096592406745401 ], [ 91.790921987557496, 26.096604326260302 ], [ 91.791240530157197, 26.0965745278741 ], [ 91.791338283928198, 26.096570046458201 ], [ 91.7913661730245, 26.096572682869901 ], [ 91.791391616008298, 26.0965775160224 ], [ 91.791412165868707, 26.096584986392902 ], [ 91.791429291351307, 26.096595092367501 ], [ 91.791435162740001, 26.0966034412717 ], [ 91.791438098434298, 26.096613108380598 ], [ 91.7914366305871, 26.096624092887399 ], [ 91.791431247881903, 26.096632002118799 ], [ 91.791422930380804, 26.096640351020401 ], [ 91.791410209337997, 26.096647381716298 ], [ 91.7913979769788, 26.096652214865699 ], [ 91.791388190732107, 26.096657487685398 ], [ 91.791380362812703, 26.0966667151195 ], [ 91.791376937536498, 26.096676382223201 ], [ 91.791374491423994, 26.096692639542201 ], [ 91.791375959271207, 26.096707579461299 ], [ 91.791388435972095, 26.0967629988886 ], [ 91.791411370859706, 26.096789775201099 ], [ 91.791546687684203, 26.096839894349301 ], [ 91.791559185944706, 26.0968510522824 ], [ 91.791566075124607, 26.096871300487699 ], [ 91.791565708611998, 26.096892380431601 ], [ 91.791556860206398, 26.096932112041401 ], [ 91.791549165237697, 26.096967195243302 ], [ 91.791545800148697, 26.096992703325402 ], [ 91.791543587598099, 26.097023494692699 ], [ 91.791543587598099, 26.097067199413701 ], [ 91.791552322815903, 26.097111653572298 ], [ 91.791558558920698, 26.0971300188207 ], [ 91.791568858105407, 26.097145517748899 ], [ 91.791594465480898, 26.097168515244 ], [ 91.791712831994303, 26.0972478846817 ], [ 91.791758655955206, 26.097274001784299 ], [ 91.791805721387902, 26.097298636110299 ], [ 91.791851069241801, 26.097317507955999 ], [ 91.791880932835099, 26.097331414373802 ], [ 91.791907398101699, 26.097345711247399 ], [ 91.791931645427795, 26.097362603369898 ], [ 91.791953216672795, 26.097380485347699 ], [ 91.791967521445301, 26.097394643457701 ], [ 91.791979372020606, 26.097411870365999 ], [ 91.791988714499496, 26.097431246399498 ], [ 91.7919966762679, 26.097452136660898 ], [ 91.792032707693906, 26.097575576692201 ], [ 91.792043615936393, 26.097629440336299 ], [ 91.792058084202395, 26.097700605040199 ], [ 91.792074491931103, 26.097780378287201 ], [ 91.792103248799904, 26.097877720371599 ], [ 91.7921497033782, 26.097998900315101 ], [ 91.792171824392099, 26.098078362769499 ], [ 91.792213853869299, 26.098124054059699 ], [ 91.792264732650295, 26.098155839013899 ], [ 91.792304550475293, 26.098171731487799 ], [ 91.792355428358107, 26.0981856369973 ], [ 91.792417367196904, 26.0982134488181 ], [ 91.7925523049324, 26.098310790542001 ], [ 91.792603183713396, 26.098368400269901 ], [ 91.792629728930095, 26.098400185157701 ], [ 91.792658485798896, 26.0984597817991 ], [ 91.792671758407295, 26.098517391453498 ], [ 91.792660698349493, 26.0985610956164 ], [ 91.792592122757299, 26.098632611484 ], [ 91.792563365888498, 26.098652476994999 ], [ 91.792490366093503, 26.098672342502599 ], [ 91.792435064008004, 26.098700154207702 ], [ 91.792399670385805, 26.098723992806701 ], [ 91.792386397777406, 26.098753791452101 ], [ 91.792375337719704, 26.098795508574799 ], [ 91.792373125169107, 26.098847158824501 ], [ 91.792384186125204, 26.098880930532601 ], [ 91.792410731341903, 26.098910728331301 ], [ 91.792501427049601, 26.098984230933802 ], [ 91.7925611533379, 26.099039854188899 ], [ 91.792607607916196, 26.099089517383899 ], [ 91.792658485798896, 26.099121302075702 ], [ 91.792722637188305, 26.0991371944184 ], [ 91.792758030810504, 26.0991391813644 ], [ 91.792791211882204, 26.099141167503799 ], [ 91.792848726518201, 26.099133221332899 ], [ 91.793001361963107, 26.099133221332899 ], [ 91.793094270221303, 26.099143154449699 ], [ 91.7931694816685, 26.0991530867589 ], [ 91.793238056362398, 26.099178912210999 ], [ 91.793291146795696, 26.099214669154701 ], [ 91.793348661431693, 26.099250426894201 ], [ 91.793457053950505, 26.099359686989299 ], [ 91.793525009705107, 26.099484123721101 ], [ 91.7935632348171, 26.0996277899749 ], [ 91.793587568381497, 26.0997609671631 ], [ 91.793587568381497, 26.0998165900488 ], [ 91.793583144178797, 26.099868239847599 ], [ 91.793547750556598, 26.099907970446601 ], [ 91.793532265397701, 26.099933794925299 ], [ 91.793461478153304, 26.0999695524449 ], [ 91.793395115111693, 26.099985444672299 ], [ 91.793304419403995, 26.099999350772901 ], [ 91.793231420507396, 26.099999350772901 ], [ 91.793094270221303, 26.1000072968849 ], [ 91.793014634571406, 26.100019216051798 ], [ 91.792926150515896, 26.1000609327231 ], [ 91.792864211677099, 26.100110595484502 ], [ 91.792819969649301, 26.100154299052001 ], [ 91.792764666665505, 26.100241706138 ], [ 91.792709364580006, 26.100341032292899 ], [ 91.792680606812795, 26.100438372246199 ], [ 91.792680606812795, 26.100484061807698 ], [ 91.792685031015594, 26.100533725196101 ], [ 91.792704940377206, 26.1005575634214 ], [ 91.792742545651606, 26.1005694825323 ], [ 91.792822181301602, 26.100621131998601 ], [ 91.792859787474299, 26.100656889307999 ], [ 91.792910665357098, 26.100680727508301 ], [ 91.792957119935394, 26.100688673573899 ], [ 91.793025694629193, 26.100696619638999 ], [ 91.793187178479599, 26.100706551816302 ], [ 91.793366358242807, 26.100706551816302 ], [ 91.793437145487204, 26.100734363037699 ], [ 91.793448205545005, 26.100768134200901 ], [ 91.793463690703902, 26.1008475947738 ], [ 91.793432721284404, 26.100944933498798 ], [ 91.793395115111693, 26.1009866498399 ], [ 91.793381843401704, 26.100994595884799 ], [ 91.793299995201195, 26.101040286035701 ], [ 91.793231420507396, 26.101107827368999 ], [ 91.793180541726301, 26.1011654357191 ], [ 91.7931517848574, 26.101203179773101 ], [ 91.793120815438002, 26.101236949994199 ], [ 91.793089846018603, 26.1012627749862 ], [ 91.793080997613004, 26.101306478123099 ], [ 91.793074360859706, 26.1013521673455 ], [ 91.793085421815803, 26.101411762482702 ], [ 91.793123027090203, 26.1014594385706 ], [ 91.793140723901303, 26.101471357589499 ], [ 91.7932026627402, 26.101499168628902 ], [ 91.793271238332295, 26.1015110876438 ], [ 91.793335388823394, 26.101523006657501 ], [ 91.793386266706193, 26.1015210205586 ], [ 91.793434932936705, 26.101523006657501 ], [ 91.793510144383802, 26.1015309526659 ], [ 91.793536689600501, 26.101552804589701 ], [ 91.7935411138033, 26.101594520713999 ], [ 91.7935212053399, 26.1016362376301 ], [ 91.793470326558804, 26.1016878866252 ], [ 91.793443781342205, 26.101733575698599 ], [ 91.793410600270605, 26.101769332667899 ], [ 91.793379630851206, 26.101785224650801 ], [ 91.793335388823394, 26.101799129730701 ], [ 91.793277874187297, 26.101801116631499 ], [ 91.7931517848574, 26.101799129730701 ], [ 91.793074360859706, 26.101777278659601 ], [ 91.793041179788105, 26.1017673457666 ], [ 91.792950483181997, 26.101751454588001 ], [ 91.792899605299297, 26.101745494689599 ], [ 91.792857574923801, 26.101735562600499 ], [ 91.792802272838301, 26.1017315896033 ], [ 91.792760242462705, 26.101739535597599 ], [ 91.792740333999404, 26.101753440682899 ], [ 91.792722637188305, 26.101777278659601 ], [ 91.792713788782805, 26.101815021709498 ], [ 91.792711576232307, 26.101868657525401 ], [ 91.792704940377206, 26.1021467666774 ], [ 91.792716000434993, 26.102190469484 ], [ 91.792729273043307, 26.102232185380899 ], [ 91.792762455013303, 26.102281848026902 ], [ 91.792811121243801, 26.102323563891101 ], [ 91.7928708475321, 26.102369253522799 ], [ 91.792901816951499, 26.102418915304 ], [ 91.792937210573697, 26.102490428812601 ], [ 91.792970392543694, 26.1025619422775 ], [ 91.792996937760293, 26.102655306609702 ], [ 91.792996937760293, 26.1027168879681 ], [ 91.792999149412594, 26.1027625766394 ], [ 91.792983665151993, 26.102857927694298 ], [ 91.792950483181997, 26.102891698244299 ], [ 91.792899605299297, 26.102927454859501 ], [ 91.792859787474299, 26.102977116403601 ], [ 91.792844302315501, 26.103010886919201 ], [ 91.7928420906632, 26.103044656618302 ], [ 91.7928376664605, 26.103102264821 ], [ 91.792857574923801, 26.1031280885943 ], [ 91.792932786370997, 26.103189669703699 ], [ 91.792996937760293, 26.1032214532813 ], [ 91.793041179788105, 26.103243304082401 ], [ 91.793092057670805, 26.103271114700501 ], [ 91.793127451293003, 26.103298925311901 ], [ 91.7931429364519, 26.103342627688001 ], [ 91.793140723901303, 26.103368452214902 ], [ 91.793131875495803, 26.103396262803201 ], [ 91.793083209265305, 26.103479693721699 ], [ 91.793052239845807, 26.103515450157101 ], [ 91.793038967237493, 26.1035452475816 ], [ 91.793027907179706, 26.103575044191899 ], [ 91.793016846223694, 26.103614773531501 ], [ 91.793019058774206, 26.103652516795002 ], [ 91.793025694629193, 26.103696219038898 ], [ 91.793034543034693, 26.103751840053 ], [ 91.793074360859706, 26.103853149285801 ], [ 91.793089846018603, 26.103910757090201 ], [ 91.793116391235202, 26.103946513393801 ], [ 91.793158420712402, 26.1039782967656 ], [ 91.793200451087898, 26.103996174505099 ], [ 91.793246904767898, 26.104029944726399 ], [ 91.793262389926795, 26.104095497471199 ], [ 91.793262389926795, 26.104161050985901 ], [ 91.793251328970698, 26.1042107120061 ], [ 91.793240268912896, 26.104246468218001 ], [ 91.793218147898997, 26.104284211277601 ], [ 91.793171693320801, 26.1043696284197 ], [ 91.793127451293003, 26.104431208068601 ], [ 91.793032331382506, 26.104617934480299 ], [ 91.792943847326995, 26.104846376364801 ], [ 91.792930574718696, 26.1049139154998 ], [ 91.792908453704797, 26.104979467749001 ], [ 91.792906241154299, 26.105037074998499 ], [ 91.792897392748799, 26.1051324241988 ], [ 91.792892968545999, 26.105184070843102 ], [ 91.792864211677099, 26.105219826757398 ], [ 91.792808908693203, 26.105245650869701 ], [ 91.792760242462705, 26.1052575695028 ], [ 91.792678395160607, 26.105269488134599 ], [ 91.792612032118996, 26.105279419923502 ], [ 91.792570001743499, 26.105291338553101 ], [ 91.7925279722662, 26.105313189774101 ], [ 91.792459396674104, 26.105380728639499 ], [ 91.792393034530804, 26.105472104689401 ], [ 91.792370913516905, 26.105545602361399 ], [ 91.792368700966406, 26.105619100793799 ], [ 91.792397458733603, 26.1056647883312 ], [ 91.792435064008004, 26.105706503795201 ], [ 91.792512487107402, 26.105803838475801 ], [ 91.792631940582297, 26.106091869988699 ], [ 91.792727061391105, 26.106266675219501 ], [ 91.7928288180549, 26.106483195375901 ], [ 91.792873060082599, 26.1066103260533 ], [ 91.792906241154299, 26.106701701142299 ], [ 91.792917302110396, 26.1067851305089 ], [ 91.792897392748799, 26.1068328044061 ], [ 91.7928420906632, 26.106906301222701 ], [ 91.792802272838301, 26.1070731596045 ], [ 91.792786787679404, 26.107259881797201 ], [ 91.792782363476604, 26.107448589689799 ], [ 91.792789000229902, 26.107551882522799 ], [ 91.792793424432702, 26.107603528905098 ], [ 91.792769090868305, 26.1076452436774 ], [ 91.792713788782805, 26.107675039242899 ], [ 91.792638577335595, 26.1077048348007 ], [ 91.792470457630202, 26.107792236243 ], [ 91.792381973574706, 26.1078657332632 ], [ 91.792344368300306, 26.1079134067196 ], [ 91.792300126272494, 26.107972998512899 ], [ 91.792280216910896, 26.108072318100898 ], [ 91.792271368505297, 26.108207392604999 ], [ 91.792255884244796, 26.1083206162983 ], [ 91.792213853869299, 26.108392126197401 ], [ 91.7921585517838, 26.1084676088214 ], [ 91.792092188742103, 26.108519254799099 ], [ 91.791705070550194, 26.108882761978499 ], [ 91.791663041072994, 26.1089344077728 ], [ 91.7915502234531, 26.109063522562298 ], [ 91.791450679339903, 26.1092125001196 ], [ 91.791284772184994, 26.109431000785101 ], [ 91.791127712537303, 26.109615732443999 ], [ 91.791041441032405, 26.109699159731299 ], [ 91.790882169732498, 26.109792519171201 ], [ 91.790848987762502, 26.109822314189401 ], [ 91.790811382488101, 26.1098540959639 ], [ 91.790740595243705, 26.109907728092299 ], [ 91.790702989070994, 26.109943482561999 ], [ 91.790645474434996, 26.109985195692801 ], [ 91.790576899741097, 26.110052731859302 ], [ 91.7904862040334, 26.110144104257799 ], [ 91.790386659021806, 26.110086500331299 ], [ 91.790344629544606, 26.110126227458402 ], [ 91.7901919940997, 26.110054718619899 ], [ 91.790388871572404, 26.109780601000502 ], [ 91.790413204238405, 26.109750805165 ], [ 91.790413204238405, 26.109724982854299 ], [ 91.790391083224605, 26.109705119224301 ], [ 91.790326932733507, 26.109657446498399 ], [ 91.789999541728207, 26.1094031916322 ], [ 91.7894885467569, 26.109949441235798 ], [ 91.789344759717594, 26.110136158834699 ], [ 91.789225306242699, 26.110287121781699 ], [ 91.789172215809401, 26.110376507242002 ], [ 91.789136822187203, 26.110469866140999 ], [ 91.789103641115602, 26.110575142249701 ], [ 91.789077095898904, 26.110688364456401 ], [ 91.789068247493404, 26.1108035724946 ], [ 91.789048338131707, 26.110968438569198 ], [ 91.789025822757495, 26.111380892723101 ], [ 91.790562978549104, 26.111413626707801 ], [ 91.792318654923605, 26.111458527933699 ], [ 91.792747429791802, 26.111500150987599 ], [ 91.794022165231198, 26.111666643862002 ], [ 91.797734965182499, 26.112182338316298 ], [ 91.797603999797204, 26.111067077231901 ] ] ] ] } },
{ "type": "Feature", "properties": { "ward_number": 59, "ward_lgd_name": "Guwahati (M Corp.) - Ward No.59" }, "geometry": { "type": "MultiPolygon", "coordinates": [ [ [ [ 91.827150245262104, 26.1663845218349 ], [ 91.827181455429994, 26.166384227552399 ], [ 91.827210407233295, 26.166390115621201 ], [ 91.827228812815207, 26.166402380347701 ], [ 91.827256044344693, 26.166416189854001 ], [ 91.827276709189405, 26.166422272228299 ], [ 91.827335039495793, 26.166415212675101 ], [ 91.827358817901398, 26.166377441316801 ], [ 91.827391099759396, 26.1663469133299 ], [ 91.827429836911094, 26.166303536871599 ], [ 91.827501932102507, 26.1662331097554 ], [ 91.827536903516503, 26.166200487080999 ], [ 91.827613009685706, 26.166165918904099 ], [ 91.827723067681106, 26.1661072985091 ], [ 91.827764182673306, 26.166071870029999 ], [ 91.827763830533797, 26.1660276065879 ], [ 91.827769474648704, 26.1660070196472 ], [ 91.827773329319598, 26.165989276368499 ], [ 91.827823511007907, 26.1659638397891 ], [ 91.828187556870105, 26.165823274550199 ], [ 91.828392024208597, 26.165725444049599 ], [ 91.828397227250704, 26.165668543182399 ], [ 91.828376194994902, 26.165600627985398 ], [ 91.828086784759805, 26.165143250131901 ], [ 91.827708352378394, 26.1643592398989 ], [ 91.8275653792127, 26.164072757398301 ], [ 91.827516401266806, 26.164015675926599 ], [ 91.827508863503297, 26.163991334637601 ], [ 91.827531137230693, 26.163968921941802 ], [ 91.827589251043094, 26.163954424397101 ], [ 91.827644135412001, 26.163929494518001 ], [ 91.827647354075694, 26.163872502472199 ], [ 91.827600897700805, 26.163466419431401 ], [ 91.827589696607504, 26.163416770702899 ], [ 91.827566445513, 26.1633888574944 ], [ 91.827523067664501, 26.163356600072898 ], [ 91.827491207116395, 26.163334580717098 ], [ 91.827453207481497, 26.163285997827899 ], [ 91.827427264136105, 26.163249391329899 ], [ 91.827427363849097, 26.163202541897501 ], [ 91.827426380193899, 26.163118503776101 ], [ 91.827411521160798, 26.163077258717902 ], [ 91.827389990339995, 26.1630414245674 ], [ 91.827340373691996, 26.1630294529722 ], [ 91.827280428214706, 26.163031296926899 ], [ 91.827189372282604, 26.163031654107499 ], [ 91.826967557577703, 26.162978707520999 ], [ 91.826775508549701, 26.162927115456501 ], [ 91.826616753781096, 26.162867217095801 ], [ 91.826471441402404, 26.1627454352241 ], [ 91.826403654531106, 26.1626423572947 ], [ 91.826323257109806, 26.162551204961801 ], [ 91.826240336320893, 26.162451902672998 ], [ 91.825998479303706, 26.1621383050371 ], [ 91.825834047182497, 26.162034280800601 ], [ 91.825723614589705, 26.161919182962802 ], [ 91.8256518284187, 26.161834001410899 ], [ 91.825623167669505, 26.161793202580501 ], [ 91.825600911010099, 26.161747209644702 ], [ 91.825570183237502, 26.161699734737301 ], [ 91.825543863497899, 26.1616535563188 ], [ 91.825523053126105, 26.16160360688 ], [ 91.825494115695804, 26.1615532873342 ], [ 91.825470829566996, 26.161525532518301 ], [ 91.825461458342005, 26.1615038958032 ], [ 91.825451603823396, 26.1614763860869 ], [ 91.825437617952701, 26.1614570988846 ], [ 91.825388229476701, 26.1614442466607 ], [ 91.825331196337601, 26.161436898155198 ], [ 91.825301367778593, 26.161409576288101 ], [ 91.825286827647403, 26.161371248582402 ], [ 91.825272080903702, 26.1613365677064 ], [ 91.825239704722506, 26.161318273022101 ], [ 91.825183563610594, 26.1612879259322 ], [ 91.825117435927496, 26.1612684605089 ], [ 91.8250891910984, 26.1612419424725 ], [ 91.825090078633906, 26.1611973683885 ], [ 91.825115900706706, 26.161151368767399 ], [ 91.825164382782603, 26.161100914376 ], [ 91.825185031457707, 26.161016647366399 ], [ 91.825174967631597, 26.160971208852398 ], [ 91.825137976804797, 26.160955263642801 ], [ 91.824943461003102, 26.1609438530121 ], [ 91.824868516355593, 26.160921792886199 ], [ 91.824830214886802, 26.160892988934901 ], [ 91.824786811885502, 26.160839085115501 ], [ 91.8247759907796, 26.160799829180199 ], [ 91.824715437142899, 26.160746608247401 ], [ 91.824655572514104, 26.160695611852201 ], [ 91.824556155063306, 26.160551392590701 ], [ 91.824438931206899, 26.1603987288252 ], [ 91.824354979152105, 26.160363482447199 ], [ 91.824290509758995, 26.1603439781675 ], [ 91.824233993151296, 26.160262552803601 ], [ 91.824202993189104, 26.160236572338 ], [ 91.824149824602401, 26.1602198683034 ], [ 91.824113445528297, 26.160210212907401 ], [ 91.824051650419904, 26.160098263471799 ], [ 91.823906734198303, 26.159778540503901 ], [ 91.823763655929696, 26.159505183815199 ], [ 91.823743301003702, 26.159425975195202 ], [ 91.823745443485606, 26.159365503368399 ], [ 91.823723268572905, 26.159341066771599 ], [ 91.8236962481474, 26.159300982259499 ], [ 91.823674717326696, 26.159265146142499 ], [ 91.823661894774304, 26.159176566503 ], [ 91.823632705815797, 26.159018420487499 ], [ 91.823561402938495, 26.1589391107489 ], [ 91.823503605333102, 26.1588947905773 ], [ 91.823463370689794, 26.158842493607899 ], [ 91.823453033775905, 26.1588091093261 ], [ 91.823442557622997, 26.15877096541 ], [ 91.823410109576599, 26.1587395017294 ], [ 91.823335367948403, 26.158692216692501 ], [ 91.823290249164899, 26.158675901076599 ], [ 91.823264761265406, 26.158658284885298 ], [ 91.823250981108899, 26.1586353502904 ], [ 91.823245052228003, 26.158603264103998 ], [ 91.823247315084203, 26.1585415638441 ], [ 91.823252888232304, 26.158507806962 ], [ 91.823272514624605, 26.158484928779 ], [ 91.823289043625806, 26.158473613051001 ], [ 91.823328232630104, 26.158457842468898 ], [ 91.823338563255803, 26.158448072431302 ], [ 91.8233513013666, 26.158424515324899 ], [ 91.823355500092205, 26.158407884404902 ], [ 91.823377539359399, 26.158392795950999 ], [ 91.823410735702396, 26.158374924117101 ], [ 91.823439868066998, 26.158356867635799 ], [ 91.823449232105602, 26.158335351279302 ], [ 91.823458318564704, 26.158304314018899 ], [ 91.823465199659793, 26.158261840055101 ], [ 91.823478964544805, 26.158198468134 ], [ 91.823489976093597, 26.158147770572199 ], [ 91.823543005441493, 26.158103373500499 ], [ 91.823605124841706, 26.158049515964301 ], [ 91.823648558385599, 26.157981139152099 ], [ 91.824131462139704, 26.157343698137002 ], [ 91.824129519083698, 26.157310467432701 ], [ 91.824153507695101, 26.1572464176887 ], [ 91.824238308657897, 26.157210276959098 ], [ 91.824294474024398, 26.157128834087899 ], [ 91.824259482847495, 26.157049529515099 ], [ 91.824180458051899, 26.1568819362002 ], [ 91.824115860199797, 26.156740713347201 ], [ 91.824101106269595, 26.1566863286547 ], [ 91.824114876544598, 26.156656669763901 ], [ 91.824173201460994, 26.1566158957312 ], [ 91.824099227892304, 26.1564039613238 ], [ 91.824726105535305, 26.156238201467701 ], [ 91.825346516206494, 26.156017862047602 ], [ 91.825501697476795, 26.1559529230232 ], [ 91.825583695695997, 26.155887512261899 ], [ 91.825658155253194, 26.155797757658799 ], [ 91.825734985464507, 26.155722397540099 ], [ 91.825858733784798, 26.155616600111301 ], [ 91.825936535075002, 26.155557855077699 ], [ 91.826085473054107, 26.155479488810101 ], [ 91.826263039443006, 26.155412711861601 ], [ 91.826640237539294, 26.155283017752598 ], [ 91.827283887626905, 26.155023163042099 ], [ 91.827471573537494, 26.154968845280798 ], [ 91.827545395290898, 26.154924204293199 ], [ 91.827597259523898, 26.1548625641752 ], [ 91.827633304424594, 26.1548104903652 ], [ 91.827679789545698, 26.154765176834601 ], [ 91.827740162620998, 26.154744495177599 ], [ 91.827817648602405, 26.1547251633203 ], [ 91.827933771124293, 26.154709304341001 ], [ 91.828205297698602, 26.1546696593023 ], [ 91.828454550545601, 26.154652428740398 ], [ 91.828702837703602, 26.1546522981142 ], [ 91.828898822250807, 26.154665215593099 ], [ 91.829087280712599, 26.154721219540299 ], [ 91.829341607244203, 26.154794505609502 ], [ 91.829538346376296, 26.15481660076 ], [ 91.830814117573098, 26.154839221635701 ], [ 91.831087693204694, 26.154819669664999 ], [ 91.831237069561695, 26.154789894994 ], [ 91.831368577529403, 26.1547495928206 ], [ 91.831537857858194, 26.1546830097809 ], [ 91.831663549234406, 26.154610442892398 ], [ 91.831843691991594, 26.154498067982001 ], [ 91.831939254771598, 26.154462987539102 ], [ 91.832099610338005, 26.154441712365202 ], [ 91.832218641604697, 26.154441985713198 ], [ 91.832434963111595, 26.1544329716825 ], [ 91.832596500861001, 26.1544020357886 ], [ 91.832799900102501, 26.1543512906158 ], [ 91.8330007184843, 26.154312427602299 ], [ 91.833145359821501, 26.1542875803279 ], [ 91.8331456382992, 26.1542472021852 ], [ 91.833193575097695, 26.153398370984998 ], [ 91.833272289076206, 26.152747644543201 ], [ 91.833445089004201, 26.152219782327101 ], [ 91.833720076787401, 26.151561238949402 ], [ 91.834082836262098, 26.150972258164899 ], [ 91.834419876970102, 26.150563471638801 ], [ 91.835098201129398, 26.149973498018898 ], [ 91.835659892523694, 26.1495498183764 ], [ 91.836393955349706, 26.149156302789901 ], [ 91.837081009336899, 26.148907139054 ], [ 91.838001644162603, 26.148622563585899 ], [ 91.839133951713606, 26.148316099898501 ], [ 91.837195047767295, 26.148276443817601 ], [ 91.834159856017905, 26.148271452333798 ], [ 91.833635097059897, 26.148255209447498 ], [ 91.833399859728004, 26.1482299415661 ], [ 91.833204834581494, 26.148181212076601 ], [ 91.832915312955294, 26.148127068533999 ], [ 91.832221665333904, 26.148022389119099 ], [ 91.831823572424199, 26.147982683749099 ], [ 91.8317652663724, 26.147970050182799 ], [ 91.831739128990804, 26.147942978365599 ], [ 91.831747170709306, 26.147879809692601 ], [ 91.831737118561307, 26.147688499590299 ], [ 91.831717012468602, 26.147589235452799 ], [ 91.831678811611098, 26.147545919755899 ], [ 91.8315662194683, 26.1475224572144 ], [ 91.831341036081099, 26.147491775112101 ], [ 91.830957017076997, 26.147477336805 ], [ 91.830778076265602, 26.1470279372523 ], [ 91.830532283729198, 26.146586545038002 ], [ 91.830460028637603, 26.146527323719699 ], [ 91.830387774444404, 26.146445542771499 ], [ 91.830318660761293, 26.1464060618483 ], [ 91.830196141336401, 26.1464004219457 ], [ 91.829979376959997, 26.146408881799498 ], [ 91.829718631067294, 26.1464201624099 ], [ 91.829486158749901, 26.146380681478199 ], [ 91.829354215099201, 26.146318640102201 ], [ 91.829193997873404, 26.146217118512499 ], [ 91.828926969163604, 26.146155077049599 ], [ 91.828487156695402, 26.146104316194599 ], [ 91.828012787834894, 26.146059195237001 ], [ 91.827786598334598, 26.146014074261799 ], [ 91.827667221216501, 26.145901272554202 ], [ 91.827500720275196, 26.145808210498799 ], [ 91.827283955898807, 26.145732068175398 ], [ 91.826847284839204, 26.145670027261001 ], [ 91.825650367758101, 26.145681307136499 ], [ 91.825358206881603, 26.145695407785698 ], [ 91.825194847348797, 26.145746168818501 ], [ 91.824802157805493, 26.1458815320022 ], [ 91.824383550967994, 26.146060076625499 ], [ 91.824354099701395, 26.146165828690599 ], [ 91.824211749068198, 26.1463464880452 ], [ 91.8240203135896, 26.1464654590213 ], [ 91.823769973781097, 26.1465315540453 ], [ 91.823568720614801, 26.1465491793249 ], [ 91.823441096064002, 26.146580023759501 ], [ 91.823279111852003, 26.1466373056832 ], [ 91.823107309952206, 26.1466505248328 ], [ 91.822920782868295, 26.146654930946799 ], [ 91.822724438096699, 26.146681368434201 ], [ 91.822400468774305, 26.146751869446199 ], [ 91.821963601882004, 26.1468267773297 ], [ 91.821531643384304, 26.1468708400092 ], [ 91.821192948877794, 26.1469060904633 ], [ 91.820957334253507, 26.146928121790101 ], [ 91.820721720527501, 26.146994216552098 ], [ 91.820520467361206, 26.146994216552098 ], [ 91.820260310763302, 26.147011841761799 ], [ 91.819955975918106, 26.1470338730687 ], [ 91.819720362192101, 26.1470999677707 ], [ 91.819528926713502, 26.1471616563406 ], [ 91.819136237170198, 26.147183687619201 ], [ 91.8191509623543, 26.144680884871899 ], [ 91.815914808492806, 26.1446717192898 ], [ 91.815892817734607, 26.143842610143299 ], [ 91.816796568724499, 26.143853213618101 ], [ 91.818409046456097, 26.143867652373501 ], [ 91.818493992946003, 26.143131940473399 ], [ 91.818578813671806, 26.142545352532501 ], [ 91.818638503129193, 26.142545352532501 ], [ 91.818723323854897, 26.142565093648699 ], [ 91.818795578946506, 26.142565093648699 ], [ 91.818823852521703, 26.142548172577001 ], [ 91.818927522597093, 26.141978502859502 ], [ 91.819036344510593, 26.141147681891901 ], [ 91.8190484079866, 26.140981630211499 ], [ 91.818931794984593, 26.140945532023899 ], [ 91.818843329793694, 26.1409130434036 ], [ 91.818885551510405, 26.140239807512899 ], [ 91.818909678462305, 26.140182049879101 ], [ 91.818952654763805, 26.140156668155701 ], [ 91.819037475489495, 26.140139746734899 ], [ 91.819034334080996, 26.139076526922999 ], [ 91.819364193656696, 26.139065246409299 ], [ 91.819351627124206, 26.1382530183343 ], [ 91.819043758306606, 26.138230456340199 ], [ 91.818977786930503, 26.137342075468599 ], [ 91.818918097473102, 26.135878347971801 ], [ 91.818921239779996, 26.135745793397799 ], [ 91.818877258263697, 26.135709129872101 ], [ 91.818248954994402, 26.135711950081699 ], [ 91.818201832069505, 26.135695028016698 ], [ 91.818189266435397, 26.1356386221909 ], [ 91.818167275677197, 26.134789706465099 ], [ 91.818145284918998, 26.134437164857999 ], [ 91.818088737768505, 26.134036676333402 ], [ 91.818038473435095, 26.133890017595501 ], [ 91.817997633327394, 26.133748999994001 ], [ 91.817925379134095, 26.133410557378099 ], [ 91.817890821843505, 26.133176467073 ], [ 91.817385037999102, 26.133120060030802 ], [ 91.815939940659405, 26.1329734001418 ], [ 91.814984919222994, 26.132869046668802 ], [ 91.814237238835602, 26.132781614785699 ], [ 91.813109434539101, 26.1326631589199 ], [ 91.812697895646195, 26.132620853051598 ], [ 91.812377461194501, 26.1325418826478 ], [ 91.812201536027601, 26.132499576735601 ], [ 91.811962780893097, 26.132485475298999 ], [ 91.811601506333503, 26.132488295586501 ], [ 91.811133420290105, 26.132485475298999 ], [ 91.810379456187306, 26.1324290671166 ], [ 91.810379456187306, 26.131791658326101 ], [ 91.810379456187306, 26.130212223246101 ], [ 91.810331248995894, 26.129575010436 ], [ 91.810232430721399, 26.129646121819398 ], [ 91.807985766653701, 26.1313819400686 ], [ 91.805424008618701, 26.133531377086701 ], [ 91.805565665752397, 26.1337255508091 ], [ 91.805645821526895, 26.133881038269202 ], [ 91.805723114370593, 26.134028816408499 ], [ 91.805760329776206, 26.134125192794102 ], [ 91.805790388303905, 26.134202293522701 ], [ 91.805807564092106, 26.134283249958798 ], [ 91.805816152884603, 26.134344930784799 ], [ 91.805817583900804, 26.134423316888402 ], [ 91.805846210514005, 26.134839660929501 ], [ 91.805902033622303, 26.135348524748899 ], [ 91.805936386097102, 26.135944765930301 ], [ 91.805635801718196, 26.1359627557169 ], [ 91.805598587210895, 26.136678498911198 ], [ 91.805578547593598, 26.137383957044701 ], [ 91.805870544078402, 26.1373813868762 ], [ 91.805909190500202, 26.137777160706499 ], [ 91.805944973991302, 26.1379660531871 ], [ 91.805967875641102, 26.138081700456901 ], [ 91.806026561680298, 26.138265452146801 ], [ 91.806078089943298, 26.1385532859066 ], [ 91.806108148470997, 26.1386432336095 ], [ 91.806122462226796, 26.138755026210799 ], [ 91.806126756173896, 26.1388321246889 ], [ 91.806122462226796, 26.138871958170299 ], [ 91.806109580385595, 26.1389066521747 ], [ 91.806085604350699, 26.138952830724499 ], [ 91.806034165919201, 26.139031133896999 ], [ 91.805973780267493, 26.139125498113799 ], [ 91.805893266963494, 26.139245963526701 ], [ 91.805866428896095, 26.139308203820399 ], [ 91.805853009862304, 26.139386505948099 ], [ 91.805846300345493, 26.1394387076062 ], [ 91.805846300345493, 26.139480870684 ], [ 91.805850773057301, 26.139525040973499 ], [ 91.805861956184302, 26.1396093662451 ], [ 91.805826171794905, 26.140215704806899 ], [ 91.805806043244402, 26.141066983433699 ], [ 91.805866428896095, 26.142100956382698 ], [ 91.807604600698895, 26.142080878910299 ], [ 91.807636051615304, 26.142808670361799 ], [ 91.806451410910796, 26.142827492118901 ], [ 91.806570223886894, 26.143489402356799 ], [ 91.806682747757705, 26.143823555497601 ], [ 91.807239633165295, 26.1437653327256 ], [ 91.807689168099699, 26.143775370914099 ], [ 91.808431682275895, 26.143777378874301 ], [ 91.808565871714706, 26.144132736477601 ], [ 91.808610601527704, 26.144243158576099 ], [ 91.808655331340603, 26.144285319918701 ], [ 91.808778338550795, 26.144331496341 ], [ 91.808899108955899, 26.144353580570101 ], [ 91.8090914472414, 26.144379679888399 ], [ 91.809303913179093, 26.144409795099499 ], [ 91.809359826119007, 26.144413810191502 ], [ 91.809438102618003, 26.144413810191502 ], [ 91.809502960981504, 26.144403772057899 ], [ 91.809585711090506, 26.1443736568453 ], [ 91.809706481495596, 26.144345549575299 ], [ 91.809811596960202, 26.144331496341 ], [ 91.809925657848495, 26.144335511435798 ], [ 91.810178529109393, 26.144382268450201 ], [ 91.810178529109393, 26.147332952022701 ], [ 91.810386410045894, 26.147333627773399 ], [ 91.811685539236805, 26.147337853231399 ], [ 91.811674842098398, 26.147767372659999 ], [ 91.811674793589404, 26.147769322492 ], [ 91.811653801757799, 26.148612212133798 ], [ 91.811563886686102, 26.151761385993499 ], [ 91.811480018174507, 26.152749467695401 ], [ 91.811455556151003, 26.153078826403299 ], [ 91.811403138555903, 26.153461509255099 ], [ 91.811297865886004, 26.154219223888202 ], [ 91.811218348813696, 26.155158344522999 ], [ 91.811200457068196, 26.156115909528602 ], [ 91.8111937475513, 26.156344760307899 ], [ 91.811213875203606, 26.156557551136199 ], [ 91.811236240559296, 26.156698072712199 ], [ 91.811258605016604, 26.156796438117802 ], [ 91.811332409702004, 26.156918893026202 ], [ 91.811379376320005, 26.157007220389801 ], [ 91.811408450294195, 26.157089526105899 ], [ 91.811417396616093, 26.157169824034199 ], [ 91.811421869327901, 26.157260158935902 ], [ 91.811426342039695, 26.157384620277401 ], [ 91.811444233785195, 26.157523133939801 ], [ 91.8115023826319, 26.157677706787801 ], [ 91.811551585156593, 26.157776071367302 ], [ 91.811629862553801, 26.157880457404001 ], [ 91.811726031696594, 26.1579868518693 ], [ 91.811871403364094, 26.158125364816701 ], [ 91.812153201275393, 26.1583441739132 ], [ 91.812486438516601, 26.158542908765298 ], [ 91.812938209357796, 26.158729599481099 ], [ 91.8133139396068, 26.158842014662401 ], [ 91.813580081679405, 26.1589022376122 ], [ 91.813841751040201, 26.158936363667902 ], [ 91.814054217876304, 26.158956437434199 ], [ 91.814561900759102, 26.158956437434199 ], [ 91.815502205096195, 26.158960076287801 ], [ 91.816281481927106, 26.158916164114601 ], [ 91.816704318033004, 26.158928710221101 ], [ 91.817106187460197, 26.158960076287801 ], [ 91.817322847631999, 26.158997715395401 ], [ 91.817536012459001, 26.159044764061299 ], [ 91.817745683737996, 26.1591169048822 ], [ 91.817899442076893, 26.159167090826401 ], [ 91.818119596695198, 26.1592486419318 ], [ 91.818472542973694, 26.1593835145407 ], [ 91.818748609633502, 26.159515250483 ], [ 91.818996719823403, 26.1596281672321 ], [ 91.819178434632406, 26.159719127531201 ], [ 91.819412567036395, 26.159885365413899 ], [ 91.819664172571095, 26.160067286346401 ], [ 91.819870348505205, 26.160239796715501 ], [ 91.820429471616194, 26.160722825036999 ], [ 91.821617605868795, 26.161729649550999 ], [ 91.822795257680397, 26.162761557570299 ], [ 91.823588513195403, 26.163517448478601 ], [ 91.824542515044001, 26.16445524777 ], [ 91.825437373610896, 26.165328697510699 ], [ 91.826247062007397, 26.166221049799901 ], [ 91.826316305946094, 26.166299309681701 ], [ 91.826340439186296, 26.166326585253 ], [ 91.826487187971097, 26.1661962445685 ], [ 91.826649855800994, 26.166057373552999 ], [ 91.826722994834896, 26.165995975550999 ], [ 91.826754745788605, 26.165982061987901 ], [ 91.826775480701897, 26.1659972663671 ], [ 91.826914637824302, 26.166123175288899 ], [ 91.8269295193153, 26.166141038679299 ], [ 91.826920016936199, 26.166157793466301 ], [ 91.826885512646101, 26.166184381335299 ], [ 91.826831243623204, 26.166229084932802 ], [ 91.826878159935504, 26.166285704950099 ], [ 91.826993623093998, 26.166412729415001 ], [ 91.827019800899606, 26.166432569693701 ], [ 91.827048315223394, 26.166425456928401 ], [ 91.827089501182598, 26.166403195469801 ], [ 91.827130619768099, 26.1663893424242 ], [ 91.827150245262104, 26.1663845218349 ] ] ] ] } },
{ "type": "Feature", "properties": { "ward_number": 57, "ward_lgd_name": "Guwahati (M Corp.) - Ward No.57" }, "geometry": { "type": "MultiPolygon", "coordinates": [ [ [ [ 91.811586023869594, 26.208321090457201 ], [ 91.812223940010796, 26.208331390667698 ], [ 91.813127228368302, 26.208524924844699 ], [ 91.814354083603007, 26.208875704720299 ], [ 91.815001216458896, 26.2090692387982 ], [ 91.815412414890304, 26.209196244832999 ], [ 91.815796650388506, 26.2092506759484 ], [ 91.816315704146206, 26.2092869633445 ], [ 91.816679715872297, 26.209202292735998 ], [ 91.817185288612507, 26.209026903422501 ], [ 91.8173335896862, 26.2089664242875 ], [ 91.817589746086099, 26.208603548012199 ], [ 91.8178593844018, 26.208325342719501 ], [ 91.818041391163106, 26.2082043836892 ], [ 91.8181964331947, 26.2081197122932 ], [ 91.818715486952399, 26.2080350408356 ], [ 91.818937938562797, 26.208028992871998 ], [ 91.819443511303007, 26.208095520454499 ], [ 91.820077161344898, 26.208216479597901 ], [ 91.820771480906103, 26.208264863220101 ], [ 91.821775884530297, 26.208289055023599 ], [ 91.822423016487903, 26.208222527551801 ], [ 91.822719618635205, 26.2081499520846 ], [ 91.822847696835098, 26.207533057980399 ], [ 91.822908365456101, 26.206976641612901 ], [ 91.822989257849201, 26.206619807171499 ], [ 91.823083631259706, 26.2062992607698 ], [ 91.823258896164901, 26.2061117709559 ], [ 91.823798172796202, 26.205446481276599 ], [ 91.824317227452198, 26.204926343691 ], [ 91.824755389715193, 26.204611840767601 ], [ 91.825402522571196, 26.204242902757102 ], [ 91.826042913570902, 26.2040675059711 ], [ 91.826296071394395, 26.204025091400901 ], [ 91.826445171070304, 26.203968112514801 ], [ 91.8265666592293, 26.2039383850551 ], [ 91.826627403308805, 26.203948293940499 ], [ 91.8266991921748, 26.203955726006999 ], [ 91.8267765029847, 26.203928475362801 ], [ 91.826837247064304, 26.203891315016801 ], [ 91.827074701438207, 26.2037946988676 ], [ 91.827408794773902, 26.2036088984174 ], [ 91.827635204361499, 26.203489986554001 ], [ 91.828038325141804, 26.2032670250723 ], [ 91.828137724626401, 26.203210045815101 ], [ 91.828237124110899, 26.203138203100099 ], [ 91.828311673499599, 26.203031676557401 ], [ 91.828507711945804, 26.202551069096899 ], [ 91.828585022755703, 26.2024272008399 ], [ 91.828634722048903, 26.202144780689 ], [ 91.828687182763105, 26.201783083295702 ], [ 91.828739643477405, 26.2014783649112 ], [ 91.828770015517193, 26.201418907906699 ], [ 91.828816954287404, 26.2013644054244 ], [ 91.8288859817321, 26.2013396310474 ], [ 91.829046126194498, 26.2013272442599 ], [ 91.829126197527302, 26.201312379790899 ], [ 91.829203508337301, 26.2012653094969 ], [ 91.829661850354796, 26.2009358161005 ], [ 91.829791622777407, 26.200839197498802 ], [ 91.829846844014597, 26.200802036166799 ], [ 91.830006988476896, 26.2007574433587 ], [ 91.830175415406103, 26.200754965666501 ], [ 91.8304018249937, 26.200762397936799 ], [ 91.830849123123102, 26.200849107454001 ], [ 91.831072772187895, 26.200906087060499 ], [ 91.831268809735704, 26.2009581128756 ], [ 91.831478653491104, 26.200963067445201 ], [ 91.832028111627906, 26.200972977389899 ], [ 91.833110462967596, 26.200896177916199 ], [ 91.833306500515405, 26.200866448866002 ], [ 91.833419705309197, 26.2008342429239 ], [ 91.833566043564005, 26.200745056509302 ], [ 91.834341912186702, 26.200219845789999 ], [ 91.8345738446166, 26.200043948852699 ], [ 91.834993532127498, 26.199622787817599 ], [ 91.835391130065503, 26.1991867597126 ], [ 91.835515379645699, 26.199095094308699 ], [ 91.8356175396531, 26.198978654759301 ], [ 91.835689328518995, 26.198894421581102 ], [ 91.835719700558698, 26.1988077114144 ], [ 91.835785966582307, 26.198701180909701 ], [ 91.835929544314197, 26.198502985243401 ], [ 91.836004093702996, 26.198391499781 ], [ 91.836045510529104, 26.1983295634565 ], [ 91.836095209822204, 26.198287446640201 ], [ 91.8361836759114, 26.198193204445602 ], [ 91.836261427794199, 26.1981678353471 ], [ 91.836309140013896, 26.198145637180001 ], [ 91.836363920178201, 26.1981170971337 ], [ 91.836406330541095, 26.198079043459099 ], [ 91.836438138088695, 26.198044160711699 ], [ 91.836455809746994, 26.1980076924835 ], [ 91.836473480506896, 26.197987079756299 ], [ 91.836484396834194, 26.197973405374501 ], [ 91.836509006181402, 26.197967560815002 ], [ 91.836544472567198, 26.197966261486599 ], [ 91.836588624763394, 26.197966261486599 ], [ 91.8366908341781, 26.1979490260393 ], [ 91.836901119006299, 26.1979078013666 ], [ 91.837023049136505, 26.197895115980899 ], [ 91.837054857582402, 26.197869746817499 ], [ 91.837134377349599, 26.197828522116801 ], [ 91.837311087644096, 26.197807909357898 ], [ 91.837795273294006, 26.197807909357898 ], [ 91.838254720239405, 26.197822179419799 ], [ 91.838491511656699, 26.1978554767615 ], [ 91.838606373842197, 26.197877674983999 ], [ 91.838698263410905, 26.197888774093599 ], [ 91.838760111519903, 26.197891945037298 ], [ 91.839168312273202, 26.1978047384119 ], [ 91.839405104588806, 26.197752414566601 ], [ 91.839694909184303, 26.1976287394899 ], [ 91.839823907259102, 26.1975415318614 ], [ 91.840016522225696, 26.197454324973599 ], [ 91.840099575965297, 26.1974432258226 ], [ 91.840571391813796, 26.197430541192301 ], [ 91.840589063472095, 26.197143550762199 ], [ 91.840633240821106, 26.1967122698378 ], [ 91.840633240821106, 26.196553710462499 ], [ 91.840619104033493, 26.196441133360398 ], [ 91.840550187081504, 26.196306357631801 ], [ 91.840479503143399, 26.196195365785499 ], [ 91.840422955992906, 26.1961255991516 ], [ 91.840392914533098, 26.196060589772401 ], [ 91.840373476786993, 26.195992408555501 ], [ 91.840373476786993, 26.1959052005076 ], [ 91.840378777745499, 26.195856046807901 ], [ 91.840407051320796, 26.195811650394099 ], [ 91.840451229568103, 26.1957862807769 ], [ 91.840555488039996, 26.195752982843601 ], [ 91.840680952142407, 26.195743469031399 ], [ 91.840880635053693, 26.1957402980293 ], [ 91.841317109382302, 26.195760910348 ], [ 91.841490285704495, 26.195756153845402 ], [ 91.841596312060801, 26.195737127027002 ], [ 91.841697036560305, 26.195705414581202 ], [ 91.841781857286094, 26.195661017303902 ], [ 91.841849007251895, 26.195613449004 ], [ 91.841928527019107, 26.195537340006201 ], [ 91.841974472252701, 26.1954612309586 ], [ 91.841986842054197, 26.195343895474998 ], [ 91.841956800594403, 26.1949871325868 ], [ 91.841962102451205, 26.194909437667299 ], [ 91.8419727052665, 26.194830156376302 ], [ 91.842018649601698, 26.1947461184876 ], [ 91.842154716519502, 26.194601826891901 ], [ 91.842232469300598, 26.194511446767201 ], [ 91.842262509861996, 26.194441679124601 ], [ 91.842290783437306, 26.194321171573002 ], [ 91.842301386252601, 26.1942165207284 ], [ 91.842280180621998, 26.194127725827801 ], [ 91.842214797642399, 26.194024659527901 ], [ 91.842084032581397, 26.193866096493601 ], [ 91.841965636423495, 26.1937820579092 ], [ 91.841863144039607, 26.193659964145699 ], [ 91.841783625170606, 26.193536284722999 ], [ 91.841587476231695, 26.193187443977401 ], [ 91.841477915902999, 26.192916299294101 ], [ 91.841426669710998, 26.192768834348499 ], [ 91.841417834780202, 26.192621369216202 ], [ 91.8414284366971, 26.192535744189001 ], [ 91.841453176300107, 26.192389864308399 ], [ 91.841516792293504, 26.192161530040099 ], [ 91.841569805471707, 26.1920093074833 ], [ 91.841624585636097, 26.1919062393088 ], [ 91.841712940334105, 26.191787315494999 ], [ 91.841898486457794, 26.191558980045599 ], [ 91.841978006225006, 26.1914765253558 ], [ 91.842055759006101, 26.1913655289068 ], [ 91.842087566553701, 26.191267217655 ], [ 91.842114073142795, 26.191192691380099 ], [ 91.842107004299805, 26.1910515665124 ], [ 91.842103470327501, 26.190969112269499 ], [ 91.842062826950794, 26.190902513639099 ], [ 91.841986842054197, 26.190764560363601 ], [ 91.841795994972003, 26.1905235375269 ], [ 91.841652859211294, 26.190358626622999 ], [ 91.8416104488484, 26.1902856861484 ], [ 91.841589243217797, 26.190227015814401 ], [ 91.841580408287001, 26.1901794452953 ], [ 91.841589243217797, 26.190146145759101 ], [ 91.841631653580706, 26.190090647317 ], [ 91.841661695040401, 26.190057347755499 ], [ 91.841651092225106, 26.1900002628858 ], [ 91.841635188451306, 26.1899479355342 ], [ 91.841605146991597, 26.1898337656596 ], [ 91.841583942259305, 26.189735453115102 ], [ 91.841555668684094, 26.189553098851999 ], [ 91.841543298882598, 26.189397701711702 ], [ 91.841493819676799, 26.189304145565401 ], [ 91.841389561204906, 26.1891772903369 ], [ 91.841348917828199, 26.189110690682 ], [ 91.841304739580806, 26.189007620748999 ], [ 91.841278232991698, 26.188864907639399 ], [ 91.841255261273304, 26.188692066402499 ], [ 91.841212850910395, 26.188531910509901 ], [ 91.841179275478396, 26.1884573824852 ], [ 91.841143933958406, 26.188392368019901 ], [ 91.841060879320494, 26.1883289399265 ], [ 91.840976058594805, 26.1882813686323 ], [ 91.840739267177497, 26.1881846403816 ], [ 91.840626171978101, 26.1881846403816 ], [ 91.840528981450902, 26.188171954743002 ], [ 91.840417654136104, 26.188157683498801 ], [ 91.840357573013193, 26.188141826648302 ], [ 91.840290423047406, 26.188113283344599 ], [ 91.840262149472196, 26.188062540751002 ], [ 91.840251546656901, 26.187995941265001 ], [ 91.840223273081605, 26.187922998504899 ], [ 91.840198533478699, 26.1878785982612 ], [ 91.840069535403899, 26.187786627310501 ], [ 91.839917563813998, 26.187723198081201 ], [ 91.839848646862094, 26.187702584339998 ], [ 91.8398062364992, 26.1877009987295 ], [ 91.839728483718105, 26.1877374701847 ], [ 91.839661333752304, 26.187773941628599 ], [ 91.839590649814099, 26.1877295413281 ], [ 91.839438679122594, 26.187564626469101 ], [ 91.839353858396805, 26.1874758264977 ], [ 91.839311448033996, 26.187431426083599 ], [ 91.839293776375698, 26.187377511963199 ], [ 91.839265502800401, 26.1872395545135 ], [ 91.839191284890006, 26.187022310295198 ], [ 91.839124134924106, 26.186878009131899 ], [ 91.839072888732105, 26.1867971367517 ], [ 91.839032245355398, 26.186749565638099 ], [ 91.839005738766303, 26.186701993699 ], [ 91.839007505752505, 26.1866591786147 ], [ 91.8390340123416, 26.186535491758999 ], [ 91.839021642540203, 26.186457791202201 ], [ 91.839009272738707, 26.186424490602199 ], [ 91.838979232177294, 26.186386433107501 ], [ 91.838931520855894, 26.186329346439098 ], [ 91.838897945423795, 26.186278603068601 ], [ 91.838887343506897, 26.186221516347299 ], [ 91.838903247280598, 26.1861739441926 ], [ 91.838980999163397, 26.186113686155799 ], [ 91.839044615156894, 26.186081971896201 ], [ 91.839099395321199, 26.186039156584101 ], [ 91.839092327376605, 26.186002684597099 ], [ 91.839028711383094, 26.185944012912302 ], [ 91.838924452012904, 26.1858298391139 ], [ 91.838887343506897, 26.185799710413502 ], [ 91.838843165259505, 26.185798124777101 ], [ 91.838777782279806, 26.185825082205799 ], [ 91.838669989835594, 26.185882168315199 ], [ 91.838620510629795, 26.185907540895698 ], [ 91.838585168211594, 26.185905954454601 ], [ 91.838546291821004, 26.185885340391899 ], [ 91.838475607882899, 26.185853625263999 ], [ 91.838443800335298, 26.185820324491399 ], [ 91.838436731492394, 26.185752138086599 ], [ 91.838641715362101, 26.1853239870759 ], [ 91.838678824766504, 26.185243113617101 ], [ 91.838689427581798, 26.1851891984841 ], [ 91.838666454964994, 26.185160654457 ], [ 91.838613441786805, 26.185087709921799 ], [ 91.838505648444297, 26.184965607045701 ], [ 91.838433197520004, 26.184913277432798 ], [ 91.838406690930896, 26.1848799763914 ], [ 91.838417293746204, 26.184843504041599 ], [ 91.838457937122897, 26.184721400909599 ], [ 91.838525087088698, 26.184588197273602 ], [ 91.838728303972303, 26.184332889946202 ], [ 91.838742440759901, 26.1842456731694 ], [ 91.838738906787597, 26.184153699350802 ], [ 91.83872477, 26.184064895973702 ], [ 91.838779550164304, 26.183896805409098 ], [ 91.838924452012904, 26.1837144420074 ], [ 91.838848467116307, 26.183565378940798 ], [ 91.838843165259505, 26.1835162200341 ], [ 91.838853768074799, 26.1834670611067 ], [ 91.838887343506897, 26.183432174789498 ], [ 91.838935054828198, 26.183384601495899 ], [ 91.838961561417307, 26.183337028182901 ], [ 91.838975698204905, 26.183302141020601 ], [ 91.838995135951095, 26.1832149234722 ], [ 91.838924452012904, 26.183159420922301 ], [ 91.838613441786805, 26.183021458478098 ], [ 91.837542995819504, 26.182540064682701 ], [ 91.837072528342304, 26.182307855325899 ], [ 91.836757984143901, 26.182141347912999 ], [ 91.836606013452297, 26.182073158549098 ], [ 91.836454041862496, 26.182004969951599 ], [ 91.836284400411003, 26.1819431232637 ], [ 91.836022869390703, 26.181900307236901 ], [ 91.835414985726203, 26.181778201020801 ], [ 91.834736418123398, 26.181572047284298 ], [ 91.833881140226296, 26.1812707448894 ], [ 91.832945659842196, 26.180855469418201 ], [ 91.831589763413604, 26.180081146040301 ], [ 91.829961660386004, 26.179048706867 ], [ 91.829189040071398, 26.178512604516399 ], [ 91.829168963623005, 26.1785032360192 ], [ 91.829089640586801, 26.178466219121301 ], [ 91.828982289215404, 26.178430537229399 ], [ 91.828898793504706, 26.1784341061446 ], [ 91.828684090761897, 26.178430537229399 ], [ 91.828318300371507, 26.178426969120199 ], [ 91.827949279639299, 26.178425854186798 ], [ 91.825383528592795, 26.1783812528125 ], [ 91.824389533747805, 26.1783589517159 ], [ 91.824054059701496, 26.178375677337201 ], [ 91.823817986038094, 26.178442579798599 ], [ 91.823600549721903, 26.1785931110023 ], [ 91.823407962603099, 26.1787269164432 ], [ 91.823159464341003, 26.178799394158201 ], [ 91.822823990294793, 26.178849570825399 ], [ 91.822374207425298, 26.1788801229482 ], [ 91.8196268044519, 26.178930076272401 ], [ 91.818851488293106, 26.1789336443662 ], [ 91.818521481393702, 26.178969326104099 ], [ 91.818346538085393, 26.1790121432077 ], [ 91.818163642890198, 26.179065665371301 ], [ 91.8180244839712, 26.179162004558801 ], [ 91.817940988260503, 26.1792342595019 ], [ 91.817841588776005, 26.179373638828299 ], [ 91.817760826638704, 26.179507442566798 ], [ 91.817680064501403, 26.179724874120499 ], [ 91.8176241524598, 26.179875403668099 ], [ 91.817543390322498, 26.180081684554398 ], [ 91.817394290646604, 26.180209912898601 ], [ 91.817276253814896, 26.180287964269301 ], [ 91.817071242097299, 26.180326990338202 ], [ 91.817450192806703, 26.1805491387911 ], [ 91.817831886970893, 26.180782063486301 ], [ 91.818241572639394, 26.181078926054301 ], [ 91.818409518071604, 26.181183970009901 ], [ 91.8185774635039, 26.181231924705099 ], [ 91.818760676702695, 26.181263894222202 ], [ 91.818923532280607, 26.181304998219598 ], [ 91.819045674413104, 26.1813552366878 ], [ 91.819165272516798, 26.181426027109801 ], [ 91.8193354574491, 26.181517734633701 ], [ 91.8200992527143, 26.1818991778262 ], [ 91.820250708671196, 26.1819722517284 ], [ 91.820364708474102, 26.1820555547603 ], [ 91.820475450985697, 26.182154934671399 ], [ 91.820700192401702, 26.182328848908799 ], [ 91.820850019713006, 26.1824633030357 ], [ 91.8209526189966, 26.182550991127201 ], [ 91.821025904455794, 26.182664985144498 ], [ 91.821094303978199, 26.182768748326101 ], [ 91.821178989058296, 26.182879819069001 ], [ 91.821208303780907, 26.182951430020399 ], [ 91.821208303780907, 26.1830142725602 ], [ 91.821206675135301, 26.183069808230901 ], [ 91.821192018223201, 26.1831501882297 ], [ 91.821162703500505, 26.1832744115354 ], [ 91.821097561269397, 26.1835023972369 ], [ 91.821014504834807, 26.183766919681101 ], [ 91.820910276905707, 26.183939369995301 ], [ 91.820693677819307, 26.1841162037937 ], [ 91.820426593413998, 26.184345650166598 ], [ 91.820301194888501, 26.1844114149776 ], [ 91.820075706972403, 26.184517940817098 ], [ 91.819960676801998, 26.184567957827198 ], [ 91.819769749769804, 26.184624359344301 ], [ 91.819676064468794, 26.1846435145399 ], [ 91.819616770270201, 26.184657349293701 ], [ 91.819577636063201, 26.184685017990301 ], [ 91.819505297428293, 26.184738227189701 ], [ 91.819402125917904, 26.1848191050296 ], [ 91.819277607741398, 26.184877635402799 ], [ 91.819121071811594, 26.1849361649404 ], [ 91.819040431845195, 26.184961705400902 ], [ 91.818978765195794, 26.1849648976557 ], [ 91.818933702107898, 26.184949999659501 ], [ 91.818887452345507, 26.1849372290256 ], [ 91.818843575033796, 26.184914881622099 ], [ 91.818753447959594, 26.184897854642301 ], [ 91.818640789341501, 26.184885084002701 ], [ 91.818493739621104, 26.184870185996299 ], [ 91.818343132572195, 26.184877635402799 ], [ 91.818181852639299, 26.184905304047 ], [ 91.8181012126729, 26.184914881622099 ], [ 91.818051405581997, 26.184932972684798 ], [ 91.817954162952404, 26.184970218886399 ], [ 91.817845061662894, 26.185018106727401 ], [ 91.817045776655704, 26.1853746067193 ], [ 91.816744562557702, 26.185503371759001 ], [ 91.816510943989996, 26.185610853465199 ], [ 91.8163389902749, 26.1856917306994 ], [ 91.816257164532402, 26.185737490088101 ], [ 91.816210915668293, 26.185783250264802 ], [ 91.816181268568997, 26.185822624348901 ], [ 91.816174153013606, 26.185858806189501 ], [ 91.816172967237407, 26.185967351643601 ], [ 91.816180081894501, 26.1860067256655 ], [ 91.816221588552196, 26.186023752483301 ], [ 91.816254792980004, 26.186037587073201 ], [ 91.816286811631699, 26.186069511741501 ], [ 91.816347291606505, 26.1861056935054 ], [ 91.816371009825005, 26.186131233709499 ], [ 91.816401842700401, 26.186144004212501 ], [ 91.816455207119901, 26.1861482605091 ], [ 91.816529917307193, 26.186168479528099 ], [ 91.816559564406504, 26.186181250027001 ], [ 91.816582096848705, 26.1861940197184 ], [ 91.816595141285006, 26.186211046508902 ], [ 91.816596327061106, 26.186234458543201 ], [ 91.816592769732594, 26.186252549400901 ], [ 91.816556007077907, 26.1862738324748 ], [ 91.816515687094693, 26.186298308569299 ], [ 91.816449277340695, 26.186323848731199 ], [ 91.816327131614898, 26.1863685437994 ], [ 91.816168223234399, 26.186401532448901 ], [ 91.815775696286195, 26.1865047570431 ], [ 91.815665409220401, 26.186531361230401 ], [ 91.815419931094297, 26.1865696709914 ], [ 91.815282369379901, 26.186596275163801 ], [ 91.815117531220196, 26.186631392694402 ], [ 91.814937277071905, 26.186709077013099 ], [ 91.814805644238405, 26.1867559000708 ], [ 91.814725004272006, 26.186789953485 ], [ 91.8146799402857, 26.186816557607099 ], [ 91.814660966968603, 26.1868495461297 ], [ 91.814646735857906, 26.1868814713817 ], [ 91.814643178529394, 26.186907011415698 ], [ 91.814641992753195, 26.186934679577998 ], [ 91.814643178529394, 26.186979374412001 ], [ 91.814647921634105, 26.187017684025701 ], [ 91.814657408741795, 26.187058122564601 ], [ 91.814692985620297, 26.187134741727601 ], [ 91.814751094042805, 26.187278403328499 ], [ 91.814831734009204, 26.187548699406499 ], [ 91.814874425544801, 26.187665756574901 ], [ 91.814902886867898, 26.1877253495777 ], [ 91.814915931304199, 26.187762594886699 ], [ 91.814952693958901, 26.187818994857398 ], [ 91.814995385494399, 26.187890293229 ], [ 91.815041635256804, 26.1879711688809 ], [ 91.815084326792402, 26.188042467159399 ], [ 91.815144806767194, 26.188161652749201 ], [ 91.815170896538007, 26.188287222544901 ], [ 91.815237305393694, 26.188502180721901 ], [ 91.815271696495998, 26.1885787989352 ], [ 91.815435347981193, 26.188879952651 ], [ 91.815553936378507, 26.189130026511702 ], [ 91.815680826107297, 26.189458845559301 ], [ 91.815859893581106, 26.189952605216298 ], [ 91.815965437542204, 26.190252691344 ], [ 91.816019987737803, 26.190416567381799 ], [ 91.816057936168704, 26.1905666099447 ], [ 91.816095884599505, 26.190725164573202 ], [ 91.816110114811906, 26.190810295189401 ], [ 91.816107743259593, 26.190878398831501 ], [ 91.816100628602499, 26.190929477141399 ], [ 91.816087583268001, 26.190997581519898 ], [ 91.816037776176998, 26.191129532430701 ], [ 91.815983225981398, 26.191241265863098 ], [ 91.815939347771405, 26.191329588182601 ], [ 91.815888354904303, 26.191388114478901 ], [ 91.815811273164698, 26.191436000487901 ], [ 91.815754350518404, 26.1914668596513 ], [ 91.815651179008, 26.191508360671001 ], [ 91.815570539041602, 26.191537091765401 ], [ 91.815464995080504, 26.1915551817997 ], [ 91.815381909001601, 26.191547266906301 ], [ 91.815270732603693, 26.191512350765301 ], [ 91.815089144457204, 26.191444180589201 ], [ 91.814868643987595, 26.191359383347699 ], [ 91.814703732165995, 26.191291213082099 ], [ 91.814544379119496, 26.1912529709724 ], [ 91.814333143873696, 26.1912213798301 ], [ 91.814138584952801, 26.191214728850099 ], [ 91.813921790932, 26.191216391796701 ], [ 91.813717967685605, 26.191226367863401 ], [ 91.813614202388905, 26.191238006875398 ], [ 91.813508584765998, 26.191238006875398 ], [ 91.8134122323669, 26.191226367863401 ], [ 91.813293643969601, 26.191206415729098 ], [ 91.813160231573505, 26.1911764875214 ], [ 91.812858202703595, 26.191086702045901 ], [ 91.812643261009001, 26.191013542772499 ], [ 91.812478349187401, 26.190998578644798 ], [ 91.812372731564494, 26.191021856713402 ], [ 91.8123078785909, 26.191045133971102 ], [ 91.812204114192497, 26.191096678123699 ], [ 91.812079967020196, 26.191163185555901 ], [ 91.811976202621693, 26.1911831376975 ], [ 91.8119002311998, 26.1911764875214 ], [ 91.811827967125097, 26.1911615226085 ], [ 91.811692702402894, 26.1911133051868 ], [ 91.811388819410297, 26.1910235196627 ], [ 91.811127555189699, 26.1909802894215 ], [ 91.810256672657701, 26.1909653252896 ], [ 91.810075083612901, 26.190976963521699 ], [ 91.8098582895921, 26.191045133971102 ], [ 91.809776760293502, 26.1910634239904 ], [ 91.809713760544398, 26.191065086939101 ], [ 91.809641495571299, 26.191058435950101 ], [ 91.809552554273296, 26.191043471828198 ], [ 91.809422848326093, 26.191006892586699 ], [ 91.809345024578107, 26.190978626471601 ], [ 91.809219025079699, 26.190943710160202 ], [ 91.809042995708197, 26.1908871778924 ], [ 91.808850289113494, 26.190855586650901 ], [ 91.808576054118504, 26.190837297405199 ], [ 91.808390759523206, 26.190833971501199 ], [ 91.808286995124703, 26.1908472735043 ], [ 91.808220288926606, 26.190870551603101 ], [ 91.8081517304024, 26.1908988169384 ], [ 91.8080739066544, 26.190920432076101 ], [ 91.807251200771105, 26.1909304081681 ], [ 91.806706435433398, 26.190917106980599 ], [ 91.806548935611303, 26.190913781078901 ], [ 91.806467406312706, 26.190913781078901 ], [ 91.806391435789095, 26.190925420122198 ], [ 91.806270994167406, 26.190973638427799 ], [ 91.806187612542701, 26.191003566687598 ], [ 91.806122759569107, 26.191030169847501 ], [ 91.805989347172996, 26.191053447909699 ], [ 91.8058522301247, 26.1910916900849 ], [ 91.805792935925993, 26.191111642238798 ], [ 91.805765141152804, 26.191159860467302 ], [ 91.8057336417274, 26.191216391796701 ], [ 91.805698435853103, 26.191286225051599 ], [ 91.805631729655104, 26.1913211412603 ], [ 91.805579847455803, 26.191334443207801 ], [ 91.805514994482195, 26.1913444192644 ], [ 91.805477935383493, 26.191347744347699 ], [ 91.805427906408696, 26.191347744347699 ], [ 91.805361200210598, 26.1913444192644 ], [ 91.805303759236395, 26.191341093374898 ], [ 91.805229641038906, 26.191316153231099 ], [ 91.805096229541107, 26.191279574075299 ], [ 91.805033229791903, 26.191259621950199 ], [ 91.804931317719607, 26.1912529709724 ], [ 91.804809023771796, 26.191259621950199 ], [ 91.804725641248794, 26.1912612848961 ], [ 91.804468082578694, 26.191296201112301 ], [ 91.804388405606304, 26.191297864057699 ], [ 91.804229052559705, 26.191287887997099 ], [ 91.804116022937393, 26.191301189142301 ], [ 91.804043758862704, 26.1913211412603 ], [ 91.803978905889096, 26.191336105346601 ], [ 91.803923317241001, 26.191336105346601 ], [ 91.803847346717404, 26.191326129289301 ], [ 91.803754699868904, 26.191296201112301 ], [ 91.803686140446402, 26.191271260958999 ], [ 91.803589788047304, 26.191191451626199 ], [ 91.803469346425601, 26.191085039097501 ], [ 91.803326669704006, 26.190940384259299 ], [ 91.803243288079301, 26.190897153987301 ], [ 91.8031339640076, 26.1908688886516 ], [ 91.803043170383503, 26.190860574699801 ], [ 91.802826375464406, 26.190863900603102 ], [ 91.802589199568104, 26.190857249602601 ], [ 91.802470611170804, 26.190848936456099 ], [ 91.802368699098494, 26.190835634453201 ], [ 91.802276052249994, 26.1908140192998 ], [ 91.801872110409406, 26.190705944278601 ], [ 91.801338463519897, 26.1905230466202 ], [ 91.801205052022198, 26.190478154042399 ], [ 91.801136492599696, 26.1904548758652 ], [ 91.801079051625507, 26.190449887798898 ], [ 91.801021610651205, 26.190459863931299 ], [ 91.800849286830299, 26.190501431408801 ], [ 91.800606551260799, 26.1905429996776 ], [ 91.800119227795506, 26.190606182321499 ], [ 91.799982109848898, 26.190617820589399 ], [ 91.799895021775299, 26.190647749746802 ], [ 91.799824610026704, 26.190744185761702 ], [ 91.799780139826893, 26.190820670302699 ], [ 91.799718992403797, 26.190860574699801 ], [ 91.799675031548801, 26.1908683098832 ], [ 91.799540683108106, 26.191860441233199 ], [ 91.799441456100197, 26.1926850118057 ], [ 91.799337915382196, 26.193273434480201 ], [ 91.799281829965807, 26.193556030911399 ], [ 91.799264573329097, 26.193904436891099 ], [ 91.799277516255799, 26.194206387735999 ], [ 91.799356035299795, 26.195051845936899 ], [ 91.799353273878594, 26.1958223531242 ], [ 91.799364318664999, 26.196563125065001 ], [ 91.799438868053798, 26.197499613045601 ], [ 91.799491328768099, 26.198126412467602 ], [ 91.799670800483796, 26.1981115475899 ], [ 91.799714204383406, 26.198155150795898 ], [ 91.799896216534606, 26.1984389678043 ], [ 91.800189555102506, 26.198004520736902 ], [ 91.800234063929906, 26.198039700923001 ], [ 91.800427340954798, 26.198200736021601 ], [ 91.800593007361201, 26.198327085712599 ], [ 91.800791806330196, 26.198446003654901 ], [ 91.801051349378696, 26.198572353885901 ], [ 91.801302609062006, 26.198656587296998 ], [ 91.801631179555301, 26.198785414227601 ], [ 91.801813412692098, 26.198877079875398 ], [ 91.801995644930699, 26.1989984741796 ], [ 91.802097805836397, 26.199087661931902 ], [ 91.802191683376805, 26.199184281987002 ], [ 91.8023104101146, 26.199352747863099 ], [ 91.802437421115997, 26.199513780339899 ], [ 91.802732858148403, 26.199944852607501 ], [ 91.802793602227894, 26.200011742682999 ], [ 91.802906807021699, 26.2000786327201 ], [ 91.803031056601895, 26.200155432732998 ], [ 91.803158067603306, 26.200249575005198 ], [ 91.803262989031793, 26.200336284098199 ], [ 91.803362388516305, 26.2004155616407 ], [ 91.803428655438196, 26.200487406035698 ], [ 91.803613572741099, 26.2007547528783 ], [ 91.803691229402503, 26.200878864719101 ], [ 91.803756751620995, 26.201011686213999 ], [ 91.803778591462205, 26.201081362871101 ], [ 91.803839260981505, 26.201142330516401 ], [ 91.804035826738698, 26.201264264905198 ], [ 91.804212979902601, 26.201362246925601 ], [ 91.804290635665694, 26.201423214423802 ], [ 91.804414399257297, 26.2016017602439 ], [ 91.805137570010501, 26.2021003810307 ], [ 91.805227359318096, 26.202067720842098 ], [ 91.806642152890007, 26.201351360128101 ], [ 91.806877547427106, 26.201266441944 ], [ 91.807081394029595, 26.201251200253399 ], [ 91.807338629306201, 26.201240313445499 ], [ 91.807605570879403, 26.2012729738662 ], [ 91.807833685469404, 26.201314344847699 ], [ 91.807962302658495, 26.201340473329601 ], [ 91.808071506356001, 26.2014166825101 ], [ 91.808195270845999, 26.201503777618999 ], [ 91.808517041990896, 26.2017721070705 ], [ 91.808677008586798, 26.201952846307702 ], [ 91.809399819115498, 26.2027927521438 ], [ 91.810093005901095, 26.203781493450698 ], [ 91.810442561039395, 26.204451281204101 ], [ 91.810620301701505, 26.204796804613899 ], [ 91.811722291111707, 26.2062533095771 ], [ 91.811751913956499, 26.206375570675402 ], [ 91.811734140788602, 26.206577566010001 ], [ 91.811704517045499, 26.2067901917904 ], [ 91.811674893302396, 26.206970924043102 ], [ 91.811716366722393, 26.2071888652907 ], [ 91.811799311765895, 26.207337703079698 ], [ 91.811799311765895, 26.207571590534201 ], [ 91.811775613310303, 26.207784215304802 ], [ 91.811710441434798, 26.207970261358302 ], [ 91.811633420780694, 26.208161622449701 ], [ 91.811586023869594, 26.208321090457201 ] ] ] ] } },
{ "type": "Feature", "properties": { "ward_number": 58, "ward_lgd_name": "Guwahati (M Corp.) - Ward No.58" }, "geometry": { "type": "MultiPolygon", "coordinates": [ [ [ [ 91.837494677237004, 26.182516215783298 ], [ 91.837493307306204, 26.1821005465148 ], [ 91.837493307306204, 26.181152313257599 ], [ 91.837722065089906, 26.181193859871399 ], [ 91.838318470980099, 26.181396704226501 ], [ 91.838456596836593, 26.181440010577099 ], [ 91.8386326324962, 26.181455651485599 ], [ 91.838747664463298, 26.181460343274001 ], [ 91.838840039122303, 26.181457215415101 ], [ 91.838956815617607, 26.1814681637271 ], [ 91.839375116129702, 26.181438445841199 ], [ 91.839561608179295, 26.181364933058699 ], [ 91.839856162167706, 26.181263267037 ], [ 91.840068797887099, 26.181153779646898 ], [ 91.840243089916797, 26.181100600250598 ], [ 91.840565530306606, 26.181045856895 ], [ 91.840863569758298, 26.1809598307639 ], [ 91.841166837404899, 26.1808565996452 ], [ 91.841478820506495, 26.1807690102418 ], [ 91.841864005523902, 26.180703317541401 ], [ 91.842179474088695, 26.180614163275798 ], [ 91.842594289137494, 26.180504675275898 ], [ 91.843132851608203, 26.180418649551399 ], [ 91.843312371832894, 26.1803764182343 ], [ 91.844313332214597, 26.1802376761655 ], [ 91.845402487394296, 26.180080959011502 ], [ 91.846023849381396, 26.179939536109998 ], [ 91.847074611464194, 26.179686072769101 ], [ 91.847347474731706, 26.179572229008802 ], [ 91.847560499421604, 26.1794540890942 ], [ 91.847639486487907, 26.1793445411544 ], [ 91.847790278589798, 26.179054560437301 ], [ 91.847957826068395, 26.178721619112402 ], [ 91.847991335923396, 26.1785970338208 ], [ 91.848024845778497, 26.1784724492022 ], [ 91.848091864590202, 26.178330680113799 ], [ 91.848211541745698, 26.1781953545843 ], [ 91.848314463524403, 26.178072917180199 ], [ 91.848498765481395, 26.177903223361 ], [ 91.848618442636806, 26.177817302131398 ], [ 91.848702215926906, 26.177765748879501 ], [ 91.848817105960194, 26.177628275042 ], [ 91.848860190059497, 26.177510133157 ], [ 91.848951144482001, 26.177314661789801 ], [ 91.849010982161403, 26.177185779673898 ], [ 91.849020556405705, 26.1770332682872 ], [ 91.849008589049504, 26.1768163162271 ], [ 91.848999014805202, 26.176545661494501 ], [ 91.848999014805202, 26.176479072355999 ], [ 91.848982260326807, 26.176429666992501 ], [ 91.848931995993397, 26.1763287077207 ], [ 91.848436533791698, 26.175405039713301 ], [ 91.848400630824798, 26.175347042312399 ], [ 91.848333612012993, 26.175278303181301 ], [ 91.848233083346202, 26.175207417119299 ], [ 91.847912348857093, 26.174986164646999 ], [ 91.847802246844296, 26.174910982196899 ], [ 91.847627518233395, 26.174831502678799 ], [ 91.847397739065102, 26.1747584678339 ], [ 91.847024347130798, 26.174582324452501 ], [ 91.847448003398597, 26.174393292923199 ], [ 91.847756769633094, 26.174242926403501 ], [ 91.847902775511102, 26.174161298714001 ], [ 91.848015271534194, 26.174049597275499 ], [ 91.848120587323095, 26.173888490095599 ], [ 91.848252231834806, 26.173697308910501 ], [ 91.848333612012993, 26.173458868517201 ], [ 91.848403023936697, 26.1731667254233 ], [ 91.848412598181, 26.172810138102498 ], [ 91.848448501147899, 26.172603917712401 ], [ 91.848479616992705, 26.1724943633346 ], [ 91.848570571415294, 26.172391253712 ], [ 91.848716577293303, 26.1721893288919 ], [ 91.849099543471993, 26.171768294510802 ], [ 91.849279058306806, 26.1715663686117 ], [ 91.849355651362899, 26.1714911839561 ], [ 91.849487295874496, 26.171463257362301 ], [ 91.849757766030095, 26.171489035384699 ], [ 91.850188602532, 26.171497628057601 ], [ 91.850396840099705, 26.171463257362301 ], [ 91.850576354934503, 26.171415998445799 ], [ 91.8507654449119, 26.171351554144799 ], [ 91.850942566634799, 26.171267775855199 ], [ 91.851148410192195, 26.171151776101599 ], [ 91.851366222004202, 26.171003553175101 ], [ 91.851517015004404, 26.170883256799598 ], [ 91.851576853582202, 26.170728589388101 ], [ 91.851622330793404, 26.170664144707199 ], [ 91.851694136727303, 26.170627625984999 ], [ 91.851730039694303, 26.170603995553599 ], [ 91.851763549549304, 26.170561032659698 ], [ 91.851756368417, 26.170533106649302 ], [ 91.851749188182893, 26.1704536241465 ], [ 91.851768336671498, 26.170393475690599 ], [ 91.851935884150095, 26.170090584348401 ], [ 91.852007690083994, 26.169996064577301 ], [ 91.852048380173102, 26.1699316194915 ], [ 91.852074708895799, 26.1698585815769 ], [ 91.852113005872994, 26.1697447282185 ], [ 91.852139334595606, 26.1696029477095 ], [ 91.852144121717799, 26.1692334602301 ], [ 91.852110611862699, 26.1690766428205 ], [ 91.852067528661706, 26.168962788698501 ], [ 91.852000508951605, 26.1688467858453 ], [ 91.851902374294994, 26.168720042183701 ], [ 91.851806632750396, 26.168644855692701 ], [ 91.851655839750194, 26.168576113416101 ], [ 91.851449996192699, 26.168498778205802 ], [ 91.851337500169606, 26.168455813729899 ], [ 91.851055062657807, 26.168432183664599 ], [ 91.8507654449119, 26.1684450730116 ], [ 91.850597897433303, 26.1685052224727 ], [ 91.850327427277705, 26.168623373483701 ], [ 91.850176634277503, 26.168677078595699 ], [ 91.850059351132302, 26.168681375035799 ], [ 91.849896590775799, 26.168623373483701 ], [ 91.849645270007102, 26.168535297594602 ], [ 91.849496870118799, 26.168488036685201 ], [ 91.849207252372906, 26.168430035036799 ], [ 91.848788383227301, 26.1683999606939 ], [ 91.847998516157503, 26.168277513001701 ], [ 91.847603583520893, 26.1682968466442 ], [ 91.8471272698078, 26.168298995274402 ], [ 91.846899883751504, 26.168350551906599 ], [ 91.846710793774093, 26.168406404966301 ], [ 91.846538459173402, 26.168481592417301 ], [ 91.846370911694805, 26.1685804090537 ], [ 91.846220118694603, 26.168741524375001 ], [ 91.846042711307405, 26.1689984791321 ], [ 91.845929026813295, 26.169149097511202 ], [ 91.845785566760696, 26.169238982931301 ], [ 91.845598798928293, 26.169299715695701 ], [ 91.845311879721507, 26.169316720767299 ], [ 91.8445485668516, 26.169379883476701 ], [ 91.844323904487197, 26.1693896009997 ], [ 91.844134429132495, 26.169396888536699 ], [ 91.844034278656494, 26.169360448428499 ], [ 91.843893525227799, 26.1692632755571 ], [ 91.843769013339596, 26.169166102604802 ], [ 91.8436363815795, 26.1689936207576 ], [ 91.843557884095006, 26.168845431368101 ], [ 91.843511868792902, 26.1687361112985 ], [ 91.843468561012997, 26.168617073539899 ], [ 91.843433372206704, 26.1685271884466 ], [ 91.843400890922695, 26.168464025275298 ], [ 91.843316981088606, 26.168398432869999 ], [ 91.843151867146105, 26.168252671926901 ], [ 91.843030061881805, 26.168077759522198 ], [ 91.842951565295607, 26.167944145031001 ], [ 91.842813519389296, 26.1677910958831 ], [ 91.842629458180795, 26.1676161819797 ], [ 91.842510359540498, 26.167511719194199 ], [ 91.842358779616106, 26.167455843937301 ], [ 91.842258628241694, 26.167390251771099 ], [ 91.842212612939605, 26.1673319464279 ], [ 91.842169304261404, 26.167276071084899 ], [ 91.842107048317303, 26.167193472632601 ], [ 91.841947348521003, 26.1669553946505 ], [ 91.841893212448696, 26.166875225202499 ], [ 91.841768700560394, 26.166770761753099 ], [ 91.841660429314203, 26.166724603886198 ], [ 91.8414736614818, 26.166656581266601 ], [ 91.841303134291394, 26.166620140302001 ], [ 91.841140726972895, 26.166612852591399 ], [ 91.8410270424787, 26.1665958471255 ], [ 91.840880875802199, 26.166554547665701 ], [ 91.840788845198006, 26.166520535908099 ], [ 91.840667039933706, 26.1664330784394 ], [ 91.840466738083194, 26.1662630209875 ], [ 91.840331398800799, 26.166126975169998 ], [ 91.840215006784405, 26.1659957884996 ], [ 91.840109442162102, 26.165910759888899 ], [ 91.839976810402007, 26.165864600875398 ], [ 91.839873952403593, 26.165818442649801 ], [ 91.839779215175398, 26.1657455601854 ], [ 91.839605980462807, 26.165602225990501 ], [ 91.839365077456407, 26.1653932975237 ], [ 91.839224324027796, 26.165232956424799 ], [ 91.838888682894904, 26.1647033438629 ], [ 91.838542215266301, 26.164210170624902 ], [ 91.838328379397694, 26.163923497478301 ], [ 91.838260709307406, 26.163765584461199 ], [ 91.838198453363205, 26.1634084564053 ], [ 91.838214694005202, 26.163061044499901 ], [ 91.838252589435498, 26.162827816713001 ], [ 91.838276949949403, 26.162657754810098 ], [ 91.838298604737602, 26.162604306548001 ], [ 91.838336499269602, 26.162558147032001 ], [ 91.838433944019997, 26.162526563430902 ], [ 91.838525974624204, 26.1624828332072 ], [ 91.838553041762097, 26.1624536797156 ], [ 91.838558455908299, 26.161744273152799 ], [ 91.838590937192293, 26.161702971975 ], [ 91.838609884458293, 26.161649523275301 ], [ 91.838628831724293, 26.161608222063901 ], [ 91.838631539246506, 26.161520760911401 ], [ 91.838596350440298, 26.161438158382801 ], [ 91.838523268000301, 26.1613725620258 ], [ 91.838485372570005, 26.161311825132898 ], [ 91.838466425304006, 26.1612413700073 ], [ 91.838471838551996, 26.1612122153991 ], [ 91.840201472766296, 26.160454211572699 ], [ 91.841516970160001, 26.159866269041299 ], [ 91.840750950666006, 26.159091249908101 ], [ 91.840580422577304, 26.158916322956699 ], [ 91.840493806119298, 26.158797275174798 ], [ 91.840428842652898, 26.158653932440799 ], [ 91.840079668400307, 26.157730700934 ], [ 91.839984930273801, 26.157594645163901 ], [ 91.839990344420002, 26.1575411945817 ], [ 91.840006585062, 26.157509610428502 ], [ 91.840022825704096, 26.157470737178699 ], [ 91.839995757667893, 26.157419716774498 ], [ 91.839965983007801, 26.157375983829802 ], [ 91.839936208347794, 26.157315244856001 ], [ 91.839930795099903, 26.157264223577499 ], [ 91.839947035741901, 26.1571937660072 ], [ 91.839976810402007, 26.157159752326098 ], [ 91.839990344420002, 26.157113589849299 ], [ 91.840003878438097, 26.157038273315401 ], [ 91.839965983007801, 26.156953238174498 ], [ 91.8398658325318, 26.156754011984301 ], [ 91.8397440272675, 26.156576652082101 ], [ 91.839605980462807, 26.1564284469151 ], [ 91.839543724518606, 26.1563531299389 ], [ 91.839497709216502, 26.156285101270399 ], [ 91.839473348702697, 26.156241368706699 ], [ 91.839438159896304, 26.1561660508034 ], [ 91.839413799382498, 26.156122318195099 ], [ 91.839378611474501, 26.156054289391999 ], [ 91.839346129292096, 26.156003267561999 ], [ 91.839313648008101, 26.155920661126402 ], [ 91.839297407366104, 26.155439598909101 ], [ 91.8392513920639, 26.1547107130068 ], [ 91.839221617403894, 26.1545382089753 ], [ 91.839216204155903, 26.154477468524 ], [ 91.839194550266001, 26.154414297743902 ], [ 91.839178308725707, 26.154351127735801 ], [ 91.839148534963897, 26.154295245367901 ], [ 91.839116052781606, 26.154249082564 ], [ 91.839078158249606, 26.154207778732399 ], [ 91.838988834269301, 26.1541008744402 ], [ 91.838885976271001, 26.153972103744099 ], [ 91.838818307078995, 26.1538724885494 ], [ 91.838756051134794, 26.153792310109001 ], [ 91.838715449080595, 26.153714561119099 ], [ 91.838677554548696, 26.1536683980855 ], [ 91.838650486512506, 26.153595508029198 ], [ 91.8386207118524, 26.153532337577801 ], [ 91.838555749284296, 26.153267504631501 ], [ 91.838520560478003, 26.153146022374301 ], [ 91.838474545175899, 26.152937070789999 ], [ 91.838450184661994, 26.152876329505201 ], [ 91.838428529873795, 26.152837454711602 ], [ 91.838363567305706, 26.152827735809598 ], [ 91.838293190591401, 26.152776713374902 ], [ 91.837164461928495, 26.151816990576499 ], [ 91.836452578506893, 26.1512022777701 ], [ 91.836311825976594, 26.151095370724299 ], [ 91.8362143812261, 26.1510321981131 ], [ 91.836122350621906, 26.150964166342099 ], [ 91.835989718861796, 26.1508961345315 ], [ 91.835794830259204, 26.150801375843201 ], [ 91.835486257162501, 26.150687179724599 ], [ 91.835304902578002, 26.150638585923701 ], [ 91.835147908507395, 26.1505972808141 ], [ 91.834774372842503, 26.1505729834942 ], [ 91.834393885115702, 26.150594995582502 ], [ 91.8343733118991, 26.150619949276798 ], [ 91.834082836262098, 26.150972258164899 ], [ 91.833720076787401, 26.151561238949402 ], [ 91.833445089004201, 26.152219782327101 ], [ 91.833272289076206, 26.152747644543201 ], [ 91.833193575097695, 26.153398370984998 ], [ 91.8331456382992, 26.1542472021852 ], [ 91.833145359821501, 26.1542875803279 ], [ 91.8330007184843, 26.154312427602299 ], [ 91.832799900102501, 26.1543512906158 ], [ 91.832596500861001, 26.1544020357886 ], [ 91.832434963111595, 26.1544329716825 ], [ 91.832218641604697, 26.154441985713198 ], [ 91.832099610338005, 26.154441712365202 ], [ 91.831939254771598, 26.154462987539102 ], [ 91.831843691991594, 26.154498067982001 ], [ 91.831663549234406, 26.154610442892398 ], [ 91.831537857858194, 26.1546830097809 ], [ 91.831368577529403, 26.1547495928206 ], [ 91.831237069561695, 26.154789894994 ], [ 91.831087693204694, 26.154819669664999 ], [ 91.830814117573098, 26.154839221635701 ], [ 91.829538346376296, 26.15481660076 ], [ 91.829341607244203, 26.154794505609502 ], [ 91.829087280712599, 26.154721219540299 ], [ 91.828898822250807, 26.154665215593099 ], [ 91.828702837703602, 26.1546522981142 ], [ 91.828454550545601, 26.154652428740398 ], [ 91.828205297698602, 26.1546696593023 ], [ 91.827933771124293, 26.154709304341001 ], [ 91.827817648602405, 26.1547251633203 ], [ 91.827740162620998, 26.154744495177599 ], [ 91.827679789545698, 26.154765176834601 ], [ 91.827633304424594, 26.1548104903652 ], [ 91.827597259523898, 26.1548625641752 ], [ 91.827545395290898, 26.154924204293199 ], [ 91.827471573537494, 26.154968845280798 ], [ 91.827283887626905, 26.155023163042099 ], [ 91.826640237539294, 26.155283017752598 ], [ 91.826263039443006, 26.155412711861601 ], [ 91.826085473054107, 26.155479488810101 ], [ 91.825936535075002, 26.155557855077699 ], [ 91.825858733784798, 26.155616600111301 ], [ 91.825734985464507, 26.155722397540099 ], [ 91.825658155253194, 26.155797757658799 ], [ 91.825583695695997, 26.155887512261899 ], [ 91.825501697476795, 26.1559529230232 ], [ 91.825346516206494, 26.156017862047602 ], [ 91.824726105535305, 26.156238201467701 ], [ 91.824099227892304, 26.1564039613238 ], [ 91.824173201460994, 26.1566158957312 ], [ 91.824114876544598, 26.156656669763901 ], [ 91.824101106269595, 26.1566863286547 ], [ 91.824115860199797, 26.156740713347201 ], [ 91.824180458051899, 26.1568819362002 ], [ 91.824259482847495, 26.157049529515099 ], [ 91.824294474024398, 26.157128834087899 ], [ 91.824238308657897, 26.157210276959098 ], [ 91.824153507695101, 26.1572464176887 ], [ 91.824129519083698, 26.157310467432701 ], [ 91.824131462139704, 26.157343698137002 ], [ 91.823648558385599, 26.157981139152099 ], [ 91.823605124841706, 26.158049515964301 ], [ 91.823543005441493, 26.158103373500499 ], [ 91.823489976093597, 26.158147770572199 ], [ 91.823478964544805, 26.158198468134 ], [ 91.823465199659793, 26.158261840055101 ], [ 91.823458318564704, 26.158304314018899 ], [ 91.823449232105602, 26.158335351279302 ], [ 91.823439868066998, 26.158356867635799 ], [ 91.823410735702396, 26.158374924117101 ], [ 91.823377539359399, 26.158392795950999 ], [ 91.823355500092205, 26.158407884404902 ], [ 91.8233513013666, 26.158424515324899 ], [ 91.823338563255803, 26.158448072431302 ], [ 91.823328232630104, 26.158457842468898 ], [ 91.823289043625806, 26.158473613051001 ], [ 91.823272514624605, 26.158484928779 ], [ 91.823252888232304, 26.158507806962 ], [ 91.823247315084203, 26.1585415638441 ], [ 91.823245052228003, 26.158603264103998 ], [ 91.823250981108899, 26.1586353502904 ], [ 91.823264761265406, 26.158658284885298 ], [ 91.823290249164899, 26.158675901076599 ], [ 91.823335367948403, 26.158692216692501 ], [ 91.823410109576599, 26.1587395017294 ], [ 91.823442557622997, 26.15877096541 ], [ 91.823453033775905, 26.1588091093261 ], [ 91.823463370689794, 26.158842493607899 ], [ 91.823503605333102, 26.1588947905773 ], [ 91.823561402938495, 26.1589391107489 ], [ 91.823632705815797, 26.159018420487499 ], [ 91.823661894774304, 26.159176566503 ], [ 91.823674717326696, 26.159265146142499 ], [ 91.8236962481474, 26.159300982259499 ], [ 91.823723268572905, 26.159341066771599 ], [ 91.823745443485606, 26.159365503368399 ], [ 91.823743301003702, 26.159425975195202 ], [ 91.823763655929696, 26.159505183815199 ], [ 91.823906734198303, 26.159778540503901 ], [ 91.824051650419904, 26.160098263471799 ], [ 91.824113445528297, 26.160210212907401 ], [ 91.824149824602401, 26.1602198683034 ], [ 91.824202993189104, 26.160236572338 ], [ 91.824233993151296, 26.160262552803601 ], [ 91.824290509758995, 26.1603439781675 ], [ 91.824354979152105, 26.160363482447199 ], [ 91.824438931206899, 26.1603987288252 ], [ 91.824556155063306, 26.160551392590701 ], [ 91.824655572514104, 26.160695611852201 ], [ 91.824715437142899, 26.160746608247401 ], [ 91.8247759907796, 26.160799829180199 ], [ 91.824786811885502, 26.160839085115501 ], [ 91.824830214886802, 26.160892988934901 ], [ 91.824868516355593, 26.160921792886199 ], [ 91.824943461003102, 26.1609438530121 ], [ 91.825137976804797, 26.160955263642801 ], [ 91.825174967631597, 26.160971208852398 ], [ 91.825185031457707, 26.161016647366399 ], [ 91.825164382782603, 26.161100914376 ], [ 91.825115900706706, 26.161151368767399 ], [ 91.825090078633906, 26.1611973683885 ], [ 91.8250891910984, 26.1612419424725 ], [ 91.825117435927496, 26.1612684605089 ], [ 91.825183563610594, 26.1612879259322 ], [ 91.825239704722506, 26.161318273022101 ], [ 91.825272080903702, 26.1613365677064 ], [ 91.825286827647403, 26.161371248582402 ], [ 91.825301367778593, 26.161409576288101 ], [ 91.825331196337601, 26.161436898155198 ], [ 91.825388229476701, 26.1614442466607 ], [ 91.825437617952701, 26.1614570988846 ], [ 91.825451603823396, 26.1614763860869 ], [ 91.825461458342005, 26.1615038958032 ], [ 91.825470829566996, 26.161525532518301 ], [ 91.825494115695804, 26.1615532873342 ], [ 91.825523053126105, 26.16160360688 ], [ 91.825543863497899, 26.1616535563188 ], [ 91.825570183237502, 26.161699734737301 ], [ 91.825600911010099, 26.161747209644702 ], [ 91.825623167669505, 26.161793202580501 ], [ 91.8256518284187, 26.161834001410899 ], [ 91.825723614589705, 26.161919182962802 ], [ 91.825834047182497, 26.162034280800601 ], [ 91.825998479303706, 26.1621383050371 ], [ 91.826240336320893, 26.162451902672998 ], [ 91.826323257109806, 26.162551204961801 ], [ 91.826403654531106, 26.1626423572947 ], [ 91.826471441402404, 26.1627454352241 ], [ 91.826616753781096, 26.162867217095801 ], [ 91.826775508549701, 26.162927115456501 ], [ 91.826967557577703, 26.162978707520999 ], [ 91.827189372282604, 26.163031654107499 ], [ 91.827280428214706, 26.163031296926899 ], [ 91.827340373691996, 26.1630294529722 ], [ 91.827389990339995, 26.1630414245674 ], [ 91.827411521160798, 26.163077258717902 ], [ 91.827426380193899, 26.163118503776101 ], [ 91.827427363849097, 26.163202541897501 ], [ 91.827427264136105, 26.163249391329899 ], [ 91.827453207481497, 26.163285997827899 ], [ 91.827491207116395, 26.163334580717098 ], [ 91.827523067664501, 26.163356600072898 ], [ 91.827566445513, 26.1633888574944 ], [ 91.827589696607504, 26.163416770702899 ], [ 91.827600897700805, 26.163466419431401 ], [ 91.827647354075694, 26.163872502472199 ], [ 91.827644135412001, 26.163929494518001 ], [ 91.827589251043094, 26.163954424397101 ], [ 91.827531137230693, 26.163968921941802 ], [ 91.827508863503297, 26.163991334637601 ], [ 91.827516401266806, 26.164015675926599 ], [ 91.8275653792127, 26.164072757398301 ], [ 91.827708352378394, 26.1643592398989 ], [ 91.828086784759805, 26.165143250131901 ], [ 91.828376194994902, 26.165600627985398 ], [ 91.828397227250704, 26.165668543182399 ], [ 91.828392024208597, 26.165725444049599 ], [ 91.828187556870105, 26.165823274550199 ], [ 91.827823511007907, 26.1659638397891 ], [ 91.827773329319598, 26.165989276368499 ], [ 91.827769474648704, 26.1660070196472 ], [ 91.827763830533797, 26.1660276065879 ], [ 91.827764182673306, 26.166071870029999 ], [ 91.827723067681106, 26.1661072985091 ], [ 91.827613009685706, 26.166165918904099 ], [ 91.827536903516503, 26.166200487080999 ], [ 91.827501932102507, 26.1662331097554 ], [ 91.827429836911094, 26.166303536871599 ], [ 91.827391099759396, 26.1663469133299 ], [ 91.827358817901398, 26.166377441316801 ], [ 91.827335039495793, 26.166415212675101 ], [ 91.827276709189405, 26.166422272228299 ], [ 91.827256044344693, 26.166416189854001 ], [ 91.827228812815207, 26.166402380347701 ], [ 91.827210407233295, 26.166390115621201 ], [ 91.827181455429994, 26.166384227552399 ], [ 91.827150245262104, 26.1663845218349 ], [ 91.827130619768099, 26.1663893424242 ], [ 91.827089501182598, 26.166403195469801 ], [ 91.827048315223394, 26.166425456928401 ], [ 91.827019800899606, 26.166432569693701 ], [ 91.826993623093998, 26.166412729415001 ], [ 91.826878159935504, 26.166285704950099 ], [ 91.826831243623204, 26.166229084932802 ], [ 91.826885512646101, 26.166184381335299 ], [ 91.826920016936199, 26.166157793466301 ], [ 91.8269295193153, 26.166141038679299 ], [ 91.826914637824302, 26.166123175288899 ], [ 91.826775480701897, 26.1659972663671 ], [ 91.826754745788605, 26.165982061987901 ], [ 91.826722994834896, 26.165995975550999 ], [ 91.826649855800994, 26.166057373552999 ], [ 91.826487187971097, 26.1661962445685 ], [ 91.826340439186296, 26.166326585253 ], [ 91.826414799030502, 26.166410626706501 ], [ 91.826520411263601, 26.166572324720999 ], [ 91.826849671662998, 26.167146629622099 ], [ 91.827181169765694, 26.167693499231799 ], [ 91.828274564095295, 26.169484858964701 ], [ 91.828807345907094, 26.170348412500299 ], [ 91.829193016014798, 26.171254780399298 ], [ 91.829530974801102, 26.171972018725501 ], [ 91.829693990279097, 26.172396651300801 ], [ 91.829737725656997, 26.172553656929399 ], [ 91.829765557261098, 26.1727606199271 ], [ 91.829789413820095, 26.173021106690399 ], [ 91.829900741135006, 26.173688378600701 ], [ 91.829940500569407, 26.174034501977101 ], [ 91.830016044393204, 26.174398465489901 ], [ 91.830143275481902, 26.174751724007901 ], [ 91.830210867418799, 26.174958682297198 ], [ 91.830318218790197, 26.1752584152302 ], [ 91.830485210211606, 26.175608102140401 ], [ 91.830556778092003, 26.175807922530701 ], [ 91.830576657809303, 26.1760398570297 ], [ 91.830556778092003, 26.176236108503598 ], [ 91.830532922431303, 26.1764430649636 ], [ 91.830425570161594, 26.176892657542499 ], [ 91.830365931009894, 26.177153135072501 ], [ 91.830302315016397, 26.177324407673702 ], [ 91.830218819305699, 26.177527794064702 ], [ 91.830099540104001, 26.177713338640601 ], [ 91.829992188732604, 26.177848929154901 ], [ 91.829892789248106, 26.177966678090101 ], [ 91.829781461933194, 26.1780772906667 ], [ 91.8296462780594, 26.1781950401773 ], [ 91.829526998857602, 26.178280675743899 ], [ 91.829189040071398, 26.178512604516399 ], [ 91.829961660386004, 26.179048706867 ], [ 91.831589763413604, 26.180081146040301 ], [ 91.832945659842196, 26.180855469418201 ], [ 91.833881140226296, 26.1812707448894 ], [ 91.834736418123398, 26.181572047284298 ], [ 91.835414985726203, 26.181778201020801 ], [ 91.836022869390703, 26.181900307236901 ], [ 91.836284400411003, 26.1819431232637 ], [ 91.836454041862496, 26.182004969951599 ], [ 91.836606013452297, 26.182073158549098 ], [ 91.836757984143901, 26.182141347912999 ], [ 91.837072528342304, 26.182307855325899 ], [ 91.837494677237004, 26.182516215783298 ] ] ] ] } },
{ "type": "Feature", "properties": { "ward_number": 60, "ward_lgd_name": "Guwahati (M Corp.) - Ward No.60" }, "geometry": { "type": "MultiPolygon", "coordinates": [ [ [ [ 91.824441503083605, 26.1197989276958 ], [ 91.823793426996602, 26.1199580382739 ], [ 91.822605287353994, 26.1201374549176 ], [ 91.822488659080705, 26.1201489453553 ], [ 91.822382478214095, 26.1201787377335 ], [ 91.822329387780798, 26.120200586171698 ], [ 91.8222630247392, 26.1202383232737 ], [ 91.822145783814804, 26.120311812468 ], [ 91.821350395699298, 26.120851431915298 ], [ 91.820088807104199, 26.121856927543401 ], [ 91.815251983865394, 26.125685887693301 ], [ 91.811598116989998, 26.128663349019298 ], [ 91.810331248995894, 26.129575010436 ], [ 91.810379456187306, 26.130212223246101 ], [ 91.810379456187306, 26.131791658326101 ], [ 91.810379456187306, 26.1324290671166 ], [ 91.811133420290105, 26.132485475298999 ], [ 91.811601506333503, 26.132488295586501 ], [ 91.811962780893097, 26.132485475298999 ], [ 91.812201536027601, 26.132499576735601 ], [ 91.812377461194501, 26.1325418826478 ], [ 91.812697895646195, 26.132620853051598 ], [ 91.813109434539101, 26.1326631589199 ], [ 91.814237238835602, 26.132781614785699 ], [ 91.814984919222994, 26.132869046668802 ], [ 91.815939940659405, 26.1329734001418 ], [ 91.817385037999102, 26.133120060030802 ], [ 91.817890821843505, 26.133176467073 ], [ 91.817925379134095, 26.133410557378099 ], [ 91.817997633327394, 26.133748999994001 ], [ 91.818038473435095, 26.133890017595501 ], [ 91.818088737768505, 26.134036676333402 ], [ 91.818145284918998, 26.134437164857999 ], [ 91.818167275677197, 26.134789706465099 ], [ 91.818189266435397, 26.1356386221909 ], [ 91.818201832069505, 26.135695028016698 ], [ 91.818248954994402, 26.135711950081699 ], [ 91.818877258263697, 26.135709129872101 ], [ 91.818921239779996, 26.135745793397799 ], [ 91.818918097473102, 26.135878347971801 ], [ 91.818977786930503, 26.137342075468599 ], [ 91.819043758306606, 26.138230456340199 ], [ 91.819351627124206, 26.1382530183343 ], [ 91.819364193656696, 26.139065246409299 ], [ 91.819034334080996, 26.139076526922999 ], [ 91.819037475489495, 26.140139746734899 ], [ 91.818952654763805, 26.140156668155701 ], [ 91.818909678462305, 26.140182049879101 ], [ 91.818885551510405, 26.140239807512899 ], [ 91.818843329793694, 26.1409130434036 ], [ 91.818931794984593, 26.140945532023899 ], [ 91.8190484079866, 26.140981630211499 ], [ 91.819036344510593, 26.141147681891901 ], [ 91.818927522597093, 26.141978502859502 ], [ 91.818823852521703, 26.142548172577001 ], [ 91.818795578946506, 26.142565093648699 ], [ 91.818723323854897, 26.142565093648699 ], [ 91.818638503129193, 26.142545352532501 ], [ 91.818578813671806, 26.142545352532501 ], [ 91.818493992946003, 26.143131940473399 ], [ 91.818409046456097, 26.143867652373501 ], [ 91.816796568724499, 26.143853213618101 ], [ 91.815892817734607, 26.143842610143299 ], [ 91.815914808492806, 26.1446717192898 ], [ 91.8191509623543, 26.144680884871899 ], [ 91.819136237170198, 26.147183687619201 ], [ 91.819528926713502, 26.1471616563406 ], [ 91.819720362192101, 26.1470999677707 ], [ 91.819955975918106, 26.1470338730687 ], [ 91.820260310763302, 26.147011841761799 ], [ 91.820520467361206, 26.146994216552098 ], [ 91.820721720527501, 26.146994216552098 ], [ 91.820957334253507, 26.146928121790101 ], [ 91.821192948877794, 26.1469060904633 ], [ 91.821531643384304, 26.1468708400092 ], [ 91.821963601882004, 26.1468267773297 ], [ 91.822400468774305, 26.146751869446199 ], [ 91.822724438096699, 26.146681368434201 ], [ 91.822920782868295, 26.146654930946799 ], [ 91.823107309952206, 26.1466505248328 ], [ 91.823279111852003, 26.1466373056832 ], [ 91.823441096064002, 26.146580023759501 ], [ 91.823568720614801, 26.1465491793249 ], [ 91.823769973781097, 26.1465315540453 ], [ 91.8240203135896, 26.1464654590213 ], [ 91.824211749068198, 26.1463464880452 ], [ 91.824354099701395, 26.146165828690599 ], [ 91.824383550967994, 26.146060076625499 ], [ 91.824802157805493, 26.1458815320022 ], [ 91.825194847348797, 26.145746168818501 ], [ 91.825358206881603, 26.145695407785698 ], [ 91.825650367758101, 26.145681307136499 ], [ 91.826847284839204, 26.145670027261001 ], [ 91.827283955898807, 26.145732068175398 ], [ 91.827500720275196, 26.145808210498799 ], [ 91.827667221216501, 26.145901272554202 ], [ 91.827786598334598, 26.146014074261799 ], [ 91.828012787834894, 26.146059195237001 ], [ 91.828487156695402, 26.146104316194599 ], [ 91.828926969163604, 26.146155077049599 ], [ 91.829193997873404, 26.146217118512499 ], [ 91.829354215099201, 26.146318640102201 ], [ 91.829486158749901, 26.146380681478199 ], [ 91.829718631067294, 26.1464201624099 ], [ 91.829979376959997, 26.146408881799498 ], [ 91.830196141336401, 26.1464004219457 ], [ 91.830318660761293, 26.1464060618483 ], [ 91.830387774444404, 26.146445542771499 ], [ 91.830460028637603, 26.146527323719699 ], [ 91.830532283729198, 26.146586545038002 ], [ 91.830778076265602, 26.1470279372523 ], [ 91.830957017076997, 26.147477336805 ], [ 91.831341036081099, 26.147491775112101 ], [ 91.8315662194683, 26.1475224572144 ], [ 91.831678811611098, 26.147545919755899 ], [ 91.831717012468602, 26.147589235452799 ], [ 91.831737118561307, 26.147688499590299 ], [ 91.831747170709306, 26.147879809692601 ], [ 91.831739128990804, 26.147942978365599 ], [ 91.8317652663724, 26.147970050182799 ], [ 91.831823572424199, 26.147982683749099 ], [ 91.832221665333904, 26.148022389119099 ], [ 91.832915312955294, 26.148127068533999 ], [ 91.833204834581494, 26.148181212076601 ], [ 91.833399859728004, 26.1482299415661 ], [ 91.833635097059897, 26.148255209447498 ], [ 91.834159856017905, 26.148271452333798 ], [ 91.837195047767295, 26.148276443817601 ], [ 91.8388151324327, 26.148309579523101 ], [ 91.839133951713606, 26.148316099898501 ], [ 91.838837434007999, 26.147155967284899 ], [ 91.8386986586696, 26.146776312711701 ], [ 91.838335199407396, 26.146610214203498 ], [ 91.837892438668405, 26.1464856389576 ], [ 91.837396812074999, 26.146349199941302 ], [ 91.836954052234404, 26.146206828939299 ], [ 91.836458425640998, 26.145951746420899 ], [ 91.836101574386007, 26.145761917733299 ], [ 91.835625772712604, 26.145494969711699 ], [ 91.835348221137593, 26.145287343856999 ], [ 91.835083887373699, 26.1450085301699 ], [ 91.834958328049794, 26.1448127672449 ], [ 91.834839377631397, 26.144480563597199 ], [ 91.834594868787505, 26.143780557741302 ], [ 91.834211583706903, 26.142659355013201 ], [ 91.834158716954093, 26.142333076454001 ], [ 91.833934033030204, 26.140369456244599 ], [ 91.8338481244446, 26.139663494384301 ], [ 91.833828299524598, 26.139301612781399 ], [ 91.833927424124695, 26.138779552601701 ], [ 91.833993507790197, 26.138488858934799 ], [ 91.834457678975596, 26.137632671990499 ], [ 91.835020182446996, 26.1368657060601 ], [ 91.835147063192593, 26.136668268981602 ], [ 91.835231650356405, 26.136626503278901 ], [ 91.835371218008902, 26.1365847375613 ], [ 91.835582685918297, 26.136527783772699 ], [ 91.835785694392797, 26.136436658621001 ], [ 91.835899887333397, 26.136368314307301 ], [ 91.836060602225899, 26.13629997076 ], [ 91.836221317118401, 26.136269595389201 ], [ 91.836318592985606, 26.1362657985681 ], [ 91.836411638686101, 26.1363075643998 ], [ 91.836618876428901, 26.136387299201299 ], [ 91.836783820589801, 26.136459440318799 ], [ 91.837029123544397, 26.136630300088299 ], [ 91.837325177719293, 26.136854315654599 ], [ 91.837435140493298, 26.136915065277599 ], [ 91.837507039851999, 26.1369302532832 ], [ 91.837697360521304, 26.1369416436813 ], [ 91.838090689665094, 26.136991002866701 ], [ 91.838306386842902, 26.136998596461599 ], [ 91.838606670286197, 26.136968222078998 ], [ 91.838906953729506, 26.136907471677301 ], [ 91.8390803573254, 26.1368732996632 ], [ 91.839232613681204, 26.136808753215 ], [ 91.840036189940506, 26.136311361219601 ], [ 91.840306868505294, 26.1361518914585 ], [ 91.840361849892304, 26.1361139223973 ], [ 91.840408372742601, 26.1360114064348 ], [ 91.840593956595399, 26.135690035994902 ], [ 91.840860737370207, 26.135165927364898 ], [ 91.841089406220703, 26.134573386338499 ], [ 91.841129250096799, 26.134459854201399 ], [ 91.841156967614907, 26.134406976911201 ], [ 91.841217599404999, 26.134355653674 ], [ 91.841293822355198, 26.1343058869112 ], [ 91.841364848551393, 26.134257674205401 ], [ 91.841822187150797, 26.1339777317224 ], [ 91.841889747646704, 26.1339248534074 ], [ 91.841952112286904, 26.133842425706401 ], [ 91.842305510418001, 26.133232770051698 ], [ 91.842385197271895, 26.1331005745858 ], [ 91.842456223468204, 26.132960602041301 ], [ 91.842463153072302, 26.132887504690601 ], [ 91.842426773998199, 26.132819073618698 ], [ 91.842421577244295, 26.132791078894499 ], [ 91.842442365158306, 26.1327506425067 ], [ 91.842459688270196, 26.132719537149299 ], [ 91.842480476184207, 26.132699319347999 ], [ 91.8425012649965, 26.132671324595101 ], [ 91.8425130661644, 26.132625736328801 ], [ 91.842561788090507, 26.132443479057802 ], [ 91.842618630786703, 26.132069244644999 ], [ 91.842588856126596, 26.131969610757601 ], [ 91.842596975998504, 26.131933158959999 ], [ 91.842599683520803, 26.131901567876799 ], [ 91.8426538186947, 26.131860256137301 ], [ 91.842851413921196, 26.131507890374099 ], [ 91.842975925809498, 26.131240578290701 ], [ 91.843030061881805, 26.1310534589037 ], [ 91.843040889275898, 26.130992705424902 ], [ 91.843073370560006, 26.1309173720351 ], [ 91.843113971715894, 26.130876059947401 ], [ 91.843143746376001, 26.130842037790298 ], [ 91.843189761678104, 26.130778855025099 ], [ 91.843181641806197, 26.130727822146401 ], [ 91.843143746376001, 26.1306451978223 ], [ 91.843111265091906, 26.1306111764044 ], [ 91.843111265091906, 26.130557713464899 ], [ 91.843116679238193, 26.130516401249999 ], [ 91.843143746376001, 26.1304556474918 ], [ 91.843178935182294, 26.130411905250298 ], [ 91.843214123090306, 26.1303900337202 ], [ 91.843318165068197, 26.130312117519999 ], [ 91.843449275082193, 26.130186814353898 ], [ 91.843745329257104, 26.1299400030322 ], [ 91.844612345440098, 26.1293818282712 ], [ 91.845464191772905, 26.128942695324099 ], [ 91.8457823885213, 26.128748593494699 ], [ 91.845822301567594, 26.128720721997801 ], [ 91.845835605616998, 26.128713754525901 ], [ 91.845885718135094, 26.128710799459501 ], [ 91.845939854207401, 26.128703508574901 ], [ 91.846004816775505, 26.1286767766716 ], [ 91.846072485967497, 26.128635463791401 ], [ 91.846126622039804, 26.128591720868201 ], [ 91.846202412002, 26.128518815959801 ], [ 91.846524519116798, 26.128368145134001 ], [ 91.8475882852116, 26.127918561532798 ], [ 91.849066188127196, 26.127359617367301 ], [ 91.850817477129794, 26.126667009578799 ], [ 91.852141882217794, 26.126275005727901 ], [ 91.851809272899004, 26.125975384879901 ], [ 91.851720576841103, 26.125891769191 ], [ 91.851636315765802, 26.125820099013701 ], [ 91.851515468105504, 26.125771323070399 ], [ 91.851348054475906, 26.125737479283501 ], [ 91.851269336904195, 26.125714584192401 ], [ 91.851203923381803, 26.125681735652901 ], [ 91.851154031849305, 26.125656850022899 ], [ 91.851096379770993, 26.125626987259899 ], [ 91.851058683766695, 26.125614046404301 ], [ 91.851018770720302, 26.1256120558755 ], [ 91.850994379663703, 26.125611059804601 ], [ 91.850971097128195, 26.1256090692758 ], [ 91.850936575770106, 26.1255734091242 ], [ 91.8508878538441, 26.125517513786502 ], [ 91.850779582597795, 26.125376560277701 ], [ 91.8507471013138, 26.125306082653001 ], [ 91.850679431223398, 26.125252618091899 ], [ 91.850603641261202, 26.125208873095399 ], [ 91.850573866601195, 26.1251967217942 ], [ 91.850533265445307, 26.125177280193601 ], [ 91.850503490785101, 26.125138396176101 ], [ 91.850468301978907, 26.1251068032552 ], [ 91.850408752658694, 26.1250338961719 ], [ 91.850322136200603, 26.124985290886698 ], [ 91.850230105596395, 26.124897802290199 ], [ 91.850170556276197, 26.124851627054699 ], [ 91.850146194863996, 26.1248127429288 ], [ 91.850129954221998, 26.124773859596498 ], [ 91.850094766314001, 26.1247422657705 ], [ 91.850016269727902, 26.1247155329607 ], [ 91.8499107051056, 26.124674218679601 ], [ 91.849856569033307, 26.1246474858543 ], [ 91.849737470392895, 26.124611032578201 ], [ 91.849669801200903, 26.124584299738402 ], [ 91.849564236578601, 26.124555136780099 ], [ 91.849472205974394, 26.1245454155235 ], [ 91.849317919425999, 26.124547845636101 ], [ 91.849252956857896, 26.1245454155235 ], [ 91.849228595445695, 26.124472508089902 ], [ 91.849163632877605, 26.1243655765672 ], [ 91.849147392235594, 26.1243388436712 ], [ 91.849150098859596, 26.124268366227 ], [ 91.8491771668957, 26.124214900384501 ], [ 91.849220475573901, 26.124166294758499 ], [ 91.849247542711694, 26.124115259797399 ], [ 91.849247542711694, 26.124066654130001 ], [ 91.849187993391496, 26.123988885342801 ], [ 91.848949797009098, 26.1237434280246 ], [ 91.8488063369565, 26.123527134219501 ], [ 91.848386785989604, 26.122999762541902 ], [ 91.848259567477399, 26.122902551065302 ], [ 91.848191897386997, 26.122851514745602 ], [ 91.848040317462605, 26.122812629954101 ], [ 91.847821068346207, 26.122793187956699 ], [ 91.847569337047403, 26.122771315 ], [ 91.847447531783004, 26.1227907578076 ], [ 91.847352794554894, 26.122832072754701 ], [ 91.847285125362802, 26.122875817834601 ], [ 91.8472364025384, 26.122909842312001 ], [ 91.847152492704396, 26.122963307945199 ], [ 91.847122718044304, 26.122997332397102 ], [ 91.847073996118198, 26.1230507987969 ], [ 91.847041514834203, 26.123082392273801 ], [ 91.847000912780004, 26.123126137259899 ], [ 91.8469548974779, 26.123155300574901 ], [ 91.846898054781605, 26.123165021947099 ], [ 91.846808730801399, 26.123167452088399 ], [ 91.846722114343393, 26.123167452088399 ], [ 91.846619256344994, 26.123135858634502 ], [ 91.846594894932807, 26.1231212769755 ], [ 91.846559707024795, 26.123094543794899 ], [ 91.846478503814694, 26.123065380464698 ], [ 91.846400007228596, 26.123048368653201 ], [ 91.846218652644097, 26.122992472107398 ], [ 91.846102260627603, 26.122963307945199 ], [ 91.846061659471701, 26.122963307945199 ], [ 91.845977748739301, 26.122963307945199 ], [ 91.8458965455293, 26.122973029333401 ], [ 91.845744965604794, 26.1229681690427 ], [ 91.845666469018695, 26.122960877799699 ], [ 91.845633986836305, 26.122946296118801 ], [ 91.845574438414403, 26.122907411358799 ], [ 91.845493234306005, 26.122849084597799 ], [ 91.845420150967797, 26.122795618105702 ], [ 91.844889622130694, 26.122455376586 ], [ 91.844862554094505, 26.122401909913801 ], [ 91.844838192682303, 26.122360594814602 ], [ 91.844803004774306, 26.122336292425 ], [ 91.844765110242406, 26.1223119892238 ], [ 91.844732628060001, 26.122273104252699 ], [ 91.844702853399895, 26.122209916046099 ], [ 91.844689320280196, 26.122146728612002 ], [ 91.844656838097805, 26.122027643329801 ], [ 91.844627064335995, 26.121971746295799 ], [ 91.844586462281796, 26.121930431044401 ], [ 91.844521499713693, 26.121898837256101 ], [ 91.844434882357405, 26.121850230666599 ], [ 91.844402401073395, 26.121821067025898 ], [ 91.844375333037206, 26.121782181891302 ], [ 91.844367212267002, 26.121740866572999 ], [ 91.844367212267002, 26.121714133076399 ], [ 91.844375333037206, 26.121677678885199 ], [ 91.844383453807396, 26.121648514394799 ], [ 91.844399694449393, 26.1215999085078 ], [ 91.844413227569206, 26.121573174979002 ], [ 91.844443002229298, 26.121507556218202 ], [ 91.844470070265402, 26.121439507243402 ], [ 91.844491725053601, 26.121381179749498 ], [ 91.844526912961598, 26.121347154826999 ], [ 91.844610822795701, 26.121274245397501 ], [ 91.844705560922193, 26.121167310947701 ], [ 91.844781350884404, 26.121082249676899 ], [ 91.844811125544496, 26.121036073739901 ], [ 91.844827366186493, 26.1209947581577 ], [ 91.844827366186493, 26.1209485813797 ], [ 91.844824658664294, 26.1208853932634 ], [ 91.844792177380199, 26.1208392164421 ], [ 91.844767816866295, 26.120805192168302 ], [ 91.844765110242406, 26.120751724741002 ], [ 91.844760372527602, 26.120682308191199 ], [ 91.844713850575602, 26.120591170677098 ], [ 91.8446419512169, 26.1203177577082 ], [ 91.8446038869034, 26.120139278579099 ], [ 91.844536217711294, 26.119888648676199 ], [ 91.844455859815895, 26.119729157299801 ], [ 91.844405107697298, 26.119679790013102 ], [ 91.844396649160601, 26.119615234063499 ], [ 91.844413566233996, 26.119497513350002 ], [ 91.844388190623903, 26.1193152364025 ], [ 91.844324749801899, 26.1188633393703 ], [ 91.844252851341494, 26.118498783212601 ], [ 91.844206328491197, 26.1183886561791 ], [ 91.844134429132495, 26.1182291619489 ], [ 91.844049841968797, 26.118054477849501 ], [ 91.843937375590102, 26.117914129151099 ], [ 91.843705241937599, 26.117626369550901 ], [ 91.843514684113003, 26.117400828946302 ], [ 91.843440193114702, 26.117299723422601 ], [ 91.843419405200706, 26.1172499493934 ], [ 91.8433899557307, 26.117088180627199 ], [ 91.843362238212606, 26.116985520524999 ], [ 91.843195933104099, 26.116688426314301 ], [ 91.843143962869902, 26.116581098887899 ], [ 91.843156089228003, 26.1165391009621 ], [ 91.843183806745998, 26.1165079920947 ], [ 91.843180341944006, 26.116406886605098 ], [ 91.843154357276106, 26.116355555459499 ], [ 91.8431249078061, 26.116290225757801 ], [ 91.843053881609904, 26.1161828979657 ], [ 91.842877182993504, 26.1159262447465 ], [ 91.842844267823196, 26.115792472952599 ], [ 91.842832141465195, 26.1156991441161 ], [ 91.842821747957302, 26.115652479669802 ], [ 91.842778439279101, 26.115615148422101 ], [ 91.842691821922799, 26.1155140421601 ], [ 91.842624260528595, 26.115347604775501 ], [ 91.842307350167701, 26.114537953447201 ], [ 91.8419393975324, 26.1139797051028 ], [ 91.840894748485198, 26.112407480838399 ], [ 91.840234970044904, 26.1114466663971 ], [ 91.8399262271666, 26.1111656359544 ], [ 91.839833181466105, 26.111298556398499 ], [ 91.839659777870196, 26.111480845849002 ], [ 91.839355265158503, 26.1116517421524 ], [ 91.838945018043006, 26.111841626282398 ], [ 91.838674339478302, 26.111982141178899 ], [ 91.838374056034993, 26.1120580949759 ], [ 91.837862304682204, 26.112088475835598 ], [ 91.837625461162602, 26.1121036670691 ], [ 91.837384388374701, 26.112122655099899 ], [ 91.837160232660096, 26.112183418391002 ], [ 91.837046040617906, 26.112255573649101 ], [ 91.836927618408893, 26.112331527268399 ], [ 91.836809197098205, 26.1124492552002 ], [ 91.836745757174597, 26.1125403990637 ], [ 91.836644252039093, 26.112639138034599 ], [ 91.836530059996704, 26.1126961034701 ], [ 91.836229776553495, 26.112904974614001 ], [ 91.836043685152504, 26.113049285001399 ], [ 91.835857593751498, 26.1131594170662 ], [ 91.835722254469104, 26.113189797639599 ], [ 91.8355699981133, 26.113231571721801 ], [ 91.8354558051727, 26.113315119841399 ], [ 91.835303548816796, 26.113432846782398 ], [ 91.835218961653098, 26.113607537789601 ], [ 91.835185127506193, 26.113751848116301 ], [ 91.835113228147506, 26.113941728834799 ], [ 91.834994805938507, 26.114105026457601 ], [ 91.834889072432901, 26.114180978875101 ], [ 91.834584559721307, 26.114275918924299 ], [ 91.834428073198794, 26.114329085221499 ], [ 91.834347716201705, 26.1144164300879 ], [ 91.834343486933307, 26.114526560864501 ], [ 91.834347716201705, 26.114617703108301 ], [ 91.834368862543499, 26.114682262625099 ], [ 91.834394239052003, 26.114834165853999 ], [ 91.834385780515206, 26.1150202473025 ], [ 91.834292734814696, 26.115183543418599 ], [ 91.834203918382599, 26.115293673472301 ], [ 91.834165854069099, 26.115354434308401 ], [ 91.834115101950403, 26.115449374211 ], [ 91.834098183978696, 26.115582288977201 ], [ 91.834034744055003, 26.1157303935478 ], [ 91.833933239817796, 26.1158063449091 ], [ 91.833768295656895, 26.1158557130255 ], [ 91.833620267671193, 26.115863307994399 ], [ 91.833396112854899, 26.115851915540901 ], [ 91.833087369976596, 26.115969639926799 ], [ 91.832998553544499, 26.1160721734784 ], [ 91.832960489230899, 26.116132934716301 ], [ 91.832930884352393, 26.1162354681247 ], [ 91.832901278575605, 26.1163759769324 ], [ 91.832867443530503, 26.1166000321494 ], [ 91.832744792951402, 26.1168050988631 ], [ 91.832685582296094, 26.116846871653099 ], [ 91.8325460137454, 26.11689623933 ], [ 91.8324318208048, 26.116903834231199 ], [ 91.8322288123303, 26.116816491223702 ], [ 91.831932758155403, 26.116744337974598 ], [ 91.831814335946504, 26.1167785158774 ], [ 91.831759354559495, 26.116827883583099 ], [ 91.831717060977596, 26.116938012087399 ], [ 91.831712831709297, 26.117036747343299 ], [ 91.831746666754398, 26.1171316850727 ], [ 91.831856629528303, 26.117211432964002 ], [ 91.831991968810698, 26.117405106302801 ], [ 91.832025803855899, 26.1175000437329 ], [ 91.832017344420905, 26.1175342214148 ], [ 91.831987739542399, 26.117602575941898 ], [ 91.831953904497198, 26.1176367535937 ], [ 91.831894693841903, 26.117667133809899 ], [ 91.831810106678105, 26.117716501140301 ], [ 91.831678996664095, 26.117762071027201 ], [ 91.831590180231899, 26.117796248632398 ], [ 91.831395630294196, 26.117830426227599 ], [ 91.831277208983593, 26.117841818488301 ], [ 91.8310615118057, 26.1178949831632 ], [ 91.830930401791704, 26.1179709331178 ], [ 91.830879649673093, 26.118050680436301 ], [ 91.830824668286098, 26.118111439839002 ], [ 91.830786603972598, 26.118225364541399 ], [ 91.830761228362505, 26.118339289132699 ], [ 91.830727393317304, 26.118430428403101 ], [ 91.830697787540501, 26.118506378009702 ], [ 91.830613201275, 26.118608909335698 ], [ 91.830562449156403, 26.118662073661699 ], [ 91.830418651337297, 26.118734225726701 ], [ 91.830284980226395, 26.118784512916701 ], [ 91.827601904712196, 26.119300046912901 ], [ 91.826068274807994, 26.1195908940004 ], [ 91.8253285651721, 26.1197246606398 ], [ 91.824897212139007, 26.119779100460502 ], [ 91.824441503083605, 26.1197989276958 ] ] ] ] } }
]
}
